vertex_index,hemisphere,x_mm,y_mm,z_mm
0,L,-36.7855,-18.6004,64.8213
1,L,-16.1729,-66.8947,59.4082
2,L,-11.6052,-8.8997,47.8828
3,L,-22.4161,42.8069,23.5589
4,L,-57.1031,-0.0804,10.1244
5,L,-50.0775,-48.9127,44.8987
6,L,-36.3380,-85.4009,-2.1784
7,L,-20.9520,-61.9603,8.0596
8,L,-3.6043,9.3866,-3.5403
9,L,-26.4443,23.3752,-6.3651
10,L,-53.4722,-22.4869,-4.5171
11,L,-35.5467,-23.4951,-23.1196
12,L,-52.9709,-6.0253,38.7083
13,L,-37.5867,24.3366,24.5615
14,L,-30.6160,9.8267,54.1530
15,L,-47.8372,-27.1695,53.3749
16,L,-57.9281,-26.5213,26.6017
17,L,-21.1344,-34.6191,69.1289
18,L,-27.7145,-51.3579,39.5655
19,L,-11.7235,-11.0716,68.3151
20,L,-16.0336,-45.6496,55.4908
21,L,-6.5298,34.7017,49.9477
22,L,-11.6681,53.8933,1.2929
23,L,-5.7685,16.6870,23.4347
24,L,-38.4547,50.7197,-4.8151
25,L,-14.3698,27.2391,-21.4726
26,L,-37.6178,15.9840,9.2967
27,L,-32.6872,-32.0632,17.4368
28,L,-48.4247,-9.0433,-10.7488
29,L,-61.8788,-48.1490,15.6939
30,L,-41.5239,-67.8861,27.3744
31,L,-59.6272,-55.7683,-1.6360
32,L,-23.8036,-78.7042,16.9990
33,L,-11.7366,-67.4951,34.8727
34,L,-13.0076,-92.7188,3.0527
35,L,-4.0290,-33.3918,30.6951
36,L,-7.8701,-30.8062,8.6013
37,L,-26.8121,6.1372,-35.8814
38,L,-35.0736,-24.9449,-10.8156
39,L,-53.7152,-18.2922,-26.5739
40,L,-42.7068,-64.5336,-18.8994
41,L,-18.8404,-57.9693,-6.5000
42,L,-41.2901,-11.8388,48.5774
43,L,-40.6128,3.4910,47.6948
44,L,-29.1996,-8.8447,45.3580
45,L,-39.0324,-27.1704,49.5768
46,L,-42.2440,-22.3576,39.2100
47,L,-21.7580,-29.4547,52.5178
48,L,-36.6907,-33.4162,64.6622
49,L,-23.5741,-16.9257,65.2177
50,L,-10.6224,-29.8766,66.3333
51,L,-19.2513,0.0553,56.3523
52,L,-14.5657,60.7979,12.0849
53,L,-8.6613,50.6800,25.0775
54,L,-15.0879,46.5746,38.6982
55,L,-30.4117,47.6919,9.8648
56,L,-16.4484,58.9634,-5.4580
57,L,-39.1762,37.0062,28.9252
58,L,-34.5811,36.6335,11.7697
59,L,-47.6263,-13.7524,17.8103
60,L,-35.9772,-9.6843,16.8708
61,L,-48.9165,7.1885,0.9848
62,L,-62.9002,-14.7377,18.3389
63,L,-49.2782,-28.4472,18.8180
64,L,-50.3363,-61.9447,36.3004
65,L,-44.1553,-54.0186,21.9689
66,L,-55.7834,-50.9194,30.8439
67,L,-40.1145,-50.3686,35.3568
68,L,-38.4989,-67.4086,46.3946
69,L,-7.3082,-73.3464,46.6864
70,L,-16.8196,-86.6270,36.6112
71,L,-18.6589,-68.2416,38.4091
72,L,-8.8564,-55.3657,59.8988
73,L,-9.6576,-54.8012,44.7856
74,L,-8.1940,5.4162,37.0575
75,L,-6.4303,-9.6324,31.3111
76,L,-7.9578,-20.0756,38.9171
77,L,-4.3756,21.2747,-22.2555
78,L,-15.1050,-3.6084,-13.0373
79,L,-5.6662,-16.8851,-20.0223
80,L,-36.0915,-2.9300,-6.4928
81,L,-43.8485,12.5655,-25.5757
82,L,-34.3818,4.4719,-15.2679
83,L,-53.6193,-39.2178,-7.1769
84,L,-58.9993,-37.8381,-16.1809
85,L,-58.8555,-18.9457,-15.9830
86,L,-20.2061,-100.1533,-7.8900
87,L,-18.5521,-89.2360,-7.3439
88,L,-42.3752,-81.9278,-13.3468
89,L,-9.7957,-46.7597,6.5006
90,L,-14.7507,-40.8012,-2.3860
91,L,-15.1257,-63.9021,0.7065
92,L,-58.5580,1.4662,26.0876
93,L,-43.1351,6.9000,17.7892
94,L,-36.4899,0.8029,30.9822
95,L,-39.5504,22.8393,39.5049
96,L,-25.7589,27.4450,33.3049
97,L,-40.1310,-34.4968,35.5994
98,L,-57.5491,-33.8806,40.2728
99,L,-50.0924,-23.6343,37.3830
100,L,-55.9898,-11.8400,31.0502
101,L,-20.3119,-51.6863,58.4297
102,L,-25.3190,-58.3147,53.1310
103,L,-32.2351,-47.2633,57.8391
104,L,-31.2007,-40.5301,44.3059
105,L,-9.1016,-10.8682,57.4065
106,L,-13.6585,-28.4566,46.7674
107,L,-5.4027,-29.0190,62.2256
108,L,-14.4771,-41.6187,72.1292
109,L,-22.2908,25.3395,52.2856
110,L,-10.9885,10.6903,62.4344
111,L,-9.7977,11.3496,50.4604
112,L,-5.9833,35.8189,-8.3644
113,L,-1.0793,18.4771,8.6438
114,L,-7.0598,39.1540,12.2906
115,L,-11.6402,25.5755,32.9202
116,L,-45.3231,32.1828,-14.9493
117,L,-29.8445,22.7793,-20.5192
118,L,-23.0270,42.6059,-11.2143
119,L,-3.7494,48.2729,-22.5417
120,L,-53.8761,21.5098,16.5862
121,L,-49.4298,30.7445,-1.7855
122,L,-28.2740,26.4060,7.5280
123,L,-53.5565,-23.0886,0.2414
124,L,-59.1201,-6.9769,-2.5534
125,L,-41.7657,-25.2049,1.7401
126,L,-36.8107,-5.4859,6.3200
127,L,-51.6768,-40.7305,30.2514
128,L,-48.2768,-39.0371,11.8548
129,L,-62.5307,-33.9423,4.6471
130,L,-44.3913,-75.9481,14.7873
131,L,-40.2136,-68.2400,-0.2889
132,L,-44.8904,-63.6805,10.1384
133,L,-48.5579,-48.1481,4.3033
134,L,-27.6586,-64.7566,37.2920
135,L,-36.2442,-83.4235,26.5651
136,L,-29.2701,-92.9658,9.6747
137,L,-20.4920,-61.9815,22.1374
138,L,-13.8718,-79.5677,11.8554
139,L,-3.9185,-76.2380,21.0265
140,L,-12.0826,-97.4378,13.9135
141,L,-9.9240,-39.2861,42.4042
142,L,-11.9181,-55.8569,29.6366
143,L,-5.2638,-50.5931,18.5833
144,L,-2.1012,-14.6096,0.6307
145,L,-0.9105,-7.5199,16.2473
146,L,0.0188,-35.7081,21.8619
147,L,-25.0749,3.9861,-12.9622
148,L,-34.1571,-13.0648,-25.6912
149,L,-31.4846,-4.7882,-33.7333
150,L,-22.0538,-22.1473,-22.1580
151,L,-49.4806,-0.0130,-26.3891
152,L,-38.9925,-0.4633,-39.1449
153,L,-45.0717,-18.1246,-30.8895
154,L,-47.7117,-58.5520,-7.8243
155,L,-48.9576,-41.3850,-23.8890
156,L,-35.5824,-43.8685,-21.8529
157,L,-6.5598,-80.1364,-1.7294
158,L,-27.5597,-66.1256,-5.1942
159,L,-35.2777,-41.3659,-10.7258
160,L,-20.1277,-32.1906,-5.9663
161,L,-24.2950,-34.3524,-12.4969
162,L,-39.7128,-12.7340,57.4942
163,L,-39.5414,-7.5031,51.2290
164,L,-34.8409,-11.1107,57.9426
165,L,-34.9462,-24.5956,50.7543
166,L,-32.7854,-19.2918,47.5345
167,L,-28.4665,-23.4545,56.9173
168,L,-29.8192,-29.6904,49.7256
169,L,-31.3256,-16.4334,67.6836
170,L,-23.9514,-22.8028,64.6140
171,L,-26.3506,-13.8866,54.6892
172,L,-23.0950,55.4908,21.8760
173,L,-13.4815,53.4910,24.6666
174,L,-21.7804,47.1525,32.8288
175,L,-26.8062,46.6278,16.1816
176,L,-24.0560,54.5539,9.8977
177,L,-30.0156,35.6964,22.4919
178,L,-35.9693,45.7565,19.1391
179,L,-53.6493,-6.9873,9.4488
180,L,-48.3975,-4.0523,8.2686
181,L,-55.9523,3.9559,3.4476
182,L,-61.9385,-8.6739,10.8131
183,L,-56.0403,-15.5225,14.6715
184,L,-50.0413,-54.4436,40.7197
185,L,-48.1058,-54.1086,31.5326
186,L,-52.0782,-48.3602,38.2357
187,L,-45.4480,-50.4687,40.5719
188,L,-46.6674,-57.5264,40.7925
189,L,-10.1056,-70.5136,53.3122
190,L,-14.6557,-74.4284,45.6230
191,L,-15.8665,-66.4905,48.3849
192,L,-13.7573,-60.2657,59.6020
193,L,-9.6881,-63.2819,54.8133
194,L,-11.7807,-1.8476,41.6903
195,L,-6.6146,-7.2508,40.9062
196,L,-13.2004,-13.1526,40.8556
197,L,-6.5769,16.7992,-10.4350
198,L,-6.1151,1.4453,-11.4698
199,L,-2.1941,-6.4690,-10.3390
200,L,-34.8659,13.3434,-3.4713
201,L,-36.7855,1.8016,-11.0768
202,L,-30.4177,14.5125,-8.3841
203,L,-46.7032,-30.7766,-7.1037
204,L,-55.0873,-28.3910,-12.3611
205,L,-49.3058,-21.2614,-13.0420
206,L,-28.2462,-95.3521,-4.9701
207,L,-28.7433,-93.8120,-14.7153
208,L,-39.6547,-87.3559,-7.7865
209,L,-14.9331,-54.5493,8.2088
210,L,-21.9970,-53.9994,2.8006
211,L,-26.1414,-65.3495,2.9888
212,L,-56.9638,-1.4520,33.5489
213,L,-49.7929,2.5883,28.9396
214,L,-47.6383,-2.1537,35.2787
215,L,-37.6030,5.6634,55.3812
216,L,-42.2423,14.0965,45.5933
217,L,-35.3380,20.5709,49.4875
218,L,-32.0135,28.0569,40.6501
219,L,-29.1565,17.0675,42.0178
220,L,-40.8920,-29.2140,41.9653
221,L,-43.9910,-28.0052,34.1894
222,L,-49.6959,-24.5998,46.0539
223,L,-39.6908,-13.5216,33.8138
224,L,-48.5798,-17.4325,34.4166
225,L,-45.5358,-8.7784,27.2541
226,L,-51.2734,-8.4459,21.3008
227,L,-20.5192,-43.7192,61.6695
228,L,-27.3816,-48.5209,61.6895
229,L,-22.5210,-40.9560,55.2337
230,L,-43.8857,-31.2612,58.5856
231,L,-36.2574,-36.5599,53.8891
232,L,-37.9444,-33.6405,46.3706
233,L,-33.2393,-36.4514,37.3390
234,L,-9.2455,-9.6837,64.9473
235,L,-6.9891,-19.4805,62.2745
236,L,-5.9505,-18.0648,70.0448
237,L,-14.7971,-34.9983,66.0792
238,L,-7.4093,-39.0133,71.0102
239,L,-15.1836,-38.0167,73.7745
240,L,-17.8608,-47.9017,69.1819
241,L,-20.7625,22.9051,38.9805
242,L,-24.3423,12.9494,44.8781
243,L,-19.2703,-5.7840,64.7828
244,L,-19.9195,7.4331,64.2483
245,L,-13.6226,-0.2831,68.7711
246,L,-7.0517,0.1994,65.9640
247,L,-12.3848,43.3645,-3.1046
248,L,-6.4857,39.8483,0.6213
249,L,-11.4765,44.3836,5.0583
250,L,-6.9346,43.8978,37.9097
251,L,-6.8324,37.8271,28.4750
252,L,-7.5524,29.4103,39.5233
253,L,-10.1205,17.8506,41.7878
254,L,-7.8938,22.6079,49.8090
255,L,-43.3924,43.1706,-13.2081
256,L,-34.4720,37.7581,-8.7838
257,L,-32.4232,50.2187,-11.2421
258,L,-7.2275,64.7888,-3.9208
259,L,-6.2457,59.7389,-17.4011
260,L,-6.5348,51.1704,-9.1864
261,L,-9.6143,40.2974,-13.0863
262,L,-37.1524,14.8753,22.5228
263,L,-49.1661,14.2073,21.7318
264,L,-43.0931,21.1594,19.1492
265,L,-40.2878,44.8064,3.2965
266,L,-45.0663,35.2249,4.7812
267,L,-43.7588,37.6248,-4.4500
268,L,-47.1740,34.0582,-8.4661
269,L,-41.7254,-30.1467,6.3608
270,L,-49.2346,-22.1521,6.5295
271,L,-36.3443,-28.0318,9.5657
272,L,-37.9020,3.1508,13.5302
273,L,-34.2096,-8.0422,11.6038
274,L,-32.3177,7.9345,12.9441
275,L,-30.4046,10.9560,8.1759
276,L,-32.9123,21.7310,12.0896
277,L,-60.3458,-30.0985,32.9993
278,L,-57.4208,-37.5178,34.9232
279,L,-61.4256,-32.8461,26.2953
280,L,-40.0858,-30.6426,21.9367
281,L,-40.8946,-36.8429,20.3383
282,L,-38.7320,-37.1481,10.4306
283,L,-49.1646,-31.8474,4.8229
284,L,-43.3427,-70.4587,22.1726
285,L,-41.5511,-70.4085,11.8129
286,L,-41.6630,-65.3685,17.7661
287,L,-53.6244,-52.9043,18.3700
288,L,-43.6423,-49.6848,12.9240
289,L,-54.1787,-45.4237,10.8395
290,L,-52.2870,-40.3034,4.6766
291,L,-63.5744,-40.5605,9.3288
292,L,-27.2114,-54.7327,47.9847
293,L,-27.4138,-61.8665,45.6182
294,L,-28.7826,-59.3941,39.9972
295,L,-39.3743,-70.1773,38.1324
296,L,-34.0301,-78.1698,39.2714
297,L,-42.2658,-74.9632,30.2608
298,L,-42.1922,-79.2166,21.2581
299,L,-16.5995,-63.8373,28.9583
300,L,-15.3236,-72.5031,16.4528
301,L,-15.2335,-76.7659,23.5667
302,L,-21.5443,-86.2119,25.8683
303,L,-10.3851,-90.5203,27.8689
304,L,-16.5787,-91.5519,17.9993
305,L,-21.7734,-97.9611,13.4875
306,L,-25.6465,-86.8545,13.1309
307,L,-15.8592,-37.0386,50.5847
308,L,-18.4933,-35.5632,40.6128
309,L,-14.7667,-44.5272,46.2060
310,L,-6.4411,-64.5236,38.9880
311,L,-9.3429,-55.1643,36.8223
312,L,-3.8191,-66.5215,30.1781
313,L,-4.9807,-65.4493,23.1942
314,L,-0.6137,19.2480,17.0180
315,L,-0.8431,4.6413,12.9097
316,L,-0.6361,5.8041,21.5860
317,L,-6.7751,-22.6260,31.2917
318,L,-3.4270,-22.4073,27.4173
319,L,-8.3528,-34.5385,27.3623
320,L,-7.0614,-43.5471,21.3000
321,L,-4.7488,-43.0560,27.3925
322,L,-19.3464,24.2207,-17.0674
323,L,-23.7879,14.0834,-21.9124
324,L,-16.5081,13.7378,-21.6517
325,L,-22.1272,-16.3407,-12.1560
326,L,-28.5222,-11.6786,-13.6033
327,L,-38.8266,-19.1976,-17.9421
328,L,-28.1259,-18.9074,-25.8305
329,L,-35.8699,-26.8489,-17.8911
330,L,-55.9866,-1.5950,-4.4258
331,L,-52.1583,-3.3300,-14.8684
332,L,-55.0942,7.2749,-11.9112
333,L,-35.0104,13.2636,-34.4220
334,L,-38.9479,13.8660,-36.3227
335,L,-30.3719,8.6905,-39.2308
336,L,-32.8737,-2.3833,-43.1275
337,L,-26.9685,1.9404,-39.7561
338,L,-51.0503,-62.1256,-1.7431
339,L,-47.4810,-65.1206,-5.3476
340,L,-53.8389,-58.6272,-7.5755
341,L,-55.3248,-27.0667,-18.9257
342,L,-54.4961,-41.8071,-21.3352
343,L,-55.6850,-31.1162,-28.5042
344,L,-49.6447,-30.7727,-26.3539
345,L,-53.5445,-18.8728,-34.9139
346,L,-11.3671,-87.2397,7.4832
347,L,-6.6375,-81.1168,3.3846
348,L,-5.4442,-90.0294,-3.4652
349,L,-30.7907,-79.3569,-11.4579
350,L,-21.6086,-80.0305,-6.1197
351,L,-29.7549,-68.8888,-13.5412
352,L,-27.5266,-58.5376,-14.6048
353,L,-38.7995,-53.5314,-19.9718
354,L,-3.7337,-23.6040,4.7402
355,L,-7.3089,-26.0089,-4.7622
356,L,-11.8873,-33.2570,-1.6147
357,L,-16.0120,-47.0798,-7.2464
358,L,-21.1918,-39.0793,-7.0858
359,L,-20.0629,-41.2904,-10.0449
360,L,-24.0760,-37.1753,-14.7995
361,L,-28.1071,-49.0471,-5.1784
362,L,-48.1622,-10.4151,44.1618
363,L,-49.7808,-0.1475,44.5175
364,L,-47.6373,-4.9139,46.4779
365,L,-36.2162,-1.2073,45.1911
366,L,-28.7395,0.4583,49.5308
367,L,-45.8773,-21.6951,59.1050
368,L,-49.4307,-17.6905,52.6524
369,L,-38.9066,-22.0455,44.9822
370,L,-34.5728,-16.8949,38.5377
371,L,-22.6593,-31.5120,65.8675
372,L,-28.4463,-33.2485,66.1420
373,L,-30.8500,-30.2604,63.0965
374,L,-39.7417,-28.5132,61.4874
375,L,-14.9507,-16.3718,63.3886
376,L,-12.1415,-19.8958,72.8204
377,L,-19.0276,-21.8246,71.6641
378,L,-14.9676,-29.7140,57.6275
379,L,-23.3272,5.7006,47.9896
380,L,-21.5291,-5.4427,47.3638
381,L,-19.8096,-11.2057,57.5452
382,L,-8.7167,63.2388,7.6441
383,L,-9.3896,53.8165,13.0723
384,L,-7.9905,61.2986,20.7446
385,L,-7.9448,54.2531,34.8128
386,L,-9.2763,43.1542,45.3507
387,L,-34.6713,51.8135,2.8779
388,L,-28.5545,52.1766,-5.2998
389,L,-22.7639,51.1072,0.8197
390,L,-16.9137,61.9542,2.8207
391,L,-45.2856,30.5362,26.4265
392,L,-43.3869,31.0593,20.4678
393,L,-40.7496,38.1283,20.9968
394,L,-37.0937,46.7530,12.3293
395,L,-37.8418,-23.4097,20.3550
396,L,-33.0761,-22.1578,17.8780
397,L,-41.2685,-11.4119,18.5398
398,L,-44.0013,-0.0857,12.9844
399,L,-43.1562,10.9838,5.1602
400,L,-59.4163,-19.7891,24.4721
401,L,-59.1436,-27.3013,18.3575
402,L,-53.6536,-20.0131,21.6427
403,L,-45.9727,-20.8319,19.2089
404,L,-41.7339,-63.6925,33.8378
405,L,-37.9073,-59.5959,26.0268
406,L,-48.0685,-59.3291,28.3917
407,L,-51.6636,-54.4936,24.8303
408,L,-59.0105,-51.7025,22.5728
409,L,-33.0673,-50.3212,32.9667
410,L,-34.5843,-58.8252,37.1278
411,L,-40.0787,-58.6818,39.7863
412,L,-44.2934,-65.0975,42.8496
413,L,-7.5908,-72.5809,39.7650
414,L,-17.7759,-78.0457,33.1635
415,L,-17.3017,-76.2719,42.2149
416,L,-21.0082,-78.8186,39.0172
417,L,-23.6821,-71.8548,26.9654
418,L,-7.6598,-49.5187,59.2908
419,L,-7.3794,-48.6085,50.9335
420,L,-7.1023,-55.0453,52.9088
421,L,-7.6792,-63.1320,47.0506
422,L,-4.5397,12.8588,31.1435
423,L,-5.0690,3.9330,29.1953
424,L,-4.0733,-0.4683,34.0376
425,L,-3.6359,-14.1735,35.8498
426,L,-5.0604,-26.3353,37.2050
427,L,-7.9895,26.3549,-21.4350
428,L,-13.1762,14.6216,-14.0842
429,L,-8.3550,9.6512,-15.7697
430,L,-11.2945,-9.5026,-14.4467
431,L,-17.2780,-22.0536,-16.4142
432,L,-40.0855,-11.9201,-14.3690
433,L,-48.8441,3.1207,-17.2161
434,L,-42.1402,-4.5692,-20.7732
435,L,-39.6525,3.0861,-25.9139
436,L,-33.5167,3.1006,-27.9448
437,L,-63.1877,-44.8654,-2.6378
438,L,-59.0001,-46.1409,-8.6918
439,L,-62.1682,-37.8542,-11.0599
440,L,-65.2229,-26.4114,-15.4686
441,L,-62.1483,-15.3649,-21.1529
442,L,-15.1285,-98.2866,-3.6644
443,L,-8.6508,-96.5713,-11.0401
444,L,-17.1460,-96.5710,-15.9065
445,L,-28.2448,-86.2038,-16.9301
446,L,-39.4193,-75.6497,-15.1243
447,L,-6.2026,-37.7289,5.6751
448,L,-16.9316,-38.4332,4.2282
449,L,-11.5955,-44.2168,1.5111
450,L,-20.0852,-52.0099,-3.8640
451,L,-10.0661,-59.2674,-1.6148
452,L,-59.4908,1.0810,17.8424
453,L,-52.8730,3.1441,13.3571
454,L,-52.4455,4.0336,22.0022
455,L,-38.2411,3.4724,23.6333
456,L,-33.8291,13.1927,28.3466
457,L,-37.4641,4.8515,38.8152
458,L,-38.6464,13.7293,35.7780
459,L,-44.8956,23.2918,32.3350
460,L,-38.5654,28.8921,32.8667
461,L,-30.4602,34.2001,34.4646
462,L,-25.1173,37.2037,32.5346
463,L,-46.5064,-41.5655,41.0311
464,L,-53.7598,-41.4748,46.2295
465,L,-48.9491,-36.2192,39.5544
466,L,-52.1623,-30.0245,34.2812
467,L,-53.9015,-24.0330,30.8490
468,L,-55.8917,-18.6863,46.4986
469,L,-58.1541,-17.0157,39.4394
470,L,-59.0133,-15.5080,30.5784
471,L,-62.4790,-8.9375,26.0517
472,L,-57.6890,-9.1377,16.9172
473,L,-20.2041,-58.6903,62.9782
474,L,-21.2335,-62.8156,56.3844
475,L,-27.1157,-57.1121,62.7964
476,L,-34.7255,-54.8113,58.7631
477,L,-34.5464,-50.6892,52.0752
478,L,-28.8948,-36.9639,52.5824
479,L,-34.9556,-43.9574,52.4697
480,L,-32.8094,-46.4379,43.5195
481,L,-35.5716,-44.0853,37.6852
482,L,-40.8931,-42.7266,38.5688
483,L,-5.4937,-9.8272,51.4005
484,L,-11.9885,-19.2700,46.3258
485,L,-6.5110,-20.9669,52.5124
486,L,-5.5946,-29.5786,53.1526
487,L,-8.2237,-38.3314,56.5896
488,L,-5.2723,-29.4620,70.9901
489,L,-4.4485,-41.6861,64.6984
490,L,-15.7153,-43.9401,64.3053
491,L,-10.2203,-51.4668,68.6831
492,L,-14.5838,-53.9356,62.0172
493,L,-18.2888,36.2027,34.5600
494,L,-18.9450,35.0773,44.9734
495,L,-13.7461,31.5724,48.8971
496,L,-19.9013,13.5515,53.3657
497,L,-16.8446,19.2291,57.3280
498,L,-7.8470,23.7258,58.7174
499,L,-6.6982,13.2300,61.3971
500,L,-8.0651,1.2715,58.4110
501,L,-9.9285,1.8071,49.6097
502,L,-5.6912,24.1210,-5.5402
503,L,-0.8487,14.4916,1.4161
504,L,-0.8615,29.0974,-0.6684
505,L,-2.7796,31.0919,9.5141
506,L,-6.6236,28.4823,17.4651
507,L,-13.2590,43.6694,16.8180
508,L,-12.9506,31.7313,22.0579
509,L,-8.3161,22.6843,27.5350
510,L,-11.7416,14.5531,34.4917
511,L,-10.5378,8.6116,42.5204
512,L,-38.7656,26.5944,-9.8072
513,L,-32.0168,22.7136,-15.4026
514,L,-37.9987,26.9674,-15.9222
515,L,-24.2095,32.0410,-10.0744
516,L,-17.0005,35.4177,-20.6917
517,L,-21.0263,57.2012,-13.4974
518,L,-12.5578,48.3614,-21.3184
519,L,-9.2850,39.1595,-20.4291
520,L,-2.7625,35.6333,-26.4876
521,L,-8.4579,28.6124,-14.1687
522,L,-48.4728,8.8235,8.4301
523,L,-52.5516,14.5226,8.1279
524,L,-47.0534,19.3295,10.6841
525,L,-43.5089,27.2650,12.0061
526,L,-52.0479,27.0635,6.1216
527,L,-42.1439,25.4899,6.7781
528,L,-37.4551,29.9177,2.8083
529,L,-36.0689,32.3695,-4.3035
530,L,-27.1821,26.2392,-0.1252
531,L,-64.3206,-19.7691,-0.0815
532,L,-58.0945,-14.4037,-5.3799
533,L,-59.9018,-15.1235,1.7492
534,L,-52.0076,-13.6109,2.1122
535,L,-46.6657,-19.2791,-5.1262
536,L,-32.9404,-21.7408,8.8380
537,L,-34.8907,-19.8192,0.4957
538,L,-36.4046,-16.6172,-7.2683
539,L,-36.9347,-4.3736,-0.1217
540,L,-31.7013,12.8435,1.6159
541,L,-56.2041,-44.0998,38.3015
542,L,-57.8863,-46.4475,30.6603
543,L,-55.7025,-48.3361,22.6486
544,L,-51.0006,-32.8208,24.0219
545,L,-46.8851,-43.2494,22.1837
546,L,-58.3978,-40.7397,14.6136
547,L,-61.6036,-33.4344,9.2060
548,L,-63.8135,-26.4162,5.6347
549,L,-59.1548,-28.7625,-0.9818
550,L,-40.9068,-81.0816,6.5517
551,L,-42.9235,-80.9560,0.2804
552,L,-47.9058,-74.3930,6.7669
553,L,-42.0306,-64.8487,5.5674
554,L,-53.3203,-61.1205,5.6844
555,L,-39.6874,-57.6909,14.5252
556,L,-50.0452,-57.7649,8.7681
557,L,-57.1886,-53.3039,2.2793
558,L,-53.1622,-44.8242,-1.2672
559,L,-49.3316,-36.0983,-0.4010
560,L,-22.9278,-63.2731,48.9658
561,L,-22.0653,-61.1994,35.2042
562,L,-28.7829,-67.2057,24.3118
563,L,-32.4036,-68.4015,42.9754
564,L,-31.5755,-75.0112,31.5386
565,L,-32.7457,-78.6324,16.6813
566,L,-36.3254,-86.9453,14.7339
567,L,-35.6290,-81.7799,9.8308
568,L,-26.9816,-85.7017,1.6910
569,L,-19.9330,-60.2539,14.7121
570,L,-20.3500,-71.8087,7.8747
571,L,-14.6925,-67.7472,9.3325
572,L,-4.1480,-73.0391,11.4447
573,L,-2.9244,-86.2700,11.4891
574,L,-5.2860,-82.7499,32.0805
575,L,-7.0429,-86.8000,18.8349
576,L,-5.1913,-98.6939,8.4793
577,L,-12.1101,-102.1253,3.0250
578,L,-21.8176,-97.3900,1.3343
579,L,-16.5832,-23.3994,38.2354
580,L,-11.3332,-30.3103,38.9159
581,L,-4.8185,-35.0157,40.9911
582,L,-10.8794,-48.4912,43.8322
583,L,-14.8537,-44.6752,36.2811
584,L,-8.9542,-44.1312,31.1092
585,L,-9.3507,-52.7207,24.3824
586,L,-6.1225,-61.8719,17.4818
587,L,-7.6678,-58.3839,10.4839
588,L,-2.9944,-3.7821,-1.4729
589,L,-1.3494,1.5596,5.0063
590,L,-2.9980,-7.1244,9.7421
591,L,-3.3878,-20.7701,12.6323
592,L,-0.2837,-7.7881,26.3612
593,L,-0.5135,-21.6979,19.5233
594,L,-0.2969,-32.8924,12.0421
595,L,0.1102,-42.9166,11.6575
596,L,-7.4453,-49.9570,11.2316
597,L,-25.0574,16.5349,-15.8004
598,L,-30.0234,4.5200,-14.1801
599,L,-33.0793,-2.4116,-21.8168
600,L,-19.7533,0.3580,-11.9133
601,L,-31.3283,-7.1685,-19.1399
602,L,-27.2510,-4.0500,-30.1936
603,L,-21.5297,-7.8694,-30.9195
604,L,-22.3884,-15.2876,-30.4756
605,L,-33.4912,-14.6856,-31.2423
606,L,-28.2809,-23.4753,-26.9598
607,L,-50.2408,-12.6910,-14.7823
608,L,-53.9004,-9.4092,-23.4294
609,L,-56.8846,-6.2249,-28.5699
610,L,-48.5847,11.7370,-23.9954
611,L,-47.8599,3.1899,-34.2843
612,L,-46.3659,-8.6062,-34.4852
613,L,-43.6104,-9.5583,-41.8047
614,L,-37.2528,-8.0691,-34.6393
615,L,-40.7828,-17.2650,-23.3807
616,L,-43.9763,-74.0014,-5.3739
617,L,-39.8392,-69.9051,-6.9393
618,L,-40.8130,-60.0974,-11.1322
619,L,-56.7345,-52.7357,-15.7645
620,L,-49.5535,-50.5572,-14.8024
621,L,-41.7628,-48.3179,-15.3712
622,L,-43.0144,-38.9555,-21.4900
623,L,-42.9374,-30.9655,-20.7918
624,L,-35.5734,-32.6394,-25.7526
625,L,-15.6737,-74.4970,2.8225
626,L,-3.7506,-69.2904,3.5486
627,L,-13.0235,-70.9894,-3.7024
628,L,-10.2180,-86.2198,-12.7417
629,L,-16.3052,-73.9454,-10.4462
630,L,-23.1426,-60.4697,-7.8090
631,L,-32.3405,-54.1524,-9.5535
632,L,-29.1950,-42.7802,-18.2686
633,L,-36.8452,-31.8971,-18.2238
634,L,0.9919,-20.7184,-10.4149
635,L,-11.6103,-23.4066,-12.1276
636,L,-27.6893,-29.2115,-9.2116
637,L,-26.1902,-38.5726,2.3342
638,L,-33.4953,-38.0647,-3.9980
639,L,-37.5665,-34.6274,-12.0465
640,L,-24.8818,-28.5267,-16.7730
641,L,-26.2600,-30.5801,-20.5377
642,L,-39.7338,-15.6652,60.1616
643,L,-40.2640,-10.2927,60.5773
644,L,-38.0449,-13.0585,63.2172
645,L,-36.4459,-22.2367,56.6459
646,L,-37.1513,-19.2862,55.1792
647,L,-33.4462,-22.4220,60.9786
648,L,-32.1910,-23.9262,54.6846
649,L,-35.1688,-18.1133,66.2836
650,L,-31.5179,-21.7963,65.2959
651,L,-33.6948,-12.8917,63.1507
652,L,-22.6672,49.3243,23.3085
653,L,-20.9073,50.5898,26.8642
654,L,-24.0179,45.8037,29.8436
655,L,-23.5899,44.0585,18.2730
656,L,-23.5773,50.2554,17.8542
657,L,-24.6547,37.2916,20.9837
658,L,-27.6673,40.4737,17.0595
659,L,-56.2685,-3.5083,8.1851
660,L,-54.0114,-1.2458,6.5146
661,L,-57.2624,2.0678,6.6280
662,L,-59.0668,-4.8144,10.1559
663,L,-58.5377,-7.4894,9.2643
664,L,-50.6665,-52.1411,43.6729
665,L,-49.9712,-51.4496,39.2415
666,L,-51.7744,-49.2970,43.2185
667,L,-47.6894,-49.8040,42.9497
668,L,-49.0135,-53.1820,43.6469
669,L,-12.8289,-68.5485,56.6466
670,L,-12.7800,-68.8298,49.7789
671,L,-16.1646,-66.9458,53.9602
672,L,-13.8629,-64.1741,61.2953
673,L,-10.2366,-66.7060,59.4546
674,L,-12.2836,-5.0137,45.0587
675,L,-12.1742,-7.7831,42.2832
676,L,-13.2122,-11.0774,44.6226
677,L,-4.7651,13.2107,-6.3704
678,L,-4.7501,5.9703,-7.0350
679,L,-2.8805,2.5001,-5.1190
680,L,-31.6092,19.5815,-3.9667
681,L,-34.8224,15.0547,-6.4235
682,L,-27.7638,18.5256,-6.3827
683,L,-48.4684,-26.2326,-5.5483
684,L,-47.5056,-25.7591,-10.0755
685,L,-49.4021,-21.4940,-8.1904
686,L,-30.3356,-89.4944,-5.3561
687,L,-32.1681,-91.0159,-8.0486
688,L,-38.2801,-87.4767,-4.7878
689,L,-18.5899,-58.2013,8.3151
690,L,-23.5189,-59.0610,6.4476
691,L,-25.1264,-63.8078,7.0931
692,L,-55.3080,-3.9464,36.1643
693,L,-53.9490,-0.2823,35.2574
694,L,-53.9536,-2.1391,38.6385
695,L,-34.1649,8.0057,56.0511
696,L,-37.2197,13.3354,52.7943
697,L,-34.0888,14.3628,51.1792
698,L,-32.2224,19.3882,46.6711
699,L,-32.0244,12.8670,47.6692
700,L,-44.8162,-29.3737,47.7481
701,L,-45.0680,-27.1077,44.0543
702,L,-48.7979,-25.5386,50.1019
703,L,-46.0001,-9.9996,36.6631
704,L,-42.4237,-10.5295,30.9748
705,L,-48.7892,-7.2736,33.3900
706,L,-50.8614,-5.0712,30.5241
707,L,-19.3092,-38.3981,64.2704
708,L,-20.9445,-42.4736,58.0839
709,L,-21.2893,-37.6553,60.9082
710,L,-46.3595,-29.3878,56.1442
711,L,-42.9556,-33.6473,52.9755
712,L,-43.5653,-31.1105,50.1965
713,L,-39.0428,-31.0108,44.6291
714,L,-9.7159,-9.5312,68.4498
715,L,-6.5363,-13.8194,67.7117
716,L,-8.3419,-13.7632,70.4031
717,L,-18.6243,-31.7387,72.8447
718,L,-14.1782,-33.2036,74.3962
719,L,-17.2853,-35.4028,71.1542
720,L,-18.7040,-40.8437,67.6781
721,L,-26.8829,13.3162,42.0000
722,L,-28.9474,10.1733,47.5575
723,L,-15.5067,-7.7671,66.3496
724,L,-17.7454,-2.4471,68.7752
725,L,-13.6639,-6.0397,69.3203
726,L,-11.8009,-4.9502,66.3030
727,L,-13.4494,47.9819,-0.9747
728,L,-10.7084,44.8013,1.1251
729,L,-12.3179,48.3713,4.1302
730,L,-6.3642,39.7300,44.7308
731,L,-8.0671,37.3779,39.2915
732,L,-7.7473,31.5650,45.1893
733,L,-6.5689,25.5525,44.6054
734,L,-7.3741,28.2777,49.5954
735,L,-41.1842,47.0607,-9.3512
736,L,-38.2779,46.4683,-11.7325
737,L,-37.9836,51.8578,-8.7093
738,L,-8.0258,58.6881,-0.9108
739,L,-7.2794,58.7257,-6.5738
740,L,-9.3904,52.1497,-4.1528
741,L,-12.3691,47.6886,-6.6788
742,L,-35.7052,19.9215,23.1202
743,L,-40.0440,18.0840,20.7160
744,L,-37.7699,22.7503,20.6074
745,L,-38.0853,47.7675,-0.0576
746,L,-38.7663,40.7371,-1.2341
747,L,-39.2143,43.5345,-6.1500
748,L,-42.9203,39.5213,-9.8924
749,L,-36.9293,-32.0377,11.8960
750,L,-40.3303,-28.6071,10.5638
751,L,-34.2268,-30.3761,13.1110
752,L,-38.3121,9.9724,11.7297
753,L,-34.9789,5.6824,13.8187
754,L,-34.9181,12.8641,12.6878
755,L,-32.0623,15.1583,13.0862
756,L,-35.7268,18.8111,11.4520
757,L,-59.6978,-28.4571,29.3696
758,L,-62.7844,-31.5798,30.0963
759,L,-62.3771,-29.3534,26.0875
760,L,-35.2177,-32.0261,21.0914
761,L,-36.6617,-35.9718,17.5792
762,L,-35.3500,-34.9734,13.5394
763,L,-39.2415,-33.8431,7.1489
764,L,-45.9639,-69.3260,24.3271
765,L,-43.9899,-68.4747,19.3515
766,L,-42.0288,-65.9759,22.8521
767,L,-58.3452,-51.9258,15.9700
768,L,-53.8885,-49.6257,14.2697
769,L,-59.3646,-47.2523,12.7847
770,L,-59.0015,-43.1862,9.6172
771,L,-62.8171,-44.5387,12.8359
772,L,-27.0336,-52.6778,44.2441
773,L,-26.2684,-56.4104,42.8206
774,L,-27.4377,-55.1306,39.1706
775,L,-39.7966,-69.4651,32.5747
776,L,-39.8301,-73.5092,33.3882
777,L,-44.7197,-71.7513,29.2747
778,L,-44.7227,-72.9591,25.8240
779,L,-13.8695,-65.3241,32.0775
780,L,-19.2248,-71.1798,25.3629
781,L,-18.2762,-70.9172,29.4913
782,L,-23.2888,-82.5238,21.3202
783,L,-17.5112,-87.1324,21.5267
784,L,-19.7643,-85.1116,17.0603
785,L,-20.4792,-89.3864,14.4658
786,L,-23.5500,-82.6183,13.1042
787,L,-17.3466,-41.4074,53.2975
788,L,-18.1943,-41.7845,48.4011
789,L,-15.9450,-45.9253,50.5310
790,L,-4.3895,-70.6596,35.6376
791,L,-4.7860,-65.5651,34.5161
792,L,-6.7116,-68.5531,31.6802
793,L,-8.9630,-66.4086,28.8385
794,L,-2.4665,18.5638,20.5552
795,L,-0.6266,12.6053,19.2312
796,L,-1.1462,12.5351,23.4351
797,L,-5.5172,-28.3497,30.4373
798,L,-8.5294,-28.2466,29.5165
799,L,-7.7520,-33.9384,29.4628
800,L,-8.3053,-38.9336,27.5158
801,L,-4.2869,-38.1508,29.0126
802,L,-15.9648,25.5869,-23.0807
803,L,-17.8690,19.4464,-21.5000
804,L,-14.6505,20.7276,-22.4032
805,L,-28.7503,-20.8141,-11.6215
806,L,-32.8267,-18.5627,-13.3529
807,L,-37.7744,-22.1741,-13.9889
808,L,-38.1279,-23.3628,-18.3435
809,L,-39.5803,-26.8438,-14.1955
810,L,-51.5668,-4.5903,-7.1834
811,L,-56.3282,3.3551,-7.9069
812,L,-52.1565,1.9392,-9.7950
813,L,-29.5792,10.5698,-35.5779
814,L,-29.9750,14.9091,-38.3751
815,L,-26.1760,9.4541,-39.5571
816,L,-27.9795,5.0460,-41.3902
817,L,-25.1264,4.2939,-38.8059
818,L,-55.9404,-60.3623,-1.8630
819,L,-54.0315,-61.7702,-4.4954
820,L,-55.1421,-56.1612,-4.3634
821,L,-54.3161,-21.7599,-22.5833
822,L,-52.8334,-29.0710,-23.7634
823,L,-54.1528,-24.0423,-27.7873
824,L,-55.3110,-24.5054,-31.2050
825,L,-54.1923,-18.8041,-31.4747
826,L,-11.4502,-89.9937,3.8428
827,L,-10.8475,-87.7573,-0.4046
828,L,-10.6129,-91.0949,-2.7607
829,L,-35.6770,-73.0703,-16.3061
830,L,-29.3514,-74.6107,-13.2541
831,L,-36.0195,-66.5425,-15.6574
832,L,-34.7669,-61.1235,-15.4762
833,L,-41.1193,-58.6161,-20.4425
834,L,-6.0914,-27.0669,6.5709
835,L,-6.9468,-28.3826,1.3808
836,L,-8.7713,-32.0888,2.9902
837,L,-15.9633,-52.3888,-7.4431
838,L,-18.2059,-44.6775,-9.4571
839,L,-21.4243,-49.8096,-7.2239
840,L,-24.4657,-45.5982,-6.5635
841,L,-23.7216,-53.8182,-5.4037
842,L,-44.8556,-12.1415,45.8533
843,L,-49.8228,-8.2228,48.5295
844,L,-46.2849,-9.5740,50.1667
845,L,-34.3591,-9.0057,47.4259
846,L,-37.7610,-6.4932,43.4669
847,L,-32.2156,-5.0592,44.2559
848,L,-31.5095,-0.8839,48.5756
849,L,-27.8822,-3.6358,45.6830
850,L,-43.3635,-24.6202,54.6387
851,L,-43.6460,-21.4116,51.8708
852,L,-40.0647,-24.2666,47.3635
853,L,-35.2109,-14.2523,48.1271
854,L,-32.4719,-17.3942,42.8985
855,L,-37.4350,-13.7363,43.5258
856,L,-40.4011,-14.0167,40.3140
857,L,-22.0505,-31.8660,57.7201
858,L,-26.5659,-30.3111,64.2088
859,L,-25.9471,-30.5042,56.5558
860,L,-34.6814,-29.2838,49.9336
861,L,-34.9764,-30.4821,55.5835
862,L,-39.6822,-28.2514,55.3343
863,L,-42.9038,-25.1427,60.5043
864,L,-19.2126,-17.5763,63.9868
865,L,-17.7619,-19.1722,68.4100
866,L,-21.8479,-18.6487,69.5119
867,L,-21.3881,-24.7510,56.6374
868,L,-18.7271,-24.8315,60.5419
869,L,-18.3483,-29.4784,54.8920
870,L,-18.1949,-33.1227,58.4138
871,L,-24.6799,-1.9917,45.6441
872,L,-24.7499,-7.9119,44.8789
873,L,-25.2321,-14.7368,60.5774
874,L,-22.2681,-13.1484,55.4669
875,L,-21.1598,-15.5210,59.5751
876,L,-17.5415,-13.7001,59.9113
877,L,-11.2150,65.3328,11.5392
878,L,-8.4322,63.2920,15.0536
879,L,-10.6126,62.5446,17.2662
880,L,-14.8187,50.5317,32.2723
881,L,-10.9834,55.1686,29.9065
882,L,-10.7271,49.8944,36.0902
883,L,-7.6416,49.0733,40.5264
884,L,-11.9421,44.7989,41.5059
885,L,-32.2769,49.5143,5.8099
886,L,-29.2760,48.8808,0.7632
887,L,-26.4471,47.8895,3.7676
888,L,-21.9190,60.4133,11.7442
889,L,-21.3114,60.3882,6.7128
890,L,-16.4005,63.3160,8.5526
891,L,-10.7745,64.6744,5.9729
892,L,-42.0603,33.2507,27.4703
893,L,-42.4454,33.7210,23.3402
894,L,-40.8470,38.4212,25.0963
895,L,-33.7190,49.7708,16.5327
896,L,-36.7329,47.2286,16.3173
897,L,-35.6442,51.7642,12.8595
898,L,-37.2470,50.8642,7.7189
899,L,-42.5774,-18.3361,19.1782
900,L,-40.0019,-17.2712,20.8305
901,L,-44.6182,-12.2996,18.7250
902,L,-49.3767,2.2729,5.0785
903,L,-46.8654,-1.7134,11.2728
904,L,-46.5687,4.1507,6.7442
905,L,-43.1799,5.2308,8.2433
906,L,-45.7803,9.0757,2.4427
907,L,-60.9519,-16.1832,22.2737
908,L,-56.9582,-20.7095,22.9328
909,L,-58.5532,-16.9473,18.8438
910,L,-51.6896,-14.4095,16.0096
911,L,-50.6045,-18.0510,14.8487
912,L,-45.6179,-18.4536,15.7566
913,L,-41.4582,-22.8591,18.9554
914,L,-46.7489,-63.3482,35.0076
915,L,-44.6784,-61.2038,31.2437
916,L,-50.0852,-61.4526,32.2949
917,L,-51.0156,-51.0207,30.5442
918,L,-50.0803,-54.6750,27.7770
919,L,-52.8409,-51.4359,26.7712
920,L,-55.0817,-52.6452,23.1497
921,L,-57.5281,-51.5341,27.0394
922,L,-37.0633,-50.2327,33.1040
923,L,-37.4323,-54.8546,34.6362
924,L,-41.2571,-54.8460,35.6570
925,L,-49.2211,-59.8825,40.7254
926,L,-46.4532,-61.9355,43.0217
927,L,-47.9565,-63.9389,39.6287
928,L,-43.5206,-64.5379,38.1541
929,L,-7.1131,-73.5412,42.9608
930,L,-12.6860,-73.3276,41.4856
931,L,-11.1330,-75.9742,44.0826
932,L,-16.6110,-72.0124,41.8062
933,L,-18.8411,-76.0059,43.2417
934,L,-20.4928,-73.4116,38.1270
935,L,-22.3071,-76.0305,32.2492
936,L,-21.4505,-70.1850,32.6021
937,L,-7.1030,-52.5880,60.8175
938,L,-7.3272,-52.2499,56.3268
939,L,-7.5341,-55.3351,56.4735
940,L,-6.4042,-68.0815,51.9026
941,L,-9.0527,-63.4188,50.9305
942,L,-5.6713,-68.5219,47.7837
943,L,-5.2748,-69.1682,43.6801
944,L,-6.0692,9.6063,34.9619
945,L,-4.3964,6.2769,32.6095
946,L,-4.5853,3.3507,36.7430
947,L,-7.4603,-13.3896,39.5038
948,L,-4.5215,-10.3448,38.9398
949,L,-4.8175,-16.9396,39.3324
950,L,-4.1193,-20.5804,37.1219
951,L,-4.9364,-23.6881,40.8523
952,L,-5.0238,22.8266,-24.8418
953,L,-8.3491,19.2204,-19.4520
954,L,-6.3211,16.3811,-19.8701
955,L,-5.0761,-8.3894,-13.2148
956,L,-6.7816,-2.9905,-14.7030
957,L,-8.8792,-13.0783,-18.4628
958,L,-14.0284,-16.3654,-18.6038
959,L,-12.3809,-20.4748,-20.4655
960,L,-36.6955,-8.5888,-10.9539
961,L,-41.3228,-8.4337,-17.5895
962,L,-37.6395,-6.1467,-13.8725
963,L,-36.1000,3.6043,-13.5310
964,L,-38.2000,-0.8669,-19.4776
965,L,-36.9626,1.6463,-21.0701
966,L,-36.7069,3.9988,-27.7628
967,L,-34.6596,2.5728,-21.5989
968,L,-58.5560,-42.1882,-5.1646
969,L,-62.3896,-41.1068,-6.9980
970,L,-57.9477,-38.6359,-9.5488
971,L,-57.4905,-23.6036,-14.7270
972,L,-62.2460,-26.6049,-12.9789
973,L,-63.7616,-21.5210,-14.6878
974,L,-63.7071,-20.4626,-17.1547
975,L,-62.7434,-15.9373,-16.8534
976,L,-15.8720,-100.7968,-7.8962
977,L,-15.3744,-98.3815,-12.8021
978,L,-18.6669,-98.7831,-15.7580
979,L,-35.5804,-88.1543,-15.1525
980,L,-29.0385,-89.8845,-15.8175
981,L,-35.7937,-84.6527,-16.1612
982,L,-35.6856,-80.8866,-14.1066
983,L,-40.0021,-79.1826,-13.3825
984,L,-7.0024,-41.9692,6.1492
985,L,-11.0034,-41.2981,4.5298
986,L,-10.4492,-45.9065,3.8595
987,L,-22.8619,-59.3537,-0.0803
988,L,-22.2426,-53.0982,-1.0626
989,L,-18.3661,-58.3742,-0.9532
990,L,-13.4481,-55.9380,-1.5520
991,L,-9.7055,-60.7602,1.0994
992,L,-59.2623,1.8210,22.2453
993,L,-57.5900,5.6379,19.9158
994,L,-57.1352,6.0278,24.7243
995,L,-43.0179,-0.5340,29.0562
996,L,-43.6233,2.3712,26.2070
997,L,-36.5946,1.9286,27.1431
998,L,-33.7774,7.7131,25.7175
999,L,-33.2928,6.6109,29.4662
1000,L,-44.5929,2.8921,44.7412
1001,L,-42.0324,1.1955,40.5755
1002,L,-38.1585,5.1750,43.0177
1003,L,-41.3182,19.4719,43.0767
1004,L,-41.6598,14.5993,40.3753
1005,L,-42.4998,19.4539,38.0849
1006,L,-41.2091,19.0528,34.2588
1007,L,-44.2562,23.3987,36.2980
1008,L,-44.7402,26.8682,33.1983
1009,L,-39.7866,25.9774,35.7909
1010,L,-29.2707,27.3898,37.3116
1011,L,-30.5792,32.1461,38.9328
1012,L,-27.5455,33.2126,36.3492
1013,L,-27.2324,34.4303,33.0757
1014,L,-24.3460,33.6948,33.2195
1015,L,-43.2581,-38.6186,39.2657
1016,L,-46.7401,-38.7891,42.5465
1017,L,-44.5319,-35.6060,37.3197
1018,L,-46.6689,-25.6251,35.3244
1019,L,-47.7094,-29.5446,32.9281
1020,L,-49.1145,-26.0383,32.4297
1021,L,-52.9895,-27.6673,32.2029
1022,L,-51.1515,-22.9318,32.9562
1023,L,-46.3273,-19.7897,46.7429
1024,L,-53.1367,-17.9474,49.8947
1025,L,-50.1236,-19.8826,44.7000
1026,L,-51.9550,-14.7305,32.5386
1027,L,-55.9525,-14.8592,40.1838
1028,L,-58.7892,-12.4397,37.4959
1029,L,-58.8588,-15.9914,35.2447
1030,L,-61.0887,-11.0116,33.7934
1031,L,-62.5098,-11.9425,29.5281
1032,L,-59.6938,-9.4313,29.2842
1033,L,-54.0968,-3.2575,23.3889
1034,L,-54.4513,-8.6530,19.2193
1035,L,-55.6274,-2.8114,20.0903
1036,L,-56.9065,-3.4136,16.6216
1037,L,-20.8947,-55.2281,61.2565
1038,L,-23.5364,-58.8149,64.3355
1039,L,-24.6842,-54.8414,63.6754
1040,L,-29.2812,-47.2331,60.5471
1041,L,-32.3536,-51.3768,62.8693
1042,L,-35.6048,-50.4441,60.2761
1043,L,-35.3787,-52.6423,56.1438
1044,L,-37.4608,-49.6229,57.3963
1045,L,-32.7041,-33.6209,66.0984
1046,L,-28.2478,-35.3803,58.1309
1047,L,-32.5669,-35.2993,59.4160
1048,L,-32.4541,-37.3222,48.5080
1049,L,-32.3295,-39.8694,51.3207
1050,L,-33.2575,-42.6505,48.3205
1051,L,-36.7309,-46.1624,49.1146
1052,L,-35.2318,-44.2525,45.5528
1053,L,-34.1179,-45.3437,40.2630
1054,L,-33.6220,-42.8631,42.2643
1055,L,-36.6271,-34.9817,35.9822
1056,L,-37.1145,-40.0382,37.3741
1057,L,-40.4710,-39.2274,37.8366
1058,L,-43.6544,-42.2213,39.7465
1059,L,-6.4222,-10.5332,54.0039
1060,L,-5.1608,-16.2451,51.5215
1061,L,-5.2134,-16.3309,55.3976
1062,L,-8.0274,-24.2074,63.6023
1063,L,-9.1126,-25.2658,58.1556
1064,L,-6.2904,-29.6780,57.6756
1065,L,-5.6865,-34.6013,54.2110
1066,L,-5.9129,-34.7500,58.2671
1067,L,-12.3483,-24.8411,72.9262
1068,L,-8.8044,-24.4412,73.8771
1069,L,-8.3570,-29.8079,70.8758
1070,L,-8.3610,-40.5459,73.8952
1071,L,-4.4219,-41.6270,69.6438
1072,L,-8.5950,-42.5084,68.9060
1073,L,-10.5380,-41.1016,64.8038
1074,L,-15.5948,-42.4533,68.1673
1075,L,-12.6140,-48.6904,66.6907
1076,L,-13.7436,-47.8899,70.8005
1077,L,-17.8695,-49.0162,62.4868
1078,L,-15.4557,-51.5762,65.7658
1079,L,-16.6558,-52.6595,60.0991
1080,L,-17.6703,-55.8209,59.5543
1081,L,-21.3905,37.2998,32.2350
1082,L,-20.9691,31.0347,32.0702
1083,L,-20.5782,23.4856,45.4122
1084,L,-19.5817,28.7446,42.3884
1085,L,-21.2346,30.1259,48.5247
1086,L,-18.0350,34.8355,49.2278
1087,L,-19.4202,29.0602,51.4367
1088,L,-20.3765,3.2958,50.9011
1089,L,-20.6070,9.2191,49.5604
1090,L,-19.0027,6.7245,54.8726
1091,L,-15.6682,8.1896,61.7271
1092,L,-18.4052,12.8931,59.9688
1093,L,-13.7713,14.5584,57.7435
1094,L,-11.8895,21.5966,57.0693
1095,L,-9.7621,17.5471,61.1695
1096,L,-6.8012,18.9018,60.9964
1097,L,-8.0668,13.2251,64.4753
1098,L,-8.4541,-4.3634,60.7019
1099,L,-6.1764,0.4694,62.7799
1100,L,-6.5439,-4.5131,57.6728
1101,L,-6.0051,-4.0872,54.3550
1102,L,-5.6508,30.2472,-7.8822
1103,L,-3.1607,26.4330,-3.2777
1104,L,-6.4753,32.1558,-3.8852
1105,L,-5.3585,40.0366,6.3192
1106,L,-5.8630,34.7567,4.9457
1107,L,-6.3544,35.0434,10.1470
1108,L,-5.9578,29.7573,13.2223
1109,L,-5.4288,34.4064,15.7118
1110,L,-7.6592,52.0311,19.0725
1111,L,-9.8923,48.9966,14.6373
1112,L,-9.0755,46.5419,20.6679
1113,L,-9.4249,31.8767,31.5072
1114,L,-12.1137,35.3088,25.9959
1115,L,-13.0263,29.4901,27.8283
1116,L,-10.8939,27.2240,24.3378
1117,L,-13.4563,22.9763,28.9315
1118,L,-10.6513,18.3436,30.7383
1119,L,-13.5040,19.5467,33.8392
1120,L,-10.5184,14.8339,46.1092
1121,L,-11.5027,12.9304,42.0344
1122,L,-9.5854,10.2968,45.6459
1123,L,-10.2229,4.8720,46.0508
1124,L,-8.4088,6.6234,49.9896
1125,L,-44.4774,27.6200,-12.7652
1126,L,-42.1592,25.0351,-14.3368
1127,L,-42.5097,29.0834,-14.4846
1128,L,-28.3609,39.6940,-9.9577
1129,L,-29.1988,34.8817,-7.8432
1130,L,-23.5367,37.3149,-10.8384
1131,L,-19.9556,34.2948,-14.5941
1132,L,-21.5359,39.1659,-16.7062
1133,L,-21.0540,53.5815,-6.0223
1134,L,-25.3393,58.3337,-8.7963
1135,L,-17.8745,56.2439,-11.2223
1136,L,-4.9256,55.5124,-21.3504
1137,L,-9.1855,55.4957,-20.3901
1138,L,-8.0288,50.5939,-22.0549
1139,L,-10.7851,44.1622,-22.2721
1140,L,-5.4054,43.7876,-23.4656
1141,L,-4.5915,37.6764,-26.5488
1142,L,-3.1506,41.9348,-24.6010
1143,L,-10.0954,36.6277,-9.3635
1144,L,-9.8168,34.3674,-14.1989
1145,L,-7.4047,31.7721,-10.9498
1146,L,-6.3984,26.3417,-10.6860
1147,L,-47.2486,3.7844,15.1493
1148,L,-49.5730,4.5640,10.0249
1149,L,-46.3116,7.9812,13.9769
1150,L,-52.6704,18.1250,20.2842
1151,L,-53.2233,14.8576,15.4849
1152,L,-53.7668,17.5981,15.3598
1153,L,-49.3304,15.5911,10.1909
1154,L,-52.6095,20.8682,12.4022
1155,L,-38.7874,33.0935,17.9671
1156,L,-39.7019,28.6731,16.8724
1157,L,-36.6908,31.1090,12.7178
1158,L,-49.7477,32.9562,0.3726
1159,L,-50.0019,32.3454,6.5631
1160,L,-50.7889,29.2272,3.0111
1161,L,-47.7687,25.8740,5.7443
1162,L,-45.1399,28.6395,2.9071
1163,L,-39.5970,27.9581,4.8389
1164,L,-43.0612,30.1333,0.1501
1165,L,-47.2413,33.9064,-12.7004
1166,L,-42.3294,33.2815,-7.5214
1167,L,-43.2102,30.3385,-10.7478
1168,L,-36.7522,28.8247,-5.7144
1169,L,-60.9546,-20.7501,1.0775
1170,L,-62.4879,-16.7594,0.8746
1171,L,-57.5854,-18.7767,0.8801
1172,L,-44.7324,-21.5831,6.0445
1173,L,-51.1751,-17.6044,5.4714
1174,L,-46.6484,-18.8484,2.4138
1175,L,-49.2991,-15.6733,-1.1049
1176,L,-44.6844,-22.9530,-1.9110
1177,L,-34.8620,-15.7549,18.4204
1178,L,-32.8760,-22.7511,13.0607
1179,L,-34.7340,-16.0973,14.6592
1180,L,-35.7637,-6.6115,9.0296
1181,L,-38.2220,-14.4898,7.9815
1182,L,-38.6316,-13.2133,4.3191
1183,L,-35.7180,-18.8020,-3.6222
1184,L,-37.6125,-11.7575,0.4407
1185,L,-36.0865,-11.2091,-3.6037
1186,L,-37.2104,-4.7768,3.3975
1187,L,-28.6297,18.7771,8.6077
1188,L,-30.8945,11.8732,4.8255
1189,L,-29.1601,20.0291,5.2475
1190,L,-30.3341,20.6482,2.2615
1191,L,-27.4205,27.1354,3.5927
1192,L,-55.7185,-37.1219,44.2309
1193,L,-55.5877,-42.7146,43.2536
1194,L,-57.1484,-38.5071,41.6704
1195,L,-54.6344,-38.8590,32.5753
1196,L,-57.0254,-42.1049,34.3613
1197,L,-54.1255,-44.2375,31.3198
1198,L,-56.4645,-47.8657,27.2702
1199,L,-51.9233,-46.0651,27.7993
1200,L,-54.2174,-27.7293,17.5098
1201,L,-56.3651,-30.3505,19.9802
1202,L,-50.7064,-31.4898,18.8879
1203,L,-42.6042,-40.5130,16.2745
1204,L,-43.1489,-39.7688,22.1490
1205,L,-47.1410,-41.5208,17.3047
1206,L,-51.8020,-43.0428,17.8154
1207,L,-53.6156,-39.5213,13.6370
1208,L,-60.2190,-37.1915,12.0533
1209,L,-54.7946,-36.2652,9.9202
1210,L,-50.8925,-27.7135,1.8720
1211,L,-56.5120,-28.7703,5.2000
1212,L,-58.6425,-25.0529,2.7811
1213,L,-64.7660,-23.1003,2.6268
1214,L,-43.0036,-78.0738,9.8973
1215,L,-46.7162,-79.6031,7.2120
1216,L,-47.8205,-75.8270,11.1570
1217,L,-41.6845,-65.8984,10.7835
1218,L,-43.6467,-68.5860,8.6597
1219,L,-44.4129,-64.0440,7.5990
1220,L,-47.3323,-60.8993,4.8632
1221,L,-49.4080,-63.5575,8.1339
1222,L,-40.5602,-55.9648,24.0273
1223,L,-37.5392,-58.4997,20.1515
1224,L,-38.9470,-54.2072,18.4901
1225,L,-45.6773,-48.6381,8.1247
1226,L,-44.6733,-53.5902,8.5353
1227,L,-48.6078,-53.1040,5.7380
1228,L,-53.4683,-56.3059,5.8715
1229,L,-52.7808,-50.8402,2.8277
1230,L,-56.3112,-48.4010,0.7645
1231,L,-51.6062,-46.6679,1.6353
1232,L,-57.4668,-37.2649,4.5056
1233,L,-51.1079,-38.1314,2.2113
1234,L,-55.7684,-34.7363,1.4878
1235,L,-53.4323,-32.5345,-0.9156
1236,L,-61.6717,-31.4830,1.3540
1237,L,-23.1632,-60.1966,54.7794
1238,L,-22.8627,-63.8129,53.0621
1239,L,-24.1907,-61.6619,50.5632
1240,L,-27.5112,-63.1161,41.6697
1241,L,-24.8964,-61.4018,41.3044
1242,L,-25.3832,-61.6150,35.2282
1243,L,-25.3210,-63.3205,29.3727
1244,L,-28.7138,-64.8612,31.1945
1245,L,-37.2791,-63.8009,41.4513
1246,L,-34.1568,-63.5394,40.4124
1247,L,-35.0384,-68.4784,45.1501
1248,L,-34.0104,-81.0217,33.1535
1249,L,-31.6819,-78.9506,36.1334
1250,L,-32.3444,-81.1308,29.0471
1251,L,-33.1090,-77.1484,23.8830
1252,L,-34.7946,-81.8379,22.3184
1253,L,-35.0995,-82.9145,16.2743
1254,L,-37.1327,-84.9223,20.8468
1255,L,-43.2327,-77.3257,18.1447
1256,L,-39.8446,-81.9811,15.4383
1257,L,-39.2733,-78.0982,12.9138
1258,L,-37.0583,-78.8843,7.7258
1259,L,-20.6811,-60.5766,18.4431
1260,L,-19.8415,-66.6193,11.2257
1261,L,-20.5851,-66.7824,14.9528
1262,L,-8.8940,-73.4531,18.6065
1263,L,-8.6934,-69.6630,14.2485
1264,L,-3.4675,-73.0298,16.0027
1265,L,-3.5795,-80.3569,12.5645
1266,L,-4.6140,-80.3917,17.5132
1267,L,-16.4644,-83.7372,35.3004
1268,L,-11.7302,-81.9634,31.7613
1269,L,-10.1030,-85.0796,35.0924
1270,L,-10.1341,-94.5992,21.3214
1271,L,-7.2701,-90.4533,24.6443
1272,L,-10.3735,-91.1112,14.8808
1273,L,-5.1434,-93.3696,14.1171
1274,L,-8.6499,-97.1812,8.8742
1275,L,-7.5771,-101.5928,6.1057
1276,L,-11.1785,-101.0858,9.2201
1277,L,-26.2134,-96.2490,10.9437
1278,L,-20.5013,-97.4565,7.1185
1279,L,-23.1030,-93.7539,6.1773
1280,L,-23.1470,-91.3961,1.1829
1281,L,-26.1522,-88.8695,6.6540
1282,L,-13.4547,-23.8689,46.7569
1283,L,-15.5664,-21.1891,42.7599
1284,L,-16.4207,-26.2440,42.5820
1285,L,-15.1659,-38.2823,40.0290
1286,L,-15.6470,-32.8843,37.5058
1287,L,-11.6628,-35.1374,40.0614
1288,L,-8.0196,-32.6897,40.9165
1289,L,-6.8784,-37.1920,42.7658
1290,L,-6.0665,-52.2242,47.6926
1291,L,-8.2793,-48.5493,46.9537
1292,L,-8.1039,-52.1120,43.5989
1293,L,-11.4391,-55.8756,33.5937
1294,L,-13.7871,-51.0792,36.5102
1295,L,-15.1691,-49.7538,32.3982
1296,L,-13.4102,-43.1696,32.3944
1297,L,-12.5001,-49.2710,29.2343
1298,L,-8.1969,-49.3072,29.2585
1299,L,-11.2190,-54.4878,26.5273
1300,L,-13.5603,-62.4901,23.1334
1301,L,-5.9111,-63.6909,20.5214
1302,L,-14.0675,-60.2443,20.7491
1303,L,-13.0511,-57.7150,18.2659
1304,L,-1.0354,17.1370,4.7503
1305,L,-0.7818,7.8284,3.1402
1306,L,-0.8004,10.0960,6.9009
1307,L,-0.8343,-1.6487,14.7214
1308,L,-2.2525,-2.4148,10.2733
1309,L,-2.7164,-7.4518,12.6584
1310,L,-2.7365,-14.2414,11.2772
1311,L,-1.9633,-13.9318,14.0278
1312,L,-5.7309,-2.8687,30.8013
1313,L,-1.1725,-1.5140,28.9334
1314,L,-3.1250,-8.5311,29.6469
1315,L,-1.0794,-29.2752,25.4072
1316,L,-0.3404,-22.1960,24.3263
1317,L,0.0362,-28.9179,20.8001
1318,L,-0.8075,-28.1156,16.4034
1319,L,0.3600,-34.7730,16.2321
1320,L,1.2216,-37.5573,10.2054
1321,L,0.7016,-39.9102,16.7604
1322,L,-7.4879,-47.4347,20.3481
1323,L,-7.8308,-47.1024,16.5464
1324,L,-5.9438,-50.4840,14.1891
1325,L,-6.2422,-55.3183,8.8502
1326,L,-5.3048,-56.1314,13.2571
1327,L,-33.3636,21.4108,-19.7062
1328,L,-27.5251,20.5119,-15.9280
1329,L,-29.4618,18.4437,-21.3570
1330,L,-23.2982,9.9328,-17.2479
1331,L,-25.4473,10.4836,-16.9607
1332,L,-27.8852,4.3563,-13.4454
1333,L,-32.5930,-0.8107,-16.3075
1334,L,-30.1371,-1.6788,-14.7129
1335,L,-13.0141,4.6058,-13.9344
1336,L,-15.5631,6.6707,-15.5682
1337,L,-17.6328,-1.4322,-11.3128
1338,L,-36.1644,-12.5626,-20.0251
1339,L,-30.6231,-9.3346,-16.3408
1340,L,-35.4420,-9.2530,-23.7158
1341,L,-32.9580,-6.2089,-26.2509
1342,L,-30.6539,-9.2497,-28.8843
1343,L,-24.4662,-6.1764,-31.5391
1344,L,-27.1404,-11.8284,-29.7778
1345,L,-24.8391,-20.4612,-24.0832
1346,L,-21.1677,-15.2903,-26.7032
1347,L,-20.7828,-18.8689,-26.2140
1348,L,-25.6325,-19.5268,-29.7201
1349,L,-22.7602,-23.0391,-26.2271
1350,L,-59.1169,-10.9517,-4.9037
1351,L,-53.1640,-13.7217,-9.6824
1352,L,-54.6350,-9.6060,-9.4080
1353,L,-49.1543,-1.9670,-20.7359
1354,L,-48.9632,-6.9243,-21.0089
1355,L,-52.0116,-4.1623,-25.3908
1356,L,-57.7752,-5.9312,-25.4883
1357,L,-55.8883,-0.6563,-27.6384
1358,L,-46.8750,8.3599,-21.0631
1359,L,-49.6303,12.8231,-18.1454
1360,L,-46.6045,15.7251,-24.2056
1361,L,-36.9340,6.2057,-36.1283
1362,L,-42.8932,8.0616,-37.0813
1363,L,-42.3420,1.4408,-34.9364
1364,L,-46.0429,-2.7135,-32.9989
1365,L,-43.2861,-3.5843,-38.0106
1366,L,-46.8195,-8.3985,-40.0417
1367,L,-41.5464,-4.3739,-42.4538
1368,L,-32.6872,-3.4782,-39.1856
1369,L,-34.5346,-6.8106,-40.5341
1370,L,-33.6206,-7.8902,-36.3257
1371,L,-35.1516,-11.9992,-33.5626
1372,L,-32.4135,-9.5182,-32.0151
1373,L,-40.3805,-75.0771,0.9356
1374,L,-41.7266,-77.6179,-2.7228
1375,L,-42.1854,-71.3665,-3.1539
1376,L,-47.8003,-62.2082,-6.4806
1377,L,-43.5203,-65.2788,-4.7346
1378,L,-42.0913,-61.8269,-5.3272
1379,L,-39.2546,-65.2654,-8.8804
1380,L,-42.3916,-58.1903,-6.6749
1381,L,-57.5061,-42.1358,-11.8913
1382,L,-55.5455,-49.0923,-11.9596
1383,L,-57.4670,-44.8997,-17.0697
1384,L,-53.2802,-43.1362,-24.6468
1385,L,-53.6556,-47.4608,-21.0943
1386,L,-49.7373,-45.0765,-18.6207
1387,L,-44.9261,-48.1228,-12.7683
1388,L,-46.1808,-42.0748,-16.9354
1389,L,-42.1623,-42.3968,-17.0973
1390,L,-45.9827,-39.4625,-22.2326
1391,L,-47.8275,-24.0262,-28.5340
1392,L,-46.6266,-30.1733,-22.9565
1393,L,-45.3835,-23.4910,-24.5424
1394,L,-42.6021,-24.6100,-21.5711
1395,L,-43.3462,-16.5182,-26.4407
1396,L,-16.6637,-75.6244,9.8567
1397,L,-20.0380,-75.2397,5.3681
1398,L,-15.3712,-78.5779,6.6739
1399,L,-3.1666,-80.9194,1.0894
1400,L,-3.7639,-75.7711,4.9795
1401,L,-4.7094,-74.9856,1.0609
1402,L,-7.9012,-70.5975,-0.0930
1403,L,-8.4840,-74.6264,-4.1077
1404,L,-11.8284,-93.9942,-10.1954
1405,L,-8.1241,-91.4632,-12.3162
1406,L,-14.1854,-88.1540,-10.0718
1407,L,-24.3542,-73.7851,-4.2886
1408,L,-18.8822,-77.4424,-7.9967
1409,L,-21.7546,-69.3787,-8.3995
1410,L,-18.8887,-65.0846,-11.3086
1411,L,-24.8287,-61.2716,-8.9513
1412,L,-28.0504,-56.4471,-6.8965
1413,L,-29.9794,-59.9209,-7.3153
1414,L,-30.0931,-50.4189,-17.5632
1415,L,-26.4032,-50.0147,-15.9285
1416,L,-29.2917,-43.1946,-20.4337
1417,L,-30.5119,-37.1448,-22.9605
1418,L,-34.6211,-38.1016,-23.8017
1419,L,-2.2951,-9.2478,-0.6529
1420,L,-2.5008,-12.8375,-5.9838
1421,L,-2.0193,-18.5077,-4.9208
1422,L,-12.8015,-28.2578,-5.9356
1423,L,-9.8302,-25.1274,-8.8436
1424,L,-15.6405,-26.8221,-8.4139
1425,L,-18.6761,-26.0725,-10.1627
1426,L,-23.9237,-30.8582,-7.5860
1427,L,-17.8918,-41.7261,1.6177
1428,L,-21.4842,-38.5601,3.5930
1429,L,-21.7457,-41.7352,0.1582
1430,L,-23.2939,-37.0520,-9.6974
1431,L,-29.1704,-39.9560,-5.2416
1432,L,-31.2907,-38.5104,-9.0677
1433,L,-36.2698,-36.9720,-7.8711
1434,L,-31.5108,-35.5578,-12.7493
1435,L,-31.6725,-32.3566,-15.3222
1436,L,-25.0105,-31.7920,-14.7014
1437,L,-30.5738,-39.3142,-11.5830
1438,L,-25.2532,-34.0803,-17.4885
1439,L,-31.8397,-35.0128,-15.0299
1440,L,-31.9912,-30.4449,-18.0326
1441,L,-36.6833,-36.7832,-14.8867
1442,L,-39.5508,-11.6571,52.8161
1443,L,-43.7107,-8.8655,53.1583
1444,L,-42.0023,-8.5999,57.1910
1445,L,-36.9180,-8.8633,55.1224
1446,L,-31.4851,-11.1165,50.2681
1447,L,-34.9110,-27.0472,46.5681
1448,L,-35.5564,-24.8236,45.1127
1449,L,-35.1741,-22.0111,49.5554
1450,L,-35.3121,-16.1232,52.8507
1451,L,-23.9025,-25.1163,52.8349
1452,L,-25.7214,-28.8120,50.6471
1453,L,-27.9263,-25.4385,50.5581
1454,L,-31.2725,-26.4268,48.4386
1455,L,-27.2115,-15.8410,66.7207
1456,L,-25.7173,-19.2103,70.0980
1457,L,-28.6108,-20.7899,68.4134
1458,L,-26.3851,-22.9237,60.9346
1459,L,-27.2449,-12.2515,48.8339
1460,L,-30.6252,-13.2468,55.4291
1461,L,-29.3385,-13.7866,61.7154
1462,L,-19.5472,57.5522,16.8032
1463,L,-14.6232,57.3562,18.8439
1464,L,-18.7830,53.9167,22.1586
1465,L,-17.9630,49.4555,29.7065
1466,L,-17.8195,46.7444,34.8571
1467,L,-29.1478,46.1183,13.2864
1468,L,-24.0010,47.3595,8.4134
1469,L,-24.8419,49.8645,13.8738
1470,L,-23.6275,55.2194,15.9515
1471,L,-34.9303,37.8775,27.1077
1472,L,-37.5522,41.8345,24.8391
1473,L,-32.7923,40.8718,20.3347
1474,L,-31.0943,45.6290,17.6617
1475,L,-50.8489,-9.6369,13.8191
1476,L,-47.3073,-9.3143,12.3579
1477,L,-50.1003,-5.8848,7.3437
1478,L,-52.1345,0.6663,4.8755
1479,L,-52.7919,5.6998,0.9123
1480,L,-63.3604,-12.5322,14.6113
1481,L,-60.4828,-16.2781,15.2366
1482,L,-60.0918,-11.5524,12.7258
1483,L,-55.6305,-10.4711,13.3539
1484,L,-49.3874,-57.8190,38.3653
1485,L,-49.8954,-58.2900,33.9721
1486,L,-48.6803,-54.1525,36.0286
1487,L,-49.6841,-50.3569,34.7055
1488,L,-53.7819,-49.1579,34.1278
1489,L,-42.4587,-50.3458,38.0350
1490,L,-44.1092,-54.1123,37.7386
1491,L,-46.5494,-53.6189,40.8177
1492,L,-49.6921,-56.3035,42.5802
1493,L,-8.1063,-72.8541,51.0142
1494,L,-10.7914,-75.9132,47.0412
1495,L,-12.0344,-73.5446,48.9463
1496,L,-15.3081,-70.6838,46.9459
1497,L,-16.8587,-67.3723,43.8978
1498,L,-12.1953,-56.5669,58.3762
1499,L,-11.4709,-57.0131,56.2478
1500,L,-11.1443,-62.2260,57.7406
1501,L,-7.5699,-67.9397,56.0389
1502,L,-10.0029,1.3922,39.0192
1503,L,-6.4922,-0.9255,39.6320
1504,L,-9.6690,-4.7920,40.2824
1505,L,-9.9224,-10.4153,40.6492
1506,L,-11.0226,-15.9266,38.3742
1507,L,-6.2145,19.9446,-16.3141
1508,L,-6.2329,14.4149,-14.8632
1509,L,-6.2710,10.2382,-9.8949
1510,L,-3.9380,-1.9376,-10.8122
1511,L,-3.2789,-13.2130,-13.4110
1512,L,-37.4232,4.1056,-4.0047
1513,L,-36.6210,-0.3598,-8.8113
1514,L,-36.3428,7.0890,-6.3960
1515,L,-35.0490,9.2471,-8.9529
1516,L,-32.8541,9.8719,-11.8535
1517,L,-48.9901,-35.4978,-7.9390
1518,L,-54.0633,-34.0864,-10.5689
1519,L,-49.5956,-30.0093,-10.8872
1520,L,-51.3458,-25.3027,-13.4203
1521,L,-53.5872,-20.8856,-15.7845
1522,L,-24.5159,-98.3937,-6.8870
1523,L,-23.1837,-97.3702,-14.5983
1524,L,-27.2822,-95.6790,-10.5443
1525,L,-33.6678,-89.8909,-10.7109
1526,L,-41.5799,-84.8252,-10.8233
1527,L,-10.8683,-51.2936,5.7082
1528,L,-14.1464,-50.7366,3.9249
1529,L,-19.5097,-54.5574,5.6755
1530,L,-25.1595,-59.4561,3.0066
1531,L,-22.3181,-65.2713,0.2741
1532,L,-57.7907,0.4291,29.9747
1533,L,-56.0144,5.3623,29.2966
1534,L,-55.3956,2.9578,32.8549
1535,L,-48.9857,-0.1863,31.4889
1536,L,-41.9161,-1.8804,32.4271
1537,L,-39.0129,4.7506,51.1215
1538,L,-39.7736,8.8241,46.8053
1539,L,-40.1683,10.9023,50.8193
1540,L,-39.4975,17.2946,47.9723
1541,L,-36.9234,22.8076,44.9988
1542,L,-36.1780,26.1400,41.0681
1543,L,-33.8093,24.9106,45.8601
1544,L,-30.8013,22.6205,41.6243
1545,L,-27.5628,21.5510,36.5777
1546,L,-38.4739,-30.2685,36.8997
1547,L,-41.8566,-31.0822,34.7202
1548,L,-41.7973,-27.5545,38.0102
1549,L,-45.6618,-25.8759,39.6167
1550,L,-49.8384,-25.1062,41.1338
1551,L,-39.0158,-19.9472,33.7037
1552,L,-45.3649,-20.4678,36.5256
1553,L,-41.8052,-16.5950,31.0152
1554,L,-44.9096,-14.1155,28.4215
1555,L,-49.0126,-12.9272,26.6238
1556,L,-52.9680,-12.0689,25.3493
1557,L,-48.2040,-8.4017,24.0959
1558,L,-52.5269,-4.1129,26.8028
1559,L,-20.2326,-47.7908,59.1551
1560,L,-24.8560,-50.6559,59.8998
1561,L,-23.1594,-47.3455,58.0398
1562,L,-24.5024,-45.8311,57.6857
1563,L,-26.6063,-44.2418,55.6703
1564,L,-40.6161,-32.5591,61.8654
1565,L,-36.8517,-34.7030,58.4301
1566,L,-40.8860,-34.4605,56.1050
1567,L,-37.9016,-35.5805,50.1430
1568,L,-32.6027,-35.9457,44.2098
1569,L,-31.0493,-38.5781,40.3703
1570,L,-33.9761,-33.9278,41.1061
1571,L,-35.6999,-31.6910,38.9794
1572,L,-9.4866,-10.3909,61.3428
1573,L,-5.8715,-15.8781,60.0991
1574,L,-6.0360,-14.5365,63.9590
1575,L,-6.0264,-18.6706,66.4557
1576,L,-6.2746,-23.8932,67.5264
1577,L,-10.5468,-34.9511,61.7126
1578,L,-7.4379,-35.8144,65.0258
1579,L,-11.3377,-36.9900,68.7404
1580,L,-10.7505,-36.6161,75.0889
1581,L,-14.3569,-40.9148,74.9271
1582,L,-16.3586,-45.9615,72.9101
1583,L,-18.4099,-43.2178,71.6443
1584,L,-19.7122,-45.8222,65.2235
1585,L,-22.6131,24.1763,34.2667
1586,L,-24.3877,18.2119,37.5998
1587,L,-21.9672,17.6342,41.9314
1588,L,-22.0886,19.0124,48.0424
1589,L,-18.9523,-3.0192,61.2098
1590,L,-19.8189,3.8066,61.1695
1591,L,-19.3018,0.8284,66.3417
1592,L,-16.8605,3.5786,67.0239
1593,L,-12.2724,4.8448,65.9105
1594,L,-8.8944,6.3635,66.9110
1595,L,-10.0251,0.4295,67.6269
1596,L,-10.2026,-4.1190,63.0182
1597,L,-8.9306,40.0819,-5.4624
1598,L,-5.2442,38.6466,-4.2776
1599,L,-7.3089,42.8776,-1.9417
1600,L,-9.0250,42.0987,2.4096
1601,L,-11.5551,40.0375,7.2679
1602,L,-8.1771,47.8814,31.3130
1603,L,-7.7271,43.8616,26.6398
1604,L,-8.1985,40.4304,32.5250
1605,L,-8.5443,34.0521,34.9690
1606,L,-8.2335,27.4156,35.7207
1607,L,-10.6597,21.7353,37.5926
1608,L,-8.3786,23.5912,40.5329
1609,L,-7.7833,19.6130,45.3419
1610,L,-9.1386,17.0661,50.4236
1611,L,-44.1349,37.7538,-14.9880
1612,L,-40.2094,35.3256,-12.8339
1613,L,-38.8311,40.8500,-12.5577
1614,L,-32.5466,42.9570,-11.3816
1615,L,-28.2115,45.7091,-11.2293
1616,L,-12.0364,64.0369,-6.4519
1617,L,-10.7002,58.1169,-10.7931
1618,L,-6.1140,63.4614,-10.5906
1619,L,-5.6106,57.6563,-13.3854
1620,L,-6.8772,50.3599,-15.9518
1621,L,-6.6333,44.4843,-17.1789
1622,L,-8.1621,46.0034,-11.4486
1623,L,-12.2175,41.6898,-8.3814
1624,L,-40.3201,9.8383,21.6238
1625,L,-45.3518,11.3446,19.1378
1626,L,-42.9793,13.7905,23.0150
1627,L,-46.8176,17.1582,21.2016
1628,L,-49.2187,21.4871,18.0943
1629,L,-37.8061,41.6107,6.8339
1630,L,-38.3902,35.9678,6.6568
1631,L,-40.6014,39.4895,2.6580
1632,L,-45.2047,38.5141,0.1336
1633,L,-49.2032,35.4864,-3.4372
1634,L,-47.8394,32.7998,-4.5247
1635,L,-47.7716,36.0211,-7.0670
1636,L,-46.8584,36.5180,-12.1842
1637,L,-46.3797,-26.3597,1.9146
1638,L,-50.4426,-21.6736,2.2549
1639,L,-45.8967,-26.2934,6.5015
1640,L,-42.9005,-24.8339,8.9006
1641,L,-38.5896,-26.3574,5.6294
1642,L,-37.9923,-2.8988,17.2610
1643,L,-34.0086,-8.9640,14.6598
1644,L,-35.1788,-1.4710,15.6869
1645,L,-33.3119,-0.2786,13.0496
1646,L,-33.0636,0.9173,9.8993
1647,L,-33.5993,1.7528,7.0115
1648,L,-30.8033,9.5404,11.0074
1649,L,-29.5095,17.2463,11.6300
1650,L,-30.1463,24.3207,10.5553
1651,L,-59.6677,-31.9359,36.5760
1652,L,-58.8666,-35.7684,38.0118
1653,L,-60.9413,-33.8237,34.2764
1654,L,-58.4461,-34.7567,30.9873
1655,L,-54.9501,-36.1497,28.8290
1656,L,-44.9418,-29.2965,20.8126
1657,L,-45.1209,-33.1488,17.5044
1658,L,-40.3332,-34.2918,18.2598
1659,L,-39.0188,-38.8022,15.6373
1660,L,-43.1608,-38.4714,10.6616
1661,L,-48.4107,-35.5755,8.3865
1662,L,-43.4035,-35.2477,6.3998
1663,L,-44.3556,-31.2550,2.8156
1664,L,-42.4693,-73.5567,18.1758
1665,L,-44.6238,-73.4242,13.5231
1666,L,-40.9835,-70.2197,16.9927
1667,L,-41.0626,-67.1134,15.0816
1668,L,-42.1953,-64.3549,12.7677
1669,L,-48.3030,-52.2856,20.9790
1670,L,-42.8496,-51.4419,18.0489
1671,L,-48.1187,-50.1699,16.3426
1672,L,-48.9356,-47.4752,12.2185
1673,L,-49.2976,-45.3480,7.8879
1674,L,-49.2126,-43.7463,4.4712
1675,L,-53.6636,-43.2863,7.2333
1676,L,-58.5355,-40.9905,6.6450
1677,L,-63.4394,-37.6140,6.5753
1678,L,-26.7790,-56.5073,50.8991
1679,L,-25.4178,-59.8504,48.2614
1680,L,-26.0016,-58.1654,45.9795
1681,L,-28.0679,-60.8589,43.3372
1682,L,-29.2552,-63.2985,41.3022
1683,L,-39.3298,-69.6553,44.0932
1684,L,-35.6714,-72.5883,45.5580
1685,L,-36.7196,-73.9741,39.2704
1686,L,-37.6118,-76.8095,33.7739
1687,L,-37.5397,-77.5254,29.0964
1688,L,-39.1466,-81.5407,23.8830
1689,L,-39.9305,-75.4859,26.0651
1690,L,-41.0777,-74.4373,22.3911
1691,L,-18.7146,-62.9136,25.7356
1692,L,-20.8671,-69.2137,18.4778
1693,L,-19.9361,-70.8999,21.6121
1694,L,-15.0593,-76.4222,19.1882
1695,L,-9.3548,-77.9548,21.8792
1696,L,-19.1926,-86.6645,31.9431
1697,L,-11.9056,-85.6520,31.0502
1698,L,-14.2664,-86.5551,25.7954
1699,L,-13.3581,-91.5299,22.6115
1700,L,-14.3726,-95.9865,18.5950
1701,L,-15.4606,-99.2506,14.1305
1702,L,-19.0809,-94.8833,15.8268
1703,L,-23.7251,-92.6909,13.6929
1704,L,-28.3784,-90.8870,13.0061
1705,L,-14.5749,-32.5567,48.3564
1706,L,-17.3622,-31.7446,43.5383
1707,L,-18.1422,-36.8038,45.7387
1708,L,-17.6729,-40.8727,43.3081
1709,L,-12.8515,-41.7970,43.5526
1710,L,-7.4974,-59.2988,41.5936
1711,L,-8.0757,-55.1322,40.2434
1712,L,-7.0974,-59.3163,38.0433
1713,L,-6.3701,-59.6009,34.0728
1714,L,-6.8435,-61.1103,30.1383
1715,L,-6.3765,-60.3553,26.8390
1716,L,-4.1672,-66.4642,26.4575
1717,L,-11.0036,-64.2762,26.0586
1718,L,-0.7402,19.0026,12.8902
1719,L,-0.6525,11.4967,10.9163
1720,L,-0.6011,12.1675,14.9966
1721,L,-0.7029,5.2760,17.2425
1722,L,-0.6411,-0.6642,19.3081
1723,L,-6.9620,-16.3931,31.4924
1724,L,-5.3805,-15.8294,29.4222
1725,L,-7.0269,-22.2176,29.0564
1726,L,-5.8144,-28.7614,27.2065
1727,L,-4.2393,-35.2035,25.1558
1728,L,-2.7097,-39.8816,22.0682
1729,L,-7.6932,-39.3463,24.7273
1730,L,-8.3577,-43.5039,24.5666
1731,L,-4.4731,-47.1302,23.7046
1732,L,-24.5861,23.5881,-16.2158
1733,L,-26.7876,18.3164,-22.9202
1734,L,-22.3013,18.9134,-18.7079
1735,L,-19.8709,13.5067,-21.0872
1736,L,-20.9328,9.4747,-16.8002
1737,L,-18.0743,-10.7609,-12.5681
1738,L,-20.5766,-8.4943,-11.2447
1739,L,-25.8501,-14.0706,-11.9800
1740,L,-35.2555,-15.8303,-16.4135
1741,L,-36.8495,-16.2298,-21.9861
1742,L,-31.3414,-16.2497,-25.9214
1743,L,-34.7440,-19.8777,-22.1651
1744,L,-32.0480,-22.8859,-21.8455
1745,L,-28.8545,-25.0864,-20.9583
1746,L,-58.5632,-3.1939,-3.2700
1747,L,-55.7802,-4.4323,-8.2071
1748,L,-57.6345,0.0573,-7.9895
1749,L,-54.9670,2.3191,-13.3926
1750,L,-51.7207,3.4235,-19.8165
1751,L,-39.6863,13.9672,-30.1817
1752,L,-41.8742,17.6857,-30.2696
1753,L,-36.1730,17.5812,-35.4973
1754,L,-33.7067,12.7954,-38.9240
1755,L,-34.3752,4.0358,-38.8312
1756,L,-36.4792,-0.7799,-43.2748
1757,L,-32.4786,2.4794,-41.0882
1758,L,-30.6388,0.6110,-42.1573
1759,L,-30.0906,-0.5549,-37.0992
1760,L,-45.0255,-63.5802,-1.2055
1761,L,-45.1230,-66.2475,-3.1990
1762,L,-49.5733,-64.6619,-4.0977
1763,L,-51.2223,-62.5091,-6.2814
1764,L,-52.1233,-60.4137,-9.3970
1765,L,-57.6971,-32.3796,-17.5840
1766,L,-55.9652,-39.7484,-18.1145
1767,L,-52.4235,-34.7236,-19.0913
1768,L,-54.3588,-36.3479,-24.8731
1769,L,-53.7674,-37.8183,-27.5192
1770,L,-49.9642,-36.8733,-26.0293
1771,L,-53.2697,-31.2099,-28.9766
1772,L,-51.6822,-24.5458,-31.2830
1773,L,-48.9953,-18.3120,-34.0398
1774,L,-12.3765,-83.7457,10.6751
1775,L,-12.8160,-81.3063,5.7526
1776,L,-11.9662,-84.1978,3.1487
1777,L,-5.9976,-85.5840,-0.0821
1778,L,-3.1659,-85.0483,-3.9611
1779,L,-23.0952,-84.6635,-11.7387
1780,L,-19.8601,-84.8762,-8.3986
1781,L,-26.6280,-80.8288,-7.8442
1782,L,-28.3233,-75.7274,-7.0621
1783,L,-30.3339,-69.2263,-7.4908
1784,L,-31.1169,-63.1720,-9.4013
1785,L,-29.4009,-64.3129,-14.0254
1786,L,-32.0982,-56.4010,-16.2921
1787,L,-36.6513,-48.5692,-19.8472
1788,L,-2.5145,-19.2834,2.7322
1789,L,-3.0671,-22.4611,-2.7468
1790,L,-4.3008,-25.4873,-0.2709
1791,L,-9.9665,-29.0586,-2.5737
1792,L,-15.9267,-33.0472,-4.1431
1793,L,-14.7709,-41.7825,-5.9702
1794,L,-18.4204,-40.2302,-4.4718
1795,L,-14.8045,-38.9429,-8.2577
1796,L,-16.0464,-36.5648,-10.3951
1797,L,-17.4014,-33.9149,-12.5838
1798,L,-18.6851,-32.1267,-14.7077
1799,L,-22.2469,-39.3093,-12.0467
1800,L,-27.8787,-42.4229,-8.5916
1801,L,-32.3962,-45.1749,-6.9272
1802,L,-50.3663,-7.9263,41.8286
1803,L,-53.8700,-3.6562,42.9017
1804,L,-52.3258,-5.6039,46.3719
1805,L,-49.2448,-0.8971,47.1044
1806,L,-44.9398,1.3477,47.4237
1807,L,-43.0355,-7.4664,47.4963
1808,L,-42.3213,-2.6830,44.1010
1809,L,-40.3326,1.0635,48.3558
1810,L,-36.3965,1.8491,50.7307
1811,L,-32.7720,2.5217,53.4297
1812,L,-29.4858,4.9760,54.4806
1813,L,-48.4741,-23.3838,58.0642
1814,L,-50.1031,-20.5167,55.6092
1815,L,-47.1766,-18.7239,56.1082
1816,L,-44.2265,-20.1212,49.1943
1817,L,-39.7360,-21.6486,42.2340
1818,L,-33.4300,-22.5254,43.6697
1819,L,-33.6479,-21.3195,40.0484
1820,L,-36.2159,-21.3465,36.3420
1821,L,-37.2895,-16.0208,35.7789
1822,L,-43.4842,-12.1485,38.6830
1823,L,-22.8648,-32.0457,71.2947
1824,L,-24.7303,-34.2979,67.0218
1825,L,-26.6374,-31.1350,69.4625
1826,L,-30.7340,-30.6164,68.1620
1827,L,-34.7890,-30.9353,66.7481
1828,L,-30.0344,-30.7267,55.7136
1829,L,-35.5055,-30.6721,62.2623
1830,L,-39.1123,-30.3338,65.1989
1831,L,-42.7220,-28.5360,62.8550
1832,L,-45.9231,-25.9072,60.6039
1833,L,-12.9697,-13.2260,65.2130
1834,L,-11.1165,-15.8918,69.1630
1835,L,-13.4577,-18.5017,67.4862
1836,L,-15.4962,-20.8918,72.3781
1837,L,-14.8238,-25.0148,70.1043
1838,L,-21.8026,-22.6815,68.7866
1839,L,-16.4985,-24.9551,65.4709
1840,L,-12.3889,-30.0314,61.3946
1841,L,-14.2309,-34.2841,59.5914
1842,L,-18.3441,-32.7701,65.5474
1843,L,-26.8437,7.7088,52.3754
1844,L,-26.3925,3.0991,49.1378
1845,L,-21.9977,0.9559,47.3221
1846,L,-19.8763,-2.4891,51.5933
1847,L,-23.2810,-10.9539,49.4874
1848,L,-21.0865,-8.3615,52.6142
1849,L,-19.4059,-5.5952,56.6201
1850,L,-19.2469,-8.6784,60.6669
1851,L,-16.0435,-10.2336,62.5606
1852,L,-8.8650,58.8534,4.1253
1853,L,-10.3656,54.2373,7.6909
1854,L,-8.8191,58.7943,10.7029
1855,L,-7.6695,58.3342,17.0042
1856,L,-7.5690,56.2126,23.2846
1857,L,-10.9979,59.2739,23.5202
1858,L,-7.7437,58.1568,27.7109
1859,L,-7.0698,54.1937,30.2942
1860,L,-6.3993,50.1589,36.6587
1861,L,-5.9502,44.9195,43.4218
1862,L,-7.5761,39.9295,49.0710
1863,L,-37.4418,53.1393,0.1531
1864,L,-35.4867,55.0150,-3.8631
1865,L,-32.4267,52.0319,-1.5056
1866,L,-25.0977,51.2491,-2.6387
1867,L,-19.8002,56.1176,-1.7726
1868,L,-21.6181,53.2203,4.8079
1869,L,-21.2365,58.9257,1.5173
1870,L,-17.5821,62.7772,-2.7383
1871,L,-11.2252,63.7307,-1.0081
1872,L,-7.3224,63.6956,2.3213
1873,L,-42.0874,27.5874,26.2706
1874,L,-41.0861,28.4680,22.9545
1875,L,-45.3377,31.8498,23.3939
1876,L,-42.5337,34.4061,20.8230
1877,L,-37.3872,37.2541,17.5559
1878,L,-39.5594,43.6399,20.6108
1879,L,-36.9340,42.2618,16.2506
1880,L,-36.4390,41.6945,11.4097
1881,L,-38.5613,45.6537,7.6340
1882,L,-39.8178,50.3137,3.7366
1883,L,-33.8485,-28.3905,20.7497
1884,L,-31.5202,-27.7086,17.5054
1885,L,-34.8644,-22.7800,20.5218
1886,L,-36.8973,-16.3523,20.5853
1887,L,-38.3263,-10.6242,17.9769
1888,L,-44.3977,-8.1684,12.3524
1889,L,-43.4504,-6.2534,15.4932
1890,L,-40.9372,-4.3335,17.2171
1891,L,-40.8782,1.3475,13.8602
1892,L,-40.9150,7.5979,10.1874
1893,L,-40.0302,13.1878,7.3143
1894,L,-57.4930,-23.0202,25.4302
1895,L,-60.2506,-27.0381,22.4131
1896,L,-58.2597,-24.1905,21.8114
1897,L,-56.0347,-24.7565,20.3340
1898,L,-52.0890,-25.1973,21.4157
1899,L,-54.8803,-17.5828,16.4687
1900,L,-50.1939,-19.6836,20.4236
1901,L,-47.5896,-24.7109,21.6990
1902,L,-43.2171,-25.4214,21.9710
1903,L,-38.4403,-27.1543,22.0938
1904,L,-39.0321,-65.9930,31.0514
1905,L,-38.3942,-63.9373,26.8695
1906,L,-39.5118,-61.7230,30.0728
1907,L,-42.4743,-58.6385,27.4001
1908,L,-45.4036,-56.5119,25.2031
1909,L,-51.8017,-58.5222,29.7388
1910,L,-50.7646,-57.5628,25.9563
1911,L,-48.9516,-54.8594,23.4189
1912,L,-53.3193,-54.7370,21.7147
1913,L,-57.3200,-53.6225,19.6005
1914,L,-60.4715,-50.9188,18.6071
1915,L,-29.6614,-50.7889,35.3118
1916,L,-30.2352,-54.9720,35.6670
1917,L,-33.5559,-54.8144,34.3753
1918,L,-37.0683,-58.6590,38.5882
1919,L,-39.8534,-62.8122,43.1214
1920,L,-43.8586,-58.9393,39.7710
1921,L,-42.7342,-62.6801,44.4689
1922,L,-41.2640,-66.2869,45.6061
1923,L,-41.1229,-67.4119,41.1558
1924,L,-40.1340,-66.6420,35.8273
1925,L,-9.6655,-70.0356,37.6697
1926,L,-16.0408,-70.7501,33.9902
1927,L,-14.7116,-71.6710,37.8027
1928,L,-17.0749,-76.7932,37.2738
1929,L,-18.2553,-81.8338,39.0560
1930,L,-15.7234,-76.8219,45.3448
1931,L,-19.2464,-79.6363,43.0907
1932,L,-20.7093,-83.7862,37.9121
1933,L,-22.2737,-82.8170,32.2263
1934,L,-23.7953,-79.3981,26.2532
1935,L,-25.3878,-74.9777,21.8629
1936,L,-12.0029,-48.2100,57.1205
1937,L,-10.5158,-47.4980,52.8451
1938,L,-6.7133,-48.7178,55.0085
1939,L,-6.3808,-52.4397,52.0180
1940,L,-8.2852,-54.6266,48.8926
1941,L,-11.0139,-57.2397,53.4604
1942,L,-11.9476,-57.7536,49.5838
1943,L,-10.5522,-58.8483,45.4094
1944,L,-6.3861,-63.2338,43.2094
1945,L,-5.0005,-69.8298,39.5179
1946,L,-6.2358,14.9717,26.7937
1947,L,-5.0206,10.5947,26.5475
1948,L,-6.4496,8.7271,29.3623
1949,L,-6.2626,2.1655,31.5534
1950,L,-5.9897,-4.7362,32.8648
1951,L,-4.3089,-3.7120,38.6232
1952,L,-3.6724,-7.3651,34.8658
1953,L,-5.0694,-11.7948,32.7901
1954,L,-4.0941,-18.3349,32.4150
1955,L,-4.0010,-24.3223,32.7530
1956,L,-4.4382,-29.4496,33.6339
1957,L,-12.0301,28.2641,-18.1579
1958,L,-14.6877,22.5033,-16.6103
1959,L,-11.1240,21.5132,-16.1350
1960,L,-10.2606,12.5850,-15.7821
1961,L,-11.7742,1.4102,-12.0318
1962,L,-7.7766,5.1229,-12.5408
1963,L,-8.9927,-0.9303,-15.8373
1964,L,-13.4812,-6.1818,-14.1755
1965,L,-15.8519,-13.2936,-14.6147
1966,L,-19.3685,-18.7234,-14.0943
1967,L,-26.4698,-23.1162,-11.4746
1968,L,-45.1537,-11.8489,-14.0777
1969,L,-49.0247,-2.8801,-13.6288
1970,L,-46.0482,-6.7341,-16.7021
1971,L,-46.1321,-1.3440,-19.7686
1972,L,-45.0106,3.5593,-23.2387
1973,L,-38.1867,-3.5796,-16.9116
1974,L,-41.6510,-0.4408,-23.7989
1975,L,-42.2756,7.5825,-26.7330
1976,L,-38.5430,8.6343,-30.2299
1977,L,-34.6505,7.4664,-32.5382
1978,L,-30.5341,4.7789,-32.2996
1979,L,-62.8776,-50.1547,-1.9407
1980,L,-58.9027,-49.9144,-4.8435
1981,L,-62.4795,-44.7978,-5.7687
1982,L,-61.9733,-42.0921,-9.9330
1983,L,-61.6779,-37.7073,-13.7154
1984,L,-59.2652,-32.6261,-12.6455
1985,L,-63.5263,-32.1369,-13.8296
1986,L,-62.6484,-32.3070,-17.4241
1987,L,-61.4338,-26.8755,-18.1651
1988,L,-58.8697,-20.5882,-19.9450
1989,L,-58.0329,-16.9795,-24.4376
1990,L,-14.3713,-95.2757,0.0608
1991,L,-11.6085,-94.3069,-5.6415
1992,L,-13.5201,-96.5147,-8.3352
1993,L,-12.1130,-97.1651,-13.5562
1994,L,-17.2502,-94.0089,-10.6518
1995,L,-23.1273,-94.9345,-17.0766
1996,L,-23.6003,-91.1317,-12.5873
1997,L,-22.6330,-87.6383,-13.2136
1998,L,-29.2059,-83.3679,-13.5993
1999,L,-35.4186,-77.0639,-14.0724
2000,L,-41.5034,-71.1862,-17.2798
2001,L,-7.1729,-34.7288,8.0037
2002,L,-11.7572,-34.7585,5.4969
2003,L,-11.6600,-37.6795,4.9840
2004,L,-14.8017,-41.3748,3.1422
2005,L,-12.7758,-42.3539,-0.5492
2006,L,-16.3061,-49.3535,1.2817
2007,L,-17.0324,-47.4868,-1.4701
2008,L,-15.8527,-44.6109,-3.7882
2009,L,-17.2471,-49.9344,-5.5827
2010,L,-12.4015,-52.9167,-4.0352
2011,L,-14.1882,-58.7363,-4.3728
2012,L,-57.9891,0.9739,14.0996
2013,L,-57.7342,4.3913,11.2954
2014,L,-57.7643,5.1639,15.9117
2015,L,-52.8263,3.7513,18.1836
2016,L,-46.6362,2.9848,19.3276
2017,L,-50.7468,3.8400,25.5882
2018,L,-45.5769,2.5584,22.7508
2019,L,-40.6121,4.7695,20.6737
2020,L,-36.3244,8.7465,23.1163
2021,L,-33.9184,14.4092,24.7868
2022,L,-35.5673,19.6755,27.1446
2023,L,-48.3767,-1.8228,40.4466
2024,L,-41.2151,-0.8137,36.8635
2025,L,-37.4014,2.2259,34.9907
2026,L,-39.9211,10.1758,41.6826
2027,L,-37.8459,9.5730,37.0360
2028,L,-35.0378,7.5107,33.4183
2029,L,-35.7501,13.6739,32.2041
2030,L,-38.5309,18.7687,30.8722
2031,L,-41.0382,23.8000,28.2404
2032,L,-45.3507,26.7657,28.8578
2033,L,-43.4954,29.3454,29.3391
2034,L,-38.4215,31.1331,29.1621
2035,L,-34.6658,29.2536,37.6262
2036,L,-33.4465,31.2542,34.8001
2037,L,-34.0792,33.3905,29.7578
2038,L,-30.8845,33.2254,28.4726
2039,L,-25.6013,33.3095,26.0108
2040,L,-23.7664,38.7019,27.7722
2041,L,-48.1324,-44.9718,43.0043
2042,L,-51.2725,-45.2623,45.7027
2043,L,-49.8677,-41.4788,44.0552
2044,L,-51.3341,-38.5601,43.9320
2045,L,-53.3616,-35.3886,40.6908
2046,L,-46.0216,-32.8247,34.9000
2047,L,-50.7757,-33.4331,36.2892
2048,L,-55.6892,-32.4442,37.3670
2049,L,-56.9252,-29.6993,35.1703
2050,L,-57.1348,-27.8920,31.9688
2051,L,-55.7691,-25.4204,29.4952
2052,L,-52.7962,-20.7596,51.8843
2053,L,-54.5638,-22.3768,47.8292
2054,L,-54.5063,-22.8256,43.4534
2055,L,-52.6162,-18.1869,41.5901
2056,L,-57.2003,-18.1122,43.2000
2057,L,-54.3857,-20.7579,38.6938
2058,L,-54.6384,-19.5748,34.2746
2059,L,-54.9441,-19.8454,30.2445
2060,L,-56.0460,-20.9471,27.6013
2061,L,-59.4216,-17.3581,26.8036
2062,L,-62.1330,-14.1889,25.4284
2063,L,-63.6906,-11.2610,22.3658
2064,L,-57.2403,-11.1107,23.9432
2065,L,-60.7865,-9.8070,21.3490
2066,L,-63.3655,-9.9139,17.9582
2067,L,-61.2253,-8.9272,13.9781
2068,L,-58.5611,-4.3331,13.4015
2069,L,-18.3313,-62.4755,62.1783
2070,L,-18.8580,-65.2986,58.2461
2071,L,-21.2673,-62.1947,61.5690
2072,L,-23.9469,-59.7962,59.8447
2073,L,-26.7942,-57.7737,58.2446
2074,L,-28.7559,-53.1071,63.7046
2075,L,-31.2829,-55.4325,61.1761
2076,L,-29.6676,-56.4985,56.1909
2077,L,-30.6943,-54.6293,53.5419
2078,L,-30.3957,-52.0175,50.3158
2079,L,-29.8106,-50.3079,46.1051
2080,L,-24.3598,-35.9840,58.7901
2081,L,-24.9330,-38.6388,52.4097
2082,L,-28.2374,-43.1579,52.8764
2083,L,-32.9923,-36.9767,54.2823
2084,L,-30.7464,-41.5388,51.6746
2085,L,-34.4640,-45.3043,55.4593
2086,L,-37.9169,-47.8116,53.2075
2087,L,-33.0459,-48.4154,47.7169
2088,L,-29.6130,-48.3805,40.8531
2089,L,-30.7954,-47.0724,37.0832
2090,L,-33.8481,-46.4093,34.7057
2091,L,-37.6330,-46.1333,34.2998
2092,L,-34.1888,-41.1837,38.9397
2093,L,-38.3936,-43.3194,37.3002
2094,L,-41.2710,-46.3783,35.8157
2095,L,-43.6560,-46.1691,38.7366
2096,L,-45.7530,-45.7093,41.2146
2097,L,-8.5509,-9.2775,50.2956
2098,L,-11.7077,-14.2356,47.9338
2099,L,-8.4149,-15.3044,49.9376
2100,L,-8.6333,-20.3707,48.8101
2101,L,-9.9449,-24.6893,50.0712
2102,L,-7.2256,-20.5239,57.3576
2103,L,-8.1010,-25.6853,53.5070
2104,L,-8.9605,-29.1437,49.8041
2105,L,-9.4605,-32.9236,51.4312
2106,L,-12.3261,-36.8113,54.0892
2107,L,-15.2921,-39.9253,57.0304
2108,L,-8.5085,-18.5289,72.8049
2109,L,-6.2771,-23.8923,71.6909
2110,L,-4.0686,-29.0710,66.9054
2111,L,-5.0505,-35.3616,68.4420
2112,L,-3.0179,-35.4140,66.8044
2113,L,-4.1868,-35.1829,62.5941
2114,L,-5.4705,-40.0514,60.1856
2115,L,-12.8595,-40.0500,61.0330
2116,L,-15.7225,-44.7340,60.1862
2117,L,-12.5181,-48.7406,61.8144
2118,L,-7.7297,-50.9047,64.6274
2119,L,-8.4102,-53.8611,64.5008
2120,L,-14.1835,-50.3926,70.6623
2121,L,-12.2916,-53.7909,66.5411
2122,L,-11.6937,-54.7266,61.4539
2123,L,-14.7564,-56.1536,59.0071
2124,L,-16.5970,-59.7474,60.4945
2125,L,-23.3520,41.6457,32.4858
2126,L,-19.7475,42.0631,33.0651
2127,L,-16.7282,41.5933,36.4123
2128,L,-19.6898,29.3547,36.3895
2129,L,-17.6151,34.9403,39.4830
2130,L,-15.9568,40.7787,41.6596
2131,L,-14.9540,39.7435,45.4408
2132,L,-11.9808,37.4705,47.8834
2133,L,-9.5560,34.5268,51.5989
2134,L,-25.0923,10.1026,49.0150
2135,L,-23.3046,14.2877,50.8870
2136,L,-22.5004,18.6953,53.9158
2137,L,-19.8323,10.1197,58.5129
2138,L,-20.8671,16.5951,57.5979
2139,L,-20.1083,23.6178,56.2891
2140,L,-14.7936,24.7094,52.5782
2141,L,-9.5322,27.9536,54.1930
2142,L,-6.3796,29.1851,54.4286
2143,L,-6.1603,23.6884,55.4367
2144,L,-7.8490,17.8998,55.9165
2145,L,-8.1562,12.1272,55.7187
2146,L,-6.6366,7.3715,65.4727
2147,L,-7.6529,7.6649,61.1531
2148,L,-8.9483,6.8123,55.2314
2149,L,-8.4007,1.9359,53.4889
2150,L,-7.9543,-3.6960,51.5541
2151,L,-9.8989,-3.2080,48.6949
2152,L,-3.7646,17.9363,-4.7216
2153,L,-2.0295,11.6758,-1.7205
2154,L,-1.3376,19.6869,-2.3902
2155,L,-0.5920,21.8478,0.8607
2156,L,-0.6387,23.9072,4.6166
2157,L,-5.5024,33.9037,0.2054
2158,L,-0.6289,31.1895,4.2238
2159,L,-0.4280,25.2199,9.0872
2160,L,-1.1035,25.4619,13.4986
2161,L,-4.2056,24.3209,16.9656
2162,L,-6.6495,22.4765,20.1315
2163,L,-9.0281,49.2685,8.2859
2164,L,-13.5935,44.9369,10.4321
2165,L,-13.9902,39.1406,13.1402
2166,L,-10.9265,41.1897,23.0476
2167,L,-14.1135,37.4312,19.5382
2168,L,-10.0256,34.9577,17.0028
2169,L,-7.0586,31.6262,21.0128
2170,L,-5.8250,26.4999,22.9803
2171,L,-5.1512,20.6807,25.1636
2172,L,-6.3616,18.4508,29.8093
2173,L,-8.5642,14.1734,32.7781
2174,L,-9.9925,10.5625,35.6907
2175,L,-12.4529,16.0816,38.1625
2176,L,-11.4737,11.6323,38.7016
2177,L,-11.0645,7.0236,38.9153
2178,L,-11.3918,3.2876,42.1450
2179,L,-10.9087,0.1584,45.9251
2180,L,-31.2629,27.2951,-8.8109
2181,L,-28.7578,24.4350,-11.2972
2182,L,-36.7414,24.8947,-13.0270
2183,L,-37.5268,23.4356,-16.9939
2184,L,-33.9710,26.6020,-18.6406
2185,L,-36.1711,31.5836,-10.9062
2186,L,-31.1309,31.2340,-13.2604
2187,L,-27.3259,28.4018,-15.0908
2188,L,-21.0994,28.1954,-13.0811
2189,L,-19.3694,29.9924,-19.0370
2190,L,-14.4356,31.3066,-24.2355
2191,L,-32.0684,54.7738,-8.6489
2192,L,-27.8411,55.0629,-11.6011
2193,L,-22.1676,49.9841,-11.6081
2194,L,-13.7550,58.9205,-16.0073
2195,L,-15.5492,52.7735,-15.5412
2196,L,-17.4343,45.3317,-14.7125
2197,L,-14.4639,41.5767,-21.7050
2198,L,-12.3652,37.4709,-24.0781
2199,L,-12.8867,33.8864,-19.7636
2200,L,-8.2179,33.0057,-21.8210
2201,L,-4.4716,30.6845,-27.5552
2202,L,-3.1180,28.0322,-25.9122
2203,L,-5.7784,38.5559,-19.2579
2204,L,-5.2274,32.8029,-20.3763
2205,L,-6.0187,26.1714,-19.0721
2206,L,-6.5852,23.2556,-13.4405
2207,L,-6.1053,20.4339,-8.4400
2208,L,-55.6888,4.4321,7.5810
2209,L,-53.0256,6.0289,4.3713
2210,L,-51.2073,8.7328,1.8275
2211,L,-48.8610,12.4298,15.0123
2212,L,-50.9010,12.2033,8.2531
2213,L,-49.9601,11.7392,1.4904
2214,L,-47.5829,13.4228,2.9181
2215,L,-44.4962,14.7866,5.4478
2216,L,-42.4503,17.2550,8.3051
2217,L,-40.1761,26.2388,19.2954
2218,L,-44.8109,24.9785,17.1123
2219,L,-50.2332,25.1121,14.4693
2220,L,-43.1046,32.4501,9.0859
2221,L,-49.2494,28.4334,9.0596
2222,L,-53.2366,24.5313,10.5041
2223,L,-50.7302,22.6698,7.3730
2224,L,-45.0758,22.2647,7.9573
2225,L,-40.0062,21.1217,9.7904
2226,L,-37.1218,24.1827,9.2784
2227,L,-34.2891,26.9475,7.9983
2228,L,-32.0972,29.7721,5.8920
2229,L,-42.3707,32.4464,-3.0174
2230,L,-36.6051,32.8732,-0.4705
2231,L,-30.4782,31.8454,2.5066
2232,L,-29.9456,30.7317,-1.2536
2233,L,-30.2280,28.9355,-4.9433
2234,L,-26.8681,24.8046,-3.2865
2235,L,-60.5538,-21.2207,-2.6926
2236,L,-55.6790,-18.4238,-4.2833
2237,L,-61.9347,-17.3231,-2.0943
2238,L,-62.3991,-13.3250,-1.0394
2239,L,-61.0330,-10.9885,0.6468
2240,L,-54.1924,-17.7027,3.0156
2241,L,-56.4916,-14.2738,3.2606
2242,L,-57.8110,-8.6070,0.5603
2243,L,-53.9332,-8.0501,-1.6249
2244,L,-50.4909,-10.5718,-4.1995
2245,L,-47.6897,-14.3799,-7.9487
2246,L,-30.8925,-27.7577,12.2386
2247,L,-32.2961,-27.2804,7.2514
2248,L,-34.4972,-26.6718,2.8216
2249,L,-36.1886,-15.6123,11.2446
2250,L,-33.5508,-20.2227,4.8190
2251,L,-37.3078,-25.5669,-1.4319
2252,L,-39.5885,-23.4503,-5.1618
2253,L,-41.3433,-20.2088,-8.4351
2254,L,-42.8465,-16.3576,-11.5891
2255,L,-37.9680,-14.6234,-10.9428
2256,L,-35.7142,-10.1044,-7.3845
2257,L,-36.4720,-3.7650,-3.3482
2258,L,-34.3680,2.4621,4.2672
2259,L,-35.3892,2.8596,1.5552
2260,L,-36.8497,3.7512,-1.1515
2261,L,-33.3017,13.4946,-0.9057
2262,L,-31.0944,20.2593,-0.9707
2263,L,-53.7965,-46.2617,43.4649
2264,L,-55.2287,-47.2146,39.0591
2265,L,-56.7305,-48.2207,34.9489
2266,L,-57.6497,-40.8821,37.4103
2267,L,-58.3742,-45.1325,34.8712
2268,L,-58.9176,-49.2796,31.1214
2269,L,-60.0485,-49.7644,27.5889
2270,L,-60.1967,-49.9220,22.9517
2271,L,-60.1619,-48.1024,19.2087
2272,L,-62.0618,-30.2240,21.4446
2273,L,-56.8203,-33.0788,24.2624
2274,L,-50.6660,-37.0721,27.4819
2275,L,-45.2726,-34.2646,23.1575
2276,L,-46.1626,-38.3593,25.8943
2277,L,-48.3362,-42.8114,26.9326
2278,L,-50.9019,-45.7965,22.6904
2279,L,-56.1509,-45.0509,18.2982
2280,L,-61.5020,-43.8313,15.9967
2281,L,-63.0276,-39.9884,13.0350
2282,L,-64.3084,-36.3629,9.9708
2283,L,-65.1566,-33.1098,7.5858
2284,L,-55.4686,-32.5245,7.4508
2285,L,-63.0687,-29.6539,7.5614
2286,L,-65.6492,-30.0438,4.8894
2287,L,-65.3478,-27.1690,1.7903
2288,L,-63.3932,-23.8387,-1.3581
2289,L,-56.0105,-25.8901,-2.9560
2290,L,-38.0429,-84.0591,2.2103
2291,L,-41.3426,-85.4364,-0.3141
2292,L,-43.4990,-83.5187,4.0319
2293,L,-45.1562,-78.7060,3.7788
2294,L,-41.7082,-73.4262,4.8065
2295,L,-45.9815,-72.1814,9.4140
2296,L,-43.4794,-70.2241,5.8944
2297,L,-39.9476,-66.3025,3.2269
2298,L,-45.0959,-61.2703,1.7512
2299,L,-51.5789,-59.6728,1.6269
2300,L,-57.4915,-59.6535,2.5989
2301,L,-38.8463,-62.2656,21.6282
2302,L,-39.8697,-61.5858,16.1016
2303,L,-43.8586,-60.9686,12.1236
2304,L,-40.7330,-53.5968,13.0976
2305,L,-44.9394,-57.8217,11.6731
2306,L,-49.6803,-62.3621,11.3169
2307,L,-54.4437,-61.7619,9.3956
2308,L,-58.0161,-59.5971,6.2115
2309,L,-61.2302,-55.0493,1.8705
2310,L,-61.1862,-49.2198,0.3010
2311,L,-58.4841,-45.7194,-1.9726
2312,L,-53.5019,-41.9072,-3.7834
2313,L,-49.1915,-42.3954,1.5122
2314,L,-49.1610,-40.7366,-1.2635
2315,L,-48.5825,-38.6867,-4.4687
2316,L,-46.9433,-34.0493,-3.3990
2317,L,-50.3763,-29.6179,-2.9691
2318,L,-19.6950,-65.5923,53.7638
2319,L,-19.2473,-64.2080,49.0545
2320,L,-18.5038,-63.6911,43.0818
2321,L,-25.6338,-62.9778,47.5284
2322,L,-21.3939,-61.0526,42.5056
2323,L,-20.2775,-64.4081,36.7240
2324,L,-22.4471,-65.7089,29.8569
2325,L,-25.3650,-67.9215,24.2399
2326,L,-27.6017,-71.8418,19.4031
2327,L,-30.9513,-59.0553,37.2241
2328,L,-31.3503,-63.2496,39.9577
2329,L,-29.5424,-67.7643,41.4749
2330,L,-32.4032,-73.6355,43.5652
2331,L,-31.2793,-71.9521,40.2561
2332,L,-30.9549,-68.7263,35.1494
2333,L,-30.6873,-70.8344,27.3324
2334,L,-31.3264,-73.2388,19.3614
2335,L,-27.7855,-77.4816,14.1236
2336,L,-29.4765,-81.6372,12.4153
2337,L,-31.4699,-86.2988,12.3081
2338,L,-32.8601,-89.8834,11.4712
2339,L,-39.9635,-84.1532,17.5626
2340,L,-36.6792,-86.2607,11.1812
2341,L,-31.5699,-86.7263,8.2779
2342,L,-30.7847,-82.6279,5.5441
2343,L,-33.6073,-81.9808,3.2959
2344,L,-31.5326,-85.5094,-1.3043
2345,L,-19.4786,-61.7029,10.4752
2346,L,-22.6574,-66.9515,8.1987
2347,L,-20.5246,-66.7972,7.6275
2348,L,-17.1324,-69.7213,7.5697
2349,L,-12.8612,-72.2034,10.6392
2350,L,-14.5910,-68.0773,14.6722
2351,L,-8.9927,-68.3913,8.9144
2352,L,-8.6053,-76.4419,13.4013
2353,L,-7.4800,-81.6637,11.6068
2354,L,-6.0926,-87.5894,10.0064
2355,L,-6.7075,-91.5909,5.5657
2356,L,-16.6645,-78.4588,28.0674
2357,L,-9.3377,-78.7913,27.2675
2358,L,-4.6744,-79.6061,25.9359
2359,L,-6.7118,-87.2759,31.6017
2360,L,-5.4563,-85.2860,27.2533
2361,L,-3.3657,-83.3535,21.9750
2362,L,-4.2027,-87.3789,16.2334
2363,L,-3.5586,-93.3897,9.7928
2364,L,-8.2251,-96.3713,6.5422
2365,L,-8.6296,-99.7269,3.5358
2366,L,-10.2573,-101.9786,-1.2791
2367,L,-15.1897,-102.1706,-2.7207
2368,L,-15.5466,-99.3258,8.2321
2369,L,-17.7854,-100.8390,2.1499
2370,L,-21.4881,-99.4436,-1.9196
2371,L,-25.3711,-96.6077,-1.8730
2372,L,-28.2814,-91.1289,-1.6619
2373,L,-14.0492,-15.9974,43.8125
2374,L,-14.9986,-17.9749,39.1896
2375,L,-12.6386,-21.1468,36.9417
2376,L,-17.7916,-29.3760,38.6924
2377,L,-14.2063,-26.9566,36.2897
2378,L,-9.2653,-25.3520,38.8394
2379,L,-6.7043,-28.5344,40.9545
2380,L,-5.4901,-30.6914,38.7747
2381,L,-5.3406,-33.2935,35.7534
2382,L,-9.2475,-45.8487,48.9668
2383,L,-7.5544,-44.2246,45.6427
2384,L,-7.1504,-43.7092,42.9812
2385,L,-11.0699,-52.0554,40.0143
2386,L,-13.4048,-47.0593,40.3537
2387,L,-8.4593,-41.7922,40.7941
2388,L,-9.0001,-39.3637,38.3522
2389,L,-8.3967,-36.8950,34.7072
2390,L,-5.1136,-38.6817,32.1737
2391,L,-4.8930,-44.2586,30.8086
2392,L,-4.4245,-49.4450,28.0223
2393,L,-6.6685,-51.7370,22.1773
2394,L,-6.4011,-59.5838,23.5462
2395,L,-5.9302,-58.6416,20.0632
2396,L,-5.3824,-57.4821,16.7732
2397,L,-6.5641,-60.1581,14.0424
2398,L,-13.5198,-57.6543,13.6975
2399,L,-14.3385,-59.2613,9.8744
2400,L,-1.6804,2.1952,-2.5254
2401,L,-0.8580,4.9699,-0.4140
2402,L,-1.8552,-0.9087,2.0658
2403,L,-2.6903,-4.7280,4.0503
2404,L,-1.2518,3.2495,8.6240
2405,L,-3.0879,-2.7588,7.3334
2406,L,-1.8613,-9.9087,6.0216
2407,L,-2.0188,-16.1304,7.5293
2408,L,-3.8087,-21.3315,9.1199
2409,L,-5.5848,-26.1034,10.6825
2410,L,-0.7429,5.5662,26.6397
2411,L,-0.3711,-0.9130,24.4349
2412,L,-0.4912,-7.4246,21.2646
2413,L,-1.1892,-15.2970,27.4940
2414,L,-0.3971,-14.7645,22.8287
2415,L,-0.6892,-14.3863,18.0495
2416,L,-1.6922,-21.2883,15.2238
2417,L,-3.6012,-27.6171,13.6298
2418,L,-4.7458,-32.4052,11.4545
2419,L,-1.3185,-34.9068,7.3284
2420,L,-0.9616,-40.0468,6.5674
2421,L,-5.1504,-43.9842,8.9222
2422,L,-2.9955,-43.4185,17.2278
2423,L,-5.7430,-45.7922,12.8124
2424,L,-8.6400,-48.5648,8.7901
2425,L,-8.4418,-53.1354,7.2045
2426,L,-11.0404,-56.7580,9.4176
2427,L,-26.0042,20.5516,-11.1894
2428,L,-26.7855,15.8097,-11.5001
2429,L,-30.1480,11.2549,-13.6815
2430,L,-26.0685,14.7927,-20.9347
2431,L,-27.5852,11.3083,-15.5720
2432,L,-32.0668,4.9308,-14.9446
2433,L,-33.6811,0.8582,-19.1368
2434,L,-32.1254,0.7043,-24.6656
2435,L,-28.6827,1.2836,-27.7302
2436,L,-16.4979,16.1385,-16.5681
2437,L,-18.3693,8.2042,-16.1141
2438,L,-22.2466,2.4824,-12.5123
2439,L,-22.9023,-5.4504,-11.2521
2440,L,-24.8475,-4.0346,-13.5214
2441,L,-27.2053,-2.5567,-14.3366
2442,L,-32.2407,-4.8970,-20.0533
2443,L,-30.2329,-2.9428,-26.6481
2444,L,-25.4797,0.5042,-30.6253
2445,L,-24.0385,-0.8550,-33.6746
2446,L,-24.4319,-3.7701,-34.9459
2447,L,-25.2915,-7.2195,-34.5720
2448,L,-23.4875,-13.4557,-28.6992
2449,L,-20.6371,-11.0433,-30.3825
2450,L,-26.9190,-11.0718,-33.1311
2451,L,-28.7062,-14.7773,-31.0638
2452,L,-31.2068,-18.9761,-28.9244
2453,L,-35.1154,-19.0138,-29.0966
2454,L,-32.7922,-22.5103,-25.6148
2455,L,-51.0598,-17.5741,-9.0531
2456,L,-49.2914,-16.9642,-14.1717
2457,L,-52.4091,-16.4145,-17.6480
2458,L,-50.8788,-8.3392,-14.7147
2459,L,-50.1014,-11.5620,-19.9628
2460,L,-56.1885,-14.3721,-19.5801
2461,L,-59.5944,-10.6655,-21.2351
2462,L,-59.9145,-9.9256,-24.4063
2463,L,-54.8174,-11.8299,-26.1567
2464,L,-51.7560,8.3944,-13.2369
2465,L,-52.7718,10.2226,-17.3331
2466,L,-47.7206,4.9653,-25.1021
2467,L,-43.8222,13.2606,-30.3972
2468,L,-45.8645,6.9346,-31.8141
2469,L,-52.3331,3.6145,-30.8254
2470,L,-52.8932,-1.8335,-31.9956
2471,L,-49.5092,-7.4172,-29.1766
2472,L,-49.5610,-14.1234,-30.0416
2473,L,-50.9235,-13.5929,-36.2026
2474,L,-48.5010,-13.7967,-38.9449
2475,L,-43.8102,-14.1471,-36.5935
2476,L,-37.5286,-5.6529,-43.4445
2477,L,-39.9989,-8.7683,-38.5325
2478,L,-42.0038,-11.5018,-31.9863
2479,L,-39.0237,-11.0129,-28.2986
2480,L,-36.6838,-15.0532,-28.0598
2481,L,-38.6558,-19.9789,-23.4524
2482,L,-41.9903,-83.1571,-3.3703
2483,L,-42.2245,-81.0510,-6.7105
2484,L,-44.7242,-77.4119,-8.8899
2485,L,-45.5998,-68.4433,-4.8051
2486,L,-43.9718,-71.4512,-6.3847
2487,L,-42.5972,-76.2326,-9.9034
2488,L,-39.2577,-73.6352,-10.5921
2489,L,-40.8587,-68.2017,-13.3203
2490,L,-43.3001,-62.7105,-15.8776
2491,L,-54.3101,-51.4542,-8.3744
2492,L,-56.5459,-55.6226,-11.2597
2493,L,-53.9498,-58.1559,-13.4587
2494,L,-58.0310,-46.9982,-20.6117
2495,L,-54.3444,-54.0374,-18.4232
2496,L,-48.8209,-54.8388,-11.1760
2497,L,-43.2684,-53.0899,-9.7742
2498,L,-41.2436,-54.7946,-14.3446
2499,L,-43.5931,-56.0503,-19.4357
2500,L,-41.5318,-50.9152,-19.5053
2501,L,-39.6376,-45.2603,-19.7910
2502,L,-40.6969,-40.9841,-23.4547
2503,L,-46.5047,-35.8381,-24.3623
2504,L,-43.1798,-36.0315,-22.5960
2505,L,-39.2159,-37.0780,-22.3231
2506,L,-39.4933,-32.1397,-23.5048
2507,L,-39.9852,-26.5249,-22.6744
2508,L,-37.6907,-27.7859,-25.7291
2509,L,-24.4202,-70.1122,5.5844
2510,L,-22.0280,-71.0444,2.1081
2511,L,-14.8269,-68.9075,1.4799
2512,L,-9.9540,-76.7657,4.7048
2513,L,-7.8491,-70.9643,4.4534
2514,L,-7.1099,-65.6222,3.9180
2515,L,-6.7346,-64.8099,0.9385
2516,L,-11.3741,-65.4747,-1.7925
2517,L,-15.1689,-64.5179,-4.9487
2518,L,-5.2829,-94.0716,-9.1283
2519,L,-4.4942,-89.4860,-10.1115
2520,L,-9.0809,-85.5715,-7.2109
2521,L,-16.2828,-82.5351,-10.5361
2522,L,-13.5510,-79.4442,-11.2120
2523,L,-11.4289,-77.5973,-6.2490
2524,L,-13.0801,-71.3216,-8.7925
2525,L,-17.7012,-66.5261,-7.1332
2526,L,-21.5981,-60.9326,-5.1427
2527,L,-26.7316,-55.9873,-5.0734
2528,L,-31.8448,-51.4061,-6.3972
2529,L,-34.5953,-47.6854,-10.0495
2530,L,-29.7654,-56.4991,-12.6567
2531,L,-30.9197,-49.1215,-13.8664
2532,L,-35.2549,-43.1555,-15.0758
2533,L,-34.7330,-38.0363,-19.7513
2534,L,-34.9608,-32.0138,-23.4818
2535,L,-36.9311,-26.9964,-21.2457
2536,L,-3.0828,-5.5496,-5.9863
2537,L,-0.7863,-14.5435,-10.0904
2538,L,-1.8537,-20.6363,-16.6432
2539,L,-2.0859,-25.2190,-8.5594
2540,L,-3.3449,-23.4722,-14.0577
2541,L,-7.4850,-22.1419,-17.9683
2542,L,-13.8073,-24.5236,-15.8074
2543,L,-22.2669,-24.7500,-11.1112
2544,L,-31.1706,-27.0038,-9.6473
2545,L,-15.9176,-35.8092,1.8596
2546,L,-21.0706,-35.9025,0.2488
2547,L,-25.7979,-35.3856,-0.9986
2548,L,-25.7829,-41.3615,-2.1494
2549,L,-30.2268,-38.4179,-0.1295
2550,L,-29.4309,-33.9502,-2.9806
2551,L,-32.9456,-32.7003,-4.9639
2552,L,-36.3364,-32.1068,-7.7065
2553,L,-38.7439,-30.2474,-11.0607
2554,L,-37.4555,-31.0066,-15.1365
2555,L,-30.7847,-28.7371,-17.9996
2556,L,-23.7133,-25.1660,-19.2105
2557,L,-19.6809,-30.2734,-17.2101
2558,L,-20.7786,-28.4828,-20.1585
2559,L,-21.9367,-26.2049,-23.1892
2560,L,-27.2452,-27.2959,-23.9921
2561,L,-32.2169,-25.9651,-21.4847
2562,L,-39.3004,-16.9045,61.1750
2563,L,-39.9852,-14.0711,62.2752
2564,L,-38.4598,-14.9374,63.6736
2565,L,-37.0595,-21.0606,59.0439
2566,L,-38.0339,-19.2568,58.4284
2567,L,-35.1980,-21.2868,61.9520
2568,L,-34.9264,-22.3720,58.7866
2569,L,-36.4457,-18.4911,65.2505
2570,L,-34.4053,-20.8966,64.6684
2571,L,-36.8054,-15.4068,64.8090
2572,L,-22.4532,46.1261,23.5958
2573,L,-22.6547,47.6478,26.3777
2574,L,-22.6173,44.3166,26.7110
2575,L,-22.9882,43.2873,20.8325
2576,L,-22.6251,46.6128,20.8384
2577,L,-22.9953,39.8048,21.8340
2578,L,-24.0252,40.6214,19.3182
2579,L,-56.8051,-1.9245,8.8499
2580,L,-56.2949,-0.5785,7.5179
2581,L,-57.2044,1.1761,8.3999
2582,L,-57.5270,-2.7749,10.3928
2583,L,-57.8995,-4.2010,8.9777
2584,L,-50.5272,-50.8696,44.9015
2585,L,-51.0705,-50.9136,43.4096
2586,L,-51.4622,-49.4696,44.9926
2587,L,-48.8676,-49.3036,43.9707
2588,L,-49.5010,-51.3073,44.5415
2589,L,-14.3996,-67.7744,58.2689
2590,L,-14.5524,-68.0236,55.2044
2591,L,-16.2684,-67.1685,56.7640
2592,L,-14.9313,-65.8363,60.7298
2593,L,-13.0478,-67.2795,59.8907
2594,L,-11.9211,-6.8835,46.5282
2595,L,-12.7465,-8.1794,45.0904
2596,L,-12.6207,-10.0333,46.4747
2597,L,-4.1461,11.3239,-4.9083
2598,L,-4.2229,7.7710,-5.2566
2599,L,-3.2659,5.8926,-4.1107
2600,L,-28.1729,21.0860,-4.3941
2601,L,-29.7105,18.9986,-4.9573
2602,L,-26.7702,20.8788,-6.2150
2603,L,-50.7675,-24.3228,-5.0410
2604,L,-48.8646,-23.9111,-6.8612
2605,L,-51.0471,-21.9350,-6.0762
2606,L,-33.4878,-86.6954,-4.2222
2607,L,-34.3389,-87.9692,-5.5361
2608,L,-37.3369,-86.1359,-3.5383
2609,L,-19.9778,-60.1611,7.9862
2610,L,-22.3568,-60.9110,7.4338
2611,L,-23.0951,-62.9397,7.7748
2612,L,-54.2141,-5.0472,37.3845
2613,L,-55.6669,-2.6862,37.7879
2614,L,-55.1851,-3.7278,39.1840
2615,L,-31.9583,8.8331,55.5819
2616,L,-34.4119,11.6183,54.5457
2617,L,-33.0441,11.4017,52.8937
2618,L,-33.2783,13.4456,49.6355
2619,L,-31.9171,10.9605,50.9458
2620,L,-46.5705,-28.5338,50.8577
2621,L,-46.8938,-27.7645,49.0019
2622,L,-48.3408,-26.1581,51.7579
2623,L,-49.3271,-8.0757,37.7624
2624,L,-47.4321,-8.6876,35.1717
2625,L,-50.9139,-6.8668,36.1798
2626,L,-52.1073,-5.7288,34.8867
2627,L,-19.8773,-36.0783,66.5110
2628,L,-20.2257,-37.9506,62.5725
2629,L,-21.0722,-36.0555,64.8318
2630,L,-47.2027,-28.2539,54.9075
2631,L,-45.6370,-30.7724,53.3994
2632,L,-46.0403,-29.7195,51.9470
2633,L,-44.1437,-30.1441,49.0044
2634,L,-10.7868,-10.1106,69.2927
2635,L,-8.9200,-11.6555,69.2796
2636,L,-10.1907,-12.3894,69.3667
2637,L,-20.3123,-32.9711,72.4199
2638,L,-18.1968,-33.1846,73.2044
2639,L,-19.2380,-34.8191,70.0746
2640,L,-18.5310,-36.9075,67.6128
2641,L,-30.6472,11.0151,47.4441
2642,L,-30.0608,9.9957,50.8573
2643,L,-13.4270,-9.5264,67.3774
2644,L,-14.9595,-7.0290,68.4404
2645,L,-12.6579,-8.6692,69.1877
2646,L,-11.5669,-7.7626,68.9499
2647,L,-12.6917,50.8629,0.3364
2648,L,-13.6690,48.1800,1.8875
2649,L,-13.0250,51.0216,3.0939
2650,L,-6.5418,37.1846,47.7548
2651,L,-7.6088,36.1585,45.2405
2652,L,-6.9030,33.2526,47.5558
2653,L,-7.1754,29.9530,47.3105
2654,L,-6.9876,31.5222,49.6254
2655,L,-39.8298,49.1273,-7.2903
2656,L,-40.0966,49.7179,-9.2265
2657,L,-39.3779,51.9987,-7.1080
2658,L,-9.2712,56.0764,-0.0632
2659,L,-8.0333,55.1235,-2.5515
2660,L,-10.5295,52.5764,-1.3969
2661,L,-11.8159,49.9312,-2.7198
2662,L,-36.1324,22.3126,23.6400
2663,L,-36.6203,21.4086,21.7441
2664,L,-36.9743,23.9014,22.4262
2665,L,-37.4762,49.3297,-2.2138
2666,L,-37.6685,45.9481,-3.0805
2667,L,-38.4367,47.4937,-5.6152
2668,L,-40.3202,45.5400,-7.8204
2669,L,-34.5263,-32.5371,14.8183
2670,L,-35.7964,-31.0996,13.3208
2671,L,-32.9845,-31.3993,15.2355
2672,L,-37.8673,12.9256,10.4201
2673,L,-36.5776,11.2829,12.2428
2674,L,-36.2394,14.6189,11.1420
2675,L,-35.0917,15.9144,11.8963
2676,L,-36.7480,17.3999,10.5621
2677,L,-58.8189,-27.5872,28.0737
2678,L,-61.2246,-28.7418,27.9166
2679,L,-60.5089,-27.8991,26.4397
2680,L,-33.4282,-32.3318,19.6403
2681,L,-34.4866,-34.3426,18.0183
2682,L,-34.1612,-33.6839,15.9923
2683,L,-35.7707,-33.5697,12.5076
2684,L,-43.5780,-68.6336,25.8509
2685,L,-43.8715,-67.5591,23.5333
2686,L,-42.0172,-66.7571,25.3027
2687,L,-60.2131,-50.2700,15.6859
2688,L,-59.0554,-50.0272,14.3063
2689,L,-60.9126,-48.0389,13.9279
2690,L,-61.2088,-46.0191,12.6405
2691,L,-62.4471,-46.3548,14.3228
2692,L,-27.1302,-51.8651,41.9960
2693,L,-26.8587,-53.7601,41.5580
2694,L,-27.4205,-53.2066,39.3442
2695,L,-40.8128,-68.8702,30.1319
2696,L,-42.0256,-70.7203,30.8629
2697,L,-43.3462,-69.8720,28.0745
2698,L,-45.8289,-70.5182,26.5971
2699,L,-12.7401,-66.4437,33.5418
2700,L,-16.5666,-67.4390,31.0080
2701,L,-15.6122,-67.5885,32.9133
2702,L,-23.1910,-80.2693,19.1958
2703,L,-21.3983,-83.6693,19.1194
2704,L,-22.1482,-81.9253,16.7226
2705,L,-21.5512,-83.7261,14.7419
2706,L,-23.4763,-80.4075,14.7960
2707,L,-17.1877,-43.7983,54.4861
2708,L,-17.5019,-44.1392,52.0768
2709,L,-16.0948,-46.0287,52.9276
2710,L,-8.0398,-69.4177,34.9835
2711,L,-5.3491,-69.8804,33.5404
2712,L,-9.2215,-67.7548,33.4733
2713,L,-10.2250,-66.4856,32.3077
2714,L,-4.3491,17.6479,22.0702
2715,L,-1.6403,15.6397,22.0860
2716,L,-3.5109,14.8644,23.4811
2717,L,-4.4785,-30.8857,30.1707
2718,L,-6.9569,-31.0303,30.1659
2719,L,-5.3826,-33.5778,29.4693
2720,L,-5.8174,-36.0333,28.8610
2721,L,-4.0990,-35.6484,29.7594
2722,L,-14.3682,26.1868,-23.2631
2723,L,-15.0518,23.2118,-23.2530
2724,L,-14.4749,24.0562,-22.0710
2725,L,-31.9838,-22.8519,-11.2817
2726,L,-34.0793,-21.4973,-12.2654
2727,L,-36.6381,-23.7101,-12.2417
2728,L,-38.9317,-24.4851,-14.0863
2729,L,-38.1486,-25.9700,-12.2124
2730,L,-49.9751,-6.9283,-8.9189
2731,L,-52.0133,-1.2717,-8.4643
2732,L,-50.4140,-3.5446,-10.0402
2733,L,-27.5005,8.5972,-35.8291
2734,L,-26.7503,11.0080,-37.5655
2735,L,-25.5960,8.1979,-38.1272
2736,L,-25.3817,6.9316,-39.6877
2737,L,-25.5402,5.4828,-37.5247
2738,L,-57.5034,-58.2306,-1.5864
2739,L,-55.7888,-58.4080,-3.2455
2740,L,-57.2896,-55.7972,-2.9558
2741,L,-54.6459,-20.1309,-24.8720
2742,L,-53.2278,-23.0008,-25.1756
2743,L,-54.1140,-21.0482,-27.3502
2744,L,-54.7387,-21.4502,-29.6867
2745,L,-53.5694,-18.8300,-29.0555
2746,L,-12.2767,-91.3869,3.4523
2747,L,-12.5686,-90.3827,0.6323
2748,L,-12.8535,-91.2879,-0.2207
2749,L,-39.5597,-69.3412,-17.8314
2750,L,-36.0149,-69.8787,-16.3126
2751,L,-39.6040,-65.3926,-17.5569
2752,L,-39.1115,-62.3455,-17.7619
2753,L,-42.4160,-61.3362,-19.8445
2754,L,-7.0916,-28.6786,7.5938
2755,L,-7.2262,-29.4850,4.8115
2756,L,-8.1847,-30.8143,5.8674
2757,L,-17.3857,-55.6102,-7.3504
2758,L,-19.0749,-51.8986,-8.3345
2759,L,-20.4080,-54.0476,-7.2147
2760,L,-22.4996,-51.8893,-6.1855
2761,L,-21.3598,-56.1525,-5.9241
2762,L,-42.9975,-12.0659,47.0380
2763,L,-46.0609,-10.9939,48.5876
2764,L,-44.1546,-10.9484,49.7465
2765,L,-31.7878,-9.1869,46.1123
2766,L,-33.2038,-7.6576,44.5879
2767,L,-30.7137,-7.1053,44.7158
2768,L,-29.9437,-4.6524,45.3218
2769,L,-28.3641,-6.3433,44.8455
2770,L,-41.3879,-26.1641,52.0311
2771,L,-42.1032,-24.6316,50.7809
2772,L,-40.0474,-25.8132,48.5392
2773,L,-38.0595,-12.8282,48.2765
2774,L,-36.0209,-13.8186,45.6674
2775,L,-39.5193,-12.8054,46.0917
2776,L,-41.1224,-13.0457,44.4607
2777,L,-21.8192,-31.2514,54.5818
2778,L,-23.9631,-31.0672,57.0453
2779,L,-23.7919,-30.5415,53.7767
2780,L,-36.9398,-28.3716,49.8457
2781,L,-37.0861,-29.0166,52.5347
2782,L,-39.4032,-27.7530,52.3757
2783,L,-41.7232,-26.5904,55.1182
2784,L,-21.4728,-17.4478,64.5801
2785,L,-20.7316,-18.1428,66.9220
2786,L,-22.8405,-17.7411,67.5685
2787,L,-20.9455,-26.9871,53.4184
2788,L,-19.4454,-26.8919,55.1653
2789,L,-20.0235,-29.4099,53.6628
2790,L,-19.9648,-31.4905,55.1506
2791,L,-26.2213,-5.8664,44.6844
2792,L,-26.7977,-8.5808,44.8507
2793,L,-24.4877,-15.8110,62.8559
2794,L,-23.2440,-15.2113,60.0260
2795,L,-22.5323,-16.5390,62.1926
2796,L,-20.3548,-16.7753,61.6624
2797,L,-13.1192,63.8448,12.3789
2798,L,-11.0666,64.3446,14.6115
2799,L,-12.5933,61.6880,14.9625
2800,L,-14.6956,48.4802,35.3651
2801,L,-12.5258,49.9518,33.8117
2802,L,-12.9934,47.7603,37.2179
2803,L,-11.3504,47.1770,38.9637
2804,L,-13.4785,45.7466,40.1430
2805,L,-31.1751,48.6537,7.8596
2806,L,-29.6159,48.1503,4.6342
2807,L,-28.4067,46.7408,6.4863
2808,L,-18.1397,59.6928,10.8103
2809,L,-19.3750,62.2888,9.8556
2810,L,-15.8704,62.7584,10.2590
2811,L,-13.6373,64.7435,10.0132
2812,L,-41.0527,35.1850,28.6194
2813,L,-40.9996,35.6715,26.4329
2814,L,-40.3864,38.2176,27.5370
2815,L,-32.5988,48.8663,13.6394
2816,L,-35.0005,50.7195,14.9466
2817,L,-32.8958,50.1641,11.8026
2818,L,-33.4938,50.8865,9.4590
2819,L,-45.2281,-16.0863,18.7329
2820,L,-44.0043,-15.3243,19.6171
2821,L,-46.1721,-12.9334,18.3978
2822,L,-49.4349,4.9109,2.8107
2823,L,-48.0895,3.3004,5.8340
2824,L,-47.7187,5.9086,3.4472
2825,L,-46.0711,6.5713,4.2797
2826,L,-47.2643,8.2612,1.4572
2827,L,-62.0783,-15.1939,20.2212
2828,L,-60.0642,-16.5913,20.4596
2829,L,-61.3854,-16.3222,18.4146
2830,L,-49.6105,-14.0200,16.8546
2831,L,-48.6954,-16.3000,15.5906
2832,L,-46.8818,-16.3473,17.1661
2833,L,-44.1130,-18.3898,17.5648
2834,L,-49.2037,-63.4218,35.4735
2835,L,-48.4772,-62.7337,33.5071
2836,L,-50.6159,-61.8812,34.3890
2837,L,-53.3273,-50.8651,30.6176
2838,L,-51.8525,-51.3472,28.5943
2839,L,-54.3050,-51.1294,28.7174
2840,L,-55.2067,-51.2111,26.8963
2841,L,-56.6837,-51.3904,29.0666
2842,L,-38.8012,-50.3162,33.9956
2843,L,-39.5043,-52.6212,33.9741
2844,L,-41.0937,-52.2366,35.0032
2845,L,-49.9492,-60.9113,38.6287
2846,L,-48.9219,-62.2583,40.1728
2847,L,-49.4156,-63.0163,37.8084
2848,L,-47.8776,-64.1212,37.2817
2849,L,-7.1146,-73.5488,44.7375
2850,L,-8.8898,-74.9286,43.3737
2851,L,-8.6802,-75.3097,45.0920
2852,L,-17.5816,-70.1506,40.0933
2853,L,-18.5801,-72.4986,40.0747
2854,L,-19.4878,-70.7145,38.0852
2855,L,-20.9236,-72.0897,35.2474
2856,L,-20.2422,-69.1886,35.5844
2857,L,-7.8076,-54.2283,60.5914
2858,L,-7.6397,-54.0308,58.6426
2859,L,-8.0166,-55.4588,58.3948
2860,L,-6.4775,-70.9696,49.3953
2861,L,-5.9508,-68.2263,49.8346
2862,L,-6.2238,-71.2611,47.2333
2863,L,-5.9278,-71.5107,45.2264
2864,L,-6.9740,7.6726,36.1011
2865,L,-4.9952,6.6266,35.9090
2866,L,-5.8311,4.5450,37.3974
2867,L,-7.9731,-16.3642,38.7617
2868,L,-6.2154,-14.9463,39.2102
2869,L,-6.3972,-18.5619,39.4258
2870,L,-4.7513,-20.4065,40.1604
2871,L,-6.1349,-22.1294,40.4402
2872,L,-4.4300,21.7004,-23.9217
2873,L,-5.6800,19.4303,-22.5888
2874,L,-5.3197,18.8321,-21.1727
2875,L,-5.3202,-13.3529,-16.8161
2876,L,-6.8200,-11.3920,-15.7063
2877,L,-7.4974,-14.7822,-19.9441
2878,L,-10.2503,-16.3338,-20.6675
2879,L,-8.7960,-18.4324,-20.7359
2880,L,-36.0433,-6.0723,-8.6649
2881,L,-37.2477,-7.3693,-12.4650
2882,L,-36.6305,-4.7700,-9.9565
2883,L,-35.3448,4.2226,-14.5730
2884,L,-36.7184,2.0326,-17.0643
2885,L,-35.8885,2.8537,-17.7794
2886,L,-35.8233,2.4344,-21.3476
2887,L,-34.7812,3.1964,-17.9974
2888,L,-56.1133,-40.9730,-6.3224
2889,L,-58.1592,-40.6431,-7.3708
2890,L,-55.7719,-38.8874,-8.3416
2891,L,-58.6200,-21.0977,-15.5468
2892,L,-60.9504,-22.5312,-14.6158
2893,L,-61.5279,-19.8463,-15.0683
2894,L,-63.4861,-18.7698,-15.3049
2895,L,-61.1351,-17.6620,-16.0217
2896,L,-17.8496,-100.6699,-8.0079
2897,L,-17.3973,-99.7873,-11.7111
2898,L,-19.4871,-99.5813,-12.0907
2899,L,-39.2841,-85.4837,-14.4289
2900,L,-35.7900,-86.6842,-16.2334
2901,L,-39.4529,-83.8039,-14.8569
2902,L,-38.5225,-82.2473,-14.1524
2903,L,-41.5103,-80.6265,-13.6409
2904,L,-8.6404,-44.3349,6.9423
2905,L,-10.0170,-44.1755,6.0141
2906,L,-10.0617,-46.4206,5.1519
2907,L,-19.9673,-62.0503,-0.1831
2908,L,-20.7577,-58.9245,-0.6835
2909,L,-16.5532,-61.3298,-0.2154
2910,L,-13.7220,-60.1085,0.0189
2911,L,-11.6761,-62.6176,1.0769
2912,L,-58.9230,1.8640,24.2656
2913,L,-59.0059,4.7798,23.6542
2914,L,-58.6219,4.6539,25.8853
2915,L,-39.4654,-0.7082,29.7923
2916,L,-39.6599,0.3161,28.1557
2917,L,-36.3797,1.2225,29.0224
2918,L,-34.3239,3.7725,28.1694
2919,L,-34.4001,3.3919,30.1507
2920,L,-42.5322,3.2945,46.1329
2921,L,-40.6979,3.1491,43.4993
2922,L,-39.0254,4.1293,45.1600
2923,L,-39.8463,21.0541,41.1863
2924,L,-42.2707,19.8381,40.5488
2925,L,-41.2075,21.3046,38.7531
2926,L,-43.0628,21.5407,36.9263
2927,L,-41.7271,23.2153,37.4834
2928,L,-42.5194,24.9415,36.1356
2929,L,-39.7265,24.2525,37.6713
2930,L,-27.7281,27.2591,35.1397
2931,L,-28.3776,30.4061,36.3596
2932,L,-26.8073,30.5569,34.5762
2933,L,-26.0831,33.5920,34.8431
2934,L,-25.0501,30.6614,32.6813
2935,L,-41.5571,-36.5369,37.5866
2936,L,-43.6273,-36.8869,38.9193
2937,L,-42.2800,-35.0718,36.2012
2938,L,-48.3779,-24.5150,36.4326
2939,L,-47.5619,-25.4265,33.6007
2940,L,-48.9295,-24.0935,34.3934
2941,L,-49.9951,-24.5319,32.5648
2942,L,-50.4735,-23.0561,35.0871
2943,L,-44.3163,-21.1499,42.9879
2944,L,-48.2266,-19.7905,45.8166
2945,L,-46.1610,-21.1410,41.9255
2946,L,-53.9612,-13.4106,31.8471
2947,L,-55.6176,-13.2066,35.4906
2948,L,-57.4182,-11.8333,34.3964
2949,L,-60.0179,-11.5487,35.7723
2950,L,-59.0356,-10.5362,33.0319
2951,L,-60.7100,-9.8748,31.7397
2952,L,-57.9475,-10.4334,30.3322
2953,L,-56.7441,-1.0886,24.9193
2954,L,-54.8966,-2.8918,21.6959
2955,L,-57.3064,-0.7607,23.2375
2956,L,-57.7652,-0.6624,21.5514
2957,L,-20.5638,-53.4851,59.5333
2958,L,-22.7280,-55.2366,62.7092
2959,L,-22.7786,-53.4256,60.4547
2960,L,-30.4919,-47.3670,59.1100
2961,L,-32.4453,-48.7978,60.9696
2962,L,-33.9929,-48.5383,59.3536
2963,L,-36.6941,-50.0520,58.8244
2964,L,-35.3311,-48.1526,58.1448
2965,L,-34.6948,-33.6297,65.4887
2966,L,-32.7105,-34.7542,62.6708
2967,L,-34.7602,-34.6046,62.6161
2968,L,-31.0262,-38.8381,46.0829
2969,L,-31.4577,-40.1590,47.9320
2970,L,-32.0710,-41.5779,46.3578
2971,L,-34.2514,-43.3571,46.8979
2972,L,-32.9595,-42.5683,45.2311
2973,L,-34.2165,-43.5826,44.0031
2974,L,-32.0668,-41.8739,43.3446
2975,L,-38.3237,-34.6393,35.7522
2976,L,-38.3460,-37.0894,36.8093
2977,L,-39.9872,-36.7598,37.1784
2978,L,-41.9196,-38.9037,38.4421
2979,L,-8.1188,-10.7012,55.3912
2980,L,-6.2450,-13.7680,54.5206
2981,L,-7.4653,-13.9997,56.5094
2982,L,-6.4167,-26.6020,62.7534
2983,L,-7.2143,-26.9008,60.5005
2984,L,-6.1813,-29.2912,60.0451
2985,L,-6.3074,-32.0373,57.7388
2986,L,-6.0429,-31.9067,60.1766
2987,L,-11.5906,-27.3706,70.2814
2988,L,-10.2658,-27.3733,72.0370
2989,L,-9.6137,-29.8320,69.0246
2990,L,-10.6765,-41.0044,73.2243
2991,L,-8.0509,-42.1107,71.7657
2992,L,-11.0163,-41.1328,70.8845
2993,L,-12.0481,-41.0293,68.6843
2994,L,-15.0980,-41.9166,70.1684
2995,L,-15.2110,-45.6336,69.3904
2996,L,-15.4051,-44.9293,71.2523
2997,L,-18.2139,-50.1738,59.1814
2998,L,-16.8224,-50.8609,60.6423
2999,L,-18.3297,-52.2569,58.8015
3000,L,-18.7284,-54.0746,59.4926
3001,L,-22.7397,32.2221,31.7080
3002,L,-23.3400,28.9113,31.9439
3003,L,-21.1940,24.3960,48.9396
3004,L,-20.5925,26.7179,47.3834
3005,L,-21.8749,27.8115,50.4020
3006,L,-21.3027,30.6500,51.2342
3007,L,-21.6080,28.1357,52.9568
3008,L,-20.0597,1.7550,53.6126
3009,L,-19.5133,4.9262,52.8060
3010,L,-19.9706,3.5457,55.8127
3011,L,-12.9478,9.0263,61.2399
3012,L,-14.8545,10.8604,59.4273
3013,L,-12.2643,12.5052,59.7574
3014,L,-11.5203,16.0481,59.0778
3015,L,-10.4722,14.1638,61.5997
3016,L,-8.9578,15.5706,63.0600
3017,L,-9.6647,12.1107,63.6872
3018,L,-9.4671,-7.3152,58.6301
3019,L,-7.5161,-4.4982,59.2030
3020,L,-8.3515,-7.1889,56.7175
3021,L,-6.9662,-7.3048,55.2240
3022,L,-5.4360,33.1860,-8.4223
3023,L,-6.1895,31.2312,-5.9265
3024,L,-5.7020,34.2700,-6.5845
3025,L,-6.0499,39.9147,9.4970
3026,L,-5.3073,37.6909,8.3685
3027,L,-5.0306,37.7503,11.4081
3028,L,-5.9303,34.8923,12.9697
3029,L,-5.1768,37.2797,14.4600
3030,L,-7.1611,51.1177,22.0514
3031,L,-7.1597,48.6164,19.4702
3032,L,-7.5753,47.8491,22.8416
3033,L,-10.0247,28.8741,31.9838
3034,L,-11.3134,30.9400,29.7290
3035,L,-12.3318,27.6667,30.3864
3036,L,-13.5839,26.2147,28.3126
3037,L,-13.4739,24.2732,31.1658
3038,L,-13.7097,21.2696,31.3985
3039,L,-12.9255,22.5908,33.5008
3040,L,-10.6385,13.2544,48.1991
3041,L,-10.5010,12.4285,45.9624
3042,L,-9.5821,10.8765,47.8935
3043,L,-8.3357,8.6298,47.4842
3044,L,-8.6809,9.0370,49.9718
3045,L,-45.4639,29.7979,-14.0545
3046,L,-44.3713,28.1272,-14.1716
3047,L,-44.0140,30.7150,-14.9741
3048,L,-25.6055,41.2544,-10.1083
3049,L,-25.7723,38.6616,-9.7454
3050,L,-23.6879,39.8409,-11.6309
3051,L,-22.7137,38.1886,-13.6904
3052,L,-23.2605,41.0185,-14.5923
3053,L,-18.0479,55.4016,-5.4599
3054,L,-19.5049,54.7237,-8.6315
3055,L,-15.9863,55.5276,-7.9937
3056,L,-4.1789,52.1083,-22.0493
3057,L,-6.0008,53.5919,-22.8038
3058,L,-5.0775,49.9632,-22.8267
3059,L,-6.7266,47.1802,-21.6398
3060,L,-4.2796,46.3196,-24.0550
3061,L,-3.8595,43.1006,-25.0621
3062,L,-3.4771,45.1560,-23.4215
3063,L,-8.0692,36.1042,-8.7495
3064,L,-8.7820,34.3262,-10.2402
3065,L,-7.0320,33.6607,-9.6758
3066,L,-5.9912,31.0683,-9.9701
3067,L,-44.9227,5.2313,16.3117
3068,L,-46.3355,5.6360,14.2149
3069,L,-44.8594,7.5260,15.9874
3070,L,-53.3486,20.0985,18.6481
3071,L,-54.2509,17.9707,17.9817
3072,L,-54.3362,19.6883,16.5251
3073,L,-53.1925,19.4842,14.2089
3074,L,-54.2149,21.1296,14.2407
3075,L,-35.8229,34.3424,15.5829
3076,L,-36.3375,31.7466,15.6873
3077,L,-34.6461,33.4121,12.3287
3078,L,-50.7505,31.7651,-1.0550
3079,L,-51.1969,30.8644,1.5751
3080,L,-50.2695,29.8139,0.4679
3081,L,-48.0016,28.4944,2.8076
3082,L,-47.4777,29.5542,0.4118
3083,L,-44.2082,29.6161,1.4230
3084,L,-46.1890,30.3234,-1.0692
3085,L,-46.5143,33.1505,-14.1253
3086,L,-45.7549,32.1364,-12.3144
3087,L,-46.0532,30.7236,-13.3078
3088,L,-44.3532,28.7838,-11.7775
3089,L,-57.5092,-21.9660,0.5358
3090,L,-59.3476,-19.7164,0.8299
3091,L,-55.7966,-20.8156,0.3855
3092,L,-42.5875,-22.9853,3.7847
3093,L,-45.4247,-20.0820,4.2238
3094,L,-44.1212,-22.2799,1.8975
3095,L,-45.8453,-21.1192,0.1898
3096,L,-43.3191,-24.2818,-0.1456
3097,L,-35.0752,-12.4703,18.2137
3098,L,-34.5169,-15.9851,16.5429
3099,L,-34.0745,-12.7470,16.6456
3100,L,-36.2393,-6.1345,7.6605
3101,L,-35.7891,-11.0844,5.8430
3102,L,-36.5980,-10.2826,4.3276
3103,L,-38.2997,-12.4111,2.4935
3104,L,-36.9496,-9.3141,3.0027
3105,L,-37.1572,-8.8618,1.4383
3106,L,-37.1021,-5.0579,4.9382
3107,L,-28.1816,22.8223,8.4553
3108,L,-28.7451,19.5224,6.9285
3109,L,-27.9393,23.3971,6.5628
3110,L,-28.0470,23.6691,4.8090
3111,L,-27.7126,27.0227,5.6184
3112,L,-56.5933,-35.0169,42.3938
3113,L,-56.9605,-37.5909,43.4298
3114,L,-58.0026,-35.8812,41.8592
3115,L,-53.4083,-39.8468,31.2517
3116,L,-54.1965,-41.5071,32.5351
3117,L,-52.5883,-42.4696,31.1696
3118,L,-52.8952,-45.0900,29.5911
3119,L,-51.2365,-43.4973,29.5941
3120,L,-51.6849,-28.0029,18.0948
3121,L,-52.6200,-29.5595,17.2593
3122,L,-49.9812,-30.0735,17.2475
3123,L,-45.1805,-40.2587,13.7502
3124,L,-44.8355,-40.9934,16.7229
3125,L,-47.7523,-40.5049,14.4066
3126,L,-50.1527,-40.7906,15.2661
3127,L,-50.9465,-39.3619,12.6374
3128,L,-54.2748,-38.0541,11.6204
3129,L,-51.3439,-37.7294,10.7632
3130,L,-52.1330,-25.4066,0.8695
3131,L,-54.5622,-26.1954,2.2784
3132,L,-56.1674,-24.1311,1.2428
3133,L,-60.0877,-22.9444,1.6233
3134,L,-43.5547,-76.6013,11.9646
3135,L,-45.8106,-77.6751,10.8828
3136,L,-46.1856,-75.9670,12.7670
3137,L,-42.9314,-64.4009,10.1164
3138,L,-42.9167,-65.2472,9.3091
3139,L,-44.8141,-63.9591,8.9980
3140,L,-46.7815,-63.2725,7.6715
3141,L,-47.2352,-63.8209,9.2821
3142,L,-42.2431,-54.7953,22.9522
3143,L,-39.4182,-54.9403,21.3887
3144,L,-41.1977,-53.6023,20.6378
3145,L,-47.0339,-48.5502,6.0144
3146,L,-46.5764,-50.9684,6.5852
3147,L,-48.3696,-50.5481,4.7677
3148,L,-50.6067,-52.1712,4.1388
3149,L,-50.3761,-49.5870,3.4567
3150,L,-52.3218,-48.7004,2.3929
3151,L,-50.2103,-47.5693,3.1229
3152,L,-60.1215,-35.5637,4.5160
3153,L,-56.6438,-35.7211,2.9531
3154,L,-59.4520,-34.1177,2.8878
3155,L,-58.6772,-32.9930,1.3571
3156,L,-62.0633,-32.7289,2.9730
3157,L,-24.1212,-59.3304,54.0532
3158,L,-23.1126,-61.0768,52.3613
3159,L,-23.8106,-60.1999,51.5267
3160,L,-27.3921,-63.3993,39.1630
3161,L,-26.2227,-62.0407,38.3308
3162,L,-26.7472,-63.0306,35.9467
3163,L,-26.8844,-63.0800,32.9682
3164,L,-28.1016,-64.7791,34.1174
3165,L,-37.9815,-65.6911,44.0855
3166,L,-36.2689,-65.9130,43.4740
3167,L,-36.6741,-68.0385,46.0519
3168,L,-35.0035,-82.3996,29.8643
3169,L,-32.6745,-82.1282,31.6066
3170,L,-34.1757,-83.1287,28.0272
3171,L,-33.9878,-81.7677,25.7745
3172,L,-35.2503,-83.3852,24.8281
3173,L,-36.1008,-83.5912,21.9368
3174,L,-36.8403,-84.1423,23.7844
3175,L,-43.3942,-76.5919,16.3149
3176,L,-41.2303,-78.2669,15.5532
3177,L,-41.5481,-76.8295,13.4602
3178,L,-40.4509,-77.2453,10.8153
3179,L,-20.8203,-61.2739,20.2547
3180,L,-21.8613,-63.8875,17.0786
3181,L,-22.0571,-64.8462,18.9297
3182,L,-5.9714,-74.3147,19.9615
3183,L,-5.7856,-72.3085,17.7025
3184,L,-3.5158,-74.2527,18.8011
3185,L,-3.6459,-76.4815,16.7978
3186,L,-3.3613,-77.5786,19.5905
3187,L,-15.9977,-85.4802,36.8076
3188,L,-13.2016,-84.6455,35.6765
3189,L,-13.4731,-86.2710,35.9047
3190,L,-11.5852,-95.3941,17.4464
3191,L,-10.5942,-92.8999,18.2165
3192,L,-11.9100,-93.7904,13.5115
3193,L,-9.4656,-93.7460,10.9865
3194,L,-11.2634,-97.1546,10.7260
3195,L,-9.7539,-99.8046,9.4104
3196,L,-11.6361,-99.5795,11.8380
3197,L,-27.8278,-95.0509,10.1993
3198,L,-25.0082,-95.1176,8.2943
3199,L,-26.3353,-93.7338,8.1556
3200,L,-24.5829,-91.5892,6.4792
3201,L,-27.5971,-91.1574,8.0350
3202,L,-13.6985,-26.2217,46.8998
3203,L,-15.0888,-25.0709,44.7463
3204,L,-15.3217,-27.5692,44.7431
3205,L,-12.7121,-38.8380,41.1591
3206,L,-13.4172,-36.6840,39.7604
3207,L,-11.0741,-37.3788,41.0713
3208,L,-9.3486,-36.0309,41.3260
3209,L,-8.2701,-38.2238,42.6209
3210,L,-7.0515,-53.6141,46.1378
3211,L,-6.8338,-52.1686,45.4661
3212,L,-8.0424,-53.3551,44.2877
3213,L,-11.8124,-55.8846,31.6273
3214,L,-13.7854,-53.1085,33.0498
3215,L,-13.8905,-52.8032,30.9846
3216,L,-14.2695,-49.4003,30.4583
3217,L,-13.0424,-52.6600,29.3343
3218,L,-11.7846,-52.0616,28.3374
3219,L,-11.7194,-55.2000,28.0812
3220,L,-17.1846,-60.9063,23.3338
3221,L,-14.4364,-61.5831,21.7446
3222,L,-17.7806,-60.3188,21.6151
3223,L,-17.6898,-59.2962,20.0836
3224,L,-1.0909,18.0390,6.5615
3225,L,-0.7951,13.8419,5.8830
3226,L,-0.7838,14.6874,7.7027
3227,L,-0.8203,-4.6390,15.5059
3228,L,-1.5084,-4.9893,13.2375
3229,L,-1.6346,-7.7651,14.2295
3230,L,-2.4133,-10.6892,13.5379
3231,L,-1.3722,-10.7831,14.9249
3232,L,-6.0656,-6.2310,31.2402
3233,L,-4.4876,-5.6103,30.3695
3234,L,-5.1630,-9.0415,30.4427
3235,L,-0.5130,-32.5620,23.9505
3236,L,-0.1716,-29.1695,23.3333
3237,L,0.0344,-32.4843,21.4259
3238,L,0.1140,-32.0810,18.8489
3239,L,0.2747,-35.4513,19.0982
3240,L,0.5685,-37.4629,16.3546
3241,L,0.4222,-37.8784,19.5106
3242,L,-4.9458,-48.3289,19.1278
3243,L,-6.1406,-48.7158,17.2276
3244,L,-5.4564,-50.5397,16.2594
3245,L,-6.4664,-53.3407,13.5106
3246,L,-6.8680,-53.0746,15.8459
3247,L,-32.1384,21.7883,-20.8223
3248,L,-31.3781,19.9889,-20.6081
3249,L,-30.4221,20.0207,-22.0453
3250,L,-24.0740,7.0840,-14.6804
3251,L,-25.2940,7.4325,-14.8284
3252,L,-26.4516,4.1753,-13.1434
3253,L,-29.1718,1.0831,-13.3283
3254,L,-27.7567,1.0246,-12.7613
3255,L,-14.0116,0.2866,-12.0036
3256,L,-15.2104,1.4468,-12.1805
3257,L,-16.3095,-2.4261,-11.9596
3258,L,-36.6091,-12.5635,-23.0890
3259,L,-36.1246,-10.8429,-21.8966
3260,L,-35.4068,-11.0478,-25.0471
3261,L,-33.9660,-9.4044,-26.6606
3262,L,-32.3542,-11.3130,-27.2667
3263,L,-28.9823,-10.5817,-29.3119
3264,L,-30.8257,-12.7529,-27.6090
3265,L,-23.4315,-21.1848,-22.9804
3266,L,-21.6542,-19.0295,-24.4984
3267,L,-20.9418,-20.5391,-24.2209
3268,L,-21.5180,-20.9455,-26.2924
3269,L,-20.9065,-22.3195,-24.0837
3270,L,-58.9052,-9.4096,-3.0826
3271,L,-56.5569,-10.1539,-7.1007
3272,L,-56.7401,-8.2414,-5.4309
3273,L,-48.5364,-0.9501,-23.6803
3274,L,-49.0212,-3.5829,-23.8925
3275,L,-50.8440,-1.9668,-26.0288
3276,L,-54.2754,-2.0715,-26.4123
3277,L,-53.0224,-0.0751,-27.4850
3278,L,-45.5089,10.4728,-23.0795
3279,L,-46.6073,13.4996,-22.0398
3280,L,-44.9371,15.0991,-24.7466
3281,L,-37.5376,2.2927,-37.0398
3282,L,-39.4878,3.3032,-35.1692
3283,L,-40.2248,0.0451,-36.5219
3284,L,-42.5001,-0.9585,-36.4386
3285,L,-41.4940,-2.1443,-38.6017
3286,L,-42.8158,-3.9442,-40.3410
3287,L,-40.3732,-2.6415,-41.0706
3288,L,-32.9296,-3.7906,-36.6182
3289,L,-33.3303,-5.6929,-37.8062
3290,L,-33.3145,-6.0934,-35.0765
3291,L,-33.4006,-8.5611,-34.1253
3292,L,-31.8778,-7.1728,-32.6755
3293,L,-40.0574,-71.8467,0.6234
3294,L,-40.9499,-73.1545,-1.1067
3295,L,-41.0774,-69.9766,-1.7887
3296,L,-47.9644,-60.1718,-6.9842
3297,L,-45.3275,-61.5124,-5.8530
3298,L,-45.0746,-59.7287,-6.2904
3299,L,-42.2170,-60.2027,-5.9318
3300,L,-45.2057,-58.0735,-6.7531
3301,L,-58.2522,-40.0103,-14.2129
3302,L,-55.9592,-43.4571,-14.4918
3303,L,-57.2857,-41.3316,-16.3078
3304,L,-51.1144,-42.7756,-24.6051
3305,L,-51.4549,-44.2918,-22.4188
3306,L,-49.7509,-42.9573,-21.1740
3307,L,-47.9837,-43.5827,-17.4920
3308,L,-47.9826,-41.4859,-20.6182
3309,L,-46.1938,-40.5609,-19.7181
3310,L,-47.4364,-40.2383,-23.2159
3311,L,-46.6861,-20.7971,-29.7408
3312,L,-46.4761,-23.6787,-26.6574
3313,L,-45.4228,-20.4070,-27.6143
3314,L,-44.4095,-20.0721,-25.4458
3315,L,-44.2482,-17.1655,-28.6517
3316,L,-15.0738,-77.3537,11.2713
3317,L,-16.5640,-77.7489,8.7226
3318,L,-15.0615,-79.4489,9.4865
3319,L,-3.9803,-80.1756,-1.1168
3320,L,-3.5498,-77.9847,0.9859
3321,L,-5.7967,-77.6182,-0.5461
3322,L,-7.1859,-74.9588,-1.0859
3323,L,-8.2720,-77.4961,-2.7725
3324,L,-14.5429,-91.9425,-7.8753
3325,L,-12.2560,-91.0739,-8.8043
3326,L,-15.8302,-88.7772,-8.2437
3327,L,-25.9127,-70.0088,-4.3633
3328,L,-22.4972,-71.7149,-5.5170
3329,L,-24.3583,-67.7112,-6.2006
3330,L,-23.3481,-65.1367,-8.9910
3331,L,-25.9849,-63.9648,-6.8287
3332,L,-27.1637,-60.6941,-7.2380
3333,L,-28.7235,-62.8950,-6.1228
3334,L,-32.9396,-46.2834,-19.1017
3335,L,-29.4269,-46.7724,-18.8043
3336,L,-32.3326,-43.4740,-20.8097
3337,L,-31.9015,-40.7372,-22.2962
3338,L,-35.0735,-41.1691,-22.7587
3339,L,-1.9263,-11.9779,-0.0998
3340,L,-2.6439,-13.8431,-2.8362
3341,L,-2.7155,-16.3866,-2.1593
3342,L,-15.8954,-30.1441,-6.4764
3343,L,-14.2095,-27.4046,-7.2757
3344,L,-17.7572,-29.5085,-7.2679
3345,L,-19.7364,-29.0205,-7.7976
3346,L,-22.1463,-31.6096,-6.8236
3347,L,-16.7849,-42.2298,-0.4650
3348,L,-19.7036,-41.7720,0.9674
3349,L,-18.6303,-42.2440,-1.3751
3350,L,-23.8639,-35.7897,-11.1056
3351,L,-27.3189,-38.3549,-9.9721
3352,L,-27.9323,-37.0213,-11.3979
3353,L,-31.7310,-37.3100,-10.9017
3354,L,-27.8882,-35.3713,-12.9557
3355,L,-28.2185,-33.9503,-14.1719
3356,L,-24.7079,-33.0990,-13.6372
3357,L,-33.1565,-40.0571,-10.6048
3358,L,-31.4058,-37.2834,-13.3647
3359,L,-34.1772,-37.8163,-12.5025
3360,L,-34.6513,-35.5717,-14.2929
3361,L,-36.2054,-39.2176,-12.8130
3362,L,-39.3862,-11.9071,55.3687
3363,L,-41.7652,-10.2610,55.3381
3364,L,-41.5050,-10.5991,57.6501
3365,L,-37.7611,-10.2263,59.9299
3366,L,-38.7615,-8.8156,58.5955
3367,L,-35.7200,-10.0039,56.5665
3368,L,-34.1088,-10.1049,52.6198
3369,L,-33.0294,-11.2742,53.9714
3370,L,-34.3077,-25.6124,48.1546
3371,L,-35.1360,-24.7040,47.4640
3372,L,-35.7362,-23.4386,49.9472
3373,L,-37.9185,-15.8971,56.9876
3374,L,-36.2416,-17.6864,54.3633
3375,L,-37.2729,-14.4564,55.6299
3376,L,-36.8829,-13.5018,53.2450
3377,L,-26.0698,-23.8250,54.8292
3378,L,-25.9316,-25.1104,51.5018
3379,L,-28.0965,-24.1328,53.5884
3380,L,-33.7656,-24.4019,52.8819
3381,L,-31.6567,-24.7820,51.5107
3382,L,-33.1090,-25.3145,49.8876
3383,L,-33.1404,-27.0049,47.4321
3384,L,-29.2049,-15.9223,67.4197
3385,L,-28.5028,-17.6712,69.1765
3386,L,-30.2832,-18.6446,68.8542
3387,L,-30.0311,-22.9120,61.2583
3388,L,-28.9442,-22.5842,63.2821
3389,L,-27.5126,-23.2010,59.0093
3390,L,-24.9214,-23.6713,56.6884
3391,L,-30.8619,-12.3435,52.8434
3392,L,-32.6034,-12.1833,56.6893
3393,L,-32.8459,-14.4781,65.6200
3394,L,-31.6902,-13.2705,62.6280
3395,L,-30.7771,-14.3897,65.0557
3396,L,-28.6667,-14.8065,64.3441
3397,L,-21.4446,57.5823,19.6199
3398,L,-19.0323,56.5902,19.9051
3399,L,-20.8036,55.1064,22.3522
3400,L,-21.7394,49.2854,30.8451
3401,L,-19.2770,49.7214,28.0081
3402,L,-20.3722,49.3235,32.2475
3403,L,-18.9248,49.5302,33.3810
3404,L,-19.4273,46.9425,33.4174
3405,L,-28.0915,46.4592,14.8606
3406,L,-26.1369,46.6070,12.9720
3407,L,-26.4065,48.2859,15.2935
3408,L,-23.1037,52.8307,19.9706
3409,L,-23.7579,52.8534,17.0801
3410,L,-23.2344,55.4455,18.6917
3411,L,-22.5085,57.5793,16.5713
3412,L,-32.7602,36.5836,24.7792
3413,L,-33.8238,39.0430,23.6139
3414,L,-31.2852,38.1715,21.2057
3415,L,-26.8440,43.2486,16.0893
3416,L,-29.6991,42.6542,16.7341
3417,L,-28.6181,45.7858,16.7853
3418,L,-30.0574,47.1994,16.3954
3419,L,-52.1444,-8.4870,11.2202
3420,L,-50.2754,-8.1354,10.3045
3421,L,-51.7336,-6.2846,8.5632
3422,L,-55.2394,1.3253,4.8530
3423,L,-53.0991,-0.4198,5.5085
3424,L,-54.3984,2.5483,3.6288
3425,L,-53.0092,3.4976,2.6326
3426,L,-54.6178,4.9310,1.9567
3427,L,-62.8909,-10.7539,12.3232
3428,L,-61.9748,-12.2746,13.0916
3429,L,-61.4503,-10.1355,10.9720
3430,L,-56.1891,-7.1946,9.4081
3431,L,-56.9574,-9.1566,10.9691
3432,L,-54.6597,-8.7173,11.1384
3433,L,-53.2578,-9.8040,13.6186
3434,L,-49.4749,-55.7418,39.5759
3435,L,-48.8160,-56.0022,37.2164
3436,L,-49.3424,-54.2183,38.4245
3437,L,-50.4711,-49.7504,38.7878
3438,L,-49.6815,-50.8622,36.9254
3439,L,-50.7659,-49.2766,36.2545
3440,L,-51.4902,-49.3933,34.1215
3441,L,-52.8685,-48.5592,36.0533
3442,L,-43.9736,-50.4167,39.2627
3443,L,-44.3171,-52.0506,39.4650
3444,L,-45.5534,-52.0522,41.0091
3445,L,-50.4103,-54.0815,42.9412
3446,L,-49.5933,-54.7626,43.1401
3447,L,-50.2563,-55.5122,41.8967
3448,L,-49.8188,-56.9418,40.6949
3449,L,-9.1677,-71.9879,52.2647
3450,L,-10.0879,-73.9360,50.2044
3451,L,-10.7580,-72.0017,50.5568
3452,L,-14.2943,-67.6965,48.8885
3453,L,-13.9817,-70.0590,47.8260
3454,L,-15.3742,-68.6669,47.0917
3455,L,-16.1774,-69.1919,45.4033
3456,L,-16.5378,-67.1751,46.4012
3457,L,-13.3955,-58.2836,58.5959
3458,L,-12.7298,-59.0034,57.7131
3459,L,-12.5148,-61.4430,58.9053
3460,L,-9.8248,-68.9585,56.9553
3461,L,-8.7096,-67.4269,57.9659
3462,L,-8.5529,-69.8941,55.2331
3463,L,-7.5095,-70.3747,53.4884
3464,L,-10.9495,-0.3405,40.2452
3465,L,-9.7043,-1.7711,39.8068
3466,L,-11.0731,-3.3430,40.6685
3467,L,-12.4910,-10.5432,41.8892
3468,L,-11.1358,-9.0735,41.3267
3469,L,-11.6824,-11.7640,40.5659
3470,L,-10.4354,-13.1465,39.6767
3471,L,-12.1994,-14.4211,39.3415
3472,L,-6.8346,18.4406,-13.0970
3473,L,-6.5948,15.8687,-12.7482
3474,L,-6.5128,13.9724,-10.1337
3475,L,-3.5490,-0.0679,-7.5735
3476,L,-4.4886,1.6507,-8.2844
3477,L,-2.7830,-4.2406,-10.7486
3478,L,-2.3373,-7.7756,-12.7966
3479,L,-0.8026,-9.9314,-11.9382
3480,L,-35.2978,8.5927,-3.6072
3481,L,-37.0302,5.7216,-5.1685
3482,L,-35.4145,10.1537,-4.8439
3483,L,-32.5749,14.7119,-7.1508
3484,L,-35.0261,12.2667,-7.7034
3485,L,-33.4124,12.3830,-8.7321
3486,L,-33.9384,9.5833,-10.2933
3487,L,-31.8480,12.3438,-10.2096
3488,L,-47.3317,-33.1813,-7.7045
3489,L,-49.1181,-32.7878,-9.5754
3490,L,-47.6714,-30.4912,-9.2671
3491,L,-48.2386,-23.3749,-11.6920
3492,L,-48.9266,-25.6365,-12.0386
3493,L,-50.0001,-23.3544,-13.5692
3494,L,-52.5394,-22.9342,-14.8656
3495,L,-51.1086,-21.4014,-14.7742
3496,L,-26.8065,-97.3435,-6.0008
3497,L,-24.8937,-96.6055,-8.9147
3498,L,-27.0486,-95.5694,-7.6186
3499,L,-36.4413,-89.7597,-8.1356
3500,L,-33.1980,-91.2490,-9.5531
3501,L,-37.1790,-88.7585,-9.1414
3502,L,-38.1463,-87.4419,-10.7895
3503,L,-40.6882,-86.2159,-9.0666
3504,L,-12.9343,-52.9811,7.1524
3505,L,-15.0362,-53.0394,6.0490
3506,L,-17.4166,-54.7556,6.7336
3507,L,-25.9265,-61.8967,5.1300
3508,L,-24.8990,-59.2916,4.8691
3509,L,-26.0741,-62.4541,3.0311
3510,L,-24.8102,-62.6037,1.1264
3511,L,-24.7441,-65.5116,1.2249
3512,L,-57.5691,-0.3878,31.8965
3513,L,-57.5936,2.4628,32.1390
3514,L,-57.0059,1.2018,33.9896
3515,L,-50.8606,-1.4006,34.9028
3516,L,-51.4701,0.0702,33.2978
3517,L,-48.0444,-1.2497,33.1942
3518,L,-45.2376,-1.5308,31.6451
3519,L,-44.6622,-2.0571,33.7040
3520,L,-38.7757,5.1096,53.5113
3521,L,-39.4270,7.6153,51.4236
3522,L,-39.1555,8.4086,53.4969
3523,L,-36.3709,17.1357,50.6929
3524,L,-38.2997,15.6373,50.3362
3525,L,-37.4420,19.2408,48.9230
3526,L,-37.9818,20.1510,46.4556
3527,L,-36.2516,22.2218,47.7336
3528,L,-35.7632,24.5533,46.2276
3529,L,-34.4945,22.9333,48.1761
3530,L,-30.8480,18.0997,44.3925
3531,L,-31.2717,21.0005,44.2482
3532,L,-29.9542,19.9317,41.6458
3533,L,-29.2950,21.9756,38.9755
3534,L,-28.2573,19.1902,39.2150
3535,L,-39.2118,-29.2961,39.3846
3536,L,-40.1312,-28.7709,37.4413
3537,L,-41.3408,-28.3061,40.0465
3538,L,-47.3259,-25.8109,45.2282
3539,L,-45.2894,-26.2054,42.0277
3540,L,-47.5275,-25.4353,42.8723
3541,L,-47.7194,-25.5150,40.2942
3542,L,-49.8392,-24.9483,43.5833
3543,L,-38.6243,-16.7516,32.9266
3544,L,-40.4964,-18.2621,32.3587
3545,L,-39.9489,-14.9968,31.5813
3546,L,-43.9364,-9.4943,29.1079
3547,L,-42.7499,-12.2143,28.7439
3548,L,-44.4843,-11.4331,27.2511
3549,L,-46.8759,-13.4514,27.4727
3550,L,-46.4105,-11.0825,25.8222
3551,L,-48.0818,-10.9512,24.7523
3552,L,-46.8238,-8.4834,25.6601
3553,L,-54.3859,-3.3334,32.3144
3554,L,-51.7222,-4.3315,28.6944
3555,L,-55.1820,-2.5311,30.6090
3556,L,-55.7386,-2.0096,28.5419
3557,L,-20.7662,-45.8476,60.5756
3558,L,-21.7488,-47.6177,58.2778
3559,L,-21.3367,-45.5342,58.9806
3560,L,-21.4927,-41.8397,56.6238
3561,L,-22.3066,-44.6031,56.6999
3562,L,-23.2828,-43.6699,55.8396
3563,L,-25.7563,-44.8433,56.8330
3564,L,-24.3458,-42.6306,54.6413
3565,L,-42.3891,-31.9377,60.0770
3566,L,-40.9628,-33.6281,58.9172
3567,L,-42.7359,-33.4019,57.5279
3568,L,-40.7773,-33.7516,49.7465
3569,L,-40.6016,-34.7049,51.5704
3570,L,-38.0648,-34.9271,47.9262
3571,L,-35.1732,-35.5269,47.0485
3572,L,-35.1213,-34.8458,44.7128
3573,L,-33.1365,-35.0787,42.4428
3574,L,-35.7707,-33.6101,43.6707
3575,L,-39.9062,-30.0730,43.3891
3576,L,-36.9999,-31.1097,41.8664
3577,L,-38.0724,-30.1564,40.6328
3578,L,-36.9704,-30.8350,37.9196
3579,L,-9.3035,-10.0427,63.2063
3580,L,-7.8095,-12.7391,62.5995
3581,L,-7.8483,-12.2727,64.3874
3582,L,-5.9655,-15.8728,68.9558
3583,L,-5.5027,-16.2056,67.1180
3584,L,-5.7881,-18.2587,68.2490
3585,L,-6.5947,-20.9854,67.4676
3586,L,-6.1658,-20.8073,69.1254
3587,L,-12.7744,-35.9798,63.2837
3588,L,-10.9820,-36.8437,64.5209
3589,L,-13.1016,-35.9408,67.4575
3590,L,-14.0341,-34.9779,75.1205
3591,L,-12.3589,-34.6369,74.9950
3592,L,-12.9265,-36.6507,75.4473
3593,L,-11.9763,-38.4797,75.4522
3594,L,-14.8905,-39.5321,74.6929
3595,L,-16.8798,-41.8419,73.9360
3596,L,-17.1090,-40.4353,72.6705
3597,L,-19.6394,-42.2119,64.5038
3598,L,-19.5755,-43.3872,66.3829
3599,L,-20.2748,-44.8411,63.3293
3600,L,-20.0162,-46.5620,62.2657
3601,L,-26.0097,19.6069,36.6844
3602,L,-26.9921,17.0365,39.1712
3603,L,-25.3131,12.5377,42.9729
3604,L,-23.8765,14.8680,41.1631
3605,L,-23.0142,15.1826,43.2921
3606,L,-21.7708,18.2400,44.8665
3607,L,-22.9947,15.9413,46.0090
3608,L,-19.9298,-4.6601,63.3953
3609,L,-19.1139,-1.2445,64.0817
3610,L,-19.8603,-2.8834,66.1668
3611,L,-15.7671,-1.1922,69.1462
3612,L,-17.3799,0.4993,68.5842
3613,L,-15.0461,1.5136,68.2509
3614,L,-14.5360,4.1605,66.1271
3615,L,-12.7868,2.2002,68.0180
3616,L,-11.1303,2.8398,67.9065
3617,L,-11.7804,0.1144,68.3133
3618,L,-10.4712,-7.1833,65.4136
3619,L,-11.1163,-4.5198,64.4986
3620,L,-10.1167,-7.1877,63.6416
3621,L,-9.9732,-7.2996,62.0705
3622,L,-10.6691,41.6574,-4.1109
3623,L,-7.9194,41.9419,-3.8953
3624,L,-9.6439,42.9071,-2.2407
3625,L,-9.8286,45.0026,3.0497
3626,L,-8.7461,43.9984,1.6492
3627,L,-10.6692,42.7534,3.5342
3628,L,-10.5540,40.6668,4.6315
3629,L,-12.3642,42.0503,5.6788
3630,L,-8.2155,46.1916,34.7404
3631,L,-8.7534,44.0191,31.8075
3632,L,-8.1416,42.2930,35.2672
3633,L,-9.1093,32.8406,39.9047
3634,L,-8.9284,35.5889,37.0304
3635,L,-8.7442,31.6448,37.3872
3636,L,-8.1342,30.8219,35.2778
3637,L,-7.2811,28.7590,37.2053
3638,L,-8.3078,25.5816,37.9669
3639,L,-6.5951,26.3920,39.4304
3640,L,-7.6690,24.2344,47.0684
3641,L,-7.1972,22.5239,44.9137
3642,L,-7.6878,21.0858,47.3272
3643,L,-8.4672,18.4652,47.8415
3644,L,-8.1105,19.6646,50.0009
3645,L,-44.0281,40.6693,-14.4255
3646,L,-41.5870,39.4539,-14.2333
3647,L,-41.5437,42.2476,-13.7751
3648,L,-34.7985,48.2058,-9.9755
3649,L,-35.2092,45.0782,-10.7689
3650,L,-32.4252,46.1307,-11.4949
3651,L,-30.4855,43.2692,-13.0295
3652,L,-30.5459,47.6548,-12.6212
3653,L,-9.1991,65.3729,-5.5615
3654,L,-8.6217,64.2577,-8.4919
3655,L,-6.8468,64.6061,-7.2031
3656,L,-6.5254,54.7761,-7.6258
3657,L,-6.5716,58.6764,-9.7918
3658,L,-8.2139,55.1503,-10.4733
3659,L,-6.9863,54.0611,-14.7474
3660,L,-8.8718,51.0485,-11.9770
3661,L,-7.7804,47.9494,-13.0329
3662,L,-7.2111,48.4943,-10.3888
3663,L,-13.5717,45.0351,-4.7752
3664,L,-12.7666,44.6922,-7.6894
3665,L,-12.9591,42.3619,-5.5035
3666,L,-11.2883,40.0236,-6.2187
3667,L,-38.6088,12.2875,22.7211
3668,L,-41.4636,11.8543,22.5007
3669,L,-39.9643,14.2445,22.4233
3670,L,-41.6590,19.4861,19.8407
3671,L,-43.3708,17.4309,20.5315
3672,L,-44.9926,19.3121,19.5026
3673,L,-48.1823,19.1939,19.5678
3674,L,-46.2440,21.2355,18.6125
3675,L,-39.6912,43.3896,5.4580
3676,L,-38.7029,40.7616,4.3851
3677,L,-39.6496,42.2059,2.6439
3678,L,-40.9281,39.0229,-2.9465
3679,L,-42.0293,38.8979,-0.7103
3680,L,-44.4190,38.0604,-2.1694
3681,L,-47.5177,37.1204,-1.6829
3682,L,-46.8193,36.9283,-3.7304
3683,L,-48.5277,35.7230,-5.1452
3684,L,-45.9621,36.6705,-5.6970
3685,L,-43.7137,41.9778,-11.6557
3686,L,-44.9224,37.8409,-11.4544
3687,L,-44.9984,39.9757,-13.3290
3688,L,-45.7971,37.6029,-14.0746
3689,L,-43.8564,-28.3646,3.9244
3690,L,-46.0182,-26.1530,4.0901
3691,L,-43.9079,-28.2267,6.3219
3692,L,-38.2476,-27.7473,10.7509
3693,L,-41.7985,-26.7296,9.8498
3694,L,-39.4383,-26.2932,9.2732
3695,L,-40.4690,-24.9684,7.5070
3696,L,-37.4185,-27.1648,7.5827
3697,L,-38.1234,0.2256,15.8441
3698,L,-36.4959,-2.2054,16.6181
3699,L,-36.4121,0.9974,15.3313
3700,L,-33.5254,6.7957,13.5841
3701,L,-33.6632,2.7344,13.7439
3702,L,-32.7927,3.6754,12.7645
3703,L,-32.9654,0.3129,11.6043
3704,L,-32.2443,4.7317,11.6396
3705,L,-32.0547,5.5308,10.4539
3706,L,-31.4104,8.6930,12.0433
3707,L,-32.2809,18.6532,12.8203
3708,L,-30.6579,16.2484,12.6039
3709,L,-30.8004,19.8427,12.4897
3710,L,-29.5741,20.9690,11.5366
3711,L,-31.4324,23.0947,11.5702
3712,L,-60.4632,-30.8545,34.7888
3713,L,-60.8192,-32.7823,35.6440
3714,L,-61.7615,-31.6434,33.7307
3715,L,-62.5961,-32.3835,28.1789
3716,L,-61.3433,-33.4491,30.5420
3717,L,-59.8745,-33.6160,28.8171
3718,L,-56.5442,-35.1702,29.7377
3719,L,-57.9961,-34.0570,27.7336
3720,L,-42.6045,-29.8868,21.6841
3721,L,-42.5880,-31.6380,19.2642
3722,L,-40.3400,-32.5379,20.0842
3723,L,-36.9704,-37.1171,13.8018
3724,L,-37.6662,-37.4187,15.8981
3725,L,-38.7207,-38.3618,12.9962
3726,L,-40.7081,-39.2769,12.9221
3727,L,-40.8816,-37.9648,10.2623
3728,L,-43.1949,-36.9714,8.5631
3729,L,-40.8838,-36.4752,8.1778
3730,L,-40.1688,-31.9300,6.4129
3731,L,-41.5716,-32.7396,4.6215
3732,L,-42.4550,-30.4605,3.8023
3733,L,-45.1618,-28.7981,1.9524
3734,L,-41.2350,-71.8394,20.3660
3735,L,-41.4693,-72.1195,17.3882
3736,L,-41.4555,-70.1122,19.6311
3737,L,-43.1898,-66.8170,18.4918
3738,L,-42.1450,-67.7236,17.4908
3739,L,-42.1326,-66.5312,16.2013
3740,L,-41.6273,-65.6892,13.8665
3741,L,-42.0502,-65.0594,15.0612
3742,L,-51.0056,-52.5443,19.7566
3743,L,-48.1147,-51.1831,18.6459
3744,L,-51.0299,-51.2958,17.3855
3745,L,-54.2778,-47.4249,12.6841
3746,L,-51.4794,-48.1340,13.3818
3747,L,-51.5446,-46.5981,11.4553
3748,L,-49.2625,-46.3119,9.9797
3749,L,-51.6704,-45.3940,9.6098
3750,L,-51.3592,-44.2786,7.8603
3751,L,-53.9528,-44.4144,9.1925
3752,L,-61.3631,-41.9932,9.2433
3753,L,-58.7917,-42.0772,7.9972
3754,L,-61.3372,-40.4907,7.6380
3755,L,-60.9515,-39.3276,6.4998
3756,L,-63.5865,-38.8837,7.7371
3757,L,-27.1488,-55.6477,49.5176
3758,L,-25.9162,-57.2376,48.3038
3759,L,-26.1977,-56.3441,46.8987
3760,L,-27.1582,-57.8206,40.9428
3761,L,-26.9093,-58.6757,42.6011
3762,L,-28.3411,-59.9269,41.7589
3763,L,-28.9025,-62.1219,42.4112
3764,L,-29.4709,-61.5161,40.9677
3765,L,-39.3618,-70.1989,41.0478
3766,L,-38.0068,-71.9768,42.0444
3767,L,-38.1412,-71.9633,38.7285
3768,L,-41.5953,-74.6751,32.3148
3769,L,-39.2558,-75.4177,34.0278
3770,L,-39.9761,-76.0484,31.9744
3771,L,-37.8222,-77.3088,31.6888
3772,L,-39.9658,-75.7586,30.1352
3773,L,-38.9988,-76.0156,27.6754
3774,L,-41.4118,-74.7421,28.5082
3775,L,-44.4023,-71.5799,24.0471
3776,L,-42.2063,-72.8358,24.6719
3777,L,-41.6266,-72.1327,22.6853
3778,L,-41.7967,-74.0400,20.3302
3779,L,-17.7005,-63.2868,27.3905
3780,L,-20.1590,-66.7348,24.1442
3781,L,-19.3329,-67.0119,25.7073
3782,L,-18.0453,-74.6724,23.7382
3783,L,-17.9838,-74.4273,21.6294
3784,L,-15.0404,-76.7030,21.2857
3785,L,-11.9308,-77.2584,20.3919
3786,L,-12.1187,-78.0225,22.6191
3787,L,-20.2135,-86.5414,28.5998
3788,L,-17.1691,-85.7889,28.9131
3789,L,-17.8331,-85.6206,25.9382
3790,L,-16.5218,-89.0898,19.6163
3791,L,-15.7300,-89.4193,22.1420
3792,L,-14.7770,-91.8049,20.2054
3793,L,-13.4206,-94.4464,21.0158
3794,L,-15.7533,-93.7073,18.7065
3795,L,-16.3555,-95.1597,16.7073
3796,L,-17.6651,-93.1455,16.7781
3797,L,-23.1894,-88.1508,13.7489
3798,L,-21.9661,-91.2477,13.9957
3799,L,-24.6140,-89.8498,13.5984
3800,L,-26.1760,-91.7874,13.3581
3801,L,-26.8139,-88.8602,13.2777
3802,L,-15.1723,-34.7315,49.4907
3803,L,-16.6546,-34.6409,47.0170
3804,L,-17.1584,-36.9797,48.2199
3805,L,-17.1272,-43.7956,47.0066
3806,L,-18.1262,-41.4941,45.7621
3807,L,-16.4983,-43.0440,44.7701
3808,L,-15.5747,-41.7065,42.9136
3809,L,-13.9501,-43.2424,44.6354
3810,L,-6.6809,-61.4473,40.6218
3811,L,-6.5937,-59.2076,39.7520
3812,L,-6.9592,-61.9874,38.5698
3813,L,-4.3287,-66.0938,32.4608
3814,L,-5.4440,-62.2151,34.6047
3815,L,-5.3812,-63.0462,32.4931
3816,L,-6.6982,-60.5478,32.2146
3817,L,-5.1593,-63.7219,30.0018
3818,L,-4.6756,-63.6002,28.0580
3819,L,-3.8319,-66.6925,28.2586
3820,L,-12.2825,-63.7658,29.6429
3821,L,-10.0256,-65.2254,27.4728
3822,L,-13.6486,-62.6625,28.2301
3823,L,-14.9127,-61.9054,26.7287
3824,L,-0.4873,19.1643,14.9724
3825,L,-0.7188,15.6460,13.9233
3826,L,-0.5221,15.7789,15.9884
3827,L,-0.7260,9.0255,20.3076
3828,L,-0.6767,8.8382,18.2635
3829,L,-0.7398,5.6066,19.4439
3830,L,-0.7289,2.3323,18.4092
3831,L,-0.8162,2.5665,20.6601
3832,L,-6.9184,-19.6134,31.4315
3833,L,-7.3014,-19.1673,30.2843
3834,L,-7.7698,-22.3167,30.3603
3835,L,-8.5554,-31.3494,28.5683
3836,L,-7.6322,-28.4501,28.2331
3837,L,-7.1396,-31.7093,27.3569
3838,L,-5.0226,-32.0780,26.3667
3839,L,-6.5068,-34.7597,26.1249
3840,L,-5.9947,-37.2623,24.8932
3841,L,-8.0998,-36.9843,26.1777
3842,L,-6.5147,-40.8647,27.1013
3843,L,-8.5291,-41.2044,26.1447
3844,L,-6.6256,-43.1079,25.8423
3845,L,-6.3403,-45.1821,23.9019
3846,L,-4.8437,-45.4465,25.8607
3847,L,-21.5665,23.5163,-15.4691
3848,L,-23.4578,21.3005,-17.5803
3849,L,-20.5748,21.2322,-16.7867
3850,L,-16.6602,16.1891,-22.7093
3851,L,-18.3540,15.9699,-21.5847
3852,L,-18.1171,12.9339,-22.0708
3853,L,-20.2272,11.5514,-19.5786
3854,L,-18.9557,11.8217,-19.2236
3855,L,-19.8600,-13.8031,-12.4096
3856,L,-21.6621,-12.7518,-11.7850
3857,L,-24.1425,-15.3317,-11.8488
3858,L,-36.9900,-18.8473,-15.2535
3859,L,-34.2335,-17.2660,-14.7623
3860,L,-37.5522,-17.3286,-17.0707
3861,L,-37.7901,-15.7321,-19.0718
3862,L,-38.0862,-17.7213,-19.9237
3863,L,-35.8140,-18.0553,-22.1632
3864,L,-37.4630,-19.6883,-20.1253
3865,L,-37.0094,-25.2261,-18.2798
3866,L,-35.2845,-23.2918,-20.0650
3867,L,-33.8964,-24.7811,-19.7976
3868,L,-30.4593,-24.0505,-21.4936
3869,L,-32.3426,-26.0750,-19.4947
3870,L,-57.6533,-1.8927,-3.7023
3871,L,-58.3299,-1.5856,-5.4851
3872,L,-57.8539,0.1149,-5.6156
3873,L,-55.7955,5.5122,-9.7403
3874,L,-56.7335,4.0198,-9.8946
3875,L,-55.7477,5.1758,-12.4529
3876,L,-53.3819,2.8496,-16.5728
3877,L,-54.4941,5.7064,-15.7131
3878,L,-37.4475,13.8338,-32.6271
3879,L,-37.8370,16.9210,-32.6950
3880,L,-35.0055,16.3947,-34.9803
3881,L,-29.6155,12.5092,-39.8117
3882,L,-31.8019,14.7410,-39.1713
3883,L,-31.9807,11.0729,-39.5056
3884,L,-33.8194,8.5478,-38.6127
3885,L,-32.4320,6.7112,-38.6193
3886,L,-33.3240,3.0507,-39.7866
3887,L,-31.1717,5.0701,-39.0813
3888,L,-27.1483,3.6849,-41.8293
3889,L,-29.5084,2.8962,-42.2410
3890,L,-28.7521,1.6196,-42.0711
3891,L,-30.3614,-0.1070,-40.5542
3892,L,-28.6511,0.9283,-38.7971
3893,L,-48.0554,-62.6646,-1.5606
3894,L,-47.6390,-64.0484,-2.6557
3895,L,-50.4754,-63.7404,-2.9093
3896,L,-53.6769,-60.0455,-5.7916
3897,L,-52.7273,-62.0690,-5.3452
3898,L,-53.0952,-61.2500,-7.0694
3899,L,-51.5311,-61.8466,-8.0854
3900,L,-53.3779,-60.2034,-8.9654
3901,L,-56.2689,-29.7844,-17.5012
3902,L,-54.4377,-33.4329,-17.3350
3903,L,-52.9679,-30.4749,-18.4730
3904,L,-54.2870,-30.3239,-26.3981
3905,L,-53.4435,-32.8443,-24.2619
3906,L,-55.2528,-34.1453,-26.5560
3907,L,-55.2925,-37.4391,-26.5190
3908,L,-55.3664,-34.8354,-28.0599
3909,L,-53.8269,-35.0789,-28.2086
3910,L,-55.0907,-31.3498,-29.3128
3911,L,-54.5179,-21.5933,-33.1040
3912,L,-53.8426,-24.4673,-31.9184
3913,L,-52.7693,-21.6245,-33.4764
3914,L,-50.7447,-21.1300,-32.5231
3915,L,-51.5485,-18.6606,-35.1953
3916,L,-11.6832,-85.7598,9.5151
3917,L,-13.0470,-84.6564,7.0035
3918,L,-12.6984,-85.9791,5.2142
3919,L,-8.1569,-88.7660,-2.2919
3920,L,-8.4029,-86.6103,-0.8454
3921,L,-5.5543,-87.8142,-1.9289
3922,L,-3.9475,-85.7647,-1.5817
3923,L,-3.7261,-88.1653,-4.0011
3924,L,-26.9888,-82.5802,-11.4158
3925,L,-25.1372,-82.8884,-9.8151
3926,L,-28.6583,-80.1618,-9.8429
3927,L,-29.0025,-71.6330,-13.5524
3928,L,-29.0359,-75.3074,-10.0211
3929,L,-29.3915,-72.2881,-10.1155
3930,L,-29.1120,-72.6409,-7.1230
3931,L,-30.3735,-69.3683,-10.6022
3932,L,-30.6852,-66.6215,-11.0852
3933,L,-29.9442,-66.3907,-13.7324
3934,L,-37.1148,-57.1687,-17.6018
3935,L,-33.4967,-58.8547,-15.7228
3936,L,-36.0225,-54.4985,-17.3952
3937,L,-34.9173,-51.9591,-17.3130
3938,L,-37.7067,-51.2047,-19.7170
3939,L,-2.8583,-21.6299,3.7870
3940,L,-3.2625,-22.7655,1.3018
3941,L,-3.6717,-24.7293,2.1361
3942,L,-9.2176,-31.0764,-0.4431
3943,L,-8.3613,-28.9567,-0.8100
3944,L,-10.7360,-31.3044,-2.3595
3945,L,-12.3717,-31.1578,-3.9453
3946,L,-13.9065,-33.3274,-2.9980
3947,L,-16.8884,-44.3506,-7.0061
3948,L,-14.5064,-40.2828,-7.1807
3949,L,-16.0557,-42.7933,-8.1515
3950,L,-19.1099,-42.9432,-9.6541
3951,L,-16.4221,-40.0009,-10.4893
3952,L,-17.0428,-38.4693,-11.3608
3953,L,-16.7073,-35.0853,-11.4767
3954,L,-17.9394,-37.3582,-12.4573
3955,L,-18.7096,-36.5896,-13.5882
3956,L,-21.2035,-40.1943,-10.9664
3957,L,-26.2919,-47.4714,-5.6868
3958,L,-26.2225,-43.9671,-7.4340
3959,L,-28.3382,-45.4943,-6.2984
3960,L,-30.2729,-43.6076,-7.4252
3961,L,-30.3903,-46.9737,-5.8402
3962,L,-49.4601,-9.0626,43.3695
3963,L,-51.9245,-7.0176,44.4999
3964,L,-50.9168,-8.3966,45.9625
3965,L,-49.0216,-6.6031,48.2171
3966,L,-50.1711,-4.8874,47.9238
3967,L,-48.4596,-2.5546,47.2544
3968,L,-47.0875,0.9422,47.1431
3969,L,-46.1568,-0.9245,46.4602
3970,L,-42.1977,-7.3514,53.1241
3971,L,-43.4840,-7.7110,51.3607
3972,L,-41.0364,-7.2813,49.2295
3973,L,-36.8989,-3.8097,42.9691
3974,L,-40.2055,-4.7478,42.9048
3975,L,-39.1133,-2.0670,44.1130
3976,L,-40.9382,-0.6175,45.8805
3977,L,-38.3616,0.0568,46.5495
3978,L,-38.2503,1.3686,49.0837
3979,L,-36.0837,0.7644,48.1066
3980,L,-29.7895,-0.4059,49.2085
3981,L,-31.7893,0.5846,50.9021
3982,L,-30.5983,1.4683,51.5640
3983,L,-31.2525,3.4156,54.0416
3984,L,-29.2395,2.5292,52.1645
3985,L,-47.4247,-22.0610,59.2573
3986,L,-48.1706,-20.4263,58.0563
3987,L,-46.5742,-20.0342,57.6986
3988,L,-41.4074,-21.9175,48.1888
3989,L,-43.5841,-20.5865,50.4909
3990,L,-41.4219,-21.2194,47.0022
3991,L,-41.9274,-20.8501,45.6674
3992,L,-39.0090,-21.5688,43.6866
3993,L,-33.4782,-22.2688,46.6394
3994,L,-34.5326,-23.6343,44.6524
3995,L,-32.2935,-21.0979,45.3392
3996,L,-33.2845,-16.9860,40.6568
3997,L,-32.3058,-19.4807,40.9394
3998,L,-33.3845,-19.2787,38.7588
3999,L,-34.8689,-21.3383,38.1021
4000,L,-34.7392,-19.1401,36.8768
4001,L,-36.1291,-18.8871,35.3420
4002,L,-35.9403,-16.6332,36.9585
4003,L,-44.1701,-12.5709,41.8746
4004,L,-42.0275,-13.2957,39.3360
4005,L,-45.7057,-11.2514,41.3188
4006,L,-47.0191,-10.1273,40.4211
4007,L,-22.9224,-31.2361,69.4720
4008,L,-24.7367,-31.6145,70.3922
4009,L,-24.8756,-30.7350,68.4332
4010,L,-28.7357,-30.1507,63.6697
4011,L,-28.9602,-29.9493,66.9960
4012,L,-31.0691,-29.9255,66.4097
4013,L,-32.7252,-30.7807,67.5041
4014,L,-33.0476,-30.1313,65.6229
4015,L,-27.7015,-29.1466,49.9604
4016,L,-27.6568,-30.1566,52.5973
4017,L,-29.7741,-30.4527,52.4267
4018,L,-37.8170,-29.9562,58.8139
4019,L,-35.3574,-30.8907,58.9794
4020,L,-37.8782,-29.8243,62.0197
4021,L,-37.6131,-29.8429,64.6246
4022,L,-39.5630,-29.0572,63.9327
4023,L,-40.9554,-29.6177,64.0584
4024,L,-41.2696,-27.8968,63.0320
4025,L,-44.5331,-23.4335,59.9001
4026,L,-44.5915,-25.0029,61.3854
4027,L,-46.1415,-23.4671,60.3910
4028,L,-47.3632,-24.6326,59.3871
4029,L,-13.7720,-14.6262,64.1117
4030,L,-12.9641,-16.0754,65.9023
4031,L,-14.2324,-17.5253,65.2207
4032,L,-18.7203,-19.9315,70.8464
4033,L,-16.7623,-19.9144,70.5663
4034,L,-17.2814,-21.2606,72.1849
4035,L,-15.6784,-23.0173,72.5235
4036,L,-16.9940,-23.3796,71.2362
4037,L,-25.2526,-21.7881,68.3991
4038,L,-24.0017,-21.3249,69.8376
4039,L,-22.8495,-22.7290,66.7078
4040,L,-16.5916,-27.0832,58.7161
4041,L,-17.4232,-24.8830,62.9128
4042,L,-15.2723,-27.2532,60.7848
4043,L,-14.2201,-27.3747,63.0548
4044,L,-13.5485,-29.9187,59.3200
4045,L,-12.5149,-32.3879,59.1944
4046,L,-14.2350,-32.2055,57.8758
4047,L,-20.1714,-32.4997,61.5911
4048,L,-18.1893,-33.3015,61.7107
4049,L,-20.5149,-32.0055,65.8889
4050,L,-20.7601,-31.3860,69.9129
4051,L,-27.7088,3.8449,51.9344
4052,L,-27.3038,1.4001,49.4343
4053,L,-22.7042,-3.6565,45.8921
4054,L,-23.3564,-0.6110,46.2008
4055,L,-21.4281,-2.2042,47.3220
4056,L,-20.5948,-0.8196,49.1760
4057,L,-20.6041,-3.9434,49.3762
4058,L,-26.6544,-13.3029,51.5321
4059,L,-25.1020,-11.8943,48.7933
4060,L,-24.6166,-12.9548,51.8054
4061,L,-20.6954,-12.2796,56.2967
4062,L,-21.4895,-10.9671,53.7512
4063,L,-20.4501,-9.7251,55.2186
4064,L,-20.1830,-7.0274,54.4439
4065,L,-19.8911,-8.4684,56.9429
4066,L,-19.7518,-7.1859,58.9506
4067,L,-19.4398,-9.9969,58.9098
4068,L,-16.1296,-14.9817,61.5841
4069,L,-16.5099,-11.9720,61.0241
4070,L,-15.0269,-13.2710,62.2686
4071,L,-14.3391,-11.5411,63.5672
4072,L,-8.2342,61.0928,5.8074
4073,L,-9.3759,59.1613,7.4004
4074,L,-9.4007,61.1196,9.1165
4075,L,-7.7297,62.5826,17.9013
4076,L,-7.3175,60.9514,16.1627
4077,L,-7.3664,60.4653,18.8112
4078,L,-8.0898,57.5973,19.8468
4079,L,-7.7401,59.1461,22.0867
4080,L,-14.5382,56.2340,21.8763
4081,L,-12.8940,58.5997,21.1350
4082,L,-12.1408,56.7836,24.0032
4083,L,-9.6342,55.1419,32.5264
4084,L,-9.2307,57.3249,29.1153
4085,L,-8.0070,56.5864,31.2563
4086,L,-7.0519,56.6446,29.2271
4087,L,-6.9581,54.7742,32.7727
4088,L,-6.6305,52.0981,33.3961
4089,L,-6.8081,52.5517,35.8845
4090,L,-8.3296,46.1919,43.1122
4091,L,-6.5573,47.3948,42.1587
4092,L,-7.4124,44.5981,45.0501
4093,L,-6.7217,42.5492,46.4629
4094,L,-8.4560,41.7634,47.4761
4095,L,-36.1591,52.9687,1.8205
4096,L,-35.2440,53.2357,-0.3593
4097,L,-33.6580,51.9485,0.6266
4098,L,-25.5900,48.6021,0.3498
4099,L,-27.0982,49.2306,-1.3873
4100,L,-23.3454,50.4475,-1.0643
4101,L,-21.7430,52.8211,-2.0849
4102,L,-21.1177,53.7307,-0.1392
4103,L,-23.0782,50.8926,9.0725
4104,L,-22.7092,49.9692,6.2134
4105,L,-22.2358,53.7753,7.2466
4106,L,-19.6081,62.1129,4.7824
4107,L,-21.4394,59.8946,4.0620
4108,L,-19.7553,61.8758,2.0476
4109,L,-19.0758,60.9823,-0.8056
4110,L,-16.8023,62.4369,-0.1351
4111,L,-14.2649,63.2576,-2.1732
4112,L,-13.8413,62.2963,0.8684
4113,L,-9.0538,65.0225,6.9591
4114,L,-8.7221,64.6057,4.1555
4115,L,-7.6451,63.6832,5.1609
4116,L,-7.1932,61.2577,3.3253
4117,L,-44.2492,28.9836,26.4713
4118,L,-43.8202,29.7266,24.9737
4119,L,-45.3508,31.2717,25.0500
4120,L,-41.5383,35.6414,22.1760
4121,L,-43.0449,34.2368,22.0045
4122,L,-41.3623,35.8907,20.6407
4123,L,-40.1514,35.7094,19.2969
4124,L,-39.2774,37.5687,19.3373
4125,L,-36.5582,43.9214,21.8239
4126,L,-39.0685,43.3950,23.0787
4127,L,-37.8552,45.6672,20.5663
4128,L,-36.6958,46.9974,14.5871
4129,L,-36.7281,44.6226,16.2816
4130,L,-35.9869,44.2825,13.9715
4131,L,-36.1140,41.8516,13.9258
4132,L,-36.5104,43.8886,11.5452
4133,L,-37.8063,43.8343,9.2637
4134,L,-37.9796,45.9764,9.8944
4135,L,-35.9012,50.4420,4.5758
4136,L,-38.4479,50.5378,5.6918
4137,L,-37.5203,51.5202,3.2632
4138,L,-38.2024,51.9181,2.0336
4139,L,-35.8262,-26.0967,20.7846
4140,L,-34.2107,-25.8362,20.1965
4141,L,-36.3809,-23.1299,20.7566
4142,L,-40.8979,-14.1152,20.4313
4143,L,-38.4585,-16.7272,20.9156
4144,L,-39.2458,-13.5938,20.4467
4145,L,-37.6492,-13.1462,20.1200
4146,L,-39.7354,-11.0455,18.3633
4147,L,-47.0034,-7.4618,9.2315
4148,L,-45.5467,-9.1398,11.9925
4149,L,-46.6361,-6.4023,10.6178
4150,L,-45.4597,-0.8520,12.2005
4151,L,-45.6231,-4.0149,13.9579
4152,L,-44.1686,-3.0384,14.9471
4153,L,-42.3278,-5.2651,16.6471
4154,L,-42.6295,-2.2106,15.5129
4155,L,-41.1195,-1.4165,15.8484
4156,L,-42.4696,0.6488,13.5416
4157,L,-43.4767,8.3014,6.6583
4158,L,-41.9358,6.3736,9.1332
4159,L,-42.3153,9.4127,7.8847
4160,L,-40.8962,10.5536,8.9526
4161,L,-41.5919,12.0647,6.2919
4162,L,-58.2902,-21.5419,25.0260
4163,L,-58.0614,-23.6837,23.6756
4164,L,-58.2410,-22.1741,23.5062
4165,L,-55.3631,-20.3692,22.3756
4166,L,-56.1677,-22.8676,21.7107
4167,L,-54.5299,-22.9636,21.6624
4168,L,-54.2648,-25.1171,20.7679
4169,L,-52.7642,-22.8381,21.9468
4170,L,-58.2153,-16.0440,14.6478
4171,L,-57.8093,-17.1880,15.5297
4172,L,-55.6724,-17.0523,14.5471
4173,L,-48.0041,-19.4132,16.7893
4174,L,-50.3629,-18.4938,17.3497
4175,L,-48.2390,-19.9615,19.8149
4176,L,-48.8140,-22.1018,21.8316
4177,L,-46.7284,-22.1749,21.4638
4178,L,-45.5643,-24.8883,21.7858
4179,L,-44.4075,-22.8360,20.9245
4180,L,-39.5761,-23.2251,19.5096
4181,L,-40.0420,-24.8514,20.7227
4182,L,-37.9164,-25.5500,20.8579
4183,L,-36.0515,-27.9022,21.7351
4184,L,-39.9265,-64.6513,32.5608
4185,L,-38.9518,-63.7623,30.6928
4186,L,-40.6623,-62.5817,31.9478
4187,L,-46.4185,-60.2881,29.6745
4188,L,-43.5480,-59.9429,29.2773
4189,L,-45.2281,-58.9513,27.9407
4190,L,-43.9316,-57.4486,26.4196
4191,L,-46.5993,-58.0442,26.8984
4192,L,-48.9233,-56.4230,32.6423
4193,L,-50.9332,-58.2906,31.7765
4194,L,-49.8271,-56.4895,30.5950
4195,L,-51.0572,-54.7109,26.3828
4196,L,-51.5708,-56.3966,27.1725
4197,L,-51.5412,-56.2378,25.4471
4198,L,-49.5514,-56.2543,24.7303
4199,L,-50.9363,-55.4897,23.8727
4200,L,-50.7601,-54.7517,22.4599
4201,L,-52.3833,-54.2536,23.2520
4202,L,-57.0219,-51.9374,22.5233
4203,L,-56.2012,-53.1550,21.2807
4204,L,-57.9274,-52.2638,20.5710
4205,L,-58.7849,-52.1882,18.6679
4206,L,-59.8223,-51.5689,20.4016
4207,L,-31.2023,-50.5454,33.8366
4208,L,-31.3028,-52.7703,33.8684
4209,L,-33.3209,-52.5814,33.1255
4210,L,-38.8841,-56.9378,37.0389
4211,L,-37.0563,-56.6393,36.6745
4212,L,-38.1542,-58.3739,39.3695
4213,L,-38.4371,-60.6837,40.9529
4214,L,-39.5685,-60.2426,41.9632
4215,L,-45.4702,-56.0425,39.3360
4216,L,-44.2141,-56.5964,38.3757
4217,L,-45.3383,-58.2388,40.0142
4218,L,-45.7503,-63.6501,43.4667
4219,L,-44.5735,-62.4691,43.9964
4220,L,-43.8243,-64.2886,44.6517
4221,L,-42.0870,-64.5025,45.3324
4222,L,-42.5431,-65.8431,44.2657
4223,L,-41.2091,-67.1512,43.4930
4224,L,-42.4240,-66.1326,42.0783
4225,L,-42.7588,-64.1516,35.8074
4226,L,-41.4825,-65.3941,37.0925
4227,L,-40.9254,-65.2148,34.6968
4228,L,-39.4523,-66.4629,33.3912
4229,L,-8.5749,-71.2865,38.7369
4230,L,-12.2839,-70.3911,38.2309
4231,L,-11.2894,-71.5847,39.4716
4232,L,-15.4384,-74.2646,41.8318
4233,L,-16.2774,-73.8225,39.7142
4234,L,-17.3749,-76.4908,39.6719
4235,L,-17.4786,-79.4696,37.8801
4236,L,-17.7602,-79.0695,40.4240
4237,L,-12.8434,-75.3788,46.7835
4238,L,-13.0409,-76.5047,46.0357
4239,L,-15.2721,-76.1757,45.8234
4240,L,-20.5060,-77.1674,41.5014
4241,L,-19.3479,-77.7585,43.7977
4242,L,-20.4721,-79.5827,41.8027
4243,L,-20.0559,-81.5450,40.7784
4244,L,-21.1521,-81.2623,38.5709
4245,L,-21.5576,-83.3817,35.2708
4246,L,-21.6841,-80.4313,35.5002
4247,L,-23.0586,-74.0677,29.4148
4248,L,-23.0234,-77.5313,29.2217
4249,L,-23.6803,-75.5910,26.5739
4250,L,-24.6365,-77.2167,23.8913
4251,L,-24.4837,-73.3519,24.3804
4252,L,-10.0702,-48.9425,57.9038
4253,L,-9.2202,-48.4719,55.8542
4254,L,-7.1570,-49.2021,57.1061
4255,L,-6.8798,-53.8726,54.3342
4256,L,-7.0053,-52.3061,54.1514
4257,L,-6.1038,-53.8104,52.3218
4258,L,-5.8888,-53.7687,50.2984
4259,L,-7.6205,-54.8785,50.8997
4260,L,-11.3381,-59.9518,55.4046
4261,L,-11.0698,-57.1242,55.0203
4262,L,-10.9999,-60.2780,53.9563
4263,L,-8.2453,-63.1251,49.0240
4264,L,-11.0799,-60.8146,50.2062
4265,L,-10.3756,-60.9452,48.0957
4266,L,-11.5488,-58.3408,47.4507
4267,L,-9.1367,-61.0291,46.1210
4268,L,-8.2752,-61.1966,44.1601
4269,L,-7.2899,-63.3771,44.9367
4270,L,-5.6921,-71.6521,41.4914
4271,L,-5.3944,-69.4788,41.6403
4272,L,-5.4740,-71.6652,39.5103
4273,L,-6.1349,-71.3645,37.7267
4274,L,-4.9462,13.9482,28.7512
4275,L,-6.4913,11.8431,28.0654
4276,L,-5.2779,10.8268,29.7185
4277,L,-4.2779,2.9895,33.4341
4278,L,-4.9973,4.3144,31.9318
4279,L,-4.9559,1.0071,32.5735
4280,L,-6.2842,-1.1949,32.3043
4281,L,-4.7427,-2.4456,33.1081
4282,L,-6.5224,-4.2654,40.3657
4283,L,-5.0251,-2.1242,39.6792
4284,L,-5.0294,-5.4940,40.3013
4285,L,-3.8332,-12.1402,37.4994
4286,L,-4.0549,-8.8955,36.9952
4287,L,-3.4968,-10.9253,35.2654
4288,L,-3.8688,-9.5090,33.4186
4289,L,-3.5640,-12.9483,33.5250
4290,L,-4.4365,-15.0330,32.5441
4291,L,-3.6280,-16.2436,33.9773
4292,L,-4.7383,-23.4639,37.3473
4293,L,-4.3151,-22.3738,34.7361
4294,L,-4.6182,-25.3396,34.8348
4295,L,-4.1031,-27.0677,33.0013
4296,L,-4.8342,-28.0263,35.2883
4297,L,-10.0361,27.5332,-19.2212
4298,L,-11.4336,24.8965,-17.3094
4299,L,-9.6456,24.1441,-18.7073
4300,L,-8.3246,15.0082,-17.8499
4301,L,-9.3912,16.4380,-16.6486
4302,L,-9.2276,11.3501,-16.3387
4303,L,-10.4758,6.8114,-14.9443
4304,L,-9.7809,5.0571,-13.8055
4305,L,-6.8037,8.0380,-11.4413
4306,L,-6.7474,10.6402,-13.6889
4307,L,-7.0105,2.8328,-11.8817
4308,L,-9.0128,-6.1400,-13.9438
4309,L,-6.9194,-1.1972,-16.5873
4310,L,-10.0277,-4.5706,-15.1837
4311,L,-11.3358,-3.4574,-15.3093
4312,L,-12.3934,-7.7608,-13.9560
4313,L,-14.5593,-10.1506,-13.8002
4314,L,-13.5383,-11.5443,-15.1662
4315,L,-15.8121,-19.7787,-18.2948
4316,L,-16.4955,-17.8661,-16.7441
4317,L,-18.2589,-20.2882,-15.4693
4318,L,-22.3826,-20.8425,-12.4694
4319,L,-21.0626,-22.0572,-12.9844
4320,L,-42.6555,-12.3971,-14.7478
4321,L,-45.7071,-9.3957,-15.4012
4322,L,-43.4190,-10.2286,-16.2448
4323,L,-41.7390,-6.6083,-19.1188
4324,L,-44.2419,-5.7233,-19.1142
4325,L,-44.3951,-3.3564,-20.6504
4326,L,-45.7864,1.2193,-21.5791
4327,L,-44.1965,-1.0272,-22.2934
4328,L,-36.8086,0.8038,-10.0020
4329,L,-37.2713,-2.6023,-12.4834
4330,L,-37.4183,-1.4900,-13.7827
4331,L,-39.0380,0.2671,-23.4327
4332,L,-39.6007,-1.3849,-22.3900
4333,L,-40.8004,1.5140,-24.8998
4334,L,-42.4966,3.5491,-25.2333
4335,L,-41.0838,5.1559,-26.6170
4336,L,-40.3771,8.4947,-28.4593
4337,L,-39.4173,6.1074,-27.9347
4338,L,-35.1580,3.6751,-28.1909
4339,L,-36.0082,5.8038,-30.4006
4340,L,-34.1169,4.9985,-30.8082
4341,L,-32.4103,6.4030,-32.7476
4342,L,-32.2878,3.8344,-30.3225
4343,L,-63.5540,-47.3104,-2.2826
4344,L,-62.8693,-47.2810,-3.8519
4345,L,-63.6488,-44.6292,-4.0483
4346,L,-62.1638,-39.7758,-9.1746
4347,L,-63.0899,-41.3406,-8.5788
4348,L,-62.5673,-39.9471,-10.4740
4349,L,-61.4294,-40.1842,-11.7303
4350,L,-62.6635,-37.6813,-12.3496
4351,L,-54.5224,-30.9510,-11.8132
4352,L,-56.6730,-33.3248,-11.7781
4353,L,-57.5851,-29.8927,-12.6036
4354,L,-64.7769,-26.3656,-13.6222
4355,L,-63.5399,-29.0249,-13.2052
4356,L,-64.8215,-29.1579,-14.7321
4357,L,-63.6235,-32.0189,-15.6048
4358,L,-64.2613,-29.4207,-16.7530
4359,L,-62.4511,-29.4136,-17.8196
4360,L,-63.8327,-26.7588,-17.2301
4361,L,-62.8821,-17.5367,-18.8968
4362,L,-61.4267,-20.3865,-18.6326
4363,L,-60.7371,-17.8887,-21.2638
4364,L,-58.5459,-18.6870,-22.6963
4365,L,-60.4507,-16.4398,-23.3668
4366,L,-14.9287,-96.6291,-1.6434
4367,L,-15.4459,-94.9625,-4.7265
4368,L,-16.1426,-96.2231,-6.7751
4369,L,-15.5084,-97.8924,-15.6845
4370,L,-13.5438,-98.0922,-13.7581
4371,L,-14.4748,-96.7486,-15.0571
4372,L,-14.2606,-95.5613,-12.8448
4373,L,-17.3493,-95.7983,-13.3208
4374,L,-26.2493,-96.4557,-15.1659
4375,L,-23.6234,-96.7380,-16.8897
4376,L,-26.4302,-94.6713,-16.6487
4377,L,-28.5172,-87.8704,-16.1375
4378,L,-26.3373,-89.8877,-14.0514
4379,L,-25.6250,-88.5256,-14.9853
4380,L,-23.3103,-89.3347,-12.6733
4381,L,-24.9599,-87.1531,-15.6182
4382,L,-25.0516,-85.3000,-14.7835
4383,L,-28.6886,-84.5704,-15.4309
4384,L,-37.6835,-78.2728,-14.6987
4385,L,-35.4762,-78.8914,-13.3056
4386,L,-37.4503,-76.5498,-15.8250
4387,L,-37.9064,-74.7743,-16.7016
4388,L,-40.2056,-73.8697,-16.5702
4389,L,-6.7113,-35.9640,6.4925
4390,L,-9.3147,-36.1383,6.2411
4391,L,-8.8174,-37.6524,5.2953
4392,L,-12.6609,-43.6597,3.8414
4393,L,-13.0695,-41.2662,3.8422
4394,L,-13.7085,-43.3967,2.7617
4395,L,-14.6328,-42.9192,1.6054
4396,L,-12.1571,-43.3199,0.4553
4397,L,-18.4912,-52.0924,3.7947
4398,L,-15.3573,-50.0366,2.6586
4399,L,-19.6127,-51.5737,2.1943
4400,L,-21.3915,-52.6247,-2.7099
4401,L,-20.7741,-50.1181,-1.2160
4402,L,-20.4352,-49.1261,-2.7282
4403,L,-16.5860,-46.0650,-2.6503
4404,L,-19.7693,-48.0422,-4.0567
4405,L,-18.9599,-46.7453,-5.2217
4406,L,-18.7166,-51.1342,-4.8369
4407,L,-10.7016,-56.8280,-1.0975
4408,L,-12.2603,-54.2537,-2.6618
4409,L,-11.1833,-55.9943,-2.8101
4410,L,-12.5343,-55.4906,-4.4340
4411,L,-11.9508,-58.8998,-2.8929
4412,L,-58.8681,1.0943,15.9170
4413,L,-58.7730,3.4441,14.8481
4414,L,-59.1127,3.7332,16.7399
4415,L,-55.1973,5.1558,21.0619
4416,L,-55.3689,5.0716,19.2651
4417,L,-52.6421,4.1022,20.3482
4418,L,-49.8862,3.2218,18.8933
4419,L,-49.6521,3.4607,20.8494
4420,L,-52.9812,4.3699,29.3164
4421,L,-53.2488,5.0586,27.4239
4422,L,-49.8075,3.7452,27.4106
4423,L,-40.7260,2.3016,24.8027
4424,L,-44.6174,2.5303,24.4707
4425,L,-41.7232,2.5233,23.0725
4426,L,-42.6022,2.9415,21.5259
4427,L,-39.3836,4.0457,22.0927
4428,L,-38.3030,6.5414,21.8851
4429,L,-36.8468,5.8733,23.1759
4430,L,-33.0891,10.4283,27.0366
4431,L,-33.6209,11.0342,25.3897
4432,L,-33.5587,13.8994,26.5042
4433,L,-34.1792,17.1499,26.0181
4434,L,-34.5141,16.4792,27.9545
4435,L,-52.2172,-2.1246,44.1142
4436,L,-52.0150,-2.0528,41.7645
4437,L,-49.2891,-0.9997,42.5383
4438,L,-39.0575,2.8307,39.3271
4439,L,-41.5768,0.3766,38.8891
4440,L,-38.9228,1.7238,37.7190
4441,L,-39.0115,0.3114,35.7891
4442,L,-37.6350,3.4923,36.7433
4443,L,-41.1740,11.6060,46.2453
4444,L,-40.1424,9.9915,44.2104
4445,L,-41.2966,12.3098,43.5965
4446,L,-40.3261,14.0081,37.8849
4447,L,-39.4916,12.2134,38.7091
4448,L,-38.1976,11.2975,36.2890
4449,L,-36.3760,8.5323,35.1713
4450,L,-36.7364,10.6636,34.2163
4451,L,-35.2289,10.5052,32.7484
4452,L,-37.1575,13.8020,34.0852
4453,L,-43.3109,20.7798,33.5279
4454,L,-39.9830,18.6761,32.5329
4455,L,-41.7154,21.2158,31.6535
4456,L,-39.9728,21.7198,29.6435
4457,L,-43.2156,23.5962,30.1251
4458,L,-43.5541,25.1394,28.4081
4459,L,-45.3998,25.0625,30.4934
4460,L,-41.8160,28.0122,33.0994
4461,L,-43.9523,27.9318,31.1497
4462,L,-40.9952,28.4303,30.6858
4463,L,-40.7616,30.0540,28.9112
4464,L,-38.1685,29.2670,30.8292
4465,L,-33.9452,27.7782,41.6577
4466,L,-35.0413,27.1242,38.5673
4467,L,-33.1809,29.2625,39.6085
4468,L,-30.3421,33.9299,37.2951
4469,L,-31.8613,32.6761,37.7160
4470,L,-31.8798,33.2167,34.9950
4471,L,-33.3860,31.8179,31.7983
4472,L,-31.9161,33.0035,31.8776
4473,L,-32.6101,33.9246,29.8903
4474,L,-30.6121,33.4717,31.5865
4475,L,-25.8015,35.2708,32.2463
4476,L,-26.4959,33.1671,29.5646
4477,L,-25.1175,34.9300,29.2586
4478,L,-23.9209,35.7027,26.3499
4479,L,-24.8426,37.5005,29.9910
4480,L,-47.4738,-43.2104,42.0755
4481,L,-49.0071,-43.3055,43.4389
4482,L,-48.4635,-41.5389,42.4306
4483,L,-47.7476,-37.1588,41.4310
4484,L,-48.9198,-38.4993,43.6691
4485,L,-50.1537,-37.3515,42.1117
4486,L,-52.4588,-37.1055,42.3701
4487,L,-51.2025,-36.1830,40.3792
4488,L,-42.9029,-29.4889,34.2575
4489,L,-43.8486,-31.9543,34.5448
4490,L,-44.7418,-30.5085,33.6625
4491,L,-49.8705,-29.8561,33.5671
4492,L,-49.2422,-31.6822,34.2205
4493,L,-51.6505,-31.7281,35.2783
4494,L,-53.2887,-33.0514,36.9466
4495,L,-54.0308,-31.2553,35.8332
4496,L,-56.4427,-30.8126,36.1746
4497,L,-54.5091,-29.9942,35.0170
4498,L,-53.4995,-25.9914,31.3505
4499,L,-55.2815,-27.8250,32.3563
4500,L,-55.4166,-26.1362,31.4220
4501,L,-56.8191,-26.4932,30.9819
4502,L,-55.1462,-24.5758,30.5161
4503,L,-50.1166,-18.2673,54.8439
4504,L,-51.4132,-20.2763,53.7018
4505,L,-51.9202,-18.3792,52.9985
4506,L,-54.7243,-18.3263,48.2825
4507,L,-54.8969,-19.6383,49.5664
4508,L,-55.6957,-20.3639,47.7252
4509,L,-54.7607,-23.1575,45.6994
4510,L,-56.0500,-20.7599,45.6733
4511,L,-46.8502,-18.9453,35.4503
4512,L,-49.0640,-19.4770,39.1431
4513,L,-50.4078,-17.8143,38.2354
4514,L,-58.0475,-15.2283,40.8832
4515,L,-56.8478,-16.1401,42.3155
4516,L,-57.6999,-17.6084,41.5248
4517,L,-56.0432,-19.8025,41.3413
4518,L,-56.1472,-19.1399,39.0587
4519,L,-54.5150,-20.1208,36.2875
4520,L,-56.1454,-18.5409,36.9098
4521,L,-58.8642,-15.6051,32.9773
4522,L,-56.6135,-17.7059,32.6758
4523,L,-56.7486,-17.5772,30.4642
4524,L,-55.2261,-20.2726,28.7378
4525,L,-57.0733,-17.8052,28.5110
4526,L,-57.4692,-19.0833,27.3252
4527,L,-59.0196,-16.1445,28.3503
4528,L,-62.7524,-10.1809,27.9722
4529,L,-62.6700,-13.1830,27.4188
4530,L,-63.2270,-11.1455,26.0170
4531,L,-63.1039,-12.5084,24.0538
4532,L,-63.3506,-9.8354,24.2529
4533,L,-51.7323,-10.7505,22.8549
4534,L,-55.0639,-11.6416,24.7221
4535,L,-53.7372,-10.7647,21.9944
4536,L,-56.1399,-8.8557,18.1683
4537,L,-57.6088,-10.5721,20.2183
4538,L,-59.4321,-10.2287,18.9147
4539,L,-62.2382,-9.3859,19.6885
4540,L,-61.2087,-9.7015,17.5070
4541,L,-62.6339,-9.8040,15.8467
4542,L,-59.6303,-9.2440,15.4672
4543,L,-58.4601,-1.0710,17.4978
4544,L,-57.7288,-3.9683,14.8814
4545,L,-58.4933,-1.2625,15.6025
4546,L,-57.9057,-1.7688,13.9000
4547,L,-19.2442,-60.5145,62.7291
4548,L,-19.7832,-62.4786,62.1463
4549,L,-20.7561,-60.6127,63.4159
4550,L,-25.3364,-58.2217,63.6438
4551,L,-24.0330,-59.7131,62.2093
4552,L,-25.4349,-58.4039,61.1853
4553,L,-25.3087,-58.6741,58.8952
4554,L,-27.1334,-57.2567,60.4136
4555,L,-26.5180,-49.5146,60.9855
4556,L,-26.9104,-51.5421,62.3420
4557,L,-28.3653,-50.5843,62.8432
4558,L,-34.5662,-53.1452,61.3023
4559,L,-32.4857,-53.6782,62.3013
4560,L,-33.3507,-55.0507,60.0446
4561,L,-31.0413,-56.0183,58.6156
4562,L,-32.1457,-55.8103,57.3569
4563,L,-30.3990,-55.7578,54.9292
4564,L,-32.8085,-54.9803,56.0271
4565,L,-35.0612,-51.5349,54.3126
4566,L,-32.7965,-52.3481,53.1493
4567,L,-32.3916,-51.2256,51.2496
4568,L,-30.1339,-51.0250,48.3802
4569,L,-31.8696,-50.5019,49.1578
4570,L,-26.4560,-33.6124,66.3320
4571,L,-24.4180,-35.1814,62.8002
4572,L,-26.1786,-34.5252,62.1284
4573,L,-28.5405,-35.9827,55.0061
4574,L,-26.3360,-36.4393,54.6157
4575,L,-26.7142,-37.6778,52.0196
4576,L,-26.1757,-40.9063,51.8514
4577,L,-27.7118,-39.9311,51.2374
4578,L,-36.7867,-35.7694,55.9832
4579,L,-34.8555,-35.7710,56.3909
4580,L,-34.6652,-36.9738,54.5094
4581,L,-33.2979,-42.4083,51.5071
4582,L,-31.7928,-40.7226,51.8837
4583,L,-33.2419,-42.8637,52.9727
4584,L,-32.2414,-43.7122,53.3365
4585,L,-35.1509,-44.2854,54.4242
4586,L,-36.9576,-46.2265,55.5733
4587,L,-36.9257,-45.4955,53.3485
4588,L,-35.2254,-46.9164,46.4089
4589,L,-35.3083,-47.7793,48.3779
4590,L,-32.7009,-47.3374,45.6217
4591,L,-30.7906,-48.1148,44.6384
4592,L,-30.7659,-47.1893,42.2647
4593,L,-29.9362,-47.7628,38.8303
4594,L,-31.1540,-46.4385,40.2972
4595,L,-34.6564,-44.6938,38.7907
4596,L,-33.1699,-45.2555,37.1754
4597,L,-34.5764,-44.8639,35.9656
4598,L,-35.7201,-46.3159,34.2338
4599,L,-36.3015,-44.6554,35.4340
4600,L,-31.8975,-37.4994,38.6764
4601,L,-32.1020,-39.9233,39.3663
4602,L,-33.2106,-39.0303,37.9231
4603,L,-39.2572,-41.5088,38.0508
4604,L,-37.8725,-41.8122,38.0508
4605,L,-39.6729,-43.0513,37.9066
4606,L,-39.8916,-44.5702,36.2116
4607,L,-41.3110,-44.5506,37.4045
4608,L,-42.6779,-46.2794,37.1759
4609,L,-42.2408,-44.3183,38.9152
4610,L,-45.0906,-41.9285,40.2414
4611,L,-44.5937,-43.8207,40.7847
4612,L,-46.0713,-43.6989,41.3829
4613,L,-46.8697,-45.3449,42.0392
4614,L,-6.9091,-9.4497,50.7363
4615,L,-8.6115,-12.3389,50.3829
4616,L,-6.9657,-12.5172,50.7327
4617,L,-5.2186,-19.1883,51.6306
4618,L,-6.3730,-18.6174,49.7305
4619,L,-6.9989,-20.8425,50.3196
4620,L,-9.5850,-22.2708,49.6352
4621,L,-8.1611,-22.6488,51.2695
4622,L,-5.3549,-17.7986,61.2173
4623,L,-5.3221,-18.3953,58.8536
4624,L,-7.2055,-19.9236,59.8096
4625,L,-7.0530,-27.8388,55.4770
4626,L,-8.7247,-25.6589,55.6642
4627,L,-6.6889,-27.6913,53.2595
4628,L,-7.3433,-27.3660,51.1763
4629,L,-6.6107,-29.3049,51.0638
4630,L,-8.8767,-31.0851,50.2737
4631,L,-6.5561,-31.5258,51.6533
4632,L,-6.7936,-36.6326,55.2573
4633,L,-8.7316,-35.6532,54.1502
4634,L,-10.3524,-37.4491,55.4621
4635,L,-13.7763,-38.5908,55.3730
4636,L,-11.8108,-38.7825,56.9838
4637,L,-11.3328,-18.1764,70.7354
4638,L,-9.8519,-16.9534,71.4368
4639,L,-10.2965,-19.2449,73.0038
4640,L,-6.9423,-27.1159,72.8020
4641,L,-7.2926,-24.1279,73.1494
4642,L,-5.6411,-26.8189,71.5852
4643,L,-5.0271,-26.5850,69.5851
4644,L,-4.1807,-29.1846,69.3695
4645,L,-7.4651,-38.5881,66.9502
4646,L,-6.2893,-35.5850,67.1439
4647,L,-5.5658,-38.8676,68.1574
4648,L,-4.2094,-42.0915,67.2623
4649,L,-3.2680,-39.1973,67.5038
4650,L,-3.3331,-39.0391,65.5085
4651,L,-3.2632,-35.3673,64.6683
4652,L,-3.8712,-38.7501,63.3196
4653,L,-4.5570,-38.2394,61.2391
4654,L,-4.9110,-40.9203,62.3839
4655,L,-14.1799,-40.9867,64.8691
4656,L,-11.6680,-40.5419,62.8920
4657,L,-15.0695,-41.1372,63.0474
4658,L,-15.8157,-41.5241,60.9931
4659,L,-15.6604,-44.3239,62.3264
4660,L,-14.2594,-46.7996,60.9527
4661,L,-14.4885,-46.7608,63.0787
4662,L,-10.5861,-50.2146,68.1784
4663,L,-9.7489,-50.2169,65.8452
4664,L,-8.6930,-51.4449,66.8438
4665,L,-7.4501,-52.4485,65.0474
4666,L,-8.9311,-52.8601,66.6578
4667,L,-17.2383,-47.0074,71.6489
4668,L,-15.3724,-48.3596,71.8929
4669,L,-16.2469,-49.2937,70.3397
4670,L,-14.8558,-53.1355,64.0159
4671,L,-13.9919,-52.9845,66.6556
4672,L,-13.5681,-53.9830,64.5368
4673,L,-11.8912,-54.3034,64.0427
4674,L,-13.1826,-54.3597,61.8189
4675,L,-13.0457,-55.2203,59.7725
4676,L,-14.4544,-54.7430,59.9145
4677,L,-19.1809,-57.4387,61.0323
4678,L,-17.4521,-57.6918,59.8540
4679,L,-18.4096,-59.2712,61.4711
4680,L,-17.3996,-61.1743,61.9183
4681,L,-25.1186,40.6461,31.1128
4682,L,-24.3248,39.3536,32.5096
4683,L,-19.4437,36.8032,32.8573
4684,L,-20.1970,39.5523,32.4394
4685,L,-18.6904,39.3765,33.5939
4686,L,-18.2478,42.0251,34.5342
4687,L,-17.5703,38.9441,35.5064
4688,L,-21.4555,23.3092,36.3337
4689,L,-20.8784,26.6337,35.0644
4690,L,-20.2420,26.0557,37.6159
4691,L,-19.4312,31.7922,43.7142
4692,L,-18.8847,31.7307,40.7493
4693,L,-17.9881,34.7060,42.2208
4694,L,-16.7858,38.0058,40.6041
4695,L,-17.1562,37.9165,43.3386
4696,L,-15.7896,40.5648,43.9134
4697,L,-17.4791,38.2969,45.6654
4698,L,-16.2025,33.1286,49.0193
4699,L,-15.0820,36.0482,48.0804
4700,L,-13.2093,34.5752,48.5991
4701,L,-10.7631,36.1068,49.5443
4702,L,-11.3241,33.0403,50.2823
4703,L,-25.3264,6.4928,49.9436
4704,L,-26.2492,8.8963,50.4099
4705,L,-24.0940,7.9098,48.8402
4706,L,-20.1953,11.3954,51.3806
4707,L,-21.7924,12.0314,50.1562
4708,L,-21.5018,14.2149,52.1039
4709,L,-22.8294,16.3567,52.3884
4710,L,-21.5089,16.1770,54.0386
4711,L,-20.4430,5.7040,63.1846
4712,L,-20.0461,7.1552,60.2798
4713,L,-20.4867,8.8781,61.6079
4714,L,-17.6173,15.6224,58.0913
4715,L,-19.5979,14.9043,58.6985
4716,L,-19.1185,17.9472,58.1732
4717,L,-20.5752,19.8903,57.3666
4718,L,-18.2168,21.6601,56.6695
4719,L,-17.7877,24.2070,54.3447
4720,L,-15.8079,22.4288,55.4188
4721,L,-9.8116,22.8783,58.0661
4722,L,-10.5332,24.6889,55.5888
4723,L,-8.4769,26.0166,56.8057
4724,L,-7.7134,29.2341,55.2755
4725,L,-6.6267,26.4313,56.7655
4726,L,-5.9541,26.2246,55.0821
4727,L,-6.4176,24.0680,57.7387
4728,L,-6.6329,16.1480,61.5739
4729,L,-6.7342,18.4248,58.6647
4730,L,-7.3006,15.5713,58.8035
4731,L,-8.3653,14.9399,55.9194
4732,L,-7.4692,12.6150,58.5729
4733,L,-7.8635,3.3339,67.5702
4734,L,-7.3397,6.9783,66.7694
4735,L,-6.6521,3.5080,66.5476
4736,L,-7.0323,0.9668,60.8867
4737,L,-7.2669,3.9724,63.1958
4738,L,-8.8200,4.0073,60.7988
4739,L,-8.8206,7.4016,58.2555
4740,L,-9.3520,4.1373,57.2420
4741,L,-8.8333,4.3221,54.5059
4742,L,-8.3337,1.6267,55.7898
4743,L,-5.1488,-6.9065,52.4406
4744,L,-6.6757,-3.9251,52.8061
4745,L,-6.0940,-6.5920,51.2791
4746,L,-7.6010,-6.3937,50.5330
4747,L,-4.5848,21.1172,-4.9950
4748,L,-2.6284,18.7428,-3.7514
4749,L,-3.3390,22.0759,-4.0270
4750,L,-1.8053,27.7362,-2.2198
4751,L,-0.9710,24.4252,-1.7528
4752,L,-0.3762,25.6304,0.0224
4753,L,-0.6411,22.9463,2.6035
4754,L,-0.2232,26.8686,1.9137
4755,L,-5.7958,39.8153,-1.8568
4756,L,-7.0244,36.3179,-2.1578
4757,L,-6.8823,36.5946,0.1684
4758,L,-4.5801,32.9433,7.2702
4759,L,-3.1291,32.9481,4.7894
4760,L,-1.3279,31.4453,7.0414
4761,L,-0.3084,28.5725,6.8227
4762,L,-0.6239,28.7802,9.4316
4763,L,-0.4906,25.5050,11.3433
4764,L,-1.5972,28.4940,11.6258
4765,L,-6.7778,29.1058,15.2153
4766,L,-5.0563,27.0322,15.0013
4767,L,-6.3148,26.2498,16.7224
4768,L,-5.5945,23.4563,18.4410
4769,L,-6.8727,25.5184,18.5942
4770,L,-8.6837,54.1198,10.0127
4771,L,-9.0552,51.3952,7.6247
4772,L,-7.8075,51.8113,10.6690
4773,L,-11.8135,46.5778,15.5432
4774,L,-11.9799,47.4310,12.4390
4775,L,-13.5809,44.5272,13.5653
4776,L,-14.5505,41.9208,11.5411
4777,L,-14.7461,41.4352,14.9229
4778,L,-6.7083,41.1449,27.1251
4779,L,-8.9249,42.4338,24.7393
4780,L,-8.7530,39.7035,25.3981
4781,L,-13.4191,33.5779,24.0990
4782,L,-13.1777,36.4037,22.8284
4783,L,-13.6400,34.3711,20.8272
4784,L,-13.1270,35.5014,17.7389
4785,L,-11.6603,32.9730,19.3507
4786,L,-8.6513,33.3823,19.0871
4787,L,-10.5514,31.1549,21.0013
4788,L,-9.7181,24.9049,25.7923
4789,L,-7.8080,27.4204,24.2988
4790,L,-6.8182,24.9772,25.6646
4791,L,-5.1984,23.7060,24.1167
4792,L,-6.3366,22.5067,27.0400
4793,L,-5.3111,20.0381,27.8698
4794,L,-7.4960,20.7529,28.7457
4795,L,-11.3498,16.2499,32.6078
4796,L,-9.2926,16.2681,31.6890
4797,L,-9.9939,14.2288,33.3605
4798,L,-9.3404,12.2506,34.2462
4799,L,-10.4564,12.6270,35.1126
4800,L,-10.3468,19.8867,39.6721
4801,L,-11.6139,18.7905,38.0061
4802,L,-11.3438,16.9768,40.0370
4803,L,-11.2919,10.6354,42.2209
4804,L,-11.8546,12.1010,40.2590
4805,L,-11.0899,10.0732,40.7863
4806,L,-10.5099,9.6057,39.0280
4807,L,-10.5775,7.7612,40.8239
4808,L,-11.2742,5.1509,40.5812
4809,L,-10.7490,6.0077,42.5436
4810,L,-10.1919,3.4207,47.8726
4811,L,-10.7466,2.5185,46.0604
4812,L,-10.5853,0.9803,47.8221
4813,L,-10.5168,-1.4491,47.5041
4814,L,-10.2671,-0.6997,49.3764
4815,L,-35.1697,27.3029,-9.3141
4816,L,-34.4535,26.2003,-10.9105
4817,L,-38.3157,25.7630,-11.6288
4818,L,-40.6954,25.6748,-15.6126
4819,L,-39.9442,24.1950,-15.7487
4820,L,-38.4711,25.0072,-17.1686
4821,L,-36.3982,24.3701,-18.4480
4822,L,-35.7566,27.1052,-17.5436
4823,L,-37.4435,36.4635,-10.4977
4824,L,-38.5845,33.2467,-11.1531
4825,L,-35.3517,34.6601,-9.0314
4826,L,-26.5064,33.6851,-9.0146
4827,L,-30.0976,32.6437,-10.0901
4828,L,-27.6923,31.5786,-11.1468
4829,L,-28.9721,30.2022,-14.2471
4830,L,-25.6311,29.9930,-12.1197
4831,L,-24.1819,28.0304,-13.1123
4832,L,-22.2616,30.3676,-11.6129
4833,L,-19.8699,34.8610,-18.2111
4834,L,-19.5770,32.1656,-16.6775
4835,L,-18.7522,32.8294,-20.3261
4836,L,-16.9991,30.6075,-22.4800
4837,L,-15.6828,33.6339,-23.1678
4838,L,-32.1576,53.4835,-4.4022
4839,L,-33.9531,53.6558,-6.1063
4840,L,-30.2845,53.1713,-6.8619
4841,L,-23.3794,58.9508,-11.5322
4842,L,-27.1454,58.4711,-10.6680
4843,L,-24.5033,56.2815,-11.7942
4844,L,-24.8690,52.2413,-11.1280
4845,L,-21.6750,53.5085,-12.6313
4846,L,-8.2242,58.5625,-14.0870
4847,L,-11.8605,56.9539,-14.1279
4848,L,-10.0362,58.8939,-17.1784
4849,L,-11.0622,51.9203,-20.9127
4850,L,-11.8648,54.1776,-17.6871
4851,L,-13.4811,50.5006,-17.6191
4852,L,-16.6644,49.2253,-14.8895
4853,L,-14.6452,46.7969,-17.7195
4854,L,-15.6854,43.3232,-17.9408
4855,L,-13.4102,44.8872,-21.6566
4856,L,-10.4514,42.0139,-20.2503
4857,L,-11.5785,40.8084,-23.1592
4858,L,-12.0121,39.0857,-20.6918
4859,L,-12.9788,35.9373,-21.7930
4860,L,-11.1951,36.6702,-19.7708
4861,L,-10.5942,33.8044,-19.7177
4862,L,-8.5793,36.2130,-21.2469
4863,L,-3.4519,36.7425,-27.2641
4864,L,-4.5460,34.3882,-27.3373
4865,L,-3.3966,33.4088,-27.7529
4866,L,-3.4599,29.1181,-27.2407
4867,L,-2.8148,32.0405,-26.7034
4868,L,-7.0581,42.4053,-14.8313
4869,L,-6.3853,41.4250,-18.0819
4870,L,-7.1477,39.5390,-15.7800
4871,L,-9.3700,31.4157,-14.2297
4872,L,-7.3510,33.7013,-17.0889
4873,L,-7.4703,30.8682,-17.1891
4874,L,-5.3432,29.4811,-20.0340
4875,L,-7.5866,27.5805,-16.7335
4876,L,-7.3279,24.5860,-15.9747
4877,L,-7.2672,25.8901,-14.0671
4878,L,-6.2068,25.2079,-8.2824
4879,L,-6.4588,23.3992,-9.6481
4880,L,-5.9371,22.2909,-7.0427
4881,L,-5.0712,19.1156,-6.1871
4882,L,-55.5554,4.1277,12.2696
4883,L,-56.7181,4.6099,9.4809
4884,L,-53.9887,3.8561,10.5303
4885,L,-48.6301,6.2967,9.0171
4886,L,-51.1359,5.0858,7.0717
4887,L,-50.0672,6.8955,6.1740
4888,L,-51.9410,7.4094,3.2220
4889,L,-49.6713,8.7473,5.2526
4890,L,-47.1595,12.8117,20.4381
4891,L,-47.2773,12.1529,17.5253
4892,L,-49.2037,13.7907,18.5241
4893,L,-53.7692,14.6104,11.9130
4894,L,-52.3308,13.4500,11.8471
4895,L,-52.6842,13.3502,8.2272
4896,L,-51.1715,12.1445,4.4341
4897,L,-51.5473,13.4609,4.4254
4898,L,-49.0154,12.7332,2.0467
4899,L,-50.4576,14.1336,4.6075
4900,L,-47.9173,17.3432,11.3519
4901,L,-47.1337,14.7990,7.1507
4902,L,-45.7202,16.0206,8.8092
4903,L,-43.3207,15.7800,7.2630
4904,L,-44.7394,17.9838,9.4692
4905,L,-42.8021,29.6245,22.0674
4906,L,-40.0116,27.5805,21.2346
4907,L,-41.2426,28.8627,20.2984
4908,L,-40.5664,27.1622,14.2311
4909,L,-41.8041,26.2825,16.2649
4910,L,-44.2254,25.5184,14.4857
4911,L,-47.5537,24.7474,15.9927
4912,L,-47.1211,25.7718,12.6327
4913,L,-42.0324,35.8015,5.7516
4914,L,-40.2683,33.7191,8.1788
4915,L,-44.1079,33.5536,7.2680
4916,L,-51.6177,29.8389,6.3048
4917,L,-49.5321,31.0309,8.2377
4918,L,-51.4906,28.0336,7.5324
4919,L,-51.6615,26.2875,9.5988
4920,L,-52.5348,25.4923,7.6187
4921,L,-52.7920,23.3891,8.3020
4922,L,-51.7458,24.4828,6.3974
4923,L,-44.7862,25.6264,6.2238
4924,L,-46.3983,24.1226,6.9845
4925,L,-43.5676,23.9032,7.5469
4926,L,-42.5012,21.7043,8.7455
4927,L,-40.8313,23.4363,8.4167
4928,L,-38.6334,22.7395,9.7473
4929,L,-39.5200,24.8694,7.8389
4930,L,-38.4147,28.8705,3.8258
4931,L,-36.8631,27.5761,6.3147
4932,L,-35.5781,28.6511,5.4790
4933,L,-33.0800,28.3289,7.0983
4934,L,-34.6350,30.0671,4.3412
4935,L,-47.1815,33.5831,-6.2512
4936,L,-45.1324,32.3831,-3.7156
4937,L,-44.8490,33.3239,-5.7807
4938,L,-39.4008,32.7420,-6.1996
4939,L,-39.4342,33.4045,-4.0656
4940,L,-36.2362,33.2408,-2.5314
4941,L,-33.4583,32.7094,1.1809
4942,L,-32.9427,32.8048,-0.8052
4943,L,-30.0902,31.6354,0.5548
4944,L,-32.8208,31.7865,-2.3425
4945,L,-37.6540,27.6965,-7.6164
4946,L,-33.3079,29.0306,-4.9129
4947,L,-34.1686,28.1437,-7.1488
4948,L,-30.6102,28.2016,-6.9161
4949,L,-63.2068,-20.4522,-1.6272
4950,L,-61.1625,-19.3649,-2.4604
4951,L,-63.2365,-18.4331,-1.2145
4952,L,-61.3701,-15.8237,1.4423
4953,L,-62.7756,-14.9705,0.2034
4954,L,-61.8805,-13.9357,0.8999
4955,L,-61.7756,-12.0914,-0.3115
4956,L,-60.6649,-13.1847,1.6071
4957,L,-50.0685,-22.1727,4.5594
4958,L,-52.4231,-19.5488,2.4960
4959,L,-51.8256,-20.0428,4.7193
4960,L,-51.4502,-15.5337,4.0896
4961,L,-54.1308,-15.8877,4.5236
4962,L,-54.3917,-13.7911,3.0434
4963,L,-57.2607,-11.6488,2.0548
4964,L,-55.1308,-11.2063,0.9500
4965,L,-56.1031,-7.9599,-0.5920
4966,L,-53.0002,-11.1315,0.1111
4967,L,-48.3665,-17.6405,-3.1365
4968,L,-49.9002,-13.3577,-2.6474
4969,L,-48.9484,-15.3127,-4.6104
4970,L,-49.4446,-12.6111,-6.0497
4971,L,-47.2615,-16.8892,-6.5535
4972,L,-32.0635,-25.1655,17.5341
4973,L,-30.8654,-27.7693,14.9999
4974,L,-31.5834,-25.3557,15.0490
4975,L,-32.9009,-22.4090,10.8306
4976,L,-31.4457,-25.1392,9.8454
4977,L,-31.8390,-24.7881,7.4467
4978,L,-33.2768,-26.9407,5.0244
4979,L,-32.3975,-24.3734,5.2531
4980,L,-33.8292,-8.5840,13.1546
4981,L,-33.3707,-12.6689,12.6972
4982,L,-33.7825,-12.5460,10.8323
4983,L,-36.3485,-16.2000,5.5367
4984,L,-36.2666,-16.9684,7.3272
4985,L,-34.2115,-19.8468,2.6550
4986,L,-34.2874,-23.7744,0.9118
4987,L,-35.4746,-23.4210,-1.1700
4988,L,-38.5285,-24.7088,-3.3901
4989,L,-36.3290,-22.8414,-3.1451
4990,L,-36.0501,-17.7606,-5.4655
4991,L,-37.8412,-20.5549,-6.8171
4992,L,-38.5085,-19.0041,-8.4313
4993,L,-42.1285,-18.3736,-10.0043
4994,L,-39.1279,-17.4237,-10.0016
4995,L,-40.2048,-15.8947,-11.6479
4996,L,-37.0867,-15.6841,-9.1058
4997,L,-36.9689,-8.1224,-2.1077
4998,L,-35.7626,-10.7189,-5.5857
4999,L,-36.3799,-7.6866,-3.7678
5000,L,-35.9058,-7.2072,-5.3509
5001,L,-36.7679,-4.1291,-1.7575
5002,L,-32.1807,6.7908,7.7371
5003,L,-33.9515,2.2631,5.6756
5004,L,-32.5070,7.1358,6.2937
5005,L,-31.2567,12.1771,3.2095
5006,L,-33.2831,7.6935,3.2482
5007,L,-33.5516,7.9601,1.7994
5008,L,-35.9990,3.1690,0.0895
5009,L,-33.9553,8.2560,0.3965
5010,L,-34.3494,8.3643,-1.0169
5011,L,-32.3457,13.3105,0.2383
5012,L,-28.4267,23.3834,1.3217
5013,L,-30.7795,20.5344,0.6337
5014,L,-28.5642,23.0035,-0.2835
5015,L,-28.7338,22.5197,-1.7717
5016,L,-27.0212,25.5874,-1.7253
5017,L,-52.3074,-43.3851,46.0667
5018,L,-52.6344,-45.9681,45.4898
5019,L,-53.9873,-44.0416,45.4124
5020,L,-55.6813,-43.3018,40.7302
5021,L,-55.2609,-45.4251,41.0489
5022,L,-55.6764,-45.8012,38.7281
5023,L,-55.9314,-47.5966,36.9751
5024,L,-56.5738,-46.2990,36.7137
5025,L,-58.2519,-36.8185,36.3355
5026,L,-57.6571,-38.2460,37.9364
5027,L,-57.5945,-39.3701,36.4256
5028,L,-57.2581,-44.4608,32.6663
5029,L,-58.2088,-43.5566,34.4858
5030,L,-58.6853,-45.7084,32.5369
5031,L,-58.7282,-47.3114,32.9222
5032,L,-59.3003,-47.6319,30.9644
5033,L,-59.6400,-49.5862,29.4242
5034,L,-59.1618,-48.0237,29.1356
5035,L,-56.0073,-48.5145,25.1214
5036,L,-58.6575,-49.1715,25.1709
5037,L,-58.2665,-49.1924,22.7270
5038,L,-60.1345,-49.2781,20.8731
5039,L,-58.0272,-48.3004,20.5374
5040,L,-60.4045,-27.1083,19.9501
5041,L,-62.0424,-28.5977,21.4535
5042,L,-60.7410,-28.9533,19.3590
5043,L,-53.9539,-31.6578,21.9125
5044,L,-57.0881,-31.5830,22.0750
5045,L,-54.0556,-32.8436,24.0966
5046,L,-53.4914,-34.7262,26.1711
5047,L,-50.6860,-34.7643,25.8685
5048,L,-42.8414,-34.6925,19.3551
5049,L,-45.4656,-33.7811,20.4039
5050,L,-42.8648,-35.3581,22.0038
5051,L,-44.8587,-41.5440,22.2259
5052,L,-44.2928,-39.0967,24.4163
5053,L,-45.7471,-41.3276,24.6679
5054,L,-47.1326,-40.7690,26.4391
5055,L,-47.3382,-43.3925,24.7041
5056,L,-49.1195,-44.8902,24.9988
5057,L,-48.8267,-44.6047,22.3484
5058,L,-54.9926,-42.0156,15.9373
5059,L,-54.1145,-43.8537,18.0589
5060,L,-57.0386,-43.0418,16.2269
5061,L,-58.6639,-44.3380,16.6919
5062,L,-60.0959,-42.0885,15.2468
5063,L,-62.2828,-41.8799,14.6187
5064,L,-61.0700,-40.1888,14.0954
5065,L,-60.8925,-35.3775,10.2247
5066,L,-62.6271,-36.5775,11.2033
5067,L,-63.4044,-34.5186,9.8015
5068,L,-64.8948,-34.5297,8.7724
5069,L,-64.1292,-32.7915,8.8838
5070,L,-48.6205,-33.7162,6.5917
5071,L,-51.7613,-34.0300,7.9667
5072,L,-52.0990,-32.0844,6.5022
5073,L,-60.3809,-27.5480,5.5491
5074,L,-59.8449,-29.1681,6.5782
5075,L,-63.5272,-27.9874,6.8100
5076,L,-65.3896,-29.4011,6.7849
5077,L,-65.4459,-27.8296,5.5861
5078,L,-65.5379,-28.6677,3.2290
5079,L,-65.5489,-26.3610,4.1628
5080,L,-64.7025,-21.4240,0.9941
5081,L,-65.2013,-23.4091,0.8011
5082,L,-64.2881,-21.8356,-0.6872
5083,L,-61.8573,-22.5029,-2.4089
5084,L,-39.4945,-82.5354,4.3181
5085,L,-40.8086,-84.2333,3.4190
5086,L,-42.3600,-82.9401,5.4299
5087,L,-48.3756,-76.9568,7.0428
5088,L,-46.9532,-79.3702,5.1344
5089,L,-46.7404,-76.6269,5.4402
5090,L,-43.6419,-76.1462,4.4436
5091,L,-45.0330,-74.0563,5.6666
5092,L,-42.7796,-72.3233,12.3133
5093,L,-45.3908,-73.2802,11.1638
5094,L,-43.7496,-71.8677,10.3576
5095,L,-42.8305,-67.0657,6.9842
5096,L,-43.9858,-69.4079,7.0903
5097,L,-42.0408,-67.7878,5.8355
5098,L,-41.1622,-68.6895,4.8671
5099,L,-41.0377,-65.3108,4.5018
5100,L,-42.1099,-63.1938,2.3671
5101,L,-42.9036,-62.6392,3.8097
5102,L,-50.4277,-60.7704,5.2778
5103,L,-49.2280,-59.8370,3.2013
5104,L,-52.2921,-59.7777,3.5713
5105,L,-54.5670,-59.5867,1.9053
5106,L,-55.3189,-60.2548,4.0119
5107,L,-37.7122,-61.8375,26.5602
5108,L,-38.6709,-62.9658,24.3847
5109,L,-37.7191,-61.1223,23.8012
5110,L,-38.2360,-58.1062,17.2756
5111,L,-38.5165,-60.1001,17.9801
5112,L,-39.7493,-59.6453,15.3476
5113,L,-41.4766,-60.9812,13.6406
5114,L,-41.8247,-59.2446,13.2041
5115,L,-42.9061,-50.5939,15.6076
5116,L,-41.0612,-52.0932,15.6599
5117,L,-41.9255,-51.5106,12.9561
5118,L,-47.2213,-55.7828,8.1399
5119,L,-44.9203,-56.0412,9.8756
5120,L,-47.7758,-57.9731,10.5664
5121,L,-47.6450,-59.8263,11.8347
5122,L,-50.4423,-59.9389,11.1309
5123,L,-52.1996,-62.3366,10.7107
5124,L,-52.6038,-59.8157,9.4962
5125,L,-55.2697,-55.1628,3.8815
5126,L,-55.8140,-57.9856,6.0736
5127,L,-57.4815,-56.4375,4.0305
5128,L,-59.4112,-57.6107,4.4049
5129,L,-59.5403,-54.1960,2.2717
5130,L,-61.5297,-52.0575,1.2129
5131,L,-59.3632,-51.2548,1.2958
5132,L,-54.8965,-46.5862,-0.1694
5133,L,-57.5854,-47.1462,-0.3953
5134,L,-55.8219,-45.4512,-1.6931
5135,L,-56.2173,-43.6653,-2.9485
5136,L,-53.5915,-43.4579,-2.4419
5137,L,-50.4660,-41.8379,4.5594
5138,L,-49.1994,-42.9288,2.7731
5139,L,-49.8488,-40.7986,3.3807
5140,L,-50.2165,-37.1585,0.9476
5141,L,-49.0962,-39.2889,0.7867
5142,L,-48.5842,-38.2963,-0.7191
5143,L,-48.9337,-39.6775,-2.7765
5144,L,-47.8456,-37.4951,-2.3251
5145,L,-47.1370,-36.4892,-4.0084
5146,L,-48.0688,-35.2859,-1.7924
5147,L,-56.0790,-30.7868,-1.2101
5148,L,-51.7747,-31.1847,-1.9804
5149,L,-54.6980,-29.2187,-1.9230
5150,L,-53.1405,-27.7849,-2.8617
5151,L,-57.7193,-27.2819,-1.7800
5152,L,-20.0650,-63.9835,57.3171
5153,L,-19.1170,-65.5367,55.8760
5154,L,-20.5018,-64.4708,55.1437
5155,L,-23.3478,-64.0382,51.4114
5156,L,-21.4729,-64.5914,51.5499
5157,L,-20.9154,-63.5556,49.0554
5158,L,-18.5499,-63.7263,46.0190
5159,L,-20.2183,-62.6537,46.0767
5160,L,-26.5059,-60.8411,46.8775
5161,L,-25.8823,-61.4330,48.1251
5162,L,-26.5698,-62.2198,46.5526
5163,L,-23.0609,-60.2862,38.2674
5164,L,-23.2396,-60.8557,41.9031
5165,L,-21.4262,-60.7013,38.9264
5166,L,-20.0697,-62.0188,39.3878
5167,L,-20.8864,-62.5671,35.8501
5168,L,-21.2125,-65.0179,33.3802
5169,L,-22.0033,-63.2505,32.6174
5170,L,-27.2832,-65.0327,26.7327
5171,L,-25.4775,-65.2798,26.3859
5172,L,-27.0118,-67.0893,23.7917
5173,L,-26.6776,-69.7121,21.6644
5174,L,-28.3941,-69.1454,21.3919
5175,L,-32.4477,-56.8526,35.9301
5176,L,-30.5732,-56.9575,36.3912
5177,L,-32.6216,-59.0660,36.9331
5178,L,-33.3925,-65.7881,42.1208
5179,L,-32.6984,-63.3905,40.0514
5180,L,-32.0754,-65.7690,41.5043
5181,L,-30.8789,-65.6690,40.8946
5182,L,-31.0399,-68.2344,42.1229
5183,L,-34.4292,-75.6151,42.5575
5184,L,-33.7188,-73.5875,44.9317
5185,L,-32.6084,-76.4991,41.5943
5186,L,-31.6418,-77.3391,33.6886
5187,L,-31.8398,-75.4314,37.6409
5188,L,-32.0207,-73.7464,35.7741
5189,L,-31.3114,-70.4656,38.0843
5190,L,-31.8527,-71.6520,33.5872
5191,L,-31.0255,-69.6271,31.4243
5192,L,-31.1793,-72.7875,29.4542
5193,L,-32.9971,-77.8928,20.2072
5194,L,-32.3596,-75.2326,21.3217
5195,L,-31.4656,-76.2920,17.6937
5196,L,-29.7314,-75.0660,16.2200
5197,L,-30.3841,-77.8640,14.5962
5198,L,-28.5353,-79.7105,12.7794
5199,L,-31.5767,-79.6862,14.0579
5200,L,-35.5772,-85.0639,15.8645
5201,L,-33.2909,-84.1076,13.8472
5202,L,-34.0609,-86.5234,13.4617
5203,L,-32.3693,-88.6393,12.5267
5204,L,-34.6925,-88.6127,12.6673
5205,L,-41.0297,-80.3372,22.7591
5206,L,-39.8859,-83.0039,20.9637
5207,L,-41.5928,-81.8491,19.4770
5208,L,-37.7364,-82.1400,12.3423
5209,L,-38.1740,-83.9802,13.0353
5210,L,-36.0771,-84.2324,10.2230
5211,L,-34.2243,-86.2911,8.9366
5212,L,-33.6314,-83.9844,8.1463
5213,L,-30.8623,-84.6619,6.8425
5214,L,-33.4421,-81.8608,7.7239
5215,L,-38.9316,-79.6941,6.8030
5216,L,-35.5884,-79.9291,5.4232
5217,L,-37.5459,-81.0571,4.6901
5218,L,-35.8552,-82.9513,2.4768
5219,L,-19.8055,-60.6738,12.4884
5220,L,-20.4887,-64.3454,9.0629
5221,L,-20.7445,-63.9368,11.0345
5222,L,-17.2235,-67.7228,10.0376
5223,L,-17.9222,-67.8805,7.3787
5224,L,-15.7584,-68.3927,6.8062
5225,L,-14.8989,-70.8120,8.7291
5226,L,-13.2074,-69.3661,7.2217
5227,L,-18.5499,-71.5325,16.5935
5228,L,-18.1677,-69.6218,15.3762
5229,L,-15.0378,-70.2320,15.6983
5230,L,-5.3705,-69.3878,12.5055
5231,L,-8.4208,-68.1396,11.8088
5232,L,-6.3955,-70.0677,10.6078
5233,L,-8.5045,-72.0125,11.4898
5234,L,-6.2905,-74.4506,12.1372
5235,L,-7.8369,-79.1302,12.0966
5236,L,-5.6109,-77.7874,11.4871
5237,L,-3.8397,-83.3151,12.3876
5238,L,-5.2536,-83.8769,11.5198
5239,L,-4.2845,-86.8956,10.3367
5240,L,-5.9011,-89.7690,7.4391
5241,L,-3.6411,-89.4407,8.3887
5242,L,-16.9087,-74.3451,33.2415
5243,L,-17.7802,-74.8138,30.7836
5244,L,-17.5670,-78.6583,30.6874
5245,L,-8.0978,-82.2077,32.2725
5246,L,-9.9207,-80.6452,29.5403
5247,L,-6.5922,-80.4603,29.7790
5248,L,-6.3729,-79.4775,27.1204
5249,L,-4.3093,-80.8276,28.9757
5250,L,-10.1055,-87.2871,28.9097
5251,L,-8.5776,-86.1249,31.4862
5252,L,-8.4272,-89.0698,29.7770
5253,L,-7.8351,-88.3675,21.9010
5254,L,-6.3843,-88.1581,26.0972
5255,L,-6.8660,-85.8406,23.3453
5256,L,-4.6566,-83.6688,23.9225
5257,L,-5.3423,-85.0199,20.8781
5258,L,-3.7234,-85.0979,19.4190
5259,L,-5.2604,-87.4041,17.8462
5260,L,-4.8577,-96.4614,11.0395
5261,L,-3.8027,-93.6738,12.7309
5262,L,-4.3384,-96.2990,9.4649
5263,L,-5.4906,-95.3989,7.7303
5264,L,-6.0379,-97.8157,7.2579
5265,L,-8.4622,-98.1799,5.3584
5266,L,-6.0947,-99.3956,6.3435
5267,L,-9.4215,-102.2106,4.4781
5268,L,-8.3479,-101.9398,2.3929
5269,L,-10.6278,-102.7059,0.8579
5270,L,-12.5138,-102.5749,-2.3592
5271,L,-13.3953,-102.6429,0.4264
5272,L,-18.5462,-98.7251,13.8642
5273,L,-15.5884,-99.8058,11.4099
5274,L,-18.6731,-99.1247,10.9555
5275,L,-20.0555,-97.3286,3.6310
5276,L,-18.4818,-98.6808,4.2027
5277,L,-20.4754,-99.6877,2.1054
5278,L,-19.8301,-100.5260,0.1377
5279,L,-22.6507,-99.6280,0.1241
5280,L,-23.6995,-98.3672,-1.7829
5281,L,-23.5412,-97.0738,-0.3370
5282,L,-24.7961,-88.5036,1.7379
5283,L,-25.4212,-91.2045,-0.4013
5284,L,-27.1172,-88.2075,-0.3926
5285,L,-29.5505,-88.1121,-1.8638
5286,L,-29.2591,-85.2948,-0.2892
5287,L,-11.8241,-16.8021,47.1408
5288,L,-13.0480,-15.1430,46.0029
5289,L,-13.1856,-17.6412,45.1953
5290,L,-16.3928,-22.0729,40.5112
5291,L,-15.7199,-19.4931,40.8639
5292,L,-15.8342,-20.5972,38.5482
5293,L,-14.1488,-19.2743,37.4078
5294,L,-14.9371,-22.1015,36.9616
5295,L,-18.3650,-33.5604,41.9598
5296,L,-17.9745,-30.7301,41.0746
5297,L,-18.2828,-32.4519,39.5029
5298,L,-13.5353,-31.5150,37.7768
5299,L,-15.0690,-29.8832,36.6923
5300,L,-12.7097,-28.7301,37.1459
5301,L,-11.7178,-26.0026,37.1405
5302,L,-10.2878,-27.8754,38.7099
5303,L,-7.9528,-27.0983,40.5503
5304,L,-9.0210,-29.4299,40.5147
5305,L,-6.1267,-33.8258,41.4185
5306,L,-6.4716,-31.7064,40.4041
5307,L,-5.1444,-32.8205,40.0745
5308,L,-4.9538,-32.0059,37.5227
5309,L,-4.7796,-34.0319,38.5409
5310,L,-7.1727,-47.0896,52.0012
5311,L,-9.9752,-46.6344,50.8225
5312,L,-6.7039,-46.6863,49.7609
5313,L,-9.4256,-48.5562,45.3124
5314,L,-7.1128,-46.3268,45.8045
5315,L,-8.0002,-46.3057,44.1999
5316,L,-6.9255,-43.9935,44.1715
5317,L,-9.4672,-45.8940,42.8595
5318,L,-7.7291,-54.6362,38.2485
5319,L,-9.4243,-53.6057,40.0558
5320,L,-10.0658,-53.2293,37.9766
5321,L,-15.5079,-48.1866,36.6031
5322,L,-14.3663,-49.2770,38.6583
5323,L,-14.2699,-45.9469,38.4253
5324,L,-11.6634,-44.0327,40.0321
5325,L,-12.3918,-42.8118,38.3430
5326,L,-9.0990,-40.7166,39.5428
5327,L,-12.6388,-41.5018,36.5474
5328,L,-11.3061,-43.4349,31.3160
5329,L,-10.6939,-40.1115,33.1009
5330,L,-8.9790,-40.5687,32.2052
5331,L,-7.0264,-37.7010,32.9394
5332,L,-6.9508,-41.3958,31.9569
5333,L,-4.9062,-41.4711,31.5738
5334,L,-6.7261,-44.3559,31.2832
5335,L,-8.4254,-51.4606,27.2336
5336,L,-5.9036,-49.6963,29.1940
5337,L,-6.2851,-51.4089,26.5577
5338,L,-4.8046,-50.9375,25.2137
5339,L,-7.9482,-52.1595,23.5240
5340,L,-4.1972,-62.6641,24.8822
5341,L,-6.3923,-59.8911,25.2304
5342,L,-4.1550,-62.3935,23.2203
5343,L,-6.0104,-62.7731,19.0616
5344,L,-4.1693,-61.6130,19.8857
5345,L,-4.1035,-61.1134,18.1408
5346,L,-5.6347,-57.9552,18.4675
5347,L,-4.2035,-60.4874,16.3139
5348,L,-4.3090,-59.8935,14.4256
5349,L,-6.2168,-61.0151,15.7548
5350,L,-17.0950,-57.8372,16.7753
5351,L,-12.9882,-57.1746,16.1794
5352,L,-17.1127,-57.9990,14.5569
5353,L,-17.0772,-58.9408,12.2829
5354,L,-1.2011,12.9683,-0.3168
5355,L,-1.3995,8.3065,-1.1354
5356,L,-0.9593,9.7338,0.4279
5357,L,-0.9562,4.5138,4.1489
5358,L,-0.7241,3.1994,2.5605
5359,L,-1.4690,0.4192,3.5333
5360,L,-2.6659,-2.8416,3.0125
5361,L,-2.5439,-1.6144,4.5696
5362,L,-0.7227,7.8697,11.9160
5363,L,-0.8175,7.2726,9.8123
5364,L,-1.0140,4.0232,10.8265
5365,L,-3.4050,-4.5959,9.9433
5366,L,-2.9443,-2.4541,8.6925
5367,L,-3.3934,-4.5664,8.5418
5368,L,-2.9058,-5.3530,7.0881
5369,L,-2.5214,-8.1724,8.1997
5370,L,-1.7746,-13.1549,6.7776
5371,L,-2.1577,-11.5042,8.9880
5372,L,-2.9366,-17.5436,11.9190
5373,L,-2.7779,-17.9674,10.1921
5374,L,-3.8550,-20.7068,11.0236
5375,L,-4.9137,-23.5138,9.9562
5376,L,-4.4911,-23.5718,11.6712
5377,L,-4.9073,7.3852,27.9897
5378,L,-2.6340,8.3256,26.8240
5379,L,-2.6120,4.8016,28.1848
5380,L,-0.4546,-4.6337,27.9390
5381,L,-0.2590,-1.1477,27.0271
5382,L,-0.2772,-4.3472,25.4923
5383,L,-0.4544,-4.0745,22.9260
5384,L,-0.3034,-7.5028,23.8312
5385,L,-4.4968,-19.0915,28.3585
5386,L,-3.3908,-15.6128,28.6589
5387,L,-2.1784,-18.9091,27.5842
5388,L,-0.2518,-21.8679,21.9713
5389,L,-0.3526,-18.3926,23.6778
5390,L,-0.4100,-18.1898,21.2224
5391,L,-0.5382,-14.5475,20.3767
5392,L,-0.6414,-18.0970,18.8113
5393,L,-0.9872,-18.0694,16.4625
5394,L,-0.9790,-21.4134,17.2655
5395,L,-0.8290,-30.9446,14.6270
5396,L,-2.1963,-27.8070,14.8423
5397,L,-2.7175,-30.7785,13.5564
5398,L,-4.3620,-30.3230,12.7488
5399,L,-2.7982,-32.8095,11.4785
5400,L,-3.1944,-33.6640,9.3095
5401,L,-0.1713,-33.7140,9.3469
5402,L,1.0965,-40.5448,10.7930
5403,L,1.0243,-38.9370,7.7486
5404,L,0.2192,-41.7590,8.7255
5405,L,-2.4939,-42.2330,7.7713
5406,L,-1.9240,-43.4681,9.8837
5407,L,-5.1160,-41.6273,21.6895
5408,L,-2.4228,-41.8148,19.7216
5409,L,-4.9990,-43.5708,19.4793
5410,L,-8.3890,-48.7019,14.1861
5411,L,-6.7084,-46.4992,14.7785
5412,L,-8.3708,-47.9369,12.6262
5413,L,-7.9686,-47.0882,11.1032
5414,L,-8.0720,-49.3423,9.9392
5415,L,-7.5301,-50.7289,7.1541
5416,L,-6.9820,-51.6099,8.2875
5417,L,-6.6327,-57.3018,9.3316
5418,L,-8.1916,-56.2564,8.3868
5419,L,-9.3929,-57.7087,9.5382
5420,L,-12.8692,-58.1450,9.6151
5421,L,-11.2889,-58.6529,10.4673
5422,L,-30.6702,23.7729,-13.3589
5423,L,-26.9335,22.7131,-11.2993
5424,L,-28.3035,22.4686,-13.5632
5425,L,-25.8797,18.8225,-16.0244
5426,L,-25.4455,18.7938,-13.5228
5427,L,-25.5739,16.2494,-13.4660
5428,L,-28.4516,13.4625,-12.4982
5429,L,-26.9695,13.7439,-13.7285
5430,L,-25.2483,16.2019,-23.0041
5431,L,-26.8055,15.7295,-23.3050
5432,L,-25.3305,13.9934,-22.1776
5433,L,-27.7585,7.7866,-15.0753
5434,L,-26.4963,10.9265,-16.3739
5435,L,-28.8517,8.1437,-15.0830
5436,L,-29.9842,8.2819,-14.8720
5437,L,-31.0411,4.6523,-14.6200
5438,L,-33.0175,2.3933,-16.3608
5439,L,-32.2363,1.8342,-15.3821
5440,L,-33.3510,-1.9804,-18.9540
5441,L,-33.5356,-0.8837,-20.5666
5442,L,-32.7159,-0.9323,-23.3021
5443,L,-30.3769,1.1110,-26.3365
5444,L,-31.0362,-0.8387,-25.1029
5445,L,-14.1057,19.0272,-14.5415
5446,L,-15.5722,19.3621,-16.6774
5447,L,-15.2157,15.5605,-14.5480
5448,L,-17.5012,3.3529,-13.3794
5449,L,-16.9848,7.4698,-15.9829
5450,L,-18.7363,4.2211,-13.9433
5451,L,-20.0931,4.9050,-14.1361
5452,L,-20.9272,1.5620,-12.3852
5453,L,-24.1680,-10.0066,-11.4430
5454,L,-21.8009,-6.8168,-10.9060
5455,L,-25.2373,-8.5508,-12.0609
5456,L,-31.0855,-8.2378,-17.7655
5457,L,-27.4766,-6.6213,-14.2650
5458,L,-28.1706,-5.9587,-15.4761
5459,L,-25.9055,-3.1285,-14.2840
5460,L,-28.7201,-5.1026,-16.7864
5461,L,-29.8096,-4.1528,-17.0820
5462,L,-31.5304,-5.9915,-19.8719
5463,L,-30.5989,-5.5415,-28.4458
5464,L,-31.6158,-4.6550,-26.7078
5465,L,-28.8271,-3.4224,-28.4989
5466,L,-27.1090,-1.3197,-27.6688
5467,L,-25.5654,-1.7636,-29.2475
5468,L,-24.5462,0.0195,-32.1995
5469,L,-24.3832,-2.2820,-30.7856
5470,L,-22.8867,-7.0892,-31.3223
5471,L,-22.9929,-4.5591,-32.7494
5472,L,-22.7291,-6.1486,-33.1072
5473,L,-24.7956,-5.4940,-34.8763
5474,L,-22.2698,-7.6894,-33.1017
5475,L,-29.7540,-17.6711,-26.1095
5476,L,-27.6695,-15.4030,-27.9970
5477,L,-25.8240,-16.4310,-27.6141
5478,L,-20.2792,-14.8523,-28.0566
5479,L,-20.1562,-12.7431,-28.1861
5480,L,-20.8966,-12.9399,-30.2479
5481,L,-23.1417,-11.5670,-33.0182
5482,L,-24.4948,-13.5878,-32.6759
5483,L,-27.7462,-12.8934,-32.1256
5484,L,-25.7487,-15.4382,-31.8806
5485,L,-27.2337,-21.5146,-28.4187
5486,L,-28.5897,-19.2826,-29.5188
5487,L,-29.8314,-21.2264,-28.0152
5488,L,-32.2153,-20.9207,-27.5965
5489,L,-30.6844,-23.0456,-26.4020
5490,L,-56.7216,-16.3308,-4.6583
5491,L,-53.1208,-17.7803,-6.6792
5492,L,-54.2684,-15.9953,-6.8646
5493,L,-51.4456,-13.2798,-12.3799
5494,L,-50.3811,-15.1818,-11.7544
5495,L,-49.5892,-14.7727,-14.4435
5496,L,-50.3581,-16.7414,-16.3408
5497,L,-49.9971,-14.4798,-16.9008
5498,L,-53.9357,-3.7624,-11.5378
5499,L,-53.1119,-6.3459,-11.6234
5500,L,-51.4509,-5.7667,-14.7471
5501,L,-50.6790,-8.3354,-23.1095
5502,L,-49.2812,-9.2296,-20.7772
5503,L,-51.8919,-10.8307,-21.8915
5504,L,-52.8642,-13.0413,-20.4382
5505,L,-55.0117,-11.8097,-21.6408
5506,L,-57.9263,-12.7153,-20.4540
5507,L,-56.9827,-10.1776,-22.6273
5508,L,-58.2554,-5.4912,-26.9431
5509,L,-59.4338,-7.7478,-24.8511
5510,L,-58.3805,-8.2970,-26.5473
5511,L,-57.6767,-11.0501,-26.0244
5512,L,-55.7640,-9.1152,-27.6408
5513,L,-49.0521,0.0648,-15.2757
5514,L,-50.5314,2.7907,-13.4240
5515,L,-50.3096,5.9643,-15.3779
5516,L,-49.7961,13.5947,-20.4031
5517,L,-51.3793,12.2177,-17.3745
5518,L,-50.5656,11.0651,-20.7439
5519,L,-50.3478,7.8125,-21.1852
5520,L,-48.1517,8.3189,-24.3499
5521,L,-40.5084,16.8228,-33.2141
5522,L,-43.4768,16.2960,-30.2698
5523,L,-41.4605,13.7906,-33.4931
5524,L,-45.3138,5.6164,-36.1236
5525,L,-45.1698,8.4841,-34.8219
5526,L,-48.0629,6.4913,-34.7443
5527,L,-49.3487,5.5809,-31.7638
5528,L,-50.8092,3.9169,-33.4804
5529,L,-53.3393,1.5627,-32.1143
5530,L,-50.4107,0.7926,-33.4360
5531,L,-45.5946,-5.5066,-33.3374
5532,L,-47.8046,-4.9460,-31.1740
5533,L,-46.8992,-8.3294,-31.0807
5534,L,-48.5446,-10.8165,-28.8191
5535,L,-47.7414,-11.5620,-32.2573
5536,L,-50.2384,-13.9957,-33.4421
5537,L,-48.2469,-11.3900,-35.5026
5538,L,-45.6499,-8.8999,-41.6516
5539,L,-47.7498,-10.9526,-40.1028
5540,L,-45.9799,-11.5229,-40.6996
5541,L,-45.9342,-14.3275,-38.3160
5542,L,-43.8847,-11.9355,-39.6483
5543,L,-34.4515,-1.3793,-44.0627
5544,L,-36.9318,-3.3700,-44.1810
5545,L,-34.9278,-4.1804,-43.5248
5546,L,-35.9757,-7.6300,-37.7668
5547,L,-37.1771,-7.1573,-39.2589
5548,L,-38.5274,-8.0517,-36.5212
5549,L,-41.0380,-9.9452,-35.4259
5550,L,-39.7624,-9.0000,-33.0245
5551,L,-40.6746,-10.7942,-29.8040
5552,L,-38.2380,-9.0753,-31.4414
5553,L,-34.1404,-13.6599,-32.6925
5554,L,-36.1352,-13.3319,-31.0947
5555,L,-35.4043,-15.9960,-31.3091
5556,L,-36.4167,-17.3092,-29.0184
5557,L,-34.3292,-17.1732,-30.4081
5558,L,-42.9600,-83.2074,0.2582
5559,L,-42.1312,-84.3558,-1.8662
5560,L,-42.7477,-81.6827,-0.9891
5561,L,-42.6917,-75.6170,-4.2121
5562,L,-41.6214,-79.1860,-4.3642
5563,L,-42.8726,-77.4530,-5.8752
5564,L,-44.0090,-79.0615,-7.8068
5565,L,-44.5635,-75.6267,-7.0773
5566,L,-47.0466,-66.1152,-4.2724
5567,L,-45.2960,-67.5068,-4.0688
5568,L,-46.4445,-66.5595,-4.8280
5569,L,-41.0902,-67.1262,-5.3163
5570,L,-43.0296,-68.4015,-5.2336
5571,L,-41.7208,-70.9526,-6.5738
5572,L,-43.2655,-73.9230,-8.0895
5573,L,-41.3271,-73.8389,-8.0743
5574,L,-40.7736,-75.5724,-10.1585
5575,L,-39.6123,-72.5282,-8.7124
5576,L,-40.4144,-62.5931,-10.0394
5577,L,-39.9448,-66.9430,-11.2901
5578,L,-41.4404,-63.8873,-12.4858
5579,L,-42.1403,-65.5334,-14.6315
5580,L,-41.8743,-61.5622,-13.6281
5581,L,-58.5223,-47.4275,-6.6430
5582,L,-55.7467,-50.0903,-6.0595
5583,L,-56.4231,-48.3408,-8.1817
5584,L,-56.0871,-51.0222,-13.7901
5585,L,-56.4977,-52.3522,-11.8180
5586,L,-56.3950,-54.3978,-13.2471
5587,L,-55.7236,-57.6030,-12.7584
5588,L,-55.7373,-56.2860,-14.8381
5589,L,-55.0201,-41.1091,-19.4803
5590,L,-57.3805,-43.1411,-19.6029
5591,L,-56.3851,-44.1908,-20.7813
5592,L,-51.9314,-49.0513,-18.2587
5593,L,-54.4213,-50.5246,-20.0027
5594,L,-51.9964,-52.1364,-16.8266
5595,L,-51.4321,-54.7380,-15.0856
5596,L,-49.0806,-52.9132,-13.2261
5597,L,-45.9572,-53.6314,-9.8510
5598,L,-46.6274,-51.6623,-11.8644
5599,L,-42.8022,-47.9371,-13.4840
5600,L,-42.2900,-50.9619,-12.8428
5601,L,-41.8065,-51.6805,-15.3667
5602,L,-42.3255,-55.8608,-17.1472
5603,L,-42.5524,-52.1787,-17.8590
5604,L,-42.9642,-53.2245,-19.8593
5605,L,-41.5380,-49.5379,-17.3894
5606,L,-42.5190,-40.1843,-19.1330
5607,L,-40.6733,-43.5486,-18.4161
5608,L,-41.0967,-41.2555,-20.3144
5609,L,-40.1798,-42.9701,-21.8557
5610,L,-41.7722,-39.7847,-22.4143
5611,L,-50.1201,-33.8818,-25.9035
5612,L,-48.3499,-36.3991,-24.9365
5613,L,-48.6854,-33.7887,-24.3790
5614,L,-45.0634,-30.5767,-21.3801
5615,L,-44.9787,-33.4508,-22.2215
5616,L,-43.2809,-33.6897,-21.7581
5617,L,-41.3855,-36.3155,-22.0169
5618,L,-41.1881,-34.1269,-22.3609
5619,L,-39.2913,-34.6520,-23.4931
5620,L,-40.9906,-31.6779,-21.9293
5621,L,-41.9535,-20.7659,-22.2252
5622,L,-40.9795,-25.4788,-21.6387
5623,L,-40.5461,-21.8779,-22.0095
5624,L,-39.7289,-22.9479,-22.6195
5625,L,-39.4361,-18.6286,-22.8991
5626,L,-21.9097,-69.6206,7.8432
5627,L,-23.8766,-68.6312,7.2489
5628,L,-22.5984,-71.4732,6.8793
5629,L,-18.4229,-75.4557,3.6684
5630,L,-21.1585,-73.5584,3.3654
5631,L,-18.8773,-73.1286,2.2340
5632,L,-19.0515,-70.3708,1.2260
5633,L,-15.3006,-71.7231,1.9685
5634,L,-9.9872,-80.7430,4.1180
5635,L,-11.3573,-79.0478,5.0923
5636,L,-8.0222,-78.6613,4.6265
5637,L,-3.2340,-72.2341,4.7604
5638,L,-5.4631,-73.0259,5.4407
5639,L,-4.3423,-69.6081,5.1488
5640,L,-6.6864,-67.9581,4.6343
5641,L,-4.7544,-66.9651,3.9971
5642,L,-6.1616,-64.7791,2.8337
5643,L,-5.0622,-66.7618,2.2316
5644,L,-10.5093,-71.1135,-1.9649
5645,L,-9.6130,-68.4538,-1.0029
5646,L,-12.2780,-68.2380,-2.2464
5647,L,-13.5433,-65.0126,-3.1814
5648,L,-14.2366,-67.6965,-3.6901
5649,L,-9.1354,-96.4698,-8.3235
5650,L,-7.6578,-95.0539,-7.1985
5651,L,-6.6073,-95.5341,-10.5010
5652,L,-9.1428,-89.0200,-12.6963
5653,L,-6.2233,-90.4484,-12.8049
5654,L,-7.4784,-88.2492,-11.8399
5655,L,-6.6889,-87.8003,-8.7222
5656,L,-9.4107,-85.4274,-10.5856
5657,L,-20.3037,-82.5778,-6.9320
5658,L,-17.7261,-83.9909,-9.2477
5659,L,-18.6657,-81.4810,-8.3369
5660,L,-18.0010,-75.6899,-9.8286
5661,L,-17.2224,-78.6199,-10.9670
5662,L,-15.1618,-77.5256,-9.6147
5663,L,-12.9819,-79.4672,-8.0101
5664,L,-13.2777,-75.9105,-8.5172
5665,L,-11.0511,-74.8508,-8.6782
5666,L,-14.5686,-72.6788,-9.8577
5667,L,-20.8879,-61.9538,-9.9277
5668,L,-17.6785,-65.4316,-9.3206
5669,L,-20.4887,-63.5621,-8.0726
5670,L,-19.7183,-64.3002,-5.7745
5671,L,-22.8283,-61.5919,-6.3612
5672,L,-24.2951,-58.5920,-5.2140
5673,L,-25.1361,-58.7888,-6.1879
5674,L,-30.8521,-55.6572,-7.4196
5675,L,-30.3875,-54.2172,-6.4026
5676,L,-32.5400,-52.8019,-7.7985
5677,L,-33.6393,-49.5895,-7.9520
5678,L,-33.4334,-50.9590,-9.8403
5679,L,-29.7317,-61.0301,-12.3564
5680,L,-30.6830,-59.9711,-11.1031
5681,L,-28.4572,-57.4840,-13.4704
5682,L,-27.3265,-46.0359,-16.9512
5683,L,-28.0509,-49.4354,-14.9421
5684,L,-29.8093,-46.2829,-15.9478
5685,L,-33.0017,-46.1807,-14.7086
5686,L,-32.4323,-43.3208,-16.9746
5687,L,-35.0381,-40.5926,-17.4261
5688,L,-31.9631,-40.4942,-19.2931
5689,L,-32.5916,-34.2071,-24.9736
5690,L,-32.5562,-34.4445,-23.5493
5691,L,-34.0489,-31.5981,-25.4076
5692,L,-35.6385,-29.6032,-25.2126
5693,L,-36.6694,-30.0510,-25.9708
5694,L,-1.9513,-0.9137,-1.8910
5695,L,-2.2529,-1.0616,-3.7398
5696,L,-3.1842,-4.7052,-3.6698
5697,L,-0.4932,-17.0023,-7.7916
5698,L,-1.3368,-13.7261,-8.1180
5699,L,0.4576,-17.8893,-10.6323
5700,L,-0.7840,-18.9168,-13.8403
5701,L,0.2178,-21.1359,-14.4534
5702,L,-4.2423,-25.0855,-4.1082
5703,L,-2.2729,-24.2209,-5.5535
5704,L,-4.9647,-25.8142,-6.9265
5705,L,-10.6756,-24.0677,-10.4225
5706,L,-7.2226,-24.5230,-11.5582
5707,L,-8.0997,-23.2676,-13.3093
5708,L,-5.3581,-22.6376,-15.9717
5709,L,-9.4014,-22.7248,-15.1270
5710,L,-10.8995,-23.3462,-17.0227
5711,L,-12.4334,-23.7992,-14.0469
5712,L,-23.1998,-27.6772,-9.3390
5713,L,-20.4153,-25.4367,-10.7125
5714,L,-25.1294,-27.0402,-10.1581
5715,L,-27.0482,-26.1741,-10.8219
5716,L,-29.4396,-28.1609,-9.5535
5717,L,-14.7632,-36.6941,4.6120
5718,L,-13.7926,-35.2662,3.4967
5719,L,-17.1641,-36.8036,3.8772
5720,L,-24.0712,-38.4419,3.2124
5721,L,-22.1137,-36.6346,2.5692
5722,L,-24.5750,-36.4347,2.0157
5723,L,-23.5599,-35.7162,-0.3478
5724,L,-26.9320,-36.2995,1.6563
5725,L,-19.9285,-39.8211,-5.7423
5726,L,-22.3471,-41.8048,-3.7414
5727,L,-23.9465,-41.2725,-5.3150
5728,L,-32.0962,-39.5307,-4.1271
5729,L,-30.4798,-39.6754,-2.2542
5730,L,-31.9202,-38.4022,-1.9730
5731,L,-30.5595,-36.3911,-0.9967
5732,L,-32.2489,-35.9902,-2.6337
5733,L,-31.1951,-33.2102,-3.9176
5734,L,-33.8304,-35.5570,-4.3255
5735,L,-37.1805,-35.9322,-9.9904
5736,L,-36.8970,-34.8649,-7.8170
5737,L,-38.0145,-34.0656,-9.6196
5738,L,-37.7206,-31.3943,-9.3529
5739,L,-38.8276,-32.6581,-11.4014
5740,L,-39.2662,-31.0883,-13.0043
5741,L,-37.7167,-32.8719,-13.7574
5742,L,-28.2123,-30.7075,-16.4881
5743,L,-31.3218,-30.5282,-16.5702
5744,L,-27.8343,-28.9532,-17.7640
5745,L,-27.2233,-27.1222,-18.8731
5746,L,-24.5202,-26.8312,-17.8753
5747,L,-20.3113,-35.0601,-16.0125
5748,L,-19.2282,-31.1529,-15.9246
5749,L,-21.0692,-34.1181,-17.2576
5750,L,-25.6965,-32.3223,-18.9515
5751,L,-22.4758,-31.6095,-19.8548
5752,L,-23.2127,-30.2422,-21.2427
5753,L,-21.3190,-27.4697,-21.5997
5754,L,-23.9983,-28.8188,-22.7834
5755,L,-24.5568,-27.2465,-24.2476
5756,L,-26.8337,-28.9564,-22.2710
5757,L,-34.7683,-30.7555,-17.3262
5758,L,-32.1224,-28.1119,-19.6709
5759,L,-34.7139,-28.4674,-18.8200
5760,L,-34.6124,-25.9574,-20.4537
5761,L,-36.8529,-29.4280,-19.7669
5762,L,-39.8816,-14.0129,59.0906
5763,L,-41.1162,-11.5992,59.6289
5764,L,-40.7902,-12.9579,60.9432
5765,L,-39.2780,-11.7094,62.0078
5766,L,-36.5201,-11.2650,61.0294
5767,L,-35.7472,-23.5152,53.8727
5768,L,-36.5624,-22.2196,52.8719
5769,L,-37.3304,-20.9500,55.6773
5770,L,-38.3608,-17.6971,58.0087
5771,L,-31.0211,-23.2675,59.0787
5772,L,-30.4500,-23.7564,55.7835
5773,L,-32.9866,-23.1326,57.8578
5774,L,-34.6236,-23.4149,56.1038
5775,L,-33.3173,-17.1482,67.2912
5776,L,-32.0378,-19.6298,67.8094
5777,L,-33.5633,-20.1621,66.3516
5778,L,-32.5974,-22.2480,63.2294
5779,L,-34.4397,-11.9062,60.3987
5780,L,-35.9042,-12.8291,63.5044
5781,L,-34.9010,-14.9608,65.5101
5782,L,-23.1263,52.4442,22.8996
5783,L,-21.9623,53.1787,24.3609
5784,L,-22.5174,50.6730,25.4999
5785,L,-22.9048,49.0081,29.0929
5786,L,-24.1482,46.7954,32.1953
5787,L,-24.7215,45.2177,16.5654
5788,L,-25.1799,48.2474,16.9559
5789,L,-23.0434,47.2857,18.2124
5790,L,-22.5583,49.8741,20.5095
5791,L,-27.1137,35.9233,21.2021
5792,L,-28.5431,37.8500,19.3125
5793,L,-25.9373,38.7559,18.7189
5794,L,-25.0184,41.8051,17.0354
5795,L,-55.1234,-5.1036,8.5530
5796,L,-53.2400,-4.0225,8.2982
5797,L,-55.0056,-2.1692,7.5116
5798,L,-55.8399,0.2879,6.1467
5799,L,-56.8298,2.8793,4.9743
5800,L,-60.6382,-6.7172,10.1919
5801,L,-60.4816,-8.0022,9.6883
5802,L,-59.2602,-6.0305,9.0856
5803,L,-57.4770,-5.5932,8.5162
5804,L,-50.4084,-53.3218,42.0630
5805,L,-49.8641,-52.9326,39.9536
5806,L,-50.4627,-52.0164,41.5756
5807,L,-50.6707,-50.3040,41.2497
5808,L,-51.5913,-48.7016,40.7958
5809,L,-46.6629,-50.2760,41.8499
5810,L,-46.9462,-52.0008,42.4999
5811,L,-48.2861,-51.7312,43.8006
5812,L,-50.1535,-52.7406,44.0657
5813,L,-11.2799,-69.4280,54.9985
5814,L,-11.4529,-69.9851,51.4494
5815,L,-12.6720,-68.6876,53.4585
5816,L,-14.2608,-67.4984,51.9551
5817,L,-15.8705,-66.3068,51.1366
5818,L,-13.5394,-62.2152,60.7444
5819,L,-11.9242,-63.4356,60.1174
5820,L,-11.9618,-65.5474,60.4024
5821,L,-11.4470,-68.1988,58.5049
5822,L,-12.3423,-3.3330,43.3434
5823,L,-12.1050,-4.8573,42.0009
5824,L,-12.6131,-6.3785,43.5529
5825,L,-12.8892,-9.3863,43.5243
5826,L,-13.4943,-12.1508,42.6490
5827,L,-5.5544,15.0851,-8.2889
5828,L,-5.6399,11.8268,-8.0952
5829,L,-4.8739,9.7795,-6.6517
5830,L,-3.7575,4.1930,-5.9777
5831,L,-2.9409,-1.6352,-7.0985
5832,L,-34.1606,17.1254,-3.4589
5833,L,-35.5457,14.6130,-4.9132
5834,L,-33.2479,17.5638,-5.0796
5835,L,-31.3233,16.8769,-5.8823
5836,L,-29.1419,16.4255,-7.1728
5837,L,-47.0214,-28.3737,-6.3372
5838,L,-47.0104,-27.9847,-8.5901
5839,L,-47.3679,-25.9036,-7.6773
5840,L,-47.9014,-23.4997,-9.1143
5841,L,-48.6620,-21.2272,-10.6518
5842,L,-28.6199,-92.5761,-4.8659
5843,L,-28.7616,-93.0628,-6.7753
5844,L,-31.0143,-90.1111,-6.6694
5845,L,-35.4759,-89.2347,-6.7332
5846,L,-39.0658,-87.8531,-6.4085
5847,L,-16.8293,-56.2400,8.5688
5848,L,-19.4642,-56.7224,7.0992
5849,L,-21.2902,-58.7927,7.3424
5850,L,-24.5876,-61.3527,6.7352
5851,L,-26.2648,-64.6942,5.2255
5852,L,-56.2188,-2.7117,34.9946
5853,L,-56.5120,-0.2312,35.3444
5854,L,-56.0375,-1.5571,36.5886
5855,L,-53.7171,-1.4711,36.8491
5856,L,-50.8675,-2.4631,36.9036
5857,L,-36.0811,6.9249,56.0776
5858,L,-37.7337,9.5961,54.7057
5859,L,-36.1465,10.9958,55.0869
5860,L,-35.4241,14.4327,52.7193
5861,L,-34.5468,17.8815,49.9867
5862,L,-33.4597,20.6350,48.5855
5863,L,-33.4015,17.1782,48.4720
5864,L,-32.3227,16.0817,46.7595
5865,L,-30.7760,15.1481,44.6977
5866,L,-42.7367,-29.4220,44.5944
5867,L,-42.9899,-28.4266,42.7102
5868,L,-44.8930,-28.3537,45.7732
5869,L,-47.0883,-26.7780,47.1358
5870,L,-49.1614,-24.8288,48.2073
5871,L,-42.5597,-11.4709,35.4333
5872,L,-40.9543,-11.8814,32.5781
5873,L,-44.0270,-10.0263,34.1241
5874,L,-45.4142,-8.6950,32.3414
5875,L,-46.7283,-7.5467,30.3243
5876,L,-47.6912,-6.7721,28.5608
5877,L,-49.8780,-6.1587,31.9349
5878,L,-53.3083,-4.5385,33.6562
5879,L,-19.7773,-41.1338,62.8445
5880,L,-20.6199,-43.1879,59.7182
5881,L,-20.2273,-40.6717,60.8556
5882,L,-20.8085,-40.0218,59.1130
5883,L,-21.7131,-39.2507,57.5722
5884,L,-45.2387,-30.5120,57.3085
5885,L,-44.0642,-32.8910,56.0620
5886,L,-45.0708,-31.9126,54.7265
5887,L,-43.3405,-32.4222,51.4952
5888,L,-40.7516,-32.3796,48.3678
5889,L,-38.3638,-32.2608,45.6520
5890,L,-41.3470,-31.0674,47.3923
5891,L,-42.0201,-30.1300,46.0723
5892,L,-9.3202,-9.4979,66.7505
5893,L,-7.8570,-11.8474,66.2857
5894,L,-8.1670,-11.5284,67.9878
5895,L,-7.2125,-13.5789,69.3408
5896,L,-6.7486,-15.6418,70.6184
5897,L,-16.5606,-32.6980,69.7746
5898,L,-14.7182,-33.5528,70.9858
5899,L,-16.3229,-32.1700,73.5307
5900,L,-15.8695,-33.7703,74.1874
5901,L,-15.7177,-36.5732,72.5493
5902,L,-17.1898,-39.2678,70.8515
5903,L,-17.6210,-37.9934,69.1289
5904,L,-18.7951,-39.5483,65.7955
5905,L,-28.1611,14.9495,41.9282
5906,L,-29.8057,12.9257,44.5527
5907,L,-28.4333,11.3559,44.6152
5908,L,-26.8247,10.9518,45.3429
5909,L,-17.6132,-6.5066,65.7114
5910,L,-19.0327,-4.1421,67.3220
5911,L,-17.1307,-5.2913,67.9195
5912,L,-15.9584,-4.1448,69.1530
5913,L,-14.1274,-3.2933,68.7410
5914,L,-12.7756,-2.6325,67.7013
5915,L,-12.4861,-5.4457,68.1552
5916,L,-10.8770,-7.3303,67.2854
5917,L,-13.3348,45.4804,-2.1536
5918,L,-11.3764,44.0542,-0.8574
5919,L,-13.0411,45.7186,0.4653
5920,L,-11.9996,46.3161,2.6209
5921,L,-10.1579,46.8409,4.3639
5922,L,-6.0101,41.7853,41.0922
5923,L,-6.7431,40.4207,38.2454
5924,L,-7.2799,38.7016,41.9030
5925,L,-8.7107,34.5993,42.6221
5926,L,-8.0330,29.8123,42.4157
5927,L,-6.5049,27.2364,41.9419
5928,L,-6.9209,28.3182,44.6990
5929,L,-7.1333,26.8907,47.2112
5930,L,-7.5451,25.4683,49.8438
5931,L,-42.5513,45.3032,-11.5450
5932,L,-41.3290,45.1607,-12.8929
5933,L,-40.8443,47.4046,-11.3115
5934,L,-38.0972,49.1896,-10.1009
5935,L,-34.9744,51.4296,-9.7187
5936,L,-7.2081,62.2678,-2.3227
5937,L,-6.4615,62.2132,-5.4152
5938,L,-7.3724,58.6737,-3.6814
5939,L,-7.5255,55.0859,-5.1366
5940,L,-8.2374,52.0223,-6.6391
5941,L,-9.0323,49.5669,-8.2292
5942,L,-11.1439,50.1842,-5.5350
5943,L,-13.0862,47.5908,-3.9066
5944,L,-36.0590,17.4013,22.6288
5945,L,-38.5030,16.6420,21.7249
5946,L,-37.3789,18.9648,21.6411
5947,L,-38.6199,20.2558,20.5362
5948,L,-40.1141,21.6408,19.6620
5949,L,-39.2308,45.9688,1.7444
5950,L,-38.6691,43.0642,1.0471
5951,L,-37.8061,44.2725,-0.7334
5952,L,-38.3236,41.8918,-3.7863
5953,L,-40.6737,39.7053,-5.6404
5954,L,-43.0280,37.9636,-7.1448
5955,L,-40.9965,41.2240,-8.1222
5956,L,-41.9952,43.7111,-9.8011
5957,L,-39.4857,-31.3294,9.0593
5958,L,-41.4748,-29.6256,8.7763
5959,L,-38.7324,-30.4099,11.2023
5960,L,-37.1774,-29.4157,12.1841
5961,L,-35.2603,-29.1488,11.3697
5962,L,-38.1255,6.7460,12.5566
5963,L,-36.4048,4.5311,13.6892
5964,L,-36.7123,8.0614,13.2546
5965,L,-35.0362,9.3015,13.5179
5966,L,-33.3738,10.5564,13.3954
5967,L,-32.0166,11.5522,13.1216
5968,L,-33.5093,14.0515,13.0381
5969,L,-33.7277,17.2113,12.5375
5970,L,-34.3831,20.2771,12.0309
5971,L,-59.9488,-29.5340,30.8291
5972,L,-61.8753,-30.6837,31.7615
5973,L,-61.7548,-29.8185,29.5849
5974,L,-62.8787,-30.4467,27.8673
5975,L,-63.1701,-31.2613,25.7788
5976,L,-37.5627,-31.4327,21.7841
5977,L,-37.9983,-33.5265,20.3522
5978,L,-35.9137,-34.2676,19.6668
5979,L,-35.5295,-35.9005,15.7250
5980,L,-36.8351,-36.1079,11.6226
5981,L,-38.7932,-35.6208,8.6633
5982,L,-37.0067,-34.5961,10.2171
5983,L,-37.9739,-32.8511,9.3103
5984,L,-45.9998,-70.4986,22.8145
5985,L,-43.8992,-69.7253,20.5059
5986,L,-45.2449,-68.8790,21.5928
5987,L,-43.4365,-67.2768,20.9899
5988,L,-41.6182,-65.8752,20.3793
5989,L,-56.0592,-52.8152,16.9866
5990,L,-53.8347,-51.2911,16.1316
5991,L,-56.3924,-51.0242,15.0474
5992,L,-56.7919,-48.8521,13.6296
5993,L,-56.9336,-46.2049,12.0667
5994,L,-56.7309,-44.2765,10.2842
5995,L,-59.3243,-44.9164,11.4851
5996,L,-61.4736,-43.9595,11.1023
5997,L,-63.2672,-42.6107,11.0419
5998,L,-27.1737,-53.6035,46.2715
5999,L,-26.3894,-55.4073,45.2787
6000,L,-26.6347,-54.5474,43.4991
6001,L,-26.7125,-55.7317,41.0013
6002,L,-27.7560,-57.2079,39.2972
6003,L,-39.1164,-69.7948,35.2728
6004,L,-38.2226,-71.5972,35.3954
6005,L,-39.9903,-71.5981,32.9295
6006,L,-42.4675,-72.6707,31.7237
6007,L,-44.2243,-73.7497,30.1249
6008,L,-44.1113,-74.0964,28.0619
6009,L,-45.9935,-72.5908,27.3378
6010,L,-46.6576,-71.4369,25.0141
6011,L,-15.1804,-64.5322,30.6144
6012,L,-18.5549,-67.1930,27.4391
6013,L,-17.6483,-67.3693,29.2811
6014,L,-19.0123,-71.1401,27.4380
6015,L,-18.4010,-74.8428,25.8899
6016,L,-22.5233,-84.7933,23.5026
6017,L,-19.1220,-86.0321,23.7521
6018,L,-20.4129,-85.4055,21.6270
6019,L,-18.5150,-86.2430,19.4645
6020,L,-17.7459,-88.4985,17.3637
6021,L,-18.4599,-90.7943,16.0513
6022,L,-19.3460,-87.1763,15.4003
6023,L,-21.9697,-85.9992,13.7514
6024,L,-24.4973,-84.8128,12.6730
6025,L,-16.6853,-39.2470,51.8797
6026,L,-17.5841,-39.2905,49.5890
6027,L,-17.8804,-41.7305,50.9123
6028,L,-17.4351,-44.1400,49.5043
6029,L,-15.4532,-45.4308,48.2691
6030,L,-4.3748,-67.7470,37.2302
6031,L,-5.5391,-65.1012,36.5709
6032,L,-3.6687,-68.3313,35.0382
6033,L,-3.4713,-68.8506,32.6498
6034,L,-4.2690,-68.8385,30.5183
6035,L,-5.3297,-68.4672,28.8969
6036,L,-7.7609,-67.5593,30.1523
6037,L,-11.1436,-65.0798,30.9171
6038,L,-1.2641,19.0897,18.9737
6039,L,-0.5864,15.9581,18.0765
6040,L,-0.9154,16.0716,20.2512
6041,L,-0.6979,12.7670,21.3722
6042,L,-0.6148,9.1936,22.4949
6043,L,-6.3801,-25.5752,30.9721
6044,L,-8.1254,-25.3610,30.5028
6045,L,-7.8616,-28.3154,30.4996
6046,L,-8.5969,-31.0605,29.7557
6047,L,-8.8460,-34.2525,28.6566
6048,L,-8.9173,-36.7458,27.5344
6049,L,-8.0634,-36.5246,28.5842
6050,L,-6.2047,-38.5232,28.1165
6051,L,-4.4832,-40.5573,28.2634
6052,L,-18.4417,25.0183,-20.6452
6053,L,-18.6394,21.9696,-19.0961
6054,L,-17.1434,22.7463,-22.4400
6055,L,-15.8849,19.9813,-23.0166
6056,L,-15.2259,17.1896,-22.2258
6057,L,-25.1930,-18.6300,-11.8667
6058,L,-27.2845,-17.6649,-12.0458
6059,L,-30.8178,-19.7208,-12.2242
6060,L,-35.6902,-20.2530,-13.6073
6061,L,-38.6062,-20.6501,-15.8968
6062,L,-38.8317,-21.2996,-18.3405
6063,L,-39.2168,-22.8378,-16.3038
6064,L,-39.2392,-25.0059,-16.4502
6065,L,-38.6418,-27.2090,-16.3169
6066,L,-53.6423,-2.5808,-5.6931
6067,L,-56.5504,1.1033,-6.1133
6068,L,-54.3777,0.5097,-7.1760
6069,L,-54.3825,3.4204,-8.6434
6070,L,-54.1531,6.1586,-10.1325
6071,L,-32.1591,12.2117,-35.4050
6072,L,-31.7774,15.2545,-36.5073
6073,L,-28.9738,13.5219,-37.0913
6074,L,-27.6549,12.3292,-39.0612
6075,L,-27.9967,9.6860,-39.9698
6076,L,-28.8726,6.6107,-39.7778
6077,L,-26.7903,7.5200,-40.5225
6078,L,-25.8815,5.2577,-40.8782
6079,L,-25.5526,3.0404,-39.6965
6080,L,-53.7864,-61.7643,-1.6194
6081,L,-53.0002,-63.0256,-2.9957
6082,L,-54.8328,-61.1987,-3.3806
6083,L,-54.4525,-59.1327,-4.5052
6084,L,-53.8363,-57.3825,-5.8591
6085,L,-54.5605,-24.2452,-20.8553
6086,L,-52.7078,-27.6507,-20.8807
6087,L,-52.6574,-25.2083,-23.1945
6088,L,-53.4347,-26.4948,-26.0521
6089,L,-54.9646,-27.4884,-28.1904
6090,L,-55.5001,-27.9466,-29.7527
6091,L,-55.3093,-24.4199,-29.5106
6092,L,-55.2390,-21.5041,-31.6652
6093,L,-54.5423,-18.9861,-33.5701
6094,L,-10.9389,-88.4941,5.2698
6095,L,-12.2449,-87.4619,3.2070
6096,L,-12.2142,-88.8958,1.6907
6097,L,-10.8362,-89.3891,-1.6188
6098,L,-7.8232,-90.6360,-3.5316
6099,L,-32.7621,-75.9628,-13.8178
6100,L,-30.3239,-76.8903,-12.0747
6101,L,-32.1826,-73.4743,-15.2043
6102,L,-31.9283,-70.6526,-15.6290
6103,L,-32.3218,-67.8447,-15.6509
6104,L,-32.0187,-65.3013,-15.7884
6105,L,-35.5466,-63.7129,-15.6327
6106,L,-38.1591,-59.6636,-17.8930
6107,L,-39.8513,-56.0764,-20.3433
6108,L,-4.9470,-25.2935,5.5929
6109,L,-4.9703,-26.1695,2.9565
6110,L,-6.2561,-27.7463,3.8378
6111,L,-7.9820,-30.3775,2.0732
6112,L,-10.1546,-32.9193,0.3558
6113,L,-15.3155,-49.3931,-7.3332
6114,L,-16.8720,-45.7808,-8.6315
6115,L,-17.8089,-48.9928,-8.7707
6116,L,-20.0034,-47.5654,-8.6628
6117,L,-21.1662,-45.3750,-7.8971
6118,L,-22.4561,-43.6310,-8.0438
6119,L,-22.8238,-47.5815,-6.4830
6120,L,-24.2817,-49.6602,-5.5883
6121,L,-25.8008,-51.3863,-5.0323
6122,L,-46.5432,-11.6111,44.8629
6123,L,-49.7265,-9.6019,46.9021
6124,L,-48.0601,-10.5254,47.7264
6125,L,-48.0768,-9.1682,49.2592
6126,L,-47.2070,-8.0475,48.6769
6127,L,-36.9299,-8.3101,49.1880
6128,L,-38.5373,-7.7557,46.8500
6129,L,-35.9530,-7.9003,45.2542
6130,L,-34.8070,-5.6849,43.2262
6131,L,-34.0181,-2.8767,44.2917
6132,L,-33.9014,-0.6764,47.1693
6133,L,-31.7056,-2.5971,46.1786
6134,L,-29.5598,-2.3994,47.0918
6135,L,-28.0384,-1.3981,47.3968
6136,L,-44.5103,-22.6798,57.3750
6137,L,-45.0328,-20.9598,55.9592
6138,L,-43.8849,-22.8282,53.3271
6139,L,-41.8822,-23.0923,49.5197
6140,L,-39.3897,-22.9233,46.1257
6141,L,-33.4814,-16.4878,47.9149
6142,L,-32.2824,-18.1347,45.4408
6143,L,-33.6368,-15.6436,45.3608
6144,L,-34.3918,-15.2317,43.0119
6145,L,-35.6268,-15.0217,40.9401
6146,L,-37.1276,-14.9835,39.2516
6147,L,-39.0030,-13.8632,41.8521
6148,L,-42.4809,-13.2876,42.9006
6149,L,-22.2237,-31.7402,61.6954
6150,L,-24.5442,-30.8519,64.8588
6151,L,-24.1230,-30.9603,60.8985
6152,L,-26.1717,-30.4475,60.3457
6153,L,-28.4021,-30.5140,59.9560
6154,L,-32.1644,-29.7866,49.7630
6155,L,-32.1825,-30.5576,52.3213
6156,L,-34.6140,-30.0185,52.3460
6157,L,-37.4144,-29.5612,55.5061
6158,L,-39.8840,-28.4632,58.4670
6159,L,-41.3103,-26.9069,60.8616
6160,L,-41.6119,-26.7025,58.1497
6161,L,-43.2178,-24.8511,57.8375
6162,L,-16.8451,-17.3399,63.4501
6163,L,-16.2681,-18.3757,65.4963
6164,L,-18.5257,-18.3968,66.2676
6165,L,-19.8193,-18.9051,69.0504
6166,L,-20.6037,-20.0768,70.9896
6167,L,-22.6025,-23.5252,60.5282
6168,L,-21.2985,-23.6969,62.5260
6169,L,-20.0964,-24.7543,58.5680
6170,L,-18.0120,-26.9455,56.8533
6171,L,-16.5982,-29.6289,56.1411
6172,L,-16.1395,-32.0301,56.8027
6173,L,-18.0662,-31.7898,55.9462
6174,L,-20.1042,-32.5247,57.9607
6175,L,-26.6975,-0.7875,47.1902
6176,L,-26.0758,-2.9778,45.7634
6177,L,-24.2561,-4.8123,44.8610
6178,L,-22.9261,-6.8192,45.8187
6179,L,-25.8895,-14.2147,57.8896
6180,L,-24.2055,-13.7025,54.9792
6181,L,-23.7570,-14.3757,57.7996
6182,L,-21.7933,-14.1870,57.7763
6183,L,-19.8993,-13.5295,57.9691
6184,L,-18.7691,-12.4133,58.6260
6185,L,-19.1528,-15.0292,59.3728
6186,L,-18.1294,-16.2810,61.5085
6187,L,-9.6757,64.7584,9.7601
6188,L,-9.5699,63.0467,11.2887
6189,L,-9.7776,64.6244,13.1904
6190,L,-9.0717,64.0615,16.4862
6191,L,-9.0800,62.3747,19.3596
6192,L,-14.0041,51.6032,28.7041
6193,L,-12.1943,54.5133,27.3175
6194,L,-12.5219,52.4166,30.7350
6195,L,-10.9840,52.6048,33.2740
6196,L,-9.3837,52.5126,35.8902
6197,L,-7.7098,51.6935,37.7300
6198,L,-9.1972,49.6896,38.4459
6199,L,-9.5804,46.8501,41.0146
6200,L,-10.5010,44.1205,43.2019
6201,L,-33.1861,50.2807,3.9800
6202,L,-32.0604,50.7156,1.8750
6203,L,-30.6253,49.6136,3.3120
6204,L,-27.9327,48.5582,2.2993
6205,L,-25.0066,49.6790,2.2505
6206,L,-24.7036,58.4405,11.1128
6207,L,-22.8307,57.6840,8.6332
6208,L,-22.5487,61.2125,9.2910
6209,L,-19.3799,62.0531,7.6387
6210,L,-16.4039,62.0787,5.9212
6211,L,-13.3770,62.3771,4.4425
6212,L,-13.4689,64.0720,7.5396
6213,L,-11.0883,65.5441,8.7502
6214,L,-43.7595,31.7698,26.6321
6215,L,-43.9944,32.4472,24.9413
6216,L,-41.9563,33.3137,25.3218
6217,L,-40.9734,35.6849,24.0520
6218,L,-41.2225,38.4265,23.0019
6219,L,-34.9815,48.3172,17.5359
6220,L,-36.9530,47.3596,18.0023
6221,L,-36.0437,49.5743,16.8072
6222,L,-36.8263,49.8844,15.1139
6223,L,-37.5956,50.0770,12.8861
6224,L,-38.4308,49.6767,10.3443
6225,L,-36.4022,51.5236,10.1565
6226,L,-34.6933,50.5022,7.0569
6227,L,-40.0597,-20.7009,19.6306
6228,L,-38.8944,-20.3410,20.6694
6229,L,-41.4914,-17.7186,20.1871
6230,L,-42.5413,-14.6759,20.2169
6231,L,-42.9530,-11.7964,18.7230
6232,L,-49.1812,-0.4980,7.1632
6233,L,-47.8940,-2.8519,9.9420
6234,L,-48.1391,0.5127,8.2284
6235,L,-46.8501,1.3284,9.2426
6236,L,-45.3330,2.1415,10.0452
6237,L,-43.6551,2.7176,10.7097
6238,L,-44.8455,4.6032,7.5507
6239,L,-44.5538,7.2793,5.3761
6240,L,-44.4501,9.9637,3.7399
6241,L,-60.1982,-18.0467,23.7362
6242,L,-58.3106,-20.3300,23.5466
6243,L,-58.7924,-18.1426,22.8173
6244,L,-57.2907,-18.0218,21.6454
6245,L,-55.6075,-17.8729,20.2995
6246,L,-53.9126,-14.9247,15.2158
6247,L,-53.3025,-16.6772,14.2209
6248,L,-50.8810,-16.4116,14.4740
6249,L,-47.9352,-18.2682,14.8394
6250,L,-45.4900,-20.3273,16.5246
6251,L,-43.5827,-21.8930,18.7865
6252,L,-43.0127,-20.8124,16.8439
6253,L,-41.3555,-20.7205,18.1992
6254,L,-44.1942,-63.1789,34.7172
6255,L,-43.1355,-62.2983,32.7541
6256,L,-45.7775,-62.4400,33.3071
6257,L,-47.3997,-61.7752,31.5582
6258,L,-49.2833,-60.6369,30.0894
6259,L,-48.8619,-52.0799,30.6848
6260,L,-48.9459,-54.3606,29.4855
6261,L,-49.6083,-52.4370,28.5793
6262,L,-50.6966,-52.7301,27.0102
6263,L,-51.9089,-52.9350,25.5100
6264,L,-53.0945,-53.2724,24.0426
6265,L,-53.9026,-51.9398,24.8741
6266,L,-56.1308,-51.4148,24.7830
6267,L,-58.2922,-51.4929,24.8515
6268,L,-35.1079,-50.2392,32.7268
6269,L,-35.4695,-52.5178,32.9792
6270,L,-37.5892,-52.6570,33.2635
6271,L,-39.3855,-54.9484,35.0187
6272,L,-40.7836,-57.1617,37.3863
6273,L,-48.0389,-58.7573,41.6814
6274,L,-46.6189,-59.8114,41.5116
6275,L,-47.9760,-61.1181,41.7370
6276,L,-47.4597,-63.1002,42.0018
6277,L,-46.2683,-64.4912,41.4037
6278,L,-44.0874,-65.0620,40.5640
6279,L,-46.0533,-64.4954,39.1382
6280,L,-45.2382,-63.8547,36.6091
6281,L,-7.1362,-73.3425,41.1012
6282,L,-10.2442,-72.9283,40.7381
6283,L,-9.4253,-74.1271,41.9043
6284,L,-11.7587,-74.7885,42.7428
6285,L,-14.2696,-75.3599,43.4060
6286,L,-15.7362,-73.3973,43.6604
6287,L,-16.8063,-75.4157,44.3260
6288,L,-17.7393,-74.1647,42.2254
6289,L,-19.7432,-74.6198,40.7660
6290,L,-21.1436,-76.2420,38.4331
6291,L,-21.5237,-77.6252,35.5228
6292,L,-21.6293,-74.9186,35.2977
6293,L,-22.4670,-73.1098,32.3534
6294,L,-23.0265,-70.7854,29.7359
6295,L,-6.4707,-50.8517,60.2777
6296,L,-6.5356,-50.7200,58.0775
6297,L,-7.2647,-52.3631,58.5847
6298,L,-7.5160,-54.0096,56.4349
6299,L,-7.2163,-55.1868,54.6395
6300,L,-7.9391,-65.7202,53.8344
6301,L,-9.5994,-63.5080,52.8990
6302,L,-7.2089,-65.5815,51.6809
6303,L,-6.5332,-65.3375,49.6677
6304,L,-6.1591,-65.4783,47.8031
6305,L,-5.8674,-65.7253,45.7175
6306,L,-5.5179,-68.8696,45.7465
6307,L,-5.8156,-71.7268,43.3749
6308,L,-5.0809,11.2837,33.2298
6309,L,-4.4590,9.5418,31.7544
6310,L,-4.7149,8.1188,33.8892
6311,L,-4.4702,4.8180,34.7702
6312,L,-4.3927,1.4821,35.5873
6313,L,-6.9921,-10.4080,40.5094
6314,L,-5.2570,-8.7883,40.4182
6315,L,-5.7618,-11.9138,39.7925
6316,L,-4.6179,-13.5436,38.9898
6317,L,-3.9263,-15.4507,38.0863
6318,L,-3.9651,-17.4844,36.4971
6319,L,-4.0006,-18.8254,38.7603
6320,L,-4.1337,-21.9957,39.3616
6321,L,-4.8463,-24.9601,39.4345
6322,L,-6.1377,24.5084,-24.1983
6323,L,-7.9707,22.7390,-20.9675
6324,L,-6.7328,20.8338,-22.7060
6325,L,-7.1678,17.6043,-20.4372
6326,L,-7.2720,13.6224,-18.0035
6327,L,-5.1217,-2.5768,-12.5299
6328,L,-5.9328,-1.0046,-13.7663
6329,L,-6.3207,-5.6197,-12.9414
6330,L,-8.1155,-9.0169,-14.0266
6331,L,-10.1440,-11.3397,-16.3421
6332,L,-12.4672,-12.9719,-17.1427
6333,L,-11.3682,-14.5975,-19.2198
6334,L,-13.3691,-18.2491,-20.1857
6335,L,-15.0136,-21.6969,-18.9425
6336,L,-38.0131,-10.6575,-13.0847
6337,L,-40.7472,-10.2072,-15.9718
6338,L,-38.6052,-9.2332,-14.5777
6339,L,-39.0997,-7.7610,-16.2012
6340,L,-39.4776,-6.2852,-17.8389
6341,L,-36.6346,2.6712,-12.3645
6342,L,-37.5327,-0.4237,-15.1555
6343,L,-37.2950,0.8039,-16.1676
6344,L,-37.7679,0.5153,-20.4027
6345,L,-38.1331,1.5313,-24.2164
6346,L,-38.2148,3.8082,-26.7706
6347,L,-36.9039,2.2826,-24.6704
6348,L,-35.6049,2.7084,-25.0358
6349,L,-34.2800,2.7335,-25.0409
6350,L,-61.2330,-43.2367,-3.6446
6351,L,-62.8683,-42.7609,-4.5369
6352,L,-60.5253,-41.7381,-5.9354
6353,L,-60.2847,-40.1167,-8.3600
6354,L,-60.2658,-38.2555,-10.3514
6355,L,-56.1771,-26.0886,-13.3250
6356,L,-58.4918,-27.4382,-12.5066
6357,L,-59.8233,-25.1117,-13.5533
6358,L,-63.1767,-24.1116,-13.7728
6359,L,-64.8700,-23.6277,-14.7800
6360,L,-64.6393,-23.5627,-16.1344
6361,L,-64.5992,-20.8228,-15.5497
6362,L,-63.9621,-17.7465,-16.7976
6363,L,-63.1412,-14.9696,-18.8382
6364,L,-15.2314,-99.7032,-5.8690
6365,L,-16.7360,-97.7227,-8.7111
6366,L,-16.6702,-99.0866,-10.5652
6367,L,-16.6231,-98.9238,-14.6073
6368,L,-17.6738,-97.7274,-16.9949
6369,L,-32.0211,-90.8306,-14.7804
6370,L,-29.0778,-91.9264,-15.5529
6371,L,-32.1950,-89.6863,-16.3786
6372,L,-32.0027,-87.5061,-16.8781
6373,L,-31.6220,-85.4364,-17.0928
6374,L,-32.2512,-83.4732,-15.9359
6375,L,-35.3584,-82.8413,-15.3810
6376,L,-37.7360,-80.0100,-13.7957
6377,L,-39.1182,-77.2495,-13.7134
6378,L,-6.3716,-39.8394,5.6786
6379,L,-8.6529,-39.4588,5.0277
6380,L,-8.9292,-41.5423,5.2468
6381,L,-11.3752,-43.8265,4.9288
6382,L,-10.9618,-45.0193,2.6188
6383,L,-23.5236,-56.4610,1.1594
6384,L,-22.3869,-53.4916,0.8670
6385,L,-22.5683,-56.1240,-0.5687
6386,L,-21.1590,-55.7891,-1.8414
6387,L,-19.2122,-55.3880,-2.6569
6388,L,-17.2427,-54.6873,-3.2997
6389,L,-15.7750,-57.6220,-1.2438
6390,L,-11.7063,-58.3016,0.0957
6391,L,-9.3104,-59.6948,-0.0868
6392,L,-59.5064,1.4164,20.0221
6393,L,-59.3946,4.0437,18.9615
6394,L,-59.3111,4.5105,21.2709
6395,L,-57.5369,5.7557,22.3046
6396,L,-55.0194,5.0411,23.0104
6397,L,-46.4890,0.7790,28.7181
6398,L,-46.5126,2.3983,27.6819
6399,L,-43.2568,0.9681,27.7966
6400,L,-39.9885,1.5443,26.4716
6401,L,-37.2045,2.7689,25.3199
6402,L,-35.6364,5.2790,24.5764
6403,L,-34.7314,4.5226,26.2596
6404,L,-33.2293,7.0725,27.4906
6405,L,-33.1096,9.9427,29.0330
6406,L,-47.1263,1.8298,44.4294
6407,L,-46.1187,0.6686,42.5221
6408,L,-43.1079,2.1254,42.5709
6409,L,-39.5225,3.0205,41.3124
6410,L,-37.7111,5.4221,41.1539
6411,L,-42.3859,16.8553,44.5333
6412,L,-42.2664,14.5049,42.9295
6413,L,-42.9222,17.4199,42.0291
6414,L,-42.3901,17.0516,39.5846
6415,L,-40.7439,16.5249,37.1047
6416,L,-39.4603,16.6657,35.1496
6417,L,-42.0729,19.1782,35.9620
6418,L,-43.9983,21.1753,35.3010
6419,L,-45.7248,23.2228,34.5479
6420,L,-46.1877,25.2370,32.8041
6421,L,-45.1381,25.3362,34.9426
6422,L,-42.5306,26.8239,34.8546
6423,L,-39.3066,27.8452,34.4755
6424,L,-30.6504,27.5909,39.1063
6425,L,-31.1733,30.1498,39.5404
6426,L,-29.7541,30.2070,38.2093
6427,L,-29.2561,32.7471,37.6768
6428,L,-28.8091,34.8395,36.5516
6429,L,-28.9451,34.3467,33.7858
6430,L,-27.3060,35.4480,36.0205
6431,L,-25.7774,35.9002,35.1698
6432,L,-24.4411,36.3868,34.0763
6433,L,-45.1498,-40.1801,40.0451
6434,L,-46.8563,-40.1424,41.5627
6435,L,-45.0736,-38.8262,40.8040
6436,L,-45.6437,-37.0207,40.2305
6437,L,-46.7577,-35.8625,38.5131
6438,L,-45.1794,-26.7496,34.6344
6439,L,-45.6906,-28.8656,33.1729
6440,L,-46.5561,-27.0902,33.1179
6441,L,-48.3811,-27.6763,32.6546
6442,L,-50.4753,-28.3698,32.7304
6443,L,-52.6980,-28.8654,33.4014
6444,L,-50.9934,-26.9120,32.0542
6445,L,-51.6055,-25.3867,31.6107
6446,L,-52.4466,-23.4236,31.5376
6447,L,-48.1158,-18.4411,49.9448
6448,L,-51.3442,-17.6366,51.2277
6449,L,-49.9433,-18.2600,48.8779
6450,L,-51.8887,-18.4447,47.6660
6451,L,-53.6071,-18.4096,46.1626
6452,L,-50.3938,-16.0564,33.5141
6453,L,-52.3402,-16.2220,37.5717
6454,L,-54.2423,-14.7465,36.6648
6455,L,-57.4933,-13.4951,39.1521
6456,L,-59.1207,-14.4555,39.0821
6457,L,-58.5979,-16.4861,37.4478
6458,L,-59.9608,-13.8913,37.1907
6459,L,-60.5734,-13.3954,35.0804
6460,L,-61.0657,-13.2234,32.7423
6461,L,-61.2107,-13.8525,30.3948
6462,L,-61.9656,-11.2285,31.8484
6463,L,-61.8872,-9.7500,29.9662
6464,L,-61.2445,-8.7803,27.7902
6465,L,-51.9823,-5.7250,21.5745
6466,L,-52.8830,-8.5550,20.1984
6467,L,-53.0897,-5.5627,20.2061
6468,L,-54.2087,-5.6604,18.8121
6469,L,-55.3752,-5.9821,17.4977
6470,L,-56.6564,-6.4802,16.0459
6471,L,-56.2408,-2.9274,18.4251
6472,L,-58.0982,-0.8962,19.5867
6473,L,-20.8687,-57.0499,62.6313
6474,L,-21.7031,-58.8285,64.2453
6475,L,-22.3444,-56.9832,64.1455
6476,L,-24.2263,-56.7847,64.7138
6477,L,-26.2217,-56.3547,64.5428
6478,L,-28.1838,-47.7341,61.7741
6479,L,-29.6288,-49.8129,62.8620
6480,L,-30.9996,-49.1757,62.3472
6481,L,-34.0692,-50.7142,61.8683
6482,L,-35.9536,-52.7470,59.9616
6483,L,-35.2510,-53.8706,57.5621
6484,L,-36.9289,-52.2016,58.6028
6485,L,-37.2114,-51.5459,56.9396
6486,L,-37.1198,-50.8131,54.8376
6487,L,-30.6929,-33.4648,66.2838
6488,L,-28.3472,-34.3152,62.0272
6489,L,-30.6383,-34.5777,62.4783
6490,L,-30.4329,-35.3298,58.6943
6491,L,-30.7732,-35.7703,55.7951
6492,L,-34.6144,-36.9235,51.2108
6493,L,-33.9138,-37.8099,52.6302
6494,L,-32.2885,-38.6329,50.1139
6495,L,-32.2802,-41.5626,49.6544
6496,L,-34.4163,-43.5059,50.2938
6497,L,-36.3250,-45.0086,50.9105
6498,L,-35.3618,-44.2914,48.7665
6499,L,-36.0816,-45.1007,47.2798
6500,L,-35.4544,-46.0982,44.7076
6501,L,-33.4760,-45.9089,41.8569
6502,L,-35.5542,-45.3461,43.3471
6503,L,-35.2690,-44.6174,41.9384
6504,L,-35.2718,-43.8001,40.3804
6505,L,-34.8997,-35.6509,36.4919
6506,L,-34.8179,-38.2778,36.9209
6507,L,-36.5917,-37.5825,36.6377
6508,L,-38.8782,-39.6188,37.4413
6509,L,-40.7403,-41.0502,38.3093
6510,L,-42.1316,-42.4140,39.2261
6511,L,-42.2633,-40.6236,38.6587
6512,L,-43.7780,-40.4483,39.1444
6513,L,-5.2003,-10.2565,52.8006
6514,L,-5.4541,-13.0090,51.4006
6515,L,-5.2908,-13.3775,52.9463
6516,L,-4.7728,-16.3881,53.3317
6517,L,-5.0052,-19.1755,54.0331
6518,L,-8.4402,-21.3819,63.5319
6519,L,-9.2120,-21.8429,60.8427
6520,L,-8.9485,-24.6116,61.0448
6521,L,-7.4453,-27.4113,57.9705
6522,L,-5.7667,-29.8023,55.3895
6523,L,-5.2702,-31.9165,53.4495
6524,L,-5.4318,-32.0832,55.5621
6525,L,-5.3244,-34.6296,56.1718
6526,L,-5.3252,-37.0708,56.8088
6527,L,-12.6026,-22.1647,73.8227
6528,L,-10.5543,-21.9093,74.0323
6529,L,-10.5598,-24.6739,73.7613
6530,L,-8.6117,-27.3449,72.9668
6531,L,-6.8246,-29.7130,71.4783
6532,L,-7.2440,-39.4506,73.4605
6533,L,-5.4467,-40.4582,71.0749
6534,L,-6.1888,-41.5329,72.0826
6535,L,-6.1049,-42.9311,69.6466
6536,L,-6.3845,-42.7617,66.9481
6537,L,-6.8836,-42.0714,64.5601
6538,L,-9.3954,-41.9760,66.6803
6539,L,-13.0424,-41.0115,66.6909
6540,L,-15.6326,-43.4263,66.2815
6541,L,-14.6363,-46.6156,65.3415
6542,L,-14.9867,-45.9818,67.4305
6543,L,-13.0465,-48.4428,68.9640
6544,L,-11.8311,-49.8395,70.0204
6545,L,-18.0691,-48.4766,66.1643
6546,L,-16.7868,-49.7937,67.7104
6547,L,-16.6912,-50.0800,64.2803
6548,L,-15.7904,-51.9294,62.5744
6549,L,-15.6116,-53.3255,61.5191
6550,L,-15.7328,-54.3883,60.0257
6551,L,-17.0743,-54.1693,59.8269
6552,L,-19.2111,-55.8007,60.3675
6553,L,-23.4653,37.7037,32.9111
6554,L,-22.6886,35.2705,32.4990
6555,L,-20.8069,34.4385,31.9691
6556,L,-19.3803,33.5506,33.1841
6557,L,-20.5125,23.0001,42.0713
6558,L,-19.7913,25.6995,40.7285
6559,L,-19.7218,25.8236,44.0843
6560,L,-19.9579,29.1925,45.5944
6561,L,-20.2444,32.5445,46.6199
6562,L,-19.3049,35.5628,47.4615
6563,L,-20.5657,33.1564,49.2688
6564,L,-18.9647,31.9115,50.1869
6565,L,-16.8567,30.0493,49.3439
6566,L,-21.1076,4.6627,48.4171
6567,L,-21.6495,7.1914,48.2636
6568,L,-19.8694,6.2921,49.9469
6569,L,-19.2435,8.0859,51.8274
6570,L,-19.2072,9.9922,53.7878
6571,L,-17.9334,8.3547,63.5435
6572,L,-19.4476,10.3634,62.1592
6573,L,-17.3171,10.5769,60.9568
6574,L,-16.3044,13.1373,58.5701
6575,L,-15.5606,16.9518,57.2112
6576,L,-14.3593,20.2795,56.6550
6577,L,-12.9599,18.3218,57.4275
6578,L,-10.8127,19.7152,58.7432
6579,L,-8.9914,20.7601,60.1393
6580,L,-7.2978,21.4487,60.0433
6581,L,-8.0870,18.6425,61.8580
6582,L,-7.3786,16.1279,63.1487
6583,L,-6.8784,13.5492,63.6541
6584,L,-7.2309,-1.9666,63.3568
6585,L,-6.1515,0.1464,64.6420
6586,L,-6.4355,-2.3485,61.8526
6587,L,-5.8017,-2.1098,60.1901
6588,L,-6.0550,-1.5254,58.2852
6589,L,-6.6928,-1.1500,56.3058
6590,L,-6.0255,-4.2472,56.1145
6591,L,-5.5853,-7.4182,53.8821
6592,L,-6.2552,27.1389,-6.7716
6593,L,-4.5497,25.1445,-4.0568
6594,L,-5.9193,28.0052,-4.9337
6595,L,-5.0255,29.1212,-3.4826
6596,L,-4.0148,30.4177,-2.0972
6597,L,-5.9486,39.6235,3.2078
6598,L,-5.8862,37.1105,2.7694
6599,L,-5.4873,37.5864,5.5712
6600,L,-6.2844,34.9854,7.4776
6601,L,-5.7045,32.6914,9.4803
6602,L,-4.6410,30.5482,11.4706
6603,L,-6.6179,32.3164,11.5615
6604,L,-6.5712,31.9914,14.0298
6605,L,-5.7394,31.3974,16.5224
6606,L,-9.2367,53.0929,16.4552
6607,L,-8.0825,51.2692,14.0140
6608,L,-8.2579,50.1883,16.7472
6609,L,-9.5992,47.8431,17.6176
6610,L,-11.3267,45.3825,18.7666
6611,L,-8.3202,34.7828,30.4465
6612,L,-9.6481,36.7313,27.2236
6613,L,-10.8100,33.8702,28.9477
6614,L,-12.5988,32.5480,27.1640
6615,L,-13.4375,30.7021,24.9714
6616,L,-12.0639,29.3949,23.2359
6617,L,-13.1477,27.8789,25.5831
6618,L,-12.5274,25.0316,26.3192
6619,L,-11.3064,22.4464,27.7025
6620,L,-9.6226,20.5317,29.1253
6621,L,-12.3297,20.4015,29.6236
6622,L,-12.9661,18.4298,31.7992
6623,L,-12.9928,16.7275,34.1105
6624,L,-10.1492,16.1279,43.9306
6625,L,-11.0754,15.2747,42.0344
6626,L,-10.9147,13.7699,44.0014
6627,L,-10.8329,11.4925,43.9048
6628,L,-10.2936,9.2696,43.9138
6629,L,-10.3724,6.7160,44.1204
6630,L,-9.3424,7.4855,45.7022
6631,L,-9.1828,5.7696,47.8114
6632,L,-9.2417,4.3496,49.9413
6633,L,-42.2098,26.3631,-11.0485
6634,L,-41.8254,25.2222,-12.3522
6635,L,-43.8273,26.0078,-13.3149
6636,L,-42.8300,26.6729,-14.5265
6637,L,-40.2597,27.7322,-14.4935
6638,L,-31.1739,38.9690,-8.5260
6639,L,-31.9072,36.2389,-7.6194
6640,L,-28.5486,37.6413,-7.9435
6641,L,-25.8216,36.3368,-8.5663
6642,L,-23.2771,34.7514,-9.7107
6643,L,-21.1211,33.1803,-11.3094
6644,L,-21.3580,35.8942,-12.2802
6645,L,-21.0277,36.6477,-15.7196
6646,L,-18.8860,37.2301,-18.1317
6647,L,-25.0746,53.0110,-5.9044
6648,L,-26.8160,54.9348,-7.2061
6649,L,-23.3632,55.9426,-7.7946
6650,L,-21.6713,57.8237,-10.1511
6651,L,-19.6229,59.0859,-12.8420
6652,L,-5.3851,58.3438,-19.4869
6653,L,-7.7941,58.8402,-19.6005
6654,L,-6.5794,56.4211,-21.5999
6655,L,-8.7800,53.2308,-22.5669
6656,L,-10.2341,49.6583,-23.2838
6657,L,-11.1054,46.1767,-23.4660
6658,L,-9.7254,47.4845,-21.8136
6659,L,-8.5778,44.6939,-20.5688
6660,L,-7.2868,41.5086,-21.6786
6661,L,-6.5873,38.4440,-23.1208
6662,L,-4.8549,40.7458,-25.1618
6663,L,-3.5642,39.8833,-26.3596
6664,L,-2.9076,38.7367,-25.6201
6665,L,-11.2362,38.1268,-11.1071
6666,L,-9.8328,37.2616,-13.8232
6667,L,-10.5500,35.2304,-11.4827
6668,L,-9.3528,32.6384,-11.9025
6669,L,-7.6236,30.0988,-12.4107
6670,L,-6.6046,27.4573,-12.4161
6671,L,-6.5297,29.1751,-11.1319
6672,L,-5.6798,28.1642,-9.3387
6673,L,-50.1375,3.1459,14.1476
6674,L,-51.1918,3.5636,11.4916
6675,L,-48.4945,4.2244,12.6629
6676,L,-47.5030,5.9468,11.8477
6677,L,-47.3321,8.3479,11.4053
6678,L,-51.2726,16.0548,21.6562
6679,L,-51.5280,15.1612,19.0847
6680,L,-53.4354,16.4242,18.7759
6681,L,-54.1746,16.0047,15.5711
6682,L,-53.1876,15.7055,12.1998
6683,L,-51.0977,14.9750,8.6114
6684,L,-51.6853,16.8347,13.0902
6685,L,-50.7291,18.7981,12.8628
6686,L,-50.0121,20.4387,11.6513
6687,L,-41.8371,32.2600,19.2710
6688,L,-41.5600,30.1463,18.8935
6689,L,-39.3644,31.1476,17.6058
6690,L,-38.0240,29.6008,15.1221
6691,L,-39.7387,29.1948,12.4582
6692,L,-47.3540,33.6504,2.4496
6693,L,-47.5310,33.4834,6.1075
6694,L,-50.0926,32.2480,3.5878
6695,L,-51.4318,30.6008,4.2757
6696,L,-51.5161,28.5189,4.9638
6697,L,-50.5461,26.2151,5.5902
6698,L,-49.3165,27.8752,4.7472
6699,L,-46.2924,27.2212,4.8379
6700,L,-43.5339,27.2662,5.0803
6701,L,-40.8566,26.8142,5.8750
6702,L,-42.3797,28.4511,3.6940
6703,L,-41.2693,29.3773,2.5356
6704,L,-40.3563,29.8773,1.4946
6705,L,-47.5716,34.1501,-10.7513
6706,L,-45.0659,33.7969,-8.2014
6707,L,-45.3432,33.3917,-10.6710
6708,L,-42.5302,32.1758,-9.6379
6709,L,-39.6403,31.0026,-7.6353
6710,L,-36.3251,30.6797,-5.1851
6711,L,-40.3490,29.1497,-8.3116
6712,L,-41.3062,27.7426,-9.4254
6713,L,-63.4860,-19.8510,1.2043
6714,L,-63.5555,-18.1306,0.2446
6715,L,-62.1203,-18.6136,1.0150
6716,L,-60.5394,-17.7141,1.2586
6717,L,-58.8604,-16.8884,1.5398
6718,L,-47.1980,-21.5021,7.1733
6719,L,-50.4718,-19.8589,6.0936
6720,L,-47.7850,-19.4577,5.9606
6721,L,-48.3851,-17.6104,4.3761
6722,L,-49.1809,-15.8691,2.5461
6723,L,-50.2173,-14.1502,0.6716
6724,L,-48.1437,-17.4836,0.6305
6725,L,-47.3810,-19.5984,-1.4244
6726,L,-45.9004,-21.2482,-3.5476
6727,L,-34.0646,-18.9345,18.2338
6728,L,-32.7956,-22.6613,15.4665
6729,L,-33.8862,-19.3487,15.9903
6730,L,-34.3069,-19.4663,13.9042
6731,L,-34.8630,-19.3511,12.0493
6732,L,-34.9703,-7.3075,10.2905
6733,L,-34.5091,-12.2462,9.0279
6734,L,-35.0912,-11.7641,7.3832
6735,L,-38.7252,-13.7513,6.2603
6736,L,-36.2369,-15.6695,3.5324
6737,L,-35.3774,-19.5000,-1.6162
6738,L,-36.0508,-15.4106,1.0817
6739,L,-35.9672,-15.1874,-1.2337
6740,L,-35.8163,-14.5041,-3.2715
6741,L,-35.7434,-14.0549,-5.3737
6742,L,-36.7607,-11.5374,-1.6034
6743,L,-37.3896,-8.5108,-0.3523
6744,L,-37.1144,-4.6165,1.5575
6745,L,-29.1985,14.9463,8.4545
6746,L,-30.5439,11.4790,6.4986
6747,L,-29.3656,15.5112,6.7327
6748,L,-29.7669,16.0453,5.0377
6749,L,-30.4042,16.6106,3.4433
6750,L,-31.2654,17.1079,2.1462
6751,L,-29.7395,20.4275,3.7946
6752,L,-28.2031,23.7395,3.0230
6753,L,-27.2951,26.7543,1.7354
6754,L,-54.7184,-39.4617,45.5344
6755,L,-55.0487,-42.1672,45.2071
6756,L,-55.8926,-39.9079,44.6676
6757,L,-56.2321,-40.4272,42.7661
6758,L,-56.2166,-41.3257,40.3230
6759,L,-55.9965,-38.1170,33.7572
6760,L,-56.7808,-40.1031,35.1016
6761,L,-55.5013,-40.7070,33.9243
6762,L,-55.4446,-43.2394,32.9252
6763,L,-55.9085,-45.5093,30.8249
6764,L,-56.9097,-47.1945,29.1286
6765,L,-54.8265,-46.3281,29.3276
6766,L,-53.9697,-47.0088,27.4939
6767,L,-53.5165,-47.5172,25.2866
6768,L,-56.8014,-27.4870,17.5180
6769,L,-58.0762,-29.0397,18.3457
6770,L,-55.3053,-29.2890,17.5987
6771,L,-53.4597,-30.7550,19.4169
6772,L,-50.9476,-32.1077,21.6831
6773,L,-40.9191,-39.4619,18.8445
6774,L,-41.7236,-38.2570,21.5742
6775,L,-42.6985,-40.3239,19.4822
6776,L,-44.6607,-41.3033,19.6697
6777,L,-46.8568,-42.4783,19.7753
6778,L,-48.9923,-43.6670,19.8794
6779,L,-49.4285,-42.2079,17.6944
6780,L,-52.5762,-41.2742,16.0131
6781,L,-56.0896,-39.8747,14.4390
6782,L,-59.2023,-38.9370,13.6472
6783,L,-56.8723,-38.3184,12.6961
6784,L,-57.7994,-36.6023,10.8546
6785,L,-58.4509,-34.6868,9.4413
6786,L,-49.8903,-29.9136,3.2559
6787,L,-52.5788,-30.1801,4.8887
6788,L,-53.4378,-28.2529,3.5210
6789,L,-57.2971,-26.9752,3.9306
6790,L,-61.3125,-25.7253,4.4728
6791,L,-64.3824,-24.8382,4.2610
6792,L,-62.4382,-23.8106,3.1950
6793,L,-63.2242,-21.7077,1.9537
6794,L,-42.3464,-79.8245,8.1704
6795,L,-43.9764,-81.2920,7.2177
6796,L,-45.2651,-79.2951,9.0603
6797,L,-47.7126,-77.5465,9.2648
6798,L,-49.0540,-74.8593,9.1391
6799,L,-41.0361,-67.9896,11.3604
6800,L,-42.5016,-69.6419,10.0279
6801,L,-42.1859,-67.3660,9.7178
6802,L,-43.1991,-66.2464,8.2202
6803,L,-43.3153,-64.4098,6.5133
6804,L,-44.0782,-62.3694,5.0004
6805,L,-45.7201,-62.5495,6.1609
6806,L,-48.4910,-62.1857,6.4304
6807,L,-51.2757,-62.4515,6.8805
6808,L,-38.9003,-57.6338,24.9927
6809,L,-37.4812,-58.9691,23.1533
6810,L,-38.0377,-56.8865,22.2549
6811,L,-37.7904,-56.2004,19.2352
6812,L,-38.3828,-55.8765,16.2825
6813,L,-44.6250,-49.0078,10.5353
6814,L,-43.3350,-51.3930,10.4454
6815,L,-44.8821,-51.1892,8.4480
6816,L,-46.5640,-53.5275,7.0917
6817,L,-49.1998,-55.5652,6.8363
6818,L,-51.7643,-57.2778,7.1798
6819,L,-50.9621,-54.7679,5.7653
6820,L,-53.1354,-53.7338,3.9419
6821,L,-55.0826,-51.9897,2.4975
6822,L,-56.9190,-50.5089,1.3676
6823,L,-54.6374,-49.5383,1.9375
6824,L,-53.8664,-47.6578,1.2251
6825,L,-52.4395,-45.7683,0.1901
6826,L,-54.7457,-38.8718,4.5556
6827,L,-51.6892,-39.1202,3.4602
6828,L,-54.0979,-37.4918,3.2063
6829,L,-53.2396,-36.4416,1.7361
6830,L,-52.3314,-35.2777,0.7250
6831,L,-51.1068,-34.2277,-0.4495
6832,L,-54.8305,-33.4368,0.3929
6833,L,-57.6450,-31.7824,0.1715
6834,L,-60.4758,-30.1492,-0.0246
6835,L,-22.3285,-61.3799,55.5272
6836,L,-21.8578,-63.4074,54.3208
6837,L,-22.6597,-62.1615,53.2781
6838,L,-23.7742,-62.6858,51.9215
6839,L,-24.5160,-63.2228,50.5083
6840,L,-27.6407,-62.9594,43.9687
6841,L,-26.5806,-63.0258,44.2561
6842,L,-26.2707,-62.2911,41.1068
6843,L,-24.8156,-60.8842,37.9982
6844,L,-23.7457,-60.7741,34.9344
6845,L,-23.4413,-62.0976,32.1425
6846,L,-25.2258,-62.0332,32.2379
6847,L,-27.2477,-63.6210,29.9629
6848,L,-28.8839,-65.7767,27.9697
6849,L,-36.2046,-61.3006,39.1488
6850,L,-34.5459,-61.2776,38.5700
6851,L,-35.6569,-63.6945,40.8790
6852,L,-34.7412,-66.0634,42.7476
6853,L,-33.7191,-68.5981,44.0335
6854,L,-33.9773,-79.7239,36.1812
6855,L,-32.4622,-79.1244,38.1622
6856,L,-32.2603,-80.7961,35.0662
6857,L,-31.5500,-80.2037,32.7815
6858,L,-31.7802,-78.3465,29.8246
6859,L,-31.8488,-76.2289,27.3379
6860,L,-32.8000,-79.2039,26.6349
6861,L,-34.0208,-79.6922,23.2499
6862,L,-34.0651,-80.0819,19.5944
6863,L,-34.2906,-80.6015,16.5377
6864,L,-35.4224,-81.9508,19.5455
6865,L,-36.3771,-84.1977,18.8777
6866,L,-37.4095,-85.5030,17.7434
6867,L,-43.0551,-78.0888,19.7110
6868,L,-42.3688,-80.5781,18.1746
6869,L,-42.0153,-79.6452,16.9553
6870,L,-39.3837,-80.2639,14.3653
6871,L,-37.2748,-79.6714,11.7705
6872,L,-35.6401,-79.6521,9.0800
6873,L,-37.9423,-78.0117,10.2074
6874,L,-39.9361,-78.3823,8.5735
6875,L,-20.2231,-60.1515,16.6507
6876,L,-20.9658,-63.4814,13.2602
6877,L,-21.4223,-63.3800,15.2114
6878,L,-20.2191,-66.2470,13.4096
6879,L,-17.2856,-66.9384,12.7326
6880,L,-11.9856,-72.6943,17.8218
6881,L,-12.0032,-70.8349,16.2542
6882,L,-8.8488,-71.6636,16.6046
6883,L,-5.7019,-70.9426,15.1862
6884,L,-3.1559,-72.5151,13.2317
6885,L,-3.4325,-76.8924,11.9552
6886,L,-2.6893,-76.4762,14.0398
6887,L,-3.8544,-80.0810,14.7284
6888,L,-4.2461,-83.3754,14.3904
6889,L,-17.7621,-81.1240,33.7820
6890,L,-16.0696,-81.5058,31.5530
6891,L,-14.1418,-83.1121,33.7348
6892,L,-10.3167,-83.6909,34.3376
6893,L,-7.1904,-84.0049,34.0777
6894,L,-10.0614,-92.7812,24.9210
6895,L,-8.2950,-91.4036,26.9979
6896,L,-8.7082,-92.7201,22.8257
6897,L,-9.1398,-90.8817,20.1436
6898,L,-8.6104,-89.2202,17.0480
6899,L,-6.1487,-90.0836,16.1788
6900,L,-7.2610,-92.1460,13.8358
6901,L,-6.6972,-95.1012,11.0966
6902,L,-6.3804,-98.1549,9.0294
6903,L,-6.0950,-100.1930,7.6021
6904,L,-7.4179,-99.8376,8.0999
6905,L,-9.1310,-101.4424,7.4542
6906,L,-11.1517,-101.6128,6.1419
6907,L,-24.4891,-97.0130,12.3221
6908,L,-21.7531,-98.2301,10.0428
6909,L,-23.5974,-96.5729,9.5370
6910,L,-21.5112,-95.5604,6.6365
6911,L,-20.6986,-95.3128,3.2103
6912,L,-22.2241,-94.5385,1.0397
6913,L,-21.9962,-92.5925,3.8517
6914,L,-23.7303,-89.5882,4.2671
6915,L,-25.7569,-86.8276,4.1751
6916,L,-12.8092,-21.5788,46.4822
6917,L,-13.9021,-20.2314,44.7826
6918,L,-14.7035,-22.6155,44.6804
6919,L,-16.0334,-23.6683,42.6018
6920,L,-16.9433,-24.8356,40.3209
6921,L,-17.3038,-37.2389,39.7812
6922,L,-17.4056,-34.2930,38.4866
6923,L,-15.6308,-35.6776,38.6405
6924,L,-13.6852,-34.1366,38.5324
6925,L,-11.8016,-32.7344,39.2935
6926,L,-9.7659,-31.6154,40.4718
6927,L,-9.8853,-33.7664,40.4897
6928,L,-7.6135,-34.9133,41.7340
6929,L,-5.7357,-36.1865,42.3118
6930,L,-7.4493,-51.0515,49.4619
6931,L,-7.8106,-48.5350,48.9095
6932,L,-7.7459,-50.9253,47.3274
6933,L,-8.7295,-51.0096,45.5248
6934,L,-9.8662,-50.9088,43.7642
6935,L,-10.6855,-55.7497,35.4065
6936,L,-11.4521,-53.2686,36.4276
6937,L,-12.8898,-53.2368,34.9325
6938,L,-14.9420,-50.3491,34.5384
6939,L,-15.8617,-47.0286,34.3508
6940,L,-14.7008,-43.6619,34.1295
6941,L,-15.0977,-46.3565,32.1665
6942,L,-13.4201,-46.1807,30.6363
6943,L,-11.0111,-46.2956,29.9257
6944,L,-8.6025,-46.4967,30.0209
6945,L,-10.4253,-49.0170,29.1608
6946,L,-10.1883,-51.7470,27.6497
6947,L,-10.4557,-53.6855,25.2654
6948,L,-9.2521,-65.0234,22.8098
6949,L,-5.3625,-64.6776,21.6651
6950,L,-10.1175,-63.5827,21.9401
6951,L,-10.2112,-62.2246,21.0514
6952,L,-9.6727,-60.9673,19.7123
6953,L,-9.5066,-59.8372,18.1878
6954,L,-13.4023,-58.7988,19.8054
6955,L,-17.3338,-58.2837,18.6755
6956,L,-0.9194,15.9240,3.0537
6957,L,-0.7680,11.2708,2.4195
6958,L,-0.7995,12.6814,4.1538
6959,L,-0.8074,9.0332,5.1075
6960,L,-1.0866,5.5555,5.8151
6961,L,-0.9081,1.4737,13.9694
6962,L,-1.0607,0.7827,11.7313
6963,L,-1.1649,-2.2497,12.3965
6964,L,-2.6721,-4.8391,11.4691
6965,L,-3.2159,-7.1172,11.1121
6966,L,-2.7454,-10.5055,10.6710
6967,L,-3.0873,-10.2995,12.1425
6968,L,-2.7482,-13.9186,12.7098
6969,L,-2.4345,-17.3908,13.2926
6970,L,-5.3962,0.5524,30.0928
6971,L,-3.1107,1.3137,29.2036
6972,L,-3.7679,-2.1776,29.9600
6973,L,-1.8718,-5.0326,29.4240
6974,L,-0.8790,-8.1690,28.5551
6975,L,-2.0044,-25.9340,26.4738
6976,L,-1.1372,-22.4661,26.3030
6977,L,-0.4983,-25.8605,24.9128
6978,L,-0.1181,-25.6114,22.5886
6979,L,-0.1639,-25.2740,20.1199
6980,L,-0.5724,-24.9862,17.9270
6981,L,-0.0977,-28.4696,18.4923
6982,L,0.0420,-31.4776,16.4822
6983,L,0.4874,-33.7386,13.8418
6984,L,0.9883,-34.7898,10.8253
6985,L,0.8487,-36.4027,13.2110
6986,L,0.9217,-39.1773,13.4103
6987,L,0.7298,-41.6113,14.0460
6988,L,-8.2942,-45.6825,20.8879
6989,L,-7.0774,-45.4252,19.0173
6990,L,-8.2007,-47.5757,18.4060
6991,L,-7.6110,-49.1054,15.7369
6992,L,-6.6995,-50.3831,12.6475
6993,L,-6.5317,-52.6167,9.5454
6994,L,-6.3739,-53.2454,11.3326
6995,L,-5.5771,-55.8726,10.8207
6996,L,-5.2685,-58.0374,10.9500
6997,L,-33.1506,21.6986,-17.5673
6998,L,-29.6378,21.7532,-15.8139
6999,L,-30.9600,20.7799,-18.2306
7000,L,-28.7282,19.6622,-18.5688
7001,L,-26.8841,18.1699,-18.7511
7002,L,-23.0317,12.0067,-20.0204
7003,L,-24.2538,12.1529,-20.0327
7004,L,-24.3905,10.1390,-17.3361
7005,L,-26.6100,7.6353,-15.0181
7006,L,-28.9480,4.5057,-13.7318
7007,L,-31.2683,1.5140,-14.4346
7008,L,-30.2616,1.2688,-13.7669
7009,L,-31.4922,-1.3117,-15.3429
7010,L,-32.5008,-2.8707,-17.8280
7011,L,-12.5698,9.6919,-15.9520
7012,L,-14.3799,10.7446,-15.5389
7013,L,-14.2216,5.7544,-14.8532
7014,L,-16.3479,2.4242,-12.6196
7015,L,-18.7580,-0.6588,-11.4990
7016,L,-33.0916,-12.9690,-16.9382
7017,L,-29.7112,-10.3720,-14.9882
7018,L,-33.7409,-11.4012,-18.6324
7019,L,-34.0364,-9.6747,-20.1952
7020,L,-33.8881,-8.2874,-21.8447
7021,L,-33.2861,-6.8958,-22.9106
7022,L,-34.2983,-7.8352,-25.2174
7023,L,-32.2078,-7.6700,-27.8945
7024,L,-28.9308,-6.7576,-29.9865
7025,L,-25.8842,-4.9889,-31.2125
7026,L,-27.2374,-8.1343,-30.7175
7027,L,-25.3297,-9.1495,-30.8885
7028,L,-23.3218,-9.7777,-30.5212
7029,L,-26.5118,-19.8673,-25.1624
7030,L,-24.2165,-17.2227,-26.6252
7031,L,-22.7874,-18.0020,-25.4103
7032,L,-20.7403,-16.9344,-26.3427
7033,L,-21.2528,-17.0741,-28.3821
7034,L,-24.0616,-17.5039,-30.4627
7035,L,-22.5427,-19.2220,-28.5134
7036,L,-24.1842,-21.4424,-28.0985
7037,L,-25.6687,-23.5667,-27.2519
7038,L,-59.0573,-12.3260,-5.7729
7039,L,-55.4745,-14.0869,-7.3990
7040,L,-56.4958,-11.9207,-8.0317
7041,L,-54.3415,-11.6005,-10.2750
7042,L,-52.5399,-11.1172,-12.6069
7043,L,-50.5260,-2.6481,-17.7931
7044,L,-49.8805,-5.1597,-17.9665
7045,L,-48.8150,-4.5514,-21.0613
7046,L,-49.9713,-5.8757,-23.6316
7047,L,-52.9008,-6.7101,-24.8527
7048,L,-55.9426,-7.6189,-24.6370
7049,L,-55.1025,-4.7895,-25.9967
7050,L,-56.8837,-3.2659,-26.8362
7051,L,-57.2744,-3.1444,-28.4272
7052,L,-48.0341,5.8688,-19.1679
7053,L,-49.2023,8.9269,-17.4184
7054,L,-48.0835,11.4383,-19.5447
7055,L,-48.2479,14.4616,-20.9197
7056,L,-48.1723,14.5817,-23.6568
7057,L,-37.8595,10.1628,-37.0898
7058,L,-40.6603,10.5342,-36.6820
7059,L,-39.9414,7.2156,-36.3309
7060,L,-42.5525,4.6035,-35.7460
7061,L,-45.1538,2.7092,-34.4256
7062,L,-47.1201,0.1312,-33.4429
7063,L,-44.7350,0.1153,-34.4301
7064,L,-44.0400,-3.0794,-34.9078
7065,L,-45.3318,-5.6189,-36.6286
7066,L,-46.4360,-8.4710,-37.5593
7067,L,-45.1968,-5.9120,-39.3695
7068,L,-44.3322,-6.1393,-41.5093
7069,L,-42.7384,-6.8538,-43.0162
7070,L,-32.2508,-3.1601,-41.4432
7071,L,-33.3871,-4.9236,-42.1489
7072,L,-33.1358,-5.4815,-40.1145
7073,L,-33.8915,-7.6551,-38.5759
7074,L,-35.0603,-8.9238,-36.4790
7075,L,-36.0539,-9.5312,-33.6391
7076,L,-34.1215,-10.1007,-34.8386
7077,L,-33.6452,-11.0717,-33.3918
7078,L,-32.9193,-12.0360,-31.6176
7079,L,-41.7610,-78.1460,0.6719
7080,L,-42.0457,-79.4309,-1.1462
7081,L,-41.0424,-76.3931,-1.0736
7082,L,-42.0372,-74.2755,-2.7559
7083,L,-43.3706,-72.2584,-4.2405
7084,L,-47.8028,-63.7275,-5.9741
7085,L,-46.0524,-65.0451,-5.3128
7086,L,-45.6042,-63.3957,-5.5574
7087,L,-42.5827,-63.5170,-4.9700
7088,L,-40.0374,-65.4277,-5.8684
7089,L,-38.9479,-67.8112,-7.8396
7090,L,-39.9380,-63.4376,-6.5134
7091,L,-40.3801,-61.3170,-7.4791
7092,L,-40.6213,-58.9731,-8.5453
7093,L,-57.8796,-44.1195,-9.7047
7094,L,-56.2120,-47.1279,-9.9594
7095,L,-55.1657,-45.3084,-11.7869
7096,L,-55.5131,-47.1780,-14.6125
7097,L,-57.0755,-48.7742,-16.7804
7098,L,-54.2932,-42.5561,-23.3196
7099,L,-54.9492,-45.0470,-22.1260
7100,L,-53.0506,-45.3164,-22.7643
7101,L,-51.2895,-46.4360,-20.0569
7102,L,-49.3937,-47.7257,-16.4809
7103,L,-47.2476,-49.2373,-13.4144
7104,L,-47.5016,-46.1823,-15.0154
7105,L,-45.5671,-44.9837,-14.2301
7106,L,-43.3882,-44.4305,-14.5538
7107,L,-41.7062,-45.2381,-15.7449
7108,L,-44.1386,-41.8736,-16.5217
7109,L,-44.4093,-40.0368,-18.9551
7110,L,-44.6287,-38.9146,-21.3884
7111,L,-48.8121,-27.5143,-27.2881
7112,L,-48.1829,-30.4518,-24.7055
7113,L,-47.2085,-27.2058,-25.7059
7114,L,-45.9434,-26.9489,-23.6475
7115,L,-44.5951,-27.2458,-21.8657
7116,L,-42.7584,-27.9933,-21.0205
7117,L,-44.1731,-23.8042,-22.6089
7118,L,-43.3242,-20.1420,-23.5137
7119,L,-42.1347,-16.5197,-24.5153
7120,L,-18.4129,-73.8721,8.6937
7121,L,-20.6238,-73.9899,6.9246
7122,L,-18.5670,-75.9392,7.6963
7123,L,-17.6810,-77.1156,5.9377
7124,L,-15.5835,-76.9141,4.2621
7125,L,-4.1005,-81.5546,2.7541
7126,L,-4.7422,-78.9118,4.2746
7127,L,-3.1388,-78.5686,3.1931
7128,L,-3.1858,-75.2624,3.1713
7129,L,-3.8825,-72.1513,2.3985
7130,L,-5.2442,-69.7787,1.3907
7131,L,-6.1280,-72.6745,0.2349
7132,L,-8.4526,-72.7162,-1.9763
7133,L,-10.2717,-72.6897,-4.3218
7134,L,-9.9572,-95.3900,-11.7564
7135,L,-7.7445,-94.4734,-12.0750
7136,L,-9.8015,-92.9891,-10.7553
7137,L,-10.6730,-89.6020,-10.6451
7138,L,-12.2890,-87.4602,-11.8871
7139,L,-23.0945,-77.1284,-5.1131
7140,L,-20.2492,-78.5852,-7.0989
7141,L,-21.1847,-75.5405,-5.7061
7142,L,-20.0217,-73.6167,-7.6155
7143,L,-19.5119,-71.7827,-10.6885
7144,L,-17.8146,-69.6748,-11.2190
7145,L,-20.9108,-67.0715,-11.1261
7146,L,-22.1568,-62.1565,-10.9115
7147,L,-23.3624,-59.4207,-8.9266
7148,L,-25.3296,-58.0297,-7.2389
7149,L,-25.8242,-58.3821,-8.1136
7150,L,-28.6869,-58.0666,-7.2965
7151,L,-31.0765,-57.2442,-8.6607
7152,L,-27.6905,-54.9267,-16.3260
7153,L,-26.5697,-54.4696,-15.1095
7154,L,-27.1300,-50.8192,-16.9389
7155,L,-27.2440,-46.4745,-18.0299
7156,L,-28.0276,-42.7952,-19.4812
7157,L,-29.3705,-39.9664,-20.6575
7158,L,-29.6583,-40.0097,-21.9112
7159,L,-31.8323,-37.6026,-23.9138
7160,L,-34.6789,-35.1997,-25.0145
7161,L,-2.9239,-6.5845,-1.0417
7162,L,-3.0884,-8.0073,-3.6223
7163,L,-2.7289,-11.0713,-3.3508
7164,L,-2.2215,-15.8806,-5.5660
7165,L,-0.0695,-19.9516,-7.2641
7166,L,-10.3809,-26.8078,-4.9764
7167,L,-8.6590,-25.9245,-6.9291
7168,L,-11.7147,-26.2223,-6.8634
7169,L,-12.6615,-25.2182,-8.2932
7170,L,-13.6540,-24.8226,-9.7699
7171,L,-14.4417,-24.9424,-11.4858
7172,L,-17.1594,-26.5046,-9.3780
7173,L,-21.3527,-28.2347,-8.5446
7174,L,-25.8186,-30.1080,-8.5071
7175,L,-17.8470,-40.1373,3.2322
7176,L,-18.9930,-38.6229,3.8068
7177,L,-19.6894,-40.3350,2.6838
7178,L,-22.1501,-40.2819,2.3655
7179,L,-24.2495,-40.3523,1.7787
7180,L,-22.3395,-38.0951,-8.3698
7181,L,-25.3628,-40.4936,-6.8590
7182,L,-26.5098,-39.4346,-8.4214
7183,L,-30.3593,-39.3835,-7.1723
7184,L,-33.4623,-38.9580,-6.1290
7185,L,-35.0389,-37.5823,-5.9181
7186,L,-34.4594,-38.0956,-8.2524
7187,L,-34.9866,-36.9631,-10.2606
7188,L,-34.7677,-35.3786,-12.4364
7189,L,-34.7556,-33.6827,-14.0465
7190,L,-31.6516,-34.0191,-14.1035
7191,L,-28.3711,-32.3713,-15.3099
7192,L,-25.0678,-30.1469,-15.7350
7193,L,-27.6069,-38.4288,-13.0427
7194,L,-24.8189,-35.8398,-16.1530
7195,L,-28.3754,-36.6694,-14.7029
7196,L,-28.6889,-34.5693,-16.1753
7197,L,-28.9553,-32.3675,-17.5943
7198,L,-29.2093,-30.3685,-19.1442
7199,L,-31.9593,-32.6784,-16.5019
7200,L,-34.7968,-33.1925,-15.8790
7201,L,-36.8935,-34.4484,-16.6694
7202,L,-40.0827,-11.6618,50.5959
7203,L,-42.7597,-10.6814,51.2859
7204,L,-42.1323,-10.3221,53.2358
7205,L,-42.9269,-8.5702,55.0217
7206,L,-41.0281,-7.4176,54.8979
7207,L,-41.1719,-9.2265,59.0821
7208,L,-39.9248,-7.9655,56.9789
7209,L,-38.1948,-7.9867,53.3306
7210,L,-35.4668,-9.1636,51.0619
7211,L,-32.8250,-9.9359,48.9903
7212,L,-30.3174,-10.3622,47.3538
7213,L,-36.8602,-27.5934,47.5615
7214,L,-37.8881,-26.5070,46.5762
7215,L,-35.8426,-26.0683,45.8219
7216,L,-34.6675,-23.5306,47.0646
7217,L,-33.8831,-20.5588,49.0081
7218,L,-36.0176,-20.7095,52.1814
7219,L,-34.9920,-19.0656,51.4720
7220,L,-33.9163,-17.6628,50.0022
7221,L,-34.9682,-14.9592,50.8045
7222,L,-37.0975,-13.0486,50.6287
7223,L,-22.4443,-27.2006,51.9074
7224,L,-23.7331,-28.9521,51.4404
7225,L,-24.3908,-26.9273,50.7344
7226,L,-26.4481,-26.9678,49.7356
7227,L,-28.3401,-27.7772,48.9326
7228,L,-29.8877,-24.5387,52.5554
7229,L,-29.6825,-25.8477,49.7588
7230,L,-30.1675,-28.0906,48.3614
7231,L,-32.4303,-28.5080,48.0093
7232,L,-34.8179,-28.3562,47.8987
7233,L,-25.4063,-16.2503,65.9954
7234,L,-24.8435,-17.3312,68.2835
7235,L,-26.6750,-17.2355,68.8957
7236,L,-27.2085,-20.1214,69.5610
7237,L,-26.5063,-21.9961,66.7818
7238,L,-30.0881,-21.4375,66.9829
7239,L,-27.7261,-22.2313,65.0909
7240,L,-25.1716,-22.8178,62.7536
7241,L,-23.8068,-23.5309,58.6456
7242,L,-22.5962,-25.0272,54.5621
7243,L,-28.0538,-10.9113,46.6695
7244,L,-29.3939,-11.9652,49.4828
7245,L,-28.8658,-13.1104,51.9893
7246,L,-28.5968,-13.8075,54.9174
7247,L,-32.3321,-12.7895,59.4184
7248,L,-30.2881,-13.3532,58.7454
7249,L,-28.1707,-13.9012,58.3211
7250,L,-27.3761,-14.3847,61.1787
7251,L,-26.4119,-15.1931,63.5317
7252,L,-16.7942,57.7868,13.5308
7253,L,-14.2801,58.3715,15.3643
7254,L,-17.1543,56.9681,17.4580
7255,L,-16.7741,55.9147,20.3932
7256,L,-15.7809,53.2379,22.4614
7257,L,-19.8352,52.1903,24.3690
7258,L,-17.5163,50.9352,24.8179
7259,L,-15.4897,50.6553,26.7999
7260,L,-16.6162,50.3639,31.1666
7261,L,-16.8836,49.3234,34.1585
7262,L,-16.6118,46.8542,36.6295
7263,L,-29.9832,46.7008,11.7315
7264,L,-27.1548,46.0625,8.6689
7265,L,-26.4347,45.8132,10.9671
7266,L,-23.9040,48.2568,11.1943
7267,L,-23.7612,52.1200,12.0596
7268,L,-25.2368,50.6253,16.5349
7269,L,-24.7514,53.0682,15.2789
7270,L,-24.3939,55.7564,13.1870
7271,L,-23.4555,58.4004,14.0132
7272,L,-20.4044,58.3349,13.6591
7273,L,-36.9772,38.1038,28.5269
7274,L,-38.3503,39.9296,27.4783
7275,L,-36.2516,40.0253,25.9041
7276,L,-35.0023,41.3684,22.6246
7277,L,-34.6327,43.3107,19.8105
7278,L,-30.4703,40.5677,18.1506
7279,L,-32.4656,43.0699,17.8883
7280,L,-33.8186,45.7894,17.7924
7281,L,-32.2371,48.1734,17.5352
7282,L,-31.4748,47.8151,15.0467
7283,L,-49.4806,-11.4622,16.2263
7284,L,-47.8660,-10.7591,15.9883
7285,L,-48.9786,-9.4597,13.0889
7286,L,-48.4651,-8.1441,9.3891
7287,L,-48.8514,-5.0968,6.9038
7288,L,-51.8013,-3.3312,7.0646
7289,L,-50.8636,-2.7214,6.1336
7290,L,-50.0028,-1.6549,6.3540
7291,L,-50.8006,1.5384,4.6401
7292,L,-51.1099,4.0502,2.4373
7293,L,-50.7519,6.3232,0.6444
7294,L,-63.2299,-13.8274,16.5645
7295,L,-62.1922,-15.9505,16.5381
7296,L,-62.1410,-14.4291,15.1095
7297,L,-60.4093,-14.1632,14.5896
7298,L,-58.3566,-13.6703,14.8710
7299,L,-59.3661,-9.5620,10.7244
7300,L,-57.8798,-11.0135,13.1128
7301,L,-56.2558,-12.9764,15.1857
7302,L,-54.0422,-12.1969,15.5279
7303,L,-51.6843,-11.6273,15.9562
7304,L,-50.1016,-59.9554,37.3871
7305,L,-50.5277,-60.0573,35.2836
7306,L,-49.4446,-58.1412,36.1892
7307,L,-48.6292,-56.3588,34.7679
7308,L,-48.0989,-54.1860,33.7393
7309,L,-49.2949,-52.5418,37.6615
7310,L,-48.8267,-52.1654,35.3194
7311,L,-48.5295,-52.0072,32.9442
7312,L,-50.2303,-50.4882,32.5944
7313,L,-52.4023,-50.0545,32.3478
7314,L,-54.7267,-50.0353,32.2636
7315,L,-41.1566,-50.4343,36.9358
7316,L,-42.2420,-52.0597,36.4989
7317,L,-43.1577,-52.1025,38.0508
7318,L,-45.1711,-53.8649,39.1968
7319,L,-46.8453,-55.5286,40.6594
7320,L,-47.6487,-53.4482,42.4360
7321,L,-48.3626,-55.1353,42.3046
7322,L,-48.2021,-56.8285,41.9759
7323,L,-49.3632,-57.9157,41.5102
7324,L,-49.6563,-58.8905,39.5115
7325,L,-7.6147,-73.2429,48.8079
7326,L,-8.7422,-75.3417,46.9326
7327,L,-9.2456,-74.9459,48.7828
7328,L,-11.2709,-75.0263,48.3372
7329,L,-13.2283,-73.9028,47.6524
7330,L,-12.4048,-71.3273,48.8417
7331,L,-13.8773,-72.2667,48.0060
7332,L,-14.7100,-72.5157,46.4477
7333,L,-15.6481,-71.1517,44.6061
7334,L,-16.3969,-69.6758,42.7384
7335,L,-17.4934,-67.7804,41.0775
7336,L,-10.3274,-56.0706,59.1810
7337,L,-9.7065,-56.2208,57.9604
7338,L,-11.7556,-56.8031,57.4095
7339,L,-12.0115,-59.6044,56.6250
7340,L,-10.1194,-62.8454,56.4386
7341,L,-10.3424,-64.4337,59.0923
7342,L,-8.9780,-65.2849,57.6932
7343,L,-8.2736,-65.5799,55.8771
7344,L,-6.9280,-68.0698,54.0452
7345,L,-6.9211,-70.7189,51.5497
7346,L,-9.2991,3.2475,37.8789
7347,L,-7.0405,2.2484,38.3449
7348,L,-8.2036,0.1479,39.1532
7349,L,-8.1544,-3.0451,39.8971
7350,L,-8.0888,-6.0291,40.6415
7351,L,-11.0710,-6.3090,41.1597
7352,L,-9.7309,-7.5860,40.9680
7353,L,-8.2213,-8.8810,40.8521
7354,L,-8.7114,-11.8309,40.0303
7355,L,-9.2362,-14.7401,39.0557
7356,L,-9.6864,-17.8064,38.0651
7357,L,-5.4960,20.9208,-19.3994
7358,L,-5.4219,18.2570,-18.7984
7359,L,-6.0905,17.1981,-15.8496
7360,L,-6.5789,12.5577,-12.2643
7361,L,-6.1795,5.3820,-10.0810
7362,L,-5.5423,8.0483,-8.1800
7363,L,-5.4462,3.2417,-9.0675
7364,L,-5.1362,-0.2146,-11.0323
7365,L,-3.8286,-4.8594,-12.5442
7366,L,-3.9936,-10.9921,-13.5868
7367,L,-3.9279,-15.4919,-17.2476
7368,L,-36.8093,0.7550,-4.6758
7369,L,-36.3111,-1.6769,-7.6949
7370,L,-36.8785,2.0015,-5.9159
7371,L,-37.0252,3.3824,-7.1562
7372,L,-36.7249,4.4156,-8.4439
7373,L,-35.7887,11.5233,-6.3302
7374,L,-35.8056,8.3226,-7.6577
7375,L,-36.1763,5.4722,-9.6162
7376,L,-35.4224,6.2165,-10.9111
7377,L,-34.5366,6.7553,-12.2000
7378,L,-33.5462,7.0480,-13.3956
7379,L,-51.2661,-37.5360,-7.6735
7380,L,-53.6997,-37.0005,-8.8717
7381,L,-51.3005,-34.9559,-9.4267
7382,L,-51.6844,-31.9759,-10.8579
7383,L,-52.1500,-29.2582,-11.9238
7384,L,-48.1492,-27.9629,-10.4169
7385,L,-50.2714,-27.5952,-11.8006
7386,L,-52.9555,-26.9242,-12.8093
7387,L,-54.2576,-24.5388,-14.2031
7388,L,-55.3419,-22.1123,-15.4903
7389,L,-56.3976,-20.0080,-16.0235
7390,L,-22.1383,-99.3970,-7.8639
7391,L,-21.3529,-98.7438,-11.7732
7392,L,-22.7795,-97.3209,-10.5209
7393,L,-25.0625,-96.5503,-12.5776
7394,L,-28.3235,-95.1915,-13.1126
7395,L,-29.4462,-93.5437,-9.1055
7396,L,-30.1637,-93.1598,-11.1766
7397,L,-30.6861,-91.8903,-12.7295
7398,L,-34.8711,-88.8522,-12.9985
7399,L,-38.9094,-86.8953,-12.9518
7400,L,-42.3076,-83.2990,-12.3989
7401,L,-8.9380,-49.0422,5.0238
7402,L,-10.1464,-48.9076,3.8148
7403,L,-12.6494,-51.1667,4.9265
7404,L,-17.0753,-52.5744,5.0517
7405,L,-21.0421,-54.2817,4.4191
7406,L,-21.6613,-56.6092,6.1275
7407,L,-23.1186,-56.6654,4.7669
7408,L,-23.7660,-56.7412,3.0656
7409,L,-24.5017,-59.5399,1.0722
7410,L,-22.7602,-62.4059,0.0689
7411,L,-18.9992,-64.7072,0.2379
7412,L,-58.0847,1.1039,27.9821
7413,L,-58.2331,4.2349,28.0637
7414,L,-57.9786,3.4918,30.2237
7415,L,-55.9294,4.3447,31.1581
7416,L,-53.0575,3.1695,30.7711
7417,L,-54.5883,1.3756,34.1865
7418,L,-52.4439,1.5779,31.9860
7419,L,-49.7299,1.0825,30.1076
7420,L,-46.0353,-0.5812,29.9117
7421,L,-42.4217,-1.5414,30.5371
7422,L,-39.2124,-0.9916,31.6114
7423,L,-39.4169,3.9975,49.1870
7424,L,-38.8244,5.6064,46.9836
7425,L,-38.9556,6.7940,49.1312
7426,L,-40.3264,9.9669,48.7969
7427,L,-41.1304,12.8863,48.1824
7428,L,-38.8697,11.9059,52.0545
7429,L,-40.1481,14.1208,49.4671
7430,L,-41.5908,15.8215,47.1230
7431,L,-40.3145,18.3749,45.4037
7432,L,-38.6040,20.6181,43.7276
7433,L,-38.0706,23.0003,42.1413
7434,L,-38.0030,24.3720,40.3565
7435,L,-36.9233,24.9622,43.2944
7436,L,-34.9990,26.6294,44.0223
7437,L,-32.9878,26.6039,43.0666
7438,L,-32.7210,22.2635,46.7321
7439,L,-32.2278,23.7991,44.0308
7440,L,-31.8737,25.6613,41.0594
7441,L,-30.4482,24.6956,38.8773
7442,L,-28.7269,24.4226,36.6119
7443,L,-26.8132,24.2973,34.4469
7444,L,-38.8861,-32.2926,35.4356
7445,L,-40.9516,-32.7711,35.0800
7446,L,-40.0177,-30.4652,35.4562
7447,L,-41.3330,-28.7495,35.6170
7448,L,-42.7033,-27.4190,35.8117
7449,L,-43.1908,-27.2247,40.9841
7450,L,-43.6262,-26.5407,38.7650
7451,L,-44.3249,-26.5204,36.5240
7452,L,-46.1170,-25.9527,37.2584
7453,L,-48.0227,-25.3333,38.3429
7454,L,-49.9627,-24.5209,39.3240
7455,L,-40.3938,-22.0413,35.8302
7456,L,-43.9177,-21.6691,37.8344
7457,L,-41.9948,-20.7874,34.4810
7458,L,-43.4265,-19.1304,33.2112
7459,L,-44.8430,-17.5785,32.0230
7460,L,-41.2041,-13.4265,30.1821
7461,L,-43.2463,-15.1894,29.6051
7462,L,-46.5047,-16.2131,31.0496
7463,L,-48.1849,-15.0861,30.1163
7464,L,-50.2991,-14.0829,29.5453
7465,L,-52.4357,-12.8924,28.9640
7466,L,-54.3708,-11.8137,28.3827
7467,L,-50.9747,-12.4969,26.0014
7468,L,-49.8743,-10.8934,23.7641
7469,L,-49.7020,-8.3646,22.6112
7470,L,-48.7189,-6.3049,26.6825
7471,L,-49.7548,-6.0430,24.9026
7472,L,-50.9060,-5.9112,23.1099
7473,L,-53.2996,-3.7805,24.9362
7474,L,-56.1433,-1.4763,26.7403
7475,L,-20.0014,-49.8290,58.3932
7476,L,-22.6506,-51.5185,58.8952
7477,L,-22.2805,-49.6815,58.4434
7478,L,-24.3613,-48.8828,59.0378
7479,L,-25.3949,-47.9893,59.6183
7480,L,-21.6999,-45.1646,57.5924
7481,L,-23.7960,-46.7726,57.9663
7482,L,-26.0594,-47.2498,60.1115
7483,L,-27.0593,-46.2412,59.5850
7484,L,-28.1976,-45.7513,58.4191
7485,L,-29.1416,-45.8931,57.2593
7486,L,-38.6947,-33.0678,63.3902
7487,L,-36.8816,-34.2538,61.7473
7488,L,-38.9200,-33.9120,60.4383
7489,L,-38.8619,-34.5483,57.3964
7490,L,-38.6671,-35.5913,55.1247
7491,L,-42.1349,-34.1899,54.5931
7492,L,-40.0291,-35.1335,53.5230
7493,L,-37.4005,-36.1127,52.2888
7494,L,-35.0995,-36.1155,49.2968
7495,L,-32.5433,-36.5583,46.4629
7496,L,-30.9620,-38.0975,43.9647
7497,L,-30.8326,-39.5846,42.2912
7498,L,-31.1988,-37.1455,42.0282
7499,L,-31.8551,-36.0691,40.2637
7500,L,-32.9618,-34.9262,38.8247
7501,L,-36.1997,-32.2448,42.8932
7502,L,-34.7316,-32.7407,40.0499
7503,L,-34.2416,-33.8595,37.6934
7504,L,-35.5586,-32.9439,36.8622
7505,L,-37.1151,-32.5249,36.0795
7506,L,-9.4636,-10.7649,59.5315
7507,L,-7.8587,-13.9653,58.9559
7508,L,-7.7615,-13.4465,60.7944
7509,L,-5.9184,-15.1935,62.1309
7510,L,-5.3532,-17.2140,63.2680
7511,L,-6.1405,-14.1464,65.8284
7512,L,-5.3993,-16.6163,65.2593
7513,L,-6.5177,-19.0917,64.4535
7514,L,-7.5078,-21.1575,65.7290
7515,L,-6.9746,-24.0489,65.6385
7516,L,-5.6954,-26.4859,64.7911
7517,L,-9.8019,-32.4538,62.8607
7518,L,-8.7017,-32.7690,65.1967
7519,L,-8.9102,-35.4749,63.2477
7520,L,-9.2736,-37.8398,65.6673
7521,L,-9.4475,-37.9828,69.8854
7522,L,-12.7925,-34.6368,72.3313
7523,L,-10.7720,-36.0074,73.2733
7524,L,-8.8029,-37.6133,73.6323
7525,L,-9.3212,-38.6831,74.8721
7526,L,-11.1529,-40.0873,74.7685
7527,L,-14.0717,-41.6480,73.8960
7528,L,-15.6315,-44.1801,72.9815
7529,L,-16.2262,-43.1430,73.9897
7530,L,-17.5897,-44.5518,72.8887
7531,L,-18.6471,-45.7571,70.4630
7532,L,-18.5844,-41.9097,69.5658
7533,L,-19.2388,-44.4771,68.4158
7534,L,-18.9651,-46.8009,67.4253
7535,L,-18.9522,-47.5319,64.1680
7536,L,-18.8545,-48.3576,60.6998
7537,L,-24.1066,25.5407,33.1313
7538,L,-25.1209,22.4497,34.4392
7539,L,-23.4819,21.0652,35.7315
7540,L,-22.2413,20.3163,37.7486
7541,L,-25.3965,15.4748,39.8453
7542,L,-22.8536,17.4764,39.3928
7543,L,-21.4668,20.1970,40.4369
7544,L,-21.0289,20.5563,43.5741
7545,L,-20.9900,21.2499,47.0394
7546,L,-21.7936,22.0289,50.4955
7547,L,-18.5317,-1.3487,58.9308
7548,L,-19.3310,1.8826,58.8518
7549,L,-18.4572,0.5384,61.4972
7550,L,-19.2583,2.4436,63.7257
7551,L,-19.7807,4.2782,65.3462
7552,L,-19.0280,-0.9161,68.0330
7553,L,-18.6687,2.4551,67.4832
7554,L,-18.4851,5.7961,65.5975
7555,L,-16.2957,6.0565,64.4014
7556,L,-13.7637,6.3420,63.2179
7557,L,-11.4180,7.4151,63.5904
7558,L,-9.9646,8.7200,64.6250
7559,L,-10.5725,5.6146,66.2795
7560,L,-9.4948,3.1240,67.9136
7561,L,-8.4381,0.3739,66.8449
7562,L,-11.4849,-1.8946,66.2781
7563,L,-10.0808,-1.5197,64.8841
7564,L,-8.5104,-1.5588,64.2137
7565,L,-9.2310,-4.1158,61.9544
7566,L,-9.8132,-7.4071,60.3536
7567,L,-7.2007,38.0991,-7.1437
7568,L,-5.1253,37.2216,-6.7028
7569,L,-5.9384,40.1350,-5.6384
7570,L,-5.5874,41.6563,-3.4418
7571,L,-5.4728,42.3681,-0.9580
7572,L,-9.1424,43.7509,-0.4420
7573,L,-7.1009,43.3505,0.3359
7574,L,-6.9772,41.8309,1.5518
7575,L,-8.0731,40.3989,3.9766
7576,L,-8.4993,39.8198,6.8957
7577,L,-9.3297,39.4283,9.7429
7578,L,-8.7302,49.6196,28.5284
7579,L,-8.8489,47.0692,26.0256
7580,L,-8.4631,45.8328,28.8182
7581,L,-7.3550,42.4630,29.4301
7582,L,-6.9996,39.2046,30.6948
7583,L,-7.5964,38.8277,36.0205
7584,L,-8.2917,37.2430,33.8318
7585,L,-7.4347,35.8240,32.4457
7586,L,-8.1421,32.8532,33.1958
7587,L,-8.5983,29.7539,33.6021
7588,L,-9.5789,26.4109,34.5079
7589,L,-10.9793,23.6902,35.3095
7590,L,-9.4948,24.6006,36.8263
7591,L,-9.4875,22.8221,39.1059
7592,L,-9.1569,20.7746,41.3290
7593,L,-6.8137,24.2589,42.3219
7594,L,-8.0829,21.3892,42.8854
7595,L,-8.7274,18.4775,43.4111
7596,L,-9.3529,17.1595,45.6961
7597,L,-10.1664,15.9113,48.1252
7598,L,-10.0848,14.1761,50.6569
7599,L,-44.5470,34.9357,-15.0692
7600,L,-42.6333,33.7123,-14.9451
7601,L,-41.9034,36.6333,-14.3675
7602,L,-39.3153,38.1762,-12.5672
7603,L,-36.3962,39.3546,-11.1116
7604,L,-38.4557,43.6561,-12.3959
7605,L,-35.7182,42.0750,-11.3278
7606,L,-33.3489,40.5023,-10.0342
7607,L,-30.5974,40.9169,-10.8139
7608,L,-28.0412,42.1655,-11.2375
7609,L,-25.2919,44.2741,-9.8423
7610,L,-14.8516,62.2852,-6.1530
7611,L,-13.4607,58.6112,-7.8076
7612,L,-11.1780,61.7578,-8.3842
7613,L,-8.2464,61.6832,-10.8525
7614,L,-5.7626,61.1835,-13.5961
7615,L,-5.8355,62.2888,-8.9680
7616,L,-4.9052,61.0007,-12.1450
7617,L,-4.6258,59.4762,-15.8797
7618,L,-5.1947,56.5775,-17.6834
7619,L,-5.2815,53.2197,-19.0436
7620,L,-4.7563,49.6101,-19.9112
7621,L,-4.5437,46.6099,-20.5121
7622,L,-6.5255,47.3687,-16.6667
7623,L,-7.0226,45.1544,-13.9768
7624,L,-9.1310,43.2462,-12.4322
7625,L,-9.9456,46.9217,-9.4364
7626,L,-10.9351,44.0198,-10.2264
7627,L,-11.3827,41.0348,-10.6950
7628,L,-11.3303,38.9887,-8.6695
7629,L,-9.4350,38.1459,-7.4543
7630,L,-41.7298,8.4464,19.6974
7631,L,-43.7845,9.2738,18.2268
7632,L,-42.8881,10.3300,20.5746
7633,L,-44.5327,11.8529,21.8581
7634,L,-46.2252,13.3753,22.8671
7635,L,-41.6431,15.8413,21.5496
7636,L,-44.7318,15.3862,22.4534
7637,L,-48.1596,15.4433,22.9681
7638,L,-50.0387,17.5077,21.5408
7639,L,-50.9980,19.7028,19.4230
7640,L,-51.9396,21.7008,17.6897
7641,L,-35.6666,39.1931,8.5436
7642,L,-35.5359,36.2387,8.3601
7643,L,-37.1926,38.8394,5.9726
7644,L,-39.8857,37.9218,4.4676
7645,L,-42.9437,37.6491,3.6250
7646,L,-40.0489,40.3735,0.7810
7647,L,-43.1326,39.2184,1.6947
7648,L,-45.2740,36.5644,1.9946
7649,L,-47.6047,35.7157,-0.0948
7650,L,-49.6451,34.7525,-1.7000
7651,L,-50.2466,33.1309,-2.8778
7652,L,-48.6606,31.7634,-3.1282
7653,L,-49.6127,33.7631,-4.4595
7654,L,-48.6803,34.4202,-6.1225
7655,L,-48.2154,34.8582,-8.1748
7656,L,-45.3834,37.1262,-8.4860
7657,L,-47.4236,36.1926,-9.5978
7658,L,-48.2772,35.1115,-10.5172
7659,L,-47.8075,35.3375,-12.6134
7660,L,-46.3653,35.3495,-14.1315
7661,L,-49.5757,-24.4634,0.5074
7662,L,-51.7027,-21.8664,0.5289
7663,L,-48.3950,-23.8631,2.0736
7664,L,-48.1845,-24.1955,4.3096
7665,L,-47.7397,-24.2800,6.6546
7666,L,-43.4483,-27.7387,8.7363
7667,L,-44.9077,-25.7210,8.5096
7668,L,-46.1165,-23.5813,7.9976
7669,L,-43.8289,-23.0689,7.5778
7670,L,-41.4538,-23.8653,5.5970
7671,L,-40.1073,-25.7697,3.6326
7672,L,-37.3441,-6.3507,17.3125
7673,L,-34.8160,-9.3370,15.9540
7674,L,-36.0453,-5.7955,16.5870
7675,L,-35.3214,-5.1254,15.4568
7676,L,-34.9241,-4.4431,14.2051
7677,L,-34.9311,1.9359,14.5611
7678,L,-34.0145,-0.8795,14.4812
7679,L,-34.8506,-3.8213,12.8987
7680,L,-34.8682,-3.3204,11.4630
7681,L,-35.0575,-2.9119,9.8588
7682,L,-35.4184,-2.4298,8.3055
7683,L,-36.0495,-2.2032,7.0812
7684,L,-33.3364,1.4666,8.4547
7685,L,-32.0611,6.1203,9.1376
7686,L,-30.4477,10.3379,9.6624
7687,L,-30.8662,12.5133,12.4226
7688,L,-29.9764,13.4714,11.4059
7689,L,-29.3872,14.3182,10.0279
7690,L,-28.8332,18.0595,10.2317
7691,L,-28.7377,21.8997,10.1174
7692,L,-29.0758,25.4484,9.1617
7693,L,-58.5480,-33.0413,38.3753
7694,L,-58.8328,-34.6648,39.5089
7695,L,-59.6075,-33.8701,37.5572
7696,L,-59.6666,-34.7999,36.1614
7697,L,-59.0003,-35.5905,34.5593
7698,L,-62.2403,-32.7795,32.2468
7699,L,-60.0157,-34.5399,32.6928
7700,L,-57.7197,-36.0390,32.9390
7701,L,-56.0924,-36.4456,31.6777
7702,L,-54.6314,-37.3769,30.5596
7703,L,-52.9925,-38.4895,29.6326
7704,L,-47.0756,-28.9258,19.7247
7705,L,-47.2962,-30.5825,17.4776
7706,L,-44.7799,-31.1134,18.2956
7707,L,-42.4295,-33.6401,17.6301
7708,L,-40.5645,-35.7590,18.5521
7709,L,-38.3909,-35.2487,18.4718
7710,L,-38.8340,-36.8542,17.5668
7711,L,-39.6264,-38.2885,18.1961
7712,L,-40.7405,-39.8541,15.8474
7713,L,-42.8377,-39.8885,13.2407
7714,L,-45.6119,-38.8257,11.1658
7715,L,-48.4189,-37.4158,9.9728
7716,L,-45.6210,-37.1817,9.2850
7717,L,-45.7603,-35.4367,7.2405
7718,L,-46.1396,-33.6216,5.3145
7719,L,-41.0811,-34.7735,6.1807
7720,L,-43.7840,-33.3969,4.4486
7721,L,-46.7313,-31.7075,3.5085
7722,L,-47.4537,-29.5142,1.9437
7723,L,-48.4808,-26.9529,0.9149
7724,L,-44.3513,-74.7249,17.0310
7725,L,-45.7039,-74.8068,15.0445
7726,L,-43.6850,-73.4179,15.7858
7727,L,-42.2238,-72.1720,14.5802
7728,L,-40.9885,-70.4570,14.1885
7729,L,-41.9795,-68.8589,18.5998
7730,L,-40.8161,-68.5770,16.2717
7731,L,-40.5733,-68.4248,13.5492
7732,L,-41.0631,-66.5242,12.6177
7733,L,-41.9739,-64.9766,11.7478
7734,L,-43.2435,-63.7637,11.0710
7735,L,-46.1445,-52.9401,21.7416
7736,L,-43.2339,-52.5807,20.2916
7737,L,-45.4067,-51.5476,19.9169
7738,L,-45.2449,-50.5052,17.4201
7739,L,-45.4093,-49.4236,15.0023
7740,L,-51.0955,-49.9157,15.3603
7741,L,-48.5321,-48.7406,14.3092
7742,L,-46.1038,-48.3435,12.7199
7743,L,-46.7573,-47.2527,10.2889
7744,L,-47.3745,-46.8139,7.8865
7745,L,-47.9265,-46.4024,5.9126
7746,L,-48.6911,-46.0002,4.3705
7747,L,-49.1753,-44.6185,6.2058
7748,L,-50.9602,-43.1924,6.0419
7749,L,-53.1490,-41.8016,5.7285
7750,L,-56.3301,-43.1893,8.4493
7751,L,-56.0120,-42.3412,6.8743
7752,L,-55.3645,-40.5891,5.5568
7753,L,-58.0941,-39.1667,5.5855
7754,L,-60.7490,-37.7450,5.5186
7755,L,-63.0600,-35.9601,5.7223
7756,L,-26.1818,-57.4326,51.9978
7757,L,-24.8630,-59.0370,50.5341
7758,L,-25.4811,-58.1023,49.5035
7759,L,-25.7276,-59.0869,47.2147
7760,L,-26.8995,-60.3659,45.6084
7761,L,-26.0741,-57.2073,44.5060
7762,L,-26.9466,-59.5652,44.2262
7763,L,-27.8576,-61.5231,44.4990
7764,L,-28.3513,-62.6811,43.4079
7765,L,-28.3680,-63.5284,41.8526
7766,L,-28.3437,-64.7899,39.9860
7767,L,-39.2259,-68.9888,46.3774
7768,L,-37.1684,-70.0279,46.7559
7769,L,-37.6478,-71.1924,45.2977
7770,L,-36.2980,-73.7980,42.7007
7771,L,-35.5260,-76.2729,39.4416
7772,L,-37.4321,-73.6933,35.7502
7773,L,-36.9611,-75.8437,36.2818
7774,L,-35.6025,-77.8247,36.3596
7775,L,-35.7722,-78.8162,33.6966
7776,L,-35.9052,-79.8117,30.9942
7777,L,-36.9779,-81.1590,27.7606
7778,L,-37.8479,-82.7226,25.2708
7779,L,-38.1581,-79.2577,26.2292
7780,L,-39.5297,-78.3167,24.7472
7781,L,-40.6199,-77.5551,23.6822
7782,L,-42.3188,-74.0034,26.5385
7783,L,-40.4519,-74.7383,24.3962
7784,L,-41.4835,-76.7602,22.1676
7785,L,-42.5776,-76.0443,20.4394
7786,L,-43.1723,-75.4041,18.7191
7787,L,-19.6813,-62.5625,23.9564
7788,L,-21.6964,-65.7204,20.7640
7789,L,-20.9208,-66.2000,22.6363
7790,L,-20.5978,-70.1762,20.1432
7791,L,-18.4578,-73.1419,17.9475
7792,L,-19.5608,-71.2545,23.3933
7793,L,-18.1711,-74.0888,19.7475
7794,L,-15.0279,-74.7823,17.4750
7795,L,-11.6304,-74.9764,18.8755
7796,L,-9.0884,-75.6052,20.1543
7797,L,-6.5436,-76.5344,21.5900
7798,L,-18.0347,-87.0059,34.7713
7799,L,-14.7057,-86.9155,34.3174
7800,L,-16.0439,-86.2955,31.8329
7801,L,-13.0240,-85.7906,28.3108
7802,L,-12.1356,-88.6194,26.7423
7803,L,-15.7550,-87.0055,23.4966
7804,L,-14.1512,-89.2626,24.4880
7805,L,-12.1774,-91.1583,25.2387
7806,L,-11.3389,-93.9469,23.0198
7807,L,-11.8538,-96.0834,20.2790
7808,L,-12.7179,-97.3318,16.9894
7809,L,-13.2348,-98.8199,14.4306
7810,L,-14.9845,-97.2945,16.0344
7811,L,-17.4900,-97.1898,15.2640
7812,L,-20.5734,-96.4233,15.3405
7813,L,-19.7399,-92.5453,15.2841
7814,L,-21.2731,-93.9790,15.1109
7815,L,-23.1876,-95.3950,14.3562
7816,L,-25.4332,-94.6140,13.1363
7817,L,-27.6563,-93.9553,12.5450
7818,L,-29.3923,-92.5569,11.7721
7819,L,-13.9502,-30.6404,47.1910
7820,L,-15.7038,-30.0774,45.0849
7821,L,-16.3014,-32.3506,45.9595
7822,L,-17.7590,-34.3413,44.4798
7823,L,-18.7245,-36.4638,43.1139
7824,L,-18.3420,-39.2534,47.0884
7825,L,-18.6689,-38.9598,44.4598
7826,L,-18.3351,-38.3768,41.9155
7827,L,-16.7103,-39.7088,41.2212
7828,L,-14.2380,-40.3280,41.7704
7829,L,-11.4927,-40.4584,42.8381
7830,L,-9.6171,-57.2531,42.9283
7831,L,-9.4029,-55.3163,42.3273
7832,L,-7.9868,-57.1313,40.8336
7833,L,-6.9180,-56.5791,38.8148
7834,L,-7.6456,-56.8821,37.5368
7835,L,-6.2654,-62.0986,36.4706
7836,L,-6.5646,-59.5833,36.1586
7837,L,-8.2698,-57.6427,35.7063
7838,L,-8.5909,-57.9468,33.7449
7839,L,-8.7643,-58.1631,31.8183
7840,L,-9.0112,-58.3966,29.9540
7841,L,-9.2899,-58.1253,28.3503
7842,L,-6.5548,-60.8995,28.2542
7843,L,-4.3945,-63.1680,26.4965
7844,L,-4.6705,-66.0241,24.7614
7845,L,-6.5289,-67.9652,27.2965
7846,L,-7.3277,-67.1929,25.7127
7847,L,-8.2760,-66.2729,24.0998
7848,L,-12.0429,-63.5392,24.4233
7849,L,-16.0589,-61.4075,24.9705
7850,L,-1.0040,18.8357,10.8272
7851,L,-0.8281,15.1612,9.7825
7852,L,-0.8124,15.3976,11.8334
7853,L,-0.6446,11.8724,12.9410
7854,L,-0.6990,8.3586,13.9660
7855,L,-0.5654,12.4123,17.1228
7856,L,-0.6485,8.5969,16.0485
7857,L,-0.7778,4.9985,15.0442
7858,L,-0.8388,1.9073,16.1759
7859,L,-0.7736,-1.0460,17.0927
7860,L,-0.6685,-4.1457,17.8040
7861,L,-6.8326,-13.0118,31.4036
7862,L,-5.9569,-12.5405,30.3538
7863,L,-6.7242,-15.9433,30.3037
7864,L,-6.2088,-19.0756,29.1655
7865,L,-5.3860,-22.2448,28.0669
7866,L,-7.9402,-25.2479,29.1967
7867,L,-6.4771,-25.4556,27.9820
7868,L,-4.6368,-25.7704,27.1442
7869,L,-3.5843,-29.1252,26.4641
7870,L,-2.3747,-32.4531,25.4376
7871,L,-1.2945,-35.4833,23.9399
7872,L,-0.6089,-37.9692,22.1810
7873,L,-3.3510,-37.6063,23.8216
7874,L,-5.3706,-39.5364,23.4716
7875,L,-7.3199,-41.5283,23.1069
7876,L,-8.9086,-39.1403,26.2333
7877,L,-8.7643,-41.4941,24.6227
7878,L,-8.5311,-43.6425,22.9265
7879,L,-8.1666,-45.6994,22.6448
7880,L,-5.7564,-46.8083,21.7760
7881,L,-4.2636,-48.6897,21.2309
7882,L,-27.0889,23.9183,-19.0468
7883,L,-28.3033,20.7575,-21.8905
7884,L,-25.8032,21.6370,-20.0625
7885,L,-24.6893,19.1470,-20.9208
7886,L,-23.3404,16.7497,-20.9523
7887,L,-19.3094,18.6602,-18.8734
7888,L,-20.6782,16.2684,-19.8451
7889,L,-21.8830,14.0860,-20.7798
7890,L,-21.6643,11.7070,-19.6808
7891,L,-22.0505,9.7256,-17.0430
7892,L,-22.7463,6.5870,-14.4511
7893,L,-16.4916,-7.1567,-12.9747
7894,L,-17.5777,-6.2744,-12.1793
7895,L,-19.4964,-9.7348,-11.9360
7896,L,-23.0404,-11.5259,-11.4264
7897,L,-27.1853,-12.9701,-12.5804
7898,L,-29.0604,-16.5772,-12.7286
7899,L,-30.7248,-15.4269,-14.0049
7900,L,-32.1565,-14.3521,-15.4472
7901,L,-35.9453,-14.2181,-18.1592
7902,L,-37.3967,-14.1482,-21.1444
7903,L,-35.5071,-14.5775,-23.9664
7904,L,-32.7163,-14.7340,-25.9361
7905,L,-34.3056,-16.4046,-24.1026
7906,L,-33.0872,-18.0849,-24.1762
7907,L,-31.6775,-19.6291,-24.1892
7908,L,-36.4970,-21.6069,-20.1322
7909,L,-33.5021,-21.4967,-22.0952
7910,L,-30.1539,-21.0016,-23.9230
7911,L,-28.5212,-22.0239,-23.4414
7912,L,-26.8732,-22.7689,-22.5531
7913,L,-25.2205,-23.3016,-21.4736
7914,L,-59.2054,-4.8504,-2.8886
7915,L,-57.7451,-5.5234,-5.2547
7916,L,-58.4387,-3.4504,-5.4133
7917,L,-56.8554,-2.3049,-8.4415
7918,L,-55.0260,-1.3811,-11.4071
7919,L,-57.4357,2.1696,-7.8048
7920,L,-56.4201,1.4213,-10.7940
7921,L,-53.3111,-0.6015,-14.2600
7922,L,-51.8149,0.0809,-17.1890
7923,L,-50.4207,0.6879,-20.4468
7924,L,-49.2112,1.5511,-23.1003
7925,L,-41.8663,13.6210,-27.9580
7926,L,-42.8439,16.2860,-27.5680
7927,L,-40.3207,16.9664,-30.0583
7928,L,-38.9498,17.9574,-32.9341
7929,L,-37.6846,16.6065,-35.9352
7930,L,-32.8567,16.7442,-37.3338
7931,L,-34.6061,16.3188,-37.8905
7932,L,-36.2965,13.7358,-37.9677
7933,L,-35.2754,9.4941,-37.7402
7934,L,-35.4272,5.1589,-37.6922
7935,L,-36.7926,1.7573,-39.4156
7936,L,-37.8767,-0.5341,-41.4405
7937,L,-35.5778,1.4423,-41.1173
7938,L,-34.1220,1.1096,-42.4908
7939,L,-32.8427,0.6329,-43.1357
7940,L,-30.3606,3.7802,-40.6900
7941,L,-31.5252,1.7358,-42.0410
7942,L,-31.9287,-0.6148,-42.2704
7943,L,-31.5671,-1.4671,-40.8015
7944,L,-31.8663,-1.8814,-38.4242
7945,L,-30.9814,-2.6428,-35.1137
7946,L,-42.1385,-65.0510,-0.7302
7947,L,-42.4070,-66.5348,-2.1023
7948,L,-44.9238,-64.7406,-2.3584
7949,L,-47.3716,-65.3678,-3.5332
7950,L,-48.4898,-65.2226,-4.8875
7951,L,-52.1650,-63.5681,-4.2424
7952,L,-50.6603,-63.7534,-5.3086
7953,L,-49.1166,-63.8607,-5.9424
7954,L,-49.6095,-62.6997,-6.7042
7955,L,-49.9294,-60.9708,-7.6448
7956,L,-50.2928,-59.3150,-8.9799
7957,L,-58.9394,-35.4085,-17.4517
7958,L,-57.2520,-38.5787,-17.3638
7959,L,-56.2385,-36.1831,-17.2490
7960,L,-54.2835,-37.5060,-18.1344
7961,L,-53.3821,-38.4714,-20.5140
7962,L,-52.0310,-31.5503,-21.2040
7963,L,-52.7255,-35.4357,-22.2246
7964,L,-53.7874,-38.9942,-23.0317
7965,L,-54.4785,-39.8517,-24.9311
7966,L,-53.4887,-40.5735,-26.2135
7967,L,-51.1160,-40.2421,-26.2887
7968,L,-48.9439,-39.3421,-25.7849
7969,L,-51.8464,-37.4939,-27.3088
7970,L,-51.9002,-34.4885,-27.3704
7971,L,-51.2412,-31.0429,-27.9435
7972,L,-54.5028,-28.0533,-30.5475
7973,L,-52.6390,-27.8645,-29.9207
7974,L,-50.5086,-27.6999,-28.8947
7975,L,-49.5816,-24.3021,-30.1097
7976,L,-48.4319,-20.6767,-31.1330
7977,L,-46.7759,-18.3063,-32.7132
7978,L,-13.0605,-81.6347,11.3663
7979,L,-14.3161,-81.2349,9.0638
7980,L,-13.5621,-82.8820,8.1742
7981,L,-12.3467,-82.7575,4.7550
7982,L,-9.4220,-82.5947,2.6333
7983,L,-11.3417,-85.8960,1.2838
7984,L,-8.9106,-84.5429,0.8912
7985,L,-6.1417,-83.5989,1.8058
7986,L,-3.9791,-83.4320,0.8547
7987,L,-3.3317,-82.8916,-1.2360
7988,L,-4.4946,-82.3632,-3.1998
7989,L,-21.2816,-87.0207,-9.7130
7990,L,-19.1461,-86.9473,-8.6195
7991,L,-21.7035,-85.1284,-9.6528
7992,L,-23.1014,-82.9278,-7.6405
7993,L,-24.0096,-80.7768,-6.2236
7994,L,-29.0405,-78.0351,-9.6946
7995,L,-27.5884,-78.6203,-6.9959
7996,L,-25.3547,-78.3599,-5.3479
7997,L,-26.4577,-75.1564,-4.8995
7998,L,-27.8643,-71.7265,-4.8840
7999,L,-29.3003,-68.1094,-5.4505
8000,L,-30.1402,-64.8915,-6.4233
8001,L,-30.8717,-66.2075,-8.2316
8002,L,-30.4749,-63.8282,-11.6544
8003,L,-28.6258,-61.8234,-14.3076
8004,L,-31.1180,-62.9849,-15.9257
8005,L,-30.0177,-60.8879,-16.1386
8006,L,-28.7126,-58.2624,-16.1535
8007,L,-31.0020,-53.5995,-16.7828
8008,L,-33.8590,-49.0421,-17.7417
8009,L,-36.0738,-46.2261,-20.8134
8010,L,-2.2798,-16.8589,1.6495
8011,L,-2.8995,-18.6846,-1.1555
8012,L,-3.1427,-20.7087,0.0995
8013,L,-3.6603,-23.9209,-1.3518
8014,L,-5.7725,-25.6698,-2.4150
8015,L,-5.5240,-26.8222,0.6195
8016,L,-7.2366,-26.9223,-1.2721
8017,L,-8.9368,-26.7654,-2.8362
8018,L,-11.4396,-28.6704,-4.1895
8019,L,-14.0777,-30.6557,-5.2953
8020,L,-18.0645,-32.6446,-5.2075
8021,L,-13.3535,-40.2498,-4.2118
8022,L,-16.5846,-40.4577,-3.3832
8023,L,-14.3074,-39.1333,-5.1348
8024,L,-15.5819,-38.1878,-6.1217
8025,L,-16.6847,-37.2986,-7.3075
8026,L,-15.9374,-41.4905,-9.4628
8027,L,-15.3114,-37.7841,-9.3747
8028,L,-17.6658,-36.2187,-8.4004
8029,L,-18.7206,-35.1680,-9.5039
8030,L,-19.6834,-34.0982,-10.6696
8031,L,-20.5110,-32.9818,-11.8510
8032,L,-21.0114,-32.0026,-12.8452
8033,L,-18.0641,-33.0086,-13.6209
8034,L,-19.5093,-35.7595,-14.7723
8035,L,-23.1827,-38.2488,-13.4005
8036,L,-23.9101,-42.2936,-9.0014
8037,L,-25.3225,-41.0581,-10.2262
8038,L,-26.5871,-39.8459,-11.5298
8039,L,-29.4276,-40.9393,-9.9500
8040,L,-31.9040,-41.8137,-8.8900
8041,L,-34.0677,-43.2172,-8.6385
8042,L,-51.6358,-7.0531,40.1645
8043,L,-54.1726,-5.0723,40.9985
8044,L,-53.0196,-5.9697,42.6741
8045,L,-53.1207,-4.5232,44.7000
8046,L,-51.8406,-2.4867,45.8788
8047,L,-51.2698,-6.9273,47.6818
8048,L,-51.1678,-3.4010,47.1796
8049,L,-49.8289,0.0222,45.9812
8050,L,-47.4485,2.0301,46.2033
8051,L,-45.3366,2.6243,46.8624
8052,L,-43.3490,2.6389,48.0177
8053,L,-44.8479,-9.3332,51.4310
8054,L,-45.1425,-8.1876,49.7358
8055,L,-45.7015,-6.9843,46.2298
8056,L,-40.7323,-7.0527,45.0470
8057,L,-43.3667,-5.8022,43.9360
8058,L,-45.2456,-3.3578,44.6994
8059,L,-43.6051,-0.5553,46.0161
8060,L,-42.6209,0.9299,47.8317
8061,L,-41.4044,2.5577,49.3498
8062,L,-39.9420,2.4907,50.3619
8063,L,-38.5861,2.8608,51.7682
8064,L,-37.0786,3.2628,53.7676
8065,L,-33.8980,0.5436,49.6821
8066,L,-34.3769,1.7608,52.4412
8067,L,-35.3610,3.7706,55.0294
8068,L,-33.7142,4.7957,55.4019
8069,L,-31.5442,5.9372,55.7483
8070,L,-29.7154,7.7464,55.4697
8071,L,-48.6066,-25.3492,55.9087
8072,L,-49.2758,-23.8364,54.8912
8073,L,-49.3089,-21.9249,56.9788
8074,L,-48.9890,-19.0800,56.5266
8075,L,-48.0801,-17.9832,54.3631
8076,L,-45.1465,-19.7790,54.2000
8077,L,-45.7080,-19.0545,52.6272
8078,L,-46.7736,-18.7210,51.2989
8079,L,-45.0691,-19.8803,47.9392
8080,L,-42.9219,-20.8588,44.2398
8081,L,-41.0263,-22.1252,40.7172
8082,L,-37.8706,-25.0661,45.3764
8083,L,-37.1370,-23.7286,44.4433
8084,L,-36.2358,-22.7479,43.5248
8085,L,-31.8269,-20.0579,43.3195
8086,L,-33.0866,-21.7090,42.0232
8087,L,-35.9272,-22.1879,42.2037
8088,L,-36.5225,-22.2114,40.6342
8089,L,-37.7004,-22.5230,38.9529
8090,L,-38.9172,-22.5531,37.2460
8091,L,-37.6473,-20.8839,34.9365
8092,L,-37.4135,-18.0292,34.0519
8093,L,-38.5377,-14.9129,34.7684
8094,L,-38.5995,-14.6741,38.0137
8095,L,-40.0735,-13.8990,37.0717
8096,L,-41.4040,-12.6755,36.3938
8097,L,-44.7877,-11.1000,37.7727
8098,L,-48.1715,-9.1344,39.2457
8099,L,-22.2921,-33.3376,71.1289
8100,L,-22.9689,-34.6418,68.0965
8101,L,-24.2418,-33.2806,70.1210
8102,L,-26.0058,-32.7067,69.2627
8103,L,-27.8467,-32.1880,68.7976
8104,L,-26.7969,-30.2885,67.6369
8105,L,-28.6271,-30.7206,68.7597
8106,L,-29.8655,-32.0206,68.3492
8107,L,-31.9136,-32.1248,67.8720
8108,L,-33.9187,-32.2270,67.1107
8109,L,-35.9921,-32.1445,66.3020
8110,L,-25.7354,-30.0702,53.1347
8111,L,-27.9509,-30.4871,55.9411
8112,L,-30.4587,-30.6946,59.3212
8113,L,-32.4123,-30.8633,55.5855
8114,L,-32.8199,-31.0018,59.1868
8115,L,-32.9934,-30.6043,62.4691
8116,L,-35.2442,-30.3566,65.0569
8117,L,-37.0400,-30.7307,66.0723
8118,L,-38.1527,-31.9613,65.3404
8119,L,-40.1170,-31.5144,64.0658
8120,L,-41.8989,-30.7457,62.5573
8121,L,-43.5713,-29.6981,60.9652
8122,L,-42.8759,-26.4331,62.2337
8123,L,-44.3695,-27.2363,61.7157
8124,L,-45.0427,-28.6555,59.5042
8125,L,-46.3795,-27.4735,58.4232
8126,L,-47.6166,-26.4207,57.1760
8127,L,-12.3390,-12.0233,66.7140
8128,L,-11.3432,-13.5855,68.3204
8129,L,-12.1131,-14.6880,67.0462
8130,L,-12.0434,-17.2348,68.1660
8131,L,-12.7919,-19.0852,70.2588
8132,L,-15.5232,-19.1782,67.7655
8133,L,-14.6831,-19.7058,70.2382
8134,L,-13.8129,-20.4171,72.5520
8135,L,-14.1563,-22.6032,73.4030
8136,L,-13.6754,-24.9550,71.7110
8137,L,-12.6188,-27.2991,68.1137
8138,L,-23.9209,-18.6981,69.8780
8139,L,-22.5072,-20.6145,70.7171
8140,L,-20.5617,-22.4541,70.4569
8141,L,-20.2265,-23.6895,64.8363
8142,L,-19.2080,-23.7162,67.2677
8143,L,-18.1519,-23.6675,69.4175
8144,L,-15.6997,-25.0097,67.9448
8145,L,-13.4942,-27.3553,65.6596
8146,L,-11.4622,-30.0142,63.7632
8147,L,-10.9392,-32.4311,60.8798
8148,L,-12.3748,-34.6953,60.5745
8149,L,-14.5731,-35.2113,62.4983
8150,L,-16.2052,-33.7925,58.9406
8151,L,-16.3739,-34.2842,61.9082
8152,L,-16.5023,-33.9020,65.5061
8153,L,-18.5934,-31.7949,69.8294
8154,L,-20.7341,-31.7594,72.2374
8155,L,-28.5307,8.9629,54.0279
8156,L,-27.9705,6.4753,53.9120
8157,L,-26.4902,5.1911,51.1663
8158,L,-24.9936,4.5001,48.6524
8159,L,-25.6479,0.5756,46.8893
8160,L,-24.3503,2.2164,46.9964
8161,L,-22.6725,3.5880,47.4614
8162,L,-21.0272,2.1691,49.0159
8163,L,-20.2274,0.4647,51.3693
8164,L,-19.4905,-1.2829,53.9554
8165,L,-25.8271,-10.6054,46.3122
8166,L,-23.8009,-9.6984,46.7279
8167,L,-22.3026,-8.4040,47.9685
8168,L,-22.8285,-12.0919,52.6777
8169,L,-22.0498,-9.7267,50.9250
8170,L,-21.1480,-6.9895,49.7942
8171,L,-20.3060,-5.6025,51.9178
8172,L,-19.5797,-4.2382,54.2647
8173,L,-18.9556,-2.9426,56.5279
8174,L,-19.0593,-4.2876,58.8561
8175,L,-19.8634,-5.9373,61.1347
8176,L,-19.2403,-7.2768,62.5956
8177,L,-18.0614,-10.9693,59.9242
8178,L,-17.7585,-9.3296,61.6522
8179,L,-17.7047,-7.8075,63.5973
8180,L,-15.7832,-8.6423,64.4015
8181,L,-13.8181,-10.2832,65.3165
8182,L,-10.4285,56.6861,2.7873
8183,L,-11.8398,54.4508,4.8259
8184,L,-10.5100,56.9581,6.2552
8185,L,-9.0783,56.6403,9.0090
8186,L,-8.9748,56.4905,11.6068
8187,L,-9.1123,60.9262,13.0149
8188,L,-8.4390,58.7291,14.0724
8189,L,-9.1930,56.1804,15.3396
8190,L,-8.6376,55.4096,18.1698
8191,L,-7.7954,53.9458,20.9218
8192,L,-7.7118,53.5019,24.1997
8193,L,-12.3509,59.7167,17.7687
8194,L,-10.9835,60.8157,20.3643
8195,L,-9.4210,60.9194,22.4701
8196,L,-10.6905,57.3172,26.6894
8197,L,-9.1561,59.2033,25.8545
8198,L,-7.9873,59.7468,24.1782
8199,L,-7.1286,57.7321,25.6115
8200,L,-6.9282,55.3912,26.6575
8201,L,-7.8405,52.7692,27.8315
8202,L,-7.5202,50.9178,30.8404
8203,L,-7.2248,49.1675,33.8900
8204,L,-6.8414,47.1450,37.3562
8205,L,-6.4469,50.0909,39.0581
8206,L,-5.9030,47.7085,39.9340
8207,L,-5.8168,44.6399,40.6662
8208,L,-5.8382,42.4222,44.1454
8209,L,-6.4726,40.1266,47.4022
8210,L,-6.8129,37.5233,50.0743
8211,L,-37.5642,52.1208,-1.8614
8212,L,-37.9056,53.6954,-3.9708
8213,L,-36.6520,53.9761,-1.9250
8214,L,-33.8278,53.6590,-2.5322
8215,L,-30.3958,52.6078,-3.2897
8216,L,-30.7810,50.4114,-0.7253
8217,L,-28.9616,50.8414,-2.4688
8218,L,-26.8893,52.0225,-3.8805
8219,L,-22.9932,52.1371,-4.1335
8220,L,-19.9950,54.3111,-3.6041
8221,L,-18.5885,57.8094,-3.7215
8222,L,-25.0204,47.1470,5.8526
8223,L,-23.5914,49.8712,4.0997
8224,L,-23.2544,52.8167,2.9905
8225,L,-20.9932,57.0283,5.8094
8226,L,-22.1228,56.2822,3.5269
8227,L,-21.8158,55.0990,1.4439
8228,L,-19.8707,57.5607,-0.1785
8229,L,-18.8918,59.8331,-2.4973
8230,L,-17.7264,61.6807,-4.5152
8231,L,-15.0389,63.8330,-4.7460
8232,L,-11.5269,64.5321,-4.2221
8233,L,-9.0790,64.9148,-2.5259
8234,L,-10.8949,63.3833,2.6866
8235,L,-9.0553,64.2562,0.8666
8236,L,-7.5236,64.0991,-0.6325
8237,L,-7.2450,61.4887,0.7370
8238,L,-8.3033,58.6503,1.5761
8239,L,-39.7583,26.0513,25.5923
8240,L,-39.0737,26.6471,23.7798
8241,L,-41.5641,28.4431,24.7159
8242,L,-43.7276,30.0717,23.3950
8243,L,-44.8447,31.6158,21.8772
8244,L,-44.5070,33.1629,23.3089
8245,L,-44.4319,33.2279,21.8098
8246,L,-43.5402,32.9904,20.6481
8247,L,-41.0529,34.0857,19.5535
8248,L,-38.1455,35.1601,17.9105
8249,L,-35.9074,37.0588,15.1251
8250,L,-39.9454,41.0226,25.7488
8251,L,-40.9735,41.3882,23.3832
8252,L,-40.5780,40.8764,20.8157
8253,L,-37.8859,45.3433,18.2640
8254,L,-38.6144,42.9860,18.2552
8255,L,-38.8775,40.3034,18.7975
8256,L,-37.2049,39.7095,16.6603
8257,L,-36.2903,39.5393,14.3538
8258,L,-35.4974,39.3248,11.4557
8259,L,-37.2170,41.7883,9.1106
8260,L,-38.7986,43.7321,7.3005
8261,L,-39.9728,45.5463,5.7314
8262,L,-38.5952,48.8574,7.9484
8263,L,-39.3873,48.3378,5.8043
8264,L,-40.2177,47.2086,3.6791
8265,L,-39.2765,49.0573,1.8287
8266,L,-38.0048,50.7976,0.2221
8267,L,-32.5306,-30.4818,19.6837
8268,L,-31.5283,-30.1041,17.7864
8269,L,-32.4409,-28.1520,19.2769
8270,L,-32.9341,-25.4502,19.1389
8271,L,-33.6728,-22.3858,19.5127
8272,L,-37.3902,-19.9632,21.0609
8273,L,-35.8967,-19.6037,20.7020
8274,L,-34.6849,-19.2045,19.7124
8275,L,-35.7156,-15.9923,19.7363
8276,L,-36.2461,-12.8180,19.3423
8277,L,-37.0505,-10.1757,17.4440
8278,L,-46.0938,-10.3361,15.7685
8279,L,-44.3784,-10.1840,15.4339
8280,L,-42.7229,-10.0236,15.0831
8281,L,-46.5123,-5.1747,12.4728
8282,L,-43.9815,-7.1478,13.8752
8283,L,-41.4302,-9.3459,15.1237
8284,L,-40.6256,-8.5380,15.9170
8285,L,-39.7488,-7.7811,16.7914
8286,L,-38.6048,-6.9663,17.3874
8287,L,-39.4246,-3.6810,17.4619
8288,L,-39.6031,-0.6031,15.9987
8289,L,-39.2866,2.1707,13.7212
8290,L,-41.8412,3.2880,11.0420
8291,L,-40.2227,4.1779,11.1724
8292,L,-39.1415,5.4864,11.7585
8293,L,-39.7011,8.7695,11.0759
8294,L,-39.3621,11.7072,9.7091
8295,L,-38.6924,14.5191,8.2280
8296,L,-57.3605,-24.8162,25.7957
8297,L,-59.2652,-26.7189,24.7856
8298,L,-58.3105,-25.2790,24.0155
8299,L,-59.0153,-25.5857,21.8205
8300,L,-59.0225,-25.6340,19.8009
8301,L,-57.5271,-22.5798,22.3225
8302,L,-57.4815,-24.3603,20.5144
8303,L,-57.6341,-25.9709,18.9152
8304,L,-55.5302,-26.3695,18.7503
8305,L,-53.2074,-26.6464,19.2745
8306,L,-50.8522,-26.8327,20.1254
8307,L,-59.8447,-17.0194,16.7886
8308,L,-56.8100,-17.3594,17.5933
8309,L,-54.0034,-18.0955,19.1478
8310,L,-52.9632,-17.7559,15.4785
8311,L,-52.3322,-18.1624,18.2904
8312,L,-51.9800,-19.7976,20.9457
8313,L,-50.7779,-22.4369,22.0247
8314,L,-49.6866,-24.9985,21.7490
8315,L,-48.6321,-26.9750,20.8135
8316,L,-46.5479,-27.0254,21.5131
8317,L,-44.3385,-27.4574,22.1416
8318,L,-41.8314,-28.0391,22.6562
8319,L,-42.2048,-23.9048,20.6403
8320,L,-40.8699,-26.2081,22.1435
8321,L,-39.2878,-28.8823,22.6113
8322,L,-36.7196,-29.6623,22.2306
8323,L,-34.3448,-30.2588,21.3180
8324,L,-39.8286,-66.9721,29.2173
8325,L,-39.9431,-65.9245,27.1689
8326,L,-38.7823,-65.0266,28.9139
8327,L,-38.1945,-62.8852,28.6271
8328,L,-38.6119,-60.7051,28.1036
8329,L,-41.9503,-61.0467,30.8252
8330,L,-40.8660,-60.0334,28.9842
8331,L,-39.7661,-58.7154,27.1053
8332,L,-41.4071,-57.2283,25.7773
8333,L,-42.9759,-55.9681,24.7042
8334,L,-44.6557,-55.3511,23.4423
8335,L,-51.3258,-60.0526,33.1438
8336,L,-51.5831,-60.1336,30.8597
8337,L,-50.9531,-59.7130,28.7370
8338,L,-50.8324,-56.5952,28.8752
8339,L,-51.7918,-58.4318,27.6074
8340,L,-49.6265,-58.5739,26.9909
8341,L,-48.0429,-57.0974,25.4743
8342,L,-47.0926,-55.6314,24.0227
8343,L,-46.6415,-54.4081,23.0177
8344,L,-48.5128,-53.4821,22.3367
8345,L,-50.9182,-53.5924,21.2314
8346,L,-53.5824,-54.1679,20.0140
8347,L,-54.2555,-53.7253,22.3155
8348,L,-55.4442,-54.4070,20.7083
8349,L,-55.8551,-54.1530,18.8343
8350,L,-57.8781,-53.2150,17.7202
8351,L,-59.5023,-51.6171,17.0559
8352,L,-61.1719,-49.7969,17.2422
8353,L,-28.5399,-51.0057,37.2886
8354,L,-28.4774,-52.9521,36.8739
8355,L,-29.6541,-52.8637,35.1515
8356,L,-31.8059,-54.8978,34.7729
8357,L,-34.1972,-56.7435,35.9466
8358,L,-35.5859,-54.6720,34.4098
8359,L,-35.5816,-56.7204,36.2758
8360,L,-36.0439,-58.9267,37.7157
8361,L,-37.5524,-61.2392,39.9439
8362,L,-38.7261,-63.4706,42.1977
8363,L,-39.2420,-65.1817,44.6572
8364,L,-42.8767,-54.4883,36.5250
8365,L,-42.6892,-57.0351,37.7436
8366,L,-42.0209,-59.0807,39.9049
8367,L,-45.1744,-60.5277,41.9278
8368,L,-43.1617,-60.9529,42.4136
8369,L,-41.2751,-60.6166,42.5366
8370,L,-41.0993,-62.4565,44.0552
8371,L,-40.6072,-64.5962,45.3353
8372,L,-39.9897,-66.7188,46.3069
8373,L,-40.3546,-67.9486,45.1140
8374,L,-40.2991,-68.5359,42.4982
8375,L,-40.1264,-68.7230,39.7799
8376,L,-42.0771,-65.8157,39.7914
8377,L,-40.7803,-67.0892,38.4259
8378,L,-39.8944,-68.3919,37.1106
8379,L,-39.2198,-68.1584,34.3240
8380,L,-39.3993,-67.8767,31.7322
8381,L,-10.6982,-68.8397,36.3521
8382,L,-14.4536,-68.2896,35.0826
8383,L,-13.4234,-69.3165,36.7238
8384,L,-15.3507,-71.1305,35.8819
8385,L,-16.3898,-74.0696,35.4698
8386,L,-13.8115,-72.3027,39.7209
8387,L,-16.3554,-73.8916,37.5894
8388,L,-17.2268,-77.3782,35.2463
8389,L,-18.0287,-80.2260,35.8651
8390,L,-17.9887,-82.9810,37.1832
8391,L,-18.1011,-84.8377,37.9566
8392,L,-10.7187,-76.4534,45.5759
8393,L,-13.4990,-76.4970,44.9075
8394,L,-16.4255,-76.5840,44.1604
8395,L,-17.4566,-76.7957,44.8875
8396,L,-17.8369,-77.6823,44.4073
8397,L,-18.0080,-78.5234,42.9970
8398,L,-18.5457,-80.8888,41.3644
8399,L,-19.4030,-83.3994,39.3421
8400,L,-19.1655,-85.6436,37.1684
8401,L,-20.2776,-85.7575,34.9033
8402,L,-21.5005,-85.7782,31.7554
8403,L,-22.8059,-84.9302,28.7528
8404,L,-22.3033,-79.2715,32.2710
8405,L,-22.9522,-81.1984,29.1476
8406,L,-23.4598,-83.0686,26.0755
8407,L,-24.3171,-81.0442,23.5761
8408,L,-24.6840,-78.8988,21.4453
8409,L,-24.9228,-76.9818,19.3968
8410,L,-14.2071,-47.1522,56.2533
8411,L,-13.6801,-47.4297,53.9225
8412,L,-11.2857,-48.0282,54.9000
8413,L,-8.1566,-47.7458,53.9669
8414,L,-6.7736,-48.5492,52.9427
8415,L,-6.8117,-50.3917,55.9756
8416,L,-7.3388,-50.2394,53.8857
8417,L,-7.6734,-50.7291,51.7460
8418,L,-5.9693,-52.2591,49.9712
8419,L,-6.2266,-53.7142,48.2242
8420,L,-9.1174,-54.5107,46.7662
8421,L,-9.2191,-56.1966,56.4427
8422,L,-8.8902,-56.1093,54.8854
8423,L,-8.9612,-55.9399,53.1895
8424,L,-11.2044,-60.5350,52.2479
8425,L,-11.5458,-57.3003,51.6010
8426,L,-9.6054,-55.6819,51.3904
8427,L,-10.6445,-55.5594,49.3920
8428,L,-11.2555,-55.8775,47.2720
8429,L,-10.9410,-56.6194,45.1502
8430,L,-8.9025,-59.1844,43.4568
8431,L,-7.2885,-61.2488,42.3276
8432,L,-6.2414,-63.7105,41.2705
8433,L,-5.5825,-66.0347,43.7873
8434,L,-5.6748,-66.5747,41.6178
8435,L,-5.4717,-67.1535,39.1743
8436,L,-4.3010,-70.2749,37.5986
8437,L,-7.1081,-70.5074,36.4075
8438,L,-6.6619,15.8381,24.9381
8439,L,-5.4471,13.6940,25.0378
8440,L,-6.5504,12.7386,26.3580
8441,L,-6.2339,9.6317,27.7673
8442,L,-6.0928,6.3993,29.1280
8443,L,-5.1960,7.6300,30.7718
8444,L,-6.2016,5.4804,30.5515
8445,L,-6.2742,3.1600,30.2619
8446,L,-6.4655,-0.2509,31.0922
8447,L,-6.5144,-3.6530,31.7924
8448,L,-6.4822,-7.0884,32.1638
8449,L,-5.2141,1.2609,38.6218
8450,L,-4.4170,-0.2149,37.8070
8451,L,-4.3614,-2.0803,36.3760
8452,L,-4.3198,-7.0227,38.9796
8453,L,-4.1884,-5.5620,36.8461
8454,L,-3.9500,-4.0260,34.5784
8455,L,-4.3247,-6.0044,33.3840
8456,L,-5.6059,-8.2450,32.9661
8457,L,-6.4970,-10.6138,32.2745
8458,L,-6.1874,-14.0224,32.2919
8459,L,-5.6889,-17.3744,32.0507
8460,L,-5.3409,-20.4972,31.7055
8461,L,-3.8618,-19.4302,34.4633
8462,L,-3.9448,-21.4268,32.5500
8463,L,-4.8853,-23.4466,31.4031
8464,L,-4.3597,-26.2226,31.2347
8465,L,-3.9824,-28.8047,31.3191
8466,L,-4.1137,-31.3365,31.8929
8467,L,-14.0025,28.2547,-18.8715
8468,L,-14.7584,25.1093,-18.8660
8469,L,-13.4690,25.4354,-17.2094
8470,L,-12.9512,22.1299,-15.5753
8471,L,-12.2589,18.5343,-14.2741
8472,L,-9.6297,20.6367,-17.6302
8473,L,-10.6521,17.6024,-15.1985
8474,L,-11.5393,13.7598,-14.7558
8475,L,-11.3983,8.4588,-15.8418
8476,L,-12.3293,3.0975,-12.8705
8477,L,-13.2105,-0.9953,-12.3229
8478,L,-5.9361,15.5853,-17.7774
8479,L,-6.6319,12.1962,-16.2028
8480,L,-7.9311,7.6536,-14.2008
8481,L,-6.4408,0.2584,-15.1142
8482,L,-8.1066,0.8458,-14.0906
8483,L,-9.4955,2.7390,-12.5215
8484,L,-10.7917,-0.3312,-13.1120
8485,L,-12.3278,-2.3040,-14.0185
8486,L,-14.3834,-4.7226,-13.9118
8487,L,-15.6056,-8.7068,-13.2996
8488,L,-16.9621,-12.0472,-13.2656
8489,L,-18.5248,-14.9575,-13.3643
8490,L,-14.8717,-14.6810,-16.6265
8491,L,-17.4359,-16.2602,-14.8746
8492,L,-20.7378,-17.4703,-12.8319
8493,L,-23.8081,-19.7130,-12.0528
8494,L,-27.5914,-21.9395,-11.4875
8495,L,-30.8015,-24.0248,-10.9210
8496,L,-46.8910,-10.6504,-12.5101
8497,L,-48.8061,-6.0817,-12.1764
8498,L,-47.3224,-7.9478,-13.8584
8499,L,-47.5921,-4.9554,-15.2289
8500,L,-47.6019,-2.1298,-16.7108
8501,L,-43.9117,-8.0480,-17.6612
8502,L,-46.1554,-4.0908,-18.1303
8503,L,-47.5112,0.8237,-18.5432
8504,L,-46.9540,3.5078,-20.4701
8505,L,-46.0376,5.9578,-22.2742
8506,L,-44.7468,8.1199,-24.0637
8507,L,-37.0657,-3.6393,-11.2527
8508,L,-37.9476,-4.8315,-15.2831
8509,L,-39.6362,-4.7612,-19.4357
8510,L,-38.3247,-2.3095,-18.3101
8511,L,-39.7566,-3.0380,-20.9890
8512,L,-42.0914,-2.5560,-22.3567
8513,L,-43.5839,1.3818,-23.8954
8514,L,-43.7987,5.8336,-24.8703
8515,L,-43.1229,9.9830,-26.2636
8516,L,-41.1379,11.1172,-28.3635
8517,L,-39.1819,11.2545,-30.4607
8518,L,-37.0998,11.0147,-32.4006
8519,L,-37.6847,6.1416,-29.2712
8520,L,-36.6606,8.3639,-31.7262
8521,L,-34.7906,10.3914,-33.7817
8522,L,-32.3148,9.2342,-34.2987
8523,L,-30.0381,7.7376,-34.2994
8524,L,-28.5251,5.7590,-34.1032
8525,L,-61.5327,-53.1621,-1.8587
8526,L,-59.6497,-52.7146,-3.3382
8527,L,-61.3748,-50.2018,-3.6057
8528,L,-60.8158,-47.2687,-5.1506
8529,L,-60.6529,-45.3887,-7.4509
8530,L,-63.4176,-42.8408,-6.0838
8531,L,-62.1960,-43.3985,-7.9339
8532,L,-60.3997,-43.9690,-8.8514
8533,L,-59.8538,-42.1442,-10.7666
8534,L,-59.8586,-39.9733,-12.9791
8535,L,-60.3362,-37.7112,-14.9957
8536,L,-56.0049,-36.3536,-10.2495
8537,L,-58.3855,-35.8482,-11.4198
8538,L,-60.9832,-35.4652,-11.7892
8539,L,-60.6922,-29.2397,-12.8928
8540,L,-61.7393,-32.2768,-13.0161
8541,L,-62.8901,-34.9004,-12.4386
8542,L,-62.8289,-35.0248,-14.0989
8543,L,-61.9007,-34.9770,-15.6803
8544,L,-60.9368,-35.3044,-17.1649
8545,L,-60.5054,-32.1820,-18.0293
8546,L,-59.6358,-29.4490,-17.6682
8547,L,-58.4395,-27.0944,-18.3896
8548,L,-62.7459,-23.9343,-17.7197
8549,L,-60.0987,-24.2292,-18.8821
8550,L,-57.3869,-24.1947,-19.7401
8551,L,-56.4905,-21.0835,-21.2797
8552,L,-56.3780,-19.4914,-23.6353
8553,L,-55.6089,-17.5218,-24.9963
8554,L,-13.7106,-94.0791,1.7819
8555,L,-13.7621,-92.6708,-1.8151
8556,L,-14.6491,-93.7783,-3.2492
8557,L,-12.6852,-95.2719,-6.7304
8558,L,-10.5968,-97.3296,-9.5349
8559,L,-14.3281,-97.5764,-10.5221
8560,L,-12.1024,-97.9766,-11.5780
8561,L,-10.4594,-96.9853,-11.9422
8562,L,-11.8251,-95.3237,-12.3017
8563,L,-14.2905,-93.6758,-10.4790
8564,L,-17.6394,-91.7162,-8.4405
8565,L,-21.1269,-98.3778,-15.5949
8566,L,-20.6067,-97.3488,-17.2804
8567,L,-19.9587,-95.8152,-16.5883
8568,L,-26.1551,-92.3810,-15.3704
8569,L,-23.0996,-92.9942,-14.9831
8570,L,-20.0806,-94.6772,-14.2535
8571,L,-20.6700,-92.9509,-11.4657
8572,L,-20.9431,-90.6185,-10.3809
8573,L,-21.3353,-88.6387,-9.8824
8574,L,-22.7280,-86.0487,-12.6383
8575,L,-25.7108,-83.9538,-13.1197
8576,L,-29.8879,-81.8427,-11.8904
8577,L,-32.7742,-82.1210,-13.5909
8578,L,-33.0097,-80.2876,-11.8951
8579,L,-33.2391,-77.9767,-12.3512
8580,L,-35.3525,-75.5359,-15.4031
8581,L,-38.9593,-72.3290,-17.4769
8582,L,-42.3017,-68.0135,-17.9735
8583,L,-7.6760,-32.9052,9.0796
8584,L,-9.1324,-32.8637,6.9484
8585,L,-9.4740,-34.4962,7.1357
8586,L,-11.9733,-36.4209,5.5861
8587,L,-14.5624,-38.0096,4.5541
8588,L,-11.2964,-39.3455,4.4423
8589,L,-13.8166,-39.3207,3.9811
8590,L,-16.0659,-39.7032,3.7083
8591,L,-16.4562,-41.4971,2.4123
8592,L,-15.6105,-42.4805,0.5294
8593,L,-13.5687,-41.4534,-1.5218
8594,L,-11.1953,-48.3590,2.7913
8595,L,-11.9039,-47.6137,1.7328
8596,L,-12.3275,-46.6572,0.6173
8597,L,-20.4692,-50.9828,0.5438
8598,L,-16.9296,-48.6578,-0.1269
8599,L,-12.5718,-45.5178,-0.5710
8600,L,-12.4923,-44.1877,-1.6744
8601,L,-12.4149,-42.7055,-2.6009
8602,L,-12.6893,-41.4198,-3.4425
8603,L,-15.1902,-43.1344,-4.8053
8604,L,-17.9053,-45.5641,-6.1616
8605,L,-16.1472,-48.4506,-6.2325
8606,L,-15.3143,-53.2608,-3.6416
8607,L,-14.0583,-51.3967,-4.1850
8608,L,-14.0493,-49.9689,-5.5472
8609,L,-13.6171,-52.2400,-5.6737
8610,L,-14.8227,-55.3188,-5.7906
8611,L,-16.3267,-58.7899,-6.1874
8612,L,-57.4182,0.4600,12.1185
8613,L,-57.9842,2.4645,10.4752
8614,L,-58.3015,2.8986,12.7199
8615,L,-57.8180,4.6448,13.6854
8616,L,-55.6037,4.2664,14.8301
8617,L,-57.6826,5.4948,17.9713
8618,L,-55.4343,4.7148,17.1400
8619,L,-52.9001,3.4292,15.8509
8620,L,-50.0729,3.0972,16.5052
8621,L,-46.9714,3.2050,17.1982
8622,L,-44.2770,4.2506,18.0260
8623,L,-56.4873,5.9832,27.0257
8624,L,-54.1622,5.0394,25.3611
8625,L,-51.8193,3.7913,23.6580
8626,L,-47.2291,3.0110,25.8428
8627,L,-48.3240,2.9522,24.0918
8628,L,-49.2681,3.1064,22.6345
8629,L,-46.1652,2.7847,21.1246
8630,L,-43.4415,3.4871,19.9108
8631,L,-41.8475,5.7254,19.1206
8632,L,-39.9681,7.3499,20.6915
8633,L,-38.2016,9.2593,22.2775
8634,L,-36.5211,11.9566,23.0788
8635,L,-34.8169,8.2419,24.2857
8636,L,-34.7635,11.5349,23.9898
8637,L,-35.1437,14.7716,23.4069
8638,L,-34.6590,17.4344,24.1690
8639,L,-35.1948,20.1546,25.0031
8640,L,-36.6784,22.1908,25.7166
8641,L,-54.2505,-2.8856,40.7381
8642,L,-51.5120,-2.4495,39.6027
8643,L,-47.7733,-2.5184,37.9042
8644,L,-45.1648,-0.5028,40.5501
8645,L,-44.5054,-1.3852,38.4224
8646,L,-44.2451,-2.1174,36.0579
8647,L,-41.4398,-1.6854,34.6957
8648,L,-39.0239,-0.6316,33.8273
8649,L,-36.7707,1.2558,33.1153
8650,L,-38.7124,7.2990,44.9342
8651,L,-38.5684,8.0485,42.6617
8652,L,-38.2240,7.5798,40.4417
8653,L,-40.6979,12.3698,41.1756
8654,L,-39.0309,10.1188,39.2353
8655,L,-37.8397,6.8130,38.1030
8656,L,-36.7363,5.9876,36.1150
8657,L,-35.7701,4.9630,34.2774
8658,L,-34.8666,3.9319,32.3464
8659,L,-33.9705,6.8899,31.5608
8660,L,-33.8708,10.0816,31.0700
8661,L,-34.6891,13.0780,30.3345
8662,L,-38.3120,16.5716,33.1760
8663,L,-37.0993,15.9864,31.4112
8664,L,-35.7436,16.0598,29.8035
8665,L,-36.9246,19.2849,29.1602
8666,L,-38.1826,22.0676,27.7905
8667,L,-39.0793,24.0523,26.6198
8668,L,-41.5490,25.4219,27.0018
8669,L,-43.8090,27.0484,27.2913
8670,L,-45.4729,28.6504,27.6153
8671,L,-45.6972,26.8355,30.8992
8672,L,-45.4202,28.3654,29.2575
8673,L,-45.0027,30.1367,28.0459
8674,L,-43.0627,31.3729,28.4113
8675,L,-40.9116,32.6925,28.8023
8676,L,-38.8824,34.1744,28.9348
8677,L,-37.2411,25.3494,37.9933
8678,L,-36.7067,27.1137,36.0271
8679,L,-36.5861,29.0904,35.5739
8680,L,-32.5763,31.0208,39.1433
8681,L,-34.0097,30.8503,37.0276
8682,L,-35.9085,29.7993,33.8733
8683,L,-35.4790,30.4462,31.1631
8684,L,-35.9743,32.5298,29.2668
8685,L,-36.6488,35.3938,28.6569
8686,L,-34.9985,35.8869,28.8306
8687,L,-33.0837,35.1673,27.1905
8688,L,-30.7592,33.9984,25.1998
8689,L,-28.5445,32.9485,30.5203
8690,L,-28.3345,32.5574,26.7656
8691,L,-27.5882,33.6561,23.4451
8692,L,-24.7154,34.8468,22.9603
8693,L,-22.9590,37.3951,23.7537
8694,L,-22.4375,40.3713,25.5399
8695,L,-48.9406,-46.8571,43.7436
8696,L,-50.6151,-47.2262,45.1728
8697,L,-49.7110,-45.1518,44.3551
8698,L,-50.5224,-43.4235,44.9939
8699,L,-51.5508,-41.4994,45.4215
8700,L,-48.4681,-39.9472,43.3310
8701,L,-50.3008,-39.9174,44.6477
8702,L,-52.5589,-39.7247,45.5282
8703,L,-53.4923,-37.8872,44.2836
8704,L,-54.4364,-36.0224,42.5046
8705,L,-55.3406,-34.2662,40.6978
8706,L,-43.0580,-33.5932,35.3689
8707,L,-45.2708,-34.3373,36.1410
8708,L,-47.5102,-34.8092,36.9183
8709,L,-46.9190,-31.3922,33.6523
8710,L,-48.3670,-33.3751,35.4100
8711,L,-49.8258,-34.9326,37.8479
8712,L,-52.1320,-34.5030,38.6250
8713,L,-54.5057,-33.9077,39.0222
8714,L,-56.6155,-33.1153,38.9556
8715,L,-57.7962,-31.9432,37.3348
8716,L,-58.7568,-30.5722,35.9093
8717,L,-58.9076,-29.7472,34.4083
8718,L,-54.9112,-29.0153,33.8977
8719,L,-57.1237,-28.9833,33.6737
8720,L,-58.5083,-29.2635,32.4449
8721,L,-58.4054,-28.1628,30.8474
8722,L,-57.6632,-27.1967,29.6977
8723,L,-56.5586,-26.1934,28.1000
8724,L,-50.0322,-22.9858,53.0712
8725,L,-50.9966,-22.8255,51.2910
8726,L,-51.9515,-23.1585,49.4334
8727,L,-53.6168,-18.9195,51.3660
8728,L,-53.9048,-21.6676,49.9250
8729,L,-52.4064,-23.7385,47.2336
8730,L,-52.5072,-24.3530,44.5875
8731,L,-52.3657,-24.4300,42.4930
8732,L,-52.0990,-23.5586,40.5173
8733,L,-47.6733,-20.7004,40.5025
8734,L,-51.5510,-19.4585,43.0254
8735,L,-54.7137,-18.0155,44.4972
8736,L,-54.1282,-16.4446,40.7704
8737,L,-55.6417,-17.0675,43.2407
8738,L,-56.6402,-18.5280,44.7498
8739,L,-56.1634,-20.4929,43.6195
8740,L,-54.1877,-21.7640,41.1184
8741,L,-52.1520,-22.3717,38.2895
8742,L,-52.5501,-21.5693,35.8253
8743,L,-53.0316,-21.1346,33.5911
8744,L,-53.7077,-21.2774,31.7803
8745,L,-56.4467,-17.9606,34.8770
8746,L,-54.7945,-19.5518,32.2317
8747,L,-54.3156,-21.8510,30.3406
8748,L,-54.7487,-22.6722,29.2677
8749,L,-55.2886,-23.2671,28.1608
8750,L,-56.2474,-23.8854,27.0339
8751,L,-56.7875,-22.0371,26.7338
8752,L,-58.0712,-20.4013,26.4188
8753,L,-59.7855,-18.6745,25.6981
8754,L,-61.0980,-14.7240,28.0869
8755,L,-61.0634,-15.8800,26.1430
8756,L,-61.0037,-17.0192,24.8241
8757,L,-61.6043,-15.2250,23.7998
8758,L,-62.6112,-13.8498,22.0598
8759,L,-63.3789,-12.9344,20.3175
8760,L,-56.3027,-10.8343,27.6279
8761,L,-58.0950,-10.0397,26.4379
8762,L,-60.1025,-9.1211,25.3282
8763,L,-55.6707,-10.7366,21.2331
8764,L,-59.2074,-10.4146,22.9060
8765,L,-61.7414,-8.8965,23.7681
8766,L,-63.0404,-9.4219,22.0383
8767,L,-63.7675,-10.4314,20.1403
8768,L,-63.7962,-12.1076,18.1966
8769,L,-63.7390,-11.4143,16.2420
8770,L,-63.1822,-10.3326,13.9444
8771,L,-62.0813,-8.6682,12.2816
8772,L,-58.1783,-6.7829,14.6171
8773,L,-59.6924,-6.8069,13.2333
8774,L,-60.6122,-6.7333,11.6801
8775,L,-59.0565,-4.7072,11.7550
8776,L,-57.5800,-2.3781,12.1703
8777,L,-17.1786,-64.7762,61.0202
8778,L,-17.6702,-66.3642,58.9618
8779,L,-18.6209,-64.6026,60.5669
8780,L,-19.9776,-63.8006,59.8529
8781,L,-21.2991,-62.5485,59.1633
8782,L,-22.4475,-60.5124,63.1338
8783,L,-22.7190,-61.1484,60.7735
8784,L,-22.5378,-61.1382,58.4364
8785,L,-23.8060,-59.9485,57.5012
8786,L,-24.9516,-59.0223,56.6458
8787,L,-26.1278,-58.0949,55.8423
8788,L,-24.9694,-52.7655,61.5583
8789,L,-26.7543,-54.1007,63.9954
8790,L,-28.3261,-55.3328,63.9996
8791,L,-30.5047,-52.1077,63.2587
8792,L,-30.3543,-54.5048,63.0772
8793,L,-29.0980,-56.1610,62.0214
8794,L,-29.1913,-56.5247,59.6284
8795,L,-28.3607,-56.9516,57.3559
8796,L,-27.2951,-57.2816,54.7861
8797,L,-28.0498,-56.4541,53.6982
8798,L,-28.5883,-55.5180,52.3823
8799,L,-28.8012,-54.5001,50.8962
8800,L,-33.0108,-53.6889,54.7231
8801,L,-30.7036,-53.2899,52.0604
8802,L,-28.5787,-53.2151,49.3268
8803,L,-28.3460,-52.0169,47.5493
8804,L,-28.1594,-51.1589,45.3331
8805,L,-28.1501,-50.4580,42.9051
8806,L,-22.6794,-35.8004,63.8021
8807,L,-22.7155,-36.8591,59.7583
8808,L,-22.8606,-38.0561,56.1402
8809,L,-26.1433,-35.5236,58.0886
8810,L,-24.4355,-36.9962,55.1020
8811,L,-23.5918,-39.7968,53.6564
8812,L,-25.0771,-41.7008,53.0441
8813,L,-27.2663,-43.8490,54.1265
8814,L,-30.0896,-45.5418,55.5417
8815,L,-34.6598,-34.9403,59.2559
8816,L,-32.9577,-35.7275,56.4811
8817,L,-31.0276,-36.7291,53.3838
8818,L,-32.6531,-38.3375,52.8597
8819,L,-30.9179,-38.6847,51.9096
8820,L,-29.4156,-39.2041,51.2127
8821,L,-29.6704,-42.2607,51.9716
8822,L,-31.2546,-44.6295,54.2429
8823,L,-33.4690,-46.3327,56.5338
8824,L,-36.3309,-47.0900,56.9365
8825,L,-38.1311,-48.7221,55.4210
8826,L,-36.6606,-49.8502,52.3657
8827,L,-37.3302,-47.1143,51.0046
8828,L,-35.7905,-48.7765,50.2998
8829,L,-33.7898,-49.7327,49.6505
8830,L,-31.2793,-49.3628,46.7650
8831,L,-29.6621,-49.2387,43.4653
8832,L,-28.6932,-49.8543,39.8920
8833,L,-29.3539,-49.3371,37.7272
8834,L,-30.2286,-48.8717,35.9576
8835,L,-31.6313,-48.4652,34.4724
8836,L,-32.0503,-45.7745,38.6135
8837,L,-32.1429,-46.6113,35.6368
8838,L,-33.4593,-48.2477,33.5935
8839,L,-35.2979,-48.0678,33.4243
8840,L,-37.1226,-48.1389,33.7484
8841,L,-38.7685,-48.3368,34.6652
8842,L,-31.7674,-40.9850,41.3066
8843,L,-33.4953,-41.9904,40.5318
8844,L,-35.7000,-42.9883,39.0711
8845,L,-35.4682,-40.5266,37.8868
8846,L,-36.6477,-42.3081,38.3097
8847,L,-36.9047,-43.6408,37.1204
8848,L,-38.1543,-44.5874,35.5131
8849,L,-39.5091,-46.2847,34.9413
8850,L,-40.2994,-48.3925,35.7902
8851,L,-41.9543,-48.4522,36.8037
8852,L,-43.4784,-48.5057,37.8437
8853,L,-44.7244,-48.3790,39.1410
8854,L,-43.2849,-44.0632,39.9225
8855,L,-44.5393,-45.9884,40.2024
8856,L,-45.5423,-48.0919,40.6506
8857,L,-46.6395,-47.6696,41.8608
8858,L,-47.8164,-47.2409,42.7872
8859,L,-10.2613,-9.1235,49.3078
8860,L,-11.7496,-11.5428,48.1105
8861,L,-10.3854,-12.0197,49.5147
8862,L,-10.2343,-14.7642,49.1889
8863,L,-10.1135,-17.4620,48.1746
8864,L,-6.6193,-15.8755,50.4090
8865,L,-8.2354,-17.9908,48.8527
8866,L,-10.3541,-19.8038,47.5744
8867,L,-11.2265,-21.9914,48.1143
8868,L,-11.7998,-24.2551,48.6179
8869,L,-11.7778,-26.5613,48.5857
8870,L,-5.7595,-16.1708,57.7117
8871,L,-5.2657,-18.7793,56.3922
8872,L,-6.8782,-20.8565,55.0215
8873,L,-9.3815,-22.3707,58.0058
8874,L,-8.9719,-22.8631,55.5318
8875,L,-8.2101,-22.9051,53.3437
8876,L,-8.3158,-25.2757,51.5604
8877,L,-9.5307,-27.0525,49.7996
8878,L,-11.4794,-28.7649,48.5561
8879,L,-11.4750,-30.7282,48.9225
8880,L,-12.0712,-32.4985,50.0739
8881,L,-13.1132,-34.3907,51.4772
8882,L,-7.2228,-33.8059,52.7214
8883,L,-10.8231,-34.7179,52.9711
8884,L,-14.1512,-36.6852,52.4437
8885,L,-15.3392,-38.8011,53.7077
8886,L,-16.4887,-40.5963,55.2328
8887,L,-16.8571,-42.6513,56.6810
8888,L,-9.8904,-14.6523,70.2194
8889,L,-8.3444,-15.9997,71.5828
8890,L,-6.8464,-18.0853,71.8567
8891,L,-8.7387,-21.4426,73.7851
8892,L,-7.1946,-20.9729,72.7975
8893,L,-6.3412,-20.7774,71.1253
8894,L,-6.0196,-23.8450,69.6521
8895,L,-5.1861,-26.4595,67.2136
8896,L,-4.5767,-29.0246,64.5229
8897,L,-7.8229,-32.4971,67.7426
8898,L,-6.5879,-32.4217,69.4023
8899,L,-5.0850,-32.3396,69.7270
8900,L,-4.0737,-39.0188,68.4501
8901,L,-3.7973,-35.4128,68.3011
8902,L,-3.8460,-32.1697,68.7637
8903,L,-3.4507,-32.0130,66.7182
8904,L,-3.8714,-31.9988,64.3605
8905,L,-4.8387,-32.0639,62.2808
8906,L,-5.3995,-35.0654,60.6310
8907,L,-4.9891,-37.5859,59.0167
8908,L,-6.4890,-39.2883,58.1762
8909,L,-7.6349,-41.2461,62.3473
8910,L,-8.6992,-40.3825,60.4619
8911,L,-10.1039,-39.4938,58.7457
8912,L,-14.0209,-39.8055,59.1128
8913,L,-16.3539,-42.0149,58.9122
8914,L,-15.7975,-45.1868,57.8462
8915,L,-14.1926,-46.9913,58.6935
8916,L,-12.3368,-48.4166,59.4509
8917,L,-10.1736,-49.4098,60.5237
8918,L,-12.5205,-48.9418,64.2249
8919,L,-9.9506,-49.8983,63.1305
8920,L,-7.5405,-50.1116,61.8757
8921,L,-6.6978,-51.5632,62.7799
8922,L,-7.4568,-53.3133,62.8331
8923,L,-8.6077,-54.6437,62.0958
8924,L,-14.8577,-47.0538,72.2217
8925,L,-13.5634,-49.2556,71.3695
8926,L,-12.1648,-51.0926,70.0401
8927,L,-15.0288,-51.1455,68.7552
8928,L,-12.9797,-52.2815,68.8400
8929,L,-10.9841,-52.7717,68.0512
8930,L,-10.2763,-53.9543,65.6598
8931,L,-10.0668,-54.6007,63.1364
8932,L,-10.1836,-55.2113,60.8619
8933,L,-11.6756,-55.6545,59.7240
8934,L,-13.3999,-56.3570,58.6977
8935,L,-14.6067,-58.0959,59.0520
8936,L,-16.1985,-55.8478,59.2017
8937,L,-15.8843,-57.8866,59.3990
8938,L,-14.9591,-59.8877,60.0529
8939,L,-15.4077,-61.7663,61.3771
8940,L,-16.2305,-63.2663,61.9663
8941,L,-23.6758,42.0980,28.9920
8942,L,-24.8814,43.5301,32.0769
8943,L,-23.0891,44.3656,32.6006
8944,L,-22.0222,39.4823,32.2914
8945,L,-21.3238,42.0124,32.2271
8946,L,-20.6746,44.6494,32.7054
8947,L,-18.9260,44.4390,33.8909
8948,L,-17.4197,44.3938,35.5800
8949,L,-15.8985,44.2832,37.5872
8950,L,-21.7919,27.5417,33.0050
8951,L,-20.0421,30.0072,33.9289
8952,L,-18.8077,32.7974,35.3189
8953,L,-19.6518,28.8546,39.2548
8954,L,-18.6719,32.2067,37.9885
8955,L,-17.7862,35.6258,36.8903
8956,L,-16.9484,38.5255,37.9305
8957,L,-15.9570,41.1122,38.9154
8958,L,-14.8458,43.7151,40.0339
8959,L,-14.3129,43.0537,42.0651
8960,L,-13.3854,42.1064,43.2961
8961,L,-11.8959,41.1329,44.4354
8962,L,-16.6267,37.4850,47.4612
8963,L,-13.5203,38.6463,46.3324
8964,L,-10.5551,40.2150,46.6990
8965,L,-9.6776,39.0596,48.9361
8966,L,-8.7377,37.3590,50.6388
8967,L,-7.6830,35.2998,51.7685
8968,L,-28.2645,9.6393,51.2441
8969,L,-27.3147,10.2151,48.6331
8970,L,-25.6148,11.4903,47.4144
8971,L,-22.6682,9.6920,48.7774
8972,L,-23.8824,12.0481,49.3265
8973,L,-24.3155,13.7094,48.0005
8974,L,-23.6723,16.3854,49.2974
8975,L,-23.2309,19.0818,51.3050
8976,L,-23.1794,21.8908,53.7277
8977,L,-19.8021,5.3258,58.1157
8978,L,-19.2451,8.4928,56.9757
8979,L,-19.3455,11.8055,55.5444
8980,L,-20.1217,11.8687,59.8205
8981,L,-19.9852,13.3621,57.4843
8982,L,-20.5244,15.2406,55.5388
8983,L,-21.4580,17.9552,55.9625
8984,L,-22.1791,21.3835,55.6889
8985,L,-22.0174,25.2468,55.1689
8986,L,-19.7170,26.2673,53.7446
8987,L,-17.2268,26.3923,50.9989
8988,L,-13.8668,27.7584,49.6939
8989,L,-12.9658,23.2180,54.7662
8990,L,-11.6469,26.1714,52.6214
8991,L,-11.0673,29.7213,51.1440
8992,L,-9.4534,31.3228,53.0658
8993,L,-7.7899,32.3304,53.6341
8994,L,-6.8785,31.9851,52.0226
8995,L,-6.8490,28.7482,52.2194
8996,L,-6.6803,25.8321,52.5285
8997,L,-6.9866,23.0815,52.7155
8998,L,-6.3553,21.3492,58.4251
8999,L,-6.7397,20.8666,55.7012
9000,L,-7.6682,20.2367,52.8177
9001,L,-8.6073,17.4406,53.0362
9002,L,-9.0793,14.5304,53.2038
9003,L,-9.0738,11.7858,52.9306
9004,L,-8.5233,9.8197,65.4447
9005,L,-7.1968,10.4317,65.1673
9006,L,-6.6202,10.6228,63.6616
9007,L,-6.4854,3.7348,64.9592
9008,L,-6.7313,7.6974,63.5462
9009,L,-6.9387,10.4220,61.0914
9010,L,-7.3937,9.9542,58.1803
9011,L,-7.8674,9.4405,55.4166
9012,L,-8.3576,9.1084,52.6026
9013,L,-8.6453,6.6968,52.5147
9014,L,-8.8193,4.4351,52.0021
9015,L,-9.1159,1.8604,51.5020
9016,L,-7.2825,-0.9324,54.3185
9017,L,-8.3271,-0.9840,52.6271
9018,L,-9.4996,-0.9580,51.0529
9019,L,-9.0735,-3.4042,50.2135
9020,L,-9.1494,-6.2582,49.4371
9021,L,-10.5201,-6.1394,48.1714
9022,L,-3.4183,14.0017,-4.0659
9023,L,-2.9313,10.5469,-2.7352
9024,L,-2.5103,14.7529,-3.1825
9025,L,-1.4010,15.7860,-1.9788
9026,L,-0.8626,17.0285,-0.4636
9027,L,-1.9022,23.1845,-2.9225
9028,L,-0.7362,20.6992,-0.8657
9029,L,-0.9073,18.2938,1.1158
9030,L,-1.1031,19.4920,2.9499
9031,L,-1.2734,20.4510,4.7813
9032,L,-1.2224,21.2976,6.8134
9033,L,-6.4952,35.5033,-4.4520
9034,L,-5.9678,33.0774,-1.8888
9035,L,-3.0145,31.7765,-0.2136
9036,L,-5.3115,34.3928,2.4934
9037,L,-2.5074,32.5639,2.1625
9038,L,-0.6150,30.4813,1.6399
9039,L,-0.2379,27.9174,4.2373
9040,L,-0.5239,24.7965,6.7288
9041,L,-0.9414,21.7846,9.0210
9042,L,-0.6225,22.1112,11.0824
9043,L,-0.4506,22.2714,13.1855
9044,L,-0.7504,22.3412,15.3833
9045,L,-3.4767,27.8957,13.4070
9046,L,-2.5122,24.9838,15.3567
9047,L,-1.6988,22.1424,17.2128
9048,L,-3.4658,21.5425,18.8814
9049,L,-4.8660,20.5816,20.2358
9050,L,-6.2065,19.6338,21.6857
9051,L,-11.5017,51.1177,5.8035
9052,L,-10.0505,49.0960,5.9445
9053,L,-10.7187,46.9383,6.7792
9054,L,-9.5455,49.6393,11.3824
9055,L,-11.7071,47.5879,9.5887
9056,L,-12.9001,44.7378,7.5962
9057,L,-13.7526,41.9640,8.4657
9058,L,-12.8594,39.7068,10.1889
9059,L,-10.8987,38.3929,12.4549
9060,L,-8.8849,45.2011,23.7570
9061,L,-10.3780,44.1035,22.0606
9062,L,-12.4687,42.5582,20.1058
9063,L,-11.4051,38.2371,24.2947
9064,L,-13.0408,39.5037,21.3645
9065,L,-14.2691,40.5155,18.2353
9066,L,-14.4746,38.2741,16.3582
9067,L,-12.0306,36.8592,15.0308
9068,L,-8.3254,37.1591,14.8924
9069,L,-6.6346,35.5940,17.1354
9070,L,-5.7598,33.4670,18.6837
9071,L,-5.3734,30.5275,19.4280
9072,L,-8.9565,29.4293,22.7344
9073,L,-6.3215,29.2989,22.2308
9074,L,-5.6928,27.4379,20.0527
9075,L,-6.1120,24.4816,21.1460
9076,L,-6.7403,21.5243,22.5644
9077,L,-6.8566,18.6444,23.8754
9078,L,-5.7776,17.8320,25.8426
9079,L,-4.8067,17.1024,28.1968
9080,L,-5.2221,15.8240,30.7008
9081,L,-8.4097,18.6091,30.2111
9082,L,-7.4881,16.3745,31.3083
9083,L,-6.1778,13.9712,32.5749
9084,L,-7.3743,11.8804,33.9961
9085,L,-8.3786,9.9765,35.1656
9086,L,-9.4183,8.1993,36.2607
9087,L,-12.1853,20.7824,35.8828
9088,L,-12.7959,17.9360,36.2021
9089,L,-12.7317,15.1871,36.2109
9090,L,-12.1007,14.3658,40.0475
9091,L,-12.3600,13.5531,38.2626
9092,L,-11.7394,13.0604,36.5855
9093,L,-10.6063,11.1359,36.9528
9094,L,-10.6188,8.8075,37.2723
9095,L,-10.5303,6.0638,37.4316
9096,L,-11.0265,4.1906,38.7328
9097,L,-11.4446,2.3463,40.3381
9098,L,-11.5224,0.6319,42.0258
9099,L,-10.8500,4.0457,44.1976
9100,L,-11.0515,1.5684,44.0642
9101,L,-11.5397,-0.8934,43.7997
9102,L,-11.5444,-2.5328,45.3770
9103,L,-11.1626,-4.2562,46.9220
9104,L,-27.8697,26.0479,-7.9265
9105,L,-27.0222,24.3474,-8.9916
9106,L,-30.0934,25.9935,-10.1956
9107,L,-32.7110,25.0844,-12.2347
9108,L,-34.3244,23.8818,-14.1748
9109,L,-40.1265,24.5425,-13.7658
9110,L,-37.6706,23.7656,-14.9748
9111,L,-35.2133,22.8385,-16.1184
9112,L,-35.4839,22.4275,-18.1645
9113,L,-34.4341,23.2098,-19.5109
9114,L,-32.2061,24.5778,-19.3553
9115,L,-41.5002,32.1096,-13.7136
9116,L,-39.5946,30.1741,-12.6808
9117,L,-37.0375,28.9673,-13.5602
9118,L,-32.6641,33.3533,-8.9619
9119,L,-33.4973,30.9724,-11.9170
9120,L,-34.6196,29.3786,-15.3090
9121,L,-32.4901,29.9126,-16.5849
9122,L,-30.7424,28.1877,-17.4008
9123,L,-29.0226,26.0053,-18.4357
9124,L,-26.1399,26.0318,-15.8606
9125,L,-23.0272,25.7173,-14.1001
9126,L,-20.2839,26.2076,-14.9011
9127,L,-19.9739,31.2940,-13.3193
9128,L,-19.3925,29.1343,-15.3318
9129,L,-19.1757,27.0555,-17.8452
9130,L,-18.0709,27.8208,-21.3951
9131,L,-15.0879,28.2758,-23.7560
9132,L,-13.7731,29.1248,-23.6177
9133,L,-37.2753,54.2917,-6.1448
9134,L,-35.1043,53.7127,-8.5291
9135,L,-33.1713,54.3563,-10.5376
9136,L,-28.7102,57.1034,-8.6026
9137,L,-30.4557,56.8348,-10.8294
9138,L,-30.7276,52.9284,-11.9122
9139,L,-28.2127,50.3538,-11.1940
9140,L,-25.2402,48.3199,-10.1041
9141,L,-22.3782,46.1954,-10.9667
9142,L,-13.7819,55.8532,-11.0268
9143,L,-15.8565,58.2748,-13.6588
9144,L,-17.3821,58.5871,-15.0786
9145,L,-11.3824,57.8936,-18.2542
9146,L,-14.8976,56.6807,-16.1539
9147,L,-18.1910,55.0670,-14.8160
9148,L,-19.1846,51.4882,-13.9498
9149,L,-20.2621,47.9658,-13.7361
9150,L,-21.4314,44.3982,-14.2146
9151,L,-19.2080,42.0520,-15.6411
9152,L,-17.1255,39.8872,-17.9112
9153,L,-15.5891,38.3597,-21.4873
9154,L,-11.9751,42.8437,-24.2329
9155,L,-12.9469,39.4048,-24.3088
9156,L,-14.1669,36.6598,-24.1400
9157,L,-13.3695,34.4828,-24.3449
9158,L,-13.5045,32.5459,-22.8675
9159,L,-14.0589,30.6981,-20.5043
9160,L,-12.4782,31.1771,-18.9092
9161,L,-10.1372,30.7508,-19.6743
9162,L,-8.0182,29.7463,-21.9058
9163,L,-6.1239,35.2485,-24.3259
9164,L,-5.9350,31.8080,-25.0596
9165,L,-5.8582,28.1350,-24.9776
9166,L,-4.4909,26.4536,-26.4927
9167,L,-3.7881,25.1944,-25.8252
9168,L,-3.6332,24.4677,-24.3470
9169,L,-4.3147,43.6050,-21.2421
9170,L,-3.8307,40.5619,-22.4349
9171,L,-3.5066,37.4106,-23.5058
9172,L,-7.4350,36.5416,-16.5602
9173,L,-5.4579,35.7036,-20.0297
9174,L,-3.2730,34.2149,-24.3073
9175,L,-3.4613,30.7802,-23.9120
9176,L,-3.8999,27.2665,-22.8722
9177,L,-4.8507,24.0699,-21.3255
9178,L,-6.4100,23.0930,-18.0210
9179,L,-6.8207,21.7312,-14.9767
9180,L,-6.9381,20.1788,-12.0492
9181,L,-6.6043,24.5963,-11.8925
9182,L,-6.6370,21.6745,-10.9212
9183,L,-6.2408,18.6221,-9.5015
9184,L,-5.4393,17.1735,-7.4137
9185,L,-4.4256,15.6872,-5.5720
9186,L,-58.1013,3.3302,8.6662
9187,L,-57.5289,3.9682,6.8365
9188,L,-56.6732,4.5608,5.0886
9189,L,-52.6152,4.0183,8.6257
9190,L,-54.5106,4.9242,5.7958
9191,L,-55.3514,5.3720,3.4573
9192,L,-53.9599,6.4103,2.0028
9193,L,-52.2902,7.2937,0.6600
9194,L,-50.6184,8.1738,0.0072
9195,L,-45.7651,10.0056,16.4781
9196,L,-47.2814,10.4057,14.4456
9197,L,-48.4177,10.8436,11.5873
9198,L,-50.9624,13.9006,15.3450
9199,L,-50.0757,12.3106,11.8580
9200,L,-49.0902,10.8942,8.3664
9201,L,-50.0922,10.5673,4.7457
9202,L,-50.4603,10.3679,1.2842
9203,L,-49.2108,9.4968,0.2301
9204,L,-47.9440,10.7582,0.8745
9205,L,-46.5567,11.5744,1.9730
9206,L,-44.8491,12.3998,3.0319
9207,L,-48.7681,14.3612,5.4646
9208,L,-45.8156,14.0237,4.0430
9209,L,-42.9569,13.3327,3.9955
9210,L,-41.6377,14.3728,5.3459
9211,L,-40.6785,15.5505,6.7705
9212,L,-39.8423,16.8865,8.1661
9213,L,-38.4128,25.9096,21.6583
9214,L,-39.1168,24.5472,19.8615
9215,L,-41.3808,23.5565,18.9620
9216,L,-40.6649,27.6142,18.4105
9217,L,-42.2245,25.2503,17.9591
9218,L,-44.1375,23.4256,18.6170
9219,L,-47.1790,23.7126,18.3439
9220,L,-50.0355,23.8028,17.0908
9221,L,-52.4216,23.6340,15.5538
9222,L,-36.7671,33.3377,9.6317
9223,L,-39.4191,31.7393,10.3655
9224,L,-42.9959,29.9831,10.8128
9225,L,-46.9304,32.6007,8.4354
9226,L,-46.3173,30.8506,9.7071
9227,L,-46.4128,27.8872,10.4586
9228,L,-49.6695,26.3657,11.2196
9229,L,-52.1582,25.1340,12.7367
9230,L,-53.6820,23.2444,13.6482
9231,L,-53.5989,22.5307,11.2758
9232,L,-51.8208,21.8713,9.7109
9233,L,-49.0205,21.3854,8.8757
9234,L,-49.2926,24.1679,6.3583
9235,L,-47.8773,22.6112,7.4554
9236,L,-46.2286,20.7101,8.6289
9237,L,-43.7324,19.8949,8.5127
9238,L,-41.3348,19.1247,9.0646
9239,L,-38.8328,18.5542,9.7315
9240,L,-37.7974,20.1348,10.6988
9241,L,-36.4231,21.7217,10.9490
9242,L,-34.9157,23.1762,10.7813
9243,L,-38.1991,26.2482,7.2094
9244,L,-35.6479,25.5420,8.7343
9245,L,-33.4123,24.6365,10.3787
9246,L,-31.9958,25.9758,9.6514
9247,L,-30.8332,27.3820,8.4835
9248,L,-29.7773,28.6287,7.0458
9249,L,-45.4279,31.2150,-2.2444
9250,L,-42.5124,31.0808,-1.2347
9251,L,-39.7456,31.2386,-0.0837
9252,L,-42.3550,33.4364,-5.0816
9253,L,-39.5902,32.7572,-1.9832
9254,L,-36.9408,31.5904,1.3182
9255,L,-34.0247,31.6044,2.9395
9256,L,-31.2388,31.0925,4.3686
9257,L,-28.8004,29.6070,5.3369
9258,L,-28.2646,29.9015,3.3555
9259,L,-27.9852,29.6347,1.3127
9260,L,-27.7705,29.0254,-0.6856
9261,L,-32.8653,30.2563,-3.3374
9262,L,-29.9565,29.7804,-3.0226
9263,L,-27.6348,28.2798,-2.6006
9264,L,-27.6817,27.5366,-4.3190
9265,L,-27.7685,26.7913,-6.1181
9266,L,-26.6846,24.0983,-4.8116
9267,L,-57.0090,-21.7683,-3.5562
9268,L,-54.6054,-20.2916,-4.6145
9269,L,-58.0611,-19.8980,-3.3060
9270,L,-58.9363,-17.9741,-2.8787
9271,L,-60.1546,-15.8167,-3.1308
9272,L,-63.2454,-16.5803,-0.5058
9273,L,-62.4191,-15.1499,-1.6864
9274,L,-61.0733,-13.5609,-3.4341
9275,L,-61.2419,-11.8684,-3.0298
9276,L,-60.9284,-10.6757,-1.9403
9277,L,-60.2762,-9.1889,-0.7606
9278,L,-53.8991,-19.7414,0.7403
9279,L,-55.7506,-17.8589,1.3610
9280,L,-57.1193,-16.2483,2.1342
9281,L,-53.1696,-17.8783,4.6758
9282,L,-55.6197,-16.1287,3.4263
9283,L,-58.3147,-14.6148,2.3989
9284,L,-59.1874,-12.4922,2.2851
9285,L,-59.5717,-9.7686,1.1562
9286,L,-59.4010,-7.3003,-0.5979
9287,L,-58.3632,-5.6842,-1.1817
9288,L,-56.9816,-4.7227,-2.0806
9289,L,-55.1829,-4.7372,-3.0850
9290,L,-51.0454,-11.7718,-0.9926
9291,L,-51.6741,-8.9386,-2.4323
9292,L,-52.8131,-5.7528,-4.0930
9293,L,-51.1923,-7.5564,-5.6643
9294,L,-49.7547,-9.7902,-7.4787
9295,L,-48.1382,-11.7005,-9.3320
9296,L,-31.3565,-30.0008,15.1015
9297,L,-31.9575,-29.6376,12.5442
9298,L,-32.9462,-29.1709,10.2447
9299,L,-31.3883,-25.3632,12.4109
9300,L,-31.4370,-27.5439,9.6657
9301,L,-34.0515,-28.6442,8.0444
9302,L,-35.2332,-28.2140,5.9671
9303,L,-36.6736,-27.7431,3.9371
9304,L,-38.3105,-27.1987,1.8247
9305,L,-33.5221,-12.7773,14.6976
9306,L,-35.3571,-16.0040,12.8663
9307,L,-35.4884,-18.7666,10.3945
9308,L,-37.3880,-15.1907,9.6859
9309,L,-35.9362,-17.8678,8.9110
9310,L,-33.1630,-20.8693,6.9266
9311,L,-33.2685,-24.0827,3.0056
9312,L,-35.9382,-26.1719,0.7015
9313,L,-39.9009,-26.4800,-0.3233
9314,L,-41.2527,-25.3549,-2.2741
9315,L,-42.4437,-23.9566,-4.0697
9316,L,-43.4784,-22.2558,-5.6775
9317,L,-37.1108,-21.8363,-5.0688
9318,L,-40.4861,-21.9128,-6.8169
9319,L,-44.3063,-20.2864,-7.2153
9320,L,-44.9022,-18.1643,-8.6973
9321,L,-45.5339,-15.8418,-10.1013
9322,L,-46.0740,-13.4671,-11.5017
9323,L,-44.0297,-14.2240,-12.8566
9324,L,-41.4392,-14.1915,-13.2412
9325,L,-38.9483,-13.3497,-12.6104
9326,L,-35.9484,-13.3758,-7.4500
9327,L,-36.3884,-12.6035,-9.4361
9328,L,-37.1184,-11.6624,-11.3416
9329,L,-36.0668,-9.4118,-9.2458
9330,L,-35.7243,-6.6241,-7.0424
9331,L,-36.1874,-3.3735,-4.9715
9332,L,-36.4986,-1.8956,5.6692
9333,L,-37.1110,-1.5136,4.2787
9334,L,-37.5906,-1.1511,2.7528
9335,L,-32.9226,7.4028,4.8359
9336,L,-34.9224,2.5534,2.9269
9337,L,-38.0197,-0.8794,1.2100
9338,L,-38.1161,-0.4730,-0.3221
9339,L,-37.7744,0.0224,-1.7191
9340,L,-37.3947,0.5732,-3.1742
9341,L,-37.2721,4.0388,-2.4643
9342,L,-34.9008,8.4421,-2.3169
9343,L,-34.2321,13.5521,-2.1317
9344,L,-32.2090,17.4486,0.9282
9345,L,-33.2046,17.5512,-0.4617
9346,L,-33.7946,17.4516,-1.8993
9347,L,-31.4546,20.0910,-2.4902
9348,L,-28.5978,21.9066,-3.1458
9349,L,-51.9638,-47.8928,45.3754
9350,L,-52.6721,-47.9154,43.5329
9351,L,-53.2212,-47.6698,41.0331
9352,L,-54.7675,-44.7141,43.5478
9353,L,-54.5128,-46.6977,41.2110
9354,L,-54.0104,-47.9888,38.8676
9355,L,-54.7243,-48.3676,36.7287
9356,L,-55.5053,-48.8881,34.7583
9357,L,-56.4809,-49.7491,32.8356
9358,L,-57.9529,-37.0126,39.9559
9359,L,-56.9055,-39.6619,39.2624
9360,L,-57.2445,-42.4544,38.0888
9361,L,-57.9271,-41.5330,35.8681
9362,L,-58.1225,-43.0237,36.3896
9363,L,-57.4571,-44.7857,36.6980
9364,L,-57.7477,-46.8274,34.8768
9365,L,-57.8288,-48.8361,32.9716
9366,L,-57.6836,-50.5502,31.2289
9367,L,-58.6230,-51.0101,29.5297
9368,L,-59.3783,-51.1580,27.3775
9369,L,-59.8965,-51.2312,25.1472
9370,L,-58.9566,-48.5767,27.4070
9371,L,-60.1655,-50.0643,25.2526
9372,L,-60.4578,-51.1500,22.8248
9373,L,-60.8491,-50.6025,20.7851
9374,L,-61.1959,-49.4968,19.1438
9375,L,-61.5938,-48.1889,17.7024
9376,L,-61.6192,-28.2764,24.0792
9377,L,-62.8249,-29.8746,23.4778
9378,L,-62.3697,-31.7665,23.5649
9379,L,-59.6084,-30.2574,20.4348
9380,L,-60.0895,-31.7501,22.4014
9381,L,-59.4325,-33.2176,24.9217
9382,L,-55.8423,-34.6791,26.7668
9383,L,-52.9328,-36.6821,28.0042
9384,L,-50.9396,-39.0208,28.7854
9385,L,-47.9360,-32.4325,18.1623
9386,L,-48.1320,-32.9987,21.3117
9387,L,-48.1050,-33.3930,23.8206
9388,L,-43.3019,-36.9394,23.6404
9389,L,-45.4875,-35.9604,25.0644
9390,L,-48.1626,-35.1635,25.7106
9391,L,-48.3599,-37.6997,26.7193
9392,L,-48.9332,-39.9097,27.7207
9393,L,-49.9252,-41.7815,28.6696
9394,L,-49.9113,-44.4977,27.5416
9395,L,-51.1311,-46.4211,25.3400
9396,L,-53.1142,-47.0806,22.6445
9397,L,-51.2306,-44.5808,20.0946
9398,L,-53.4270,-45.7168,20.3101
9399,L,-55.6960,-46.9143,20.1115
9400,L,-58.0942,-46.5863,18.3509
9401,L,-60.5165,-46.2772,17.2544
9402,L,-62.4757,-46.0236,16.1745
9403,L,-63.0912,-44.1250,14.8426
9404,L,-63.5135,-42.1454,13.0532
9405,L,-64.1363,-40.3446,11.2571
9406,L,-61.9815,-38.2771,12.8443
9407,L,-63.5925,-38.2632,11.4903
9408,L,-64.4297,-38.4976,9.5640
9409,L,-64.8432,-36.7377,8.1811
9410,L,-64.8146,-35.3135,7.1038
9411,L,-64.5429,-33.7183,5.8642
9412,L,-51.5440,-35.9001,9.1773
9413,L,-55.1349,-34.3853,8.5886
9414,L,-58.8991,-32.8669,8.4049
9415,L,-55.8746,-30.6652,6.3196
9416,L,-59.3014,-30.9919,7.4719
9417,L,-62.4107,-31.6809,8.4581
9418,L,-64.9049,-31.1957,7.9174
9419,L,-65.5269,-31.5820,6.3309
9420,L,-64.4466,-32.1793,4.4939
9421,L,-64.1745,-30.9237,2.7747
9422,L,-63.7629,-29.5502,1.0531
9423,L,-62.9483,-27.9782,-0.1161
9424,L,-65.6367,-24.9292,2.5234
9425,L,-64.7048,-25.5655,0.2461
9426,L,-61.6935,-26.2489,-1.1390
9427,L,-59.9234,-24.8633,-2.3682
9428,L,-58.3535,-23.3860,-3.0560
9429,L,-54.5869,-24.2363,-3.6955
9430,L,-36.8063,-85.0423,0.0450
9431,L,-38.9719,-86.0417,-0.9858
9432,L,-39.4578,-85.5153,1.1569
9433,L,-42.0451,-84.8521,1.8092
9434,L,-43.7061,-82.8101,2.0605
9435,L,-45.2900,-81.7862,5.4407
9436,L,-45.3667,-81.3655,3.6520
9437,L,-43.9123,-80.1646,2.1262
9438,L,-42.3781,-77.2747,2.6353
9439,L,-40.7459,-74.6615,2.8943
9440,L,-39.5575,-71.3337,2.5290
9441,L,-46.8169,-74.4604,12.4479
9442,L,-47.5028,-73.7686,10.3059
9443,L,-47.7295,-72.6210,8.2335
9444,L,-44.5536,-70.4743,8.9089
9445,L,-45.8279,-71.0378,7.4466
9446,L,-45.6656,-72.3258,6.1657
9447,L,-42.7687,-71.6472,5.2397
9448,L,-40.0843,-70.2290,4.0564
9449,L,-39.7219,-67.4584,1.4702
9450,L,-41.8301,-64.1863,0.7634
9451,L,-44.8301,-62.3833,0.1510
9452,L,-48.0199,-60.8329,-0.2265
9453,L,-45.8947,-60.8731,3.2837
9454,L,-48.3159,-60.1279,1.3538
9455,L,-51.2847,-60.3259,-0.3098
9456,L,-54.1615,-60.1632,-0.0216
9457,L,-56.7458,-59.9726,0.3274
9458,L,-58.9337,-58.6235,0.3687
9459,L,-40.1512,-64.7891,24.8610
9460,L,-40.2934,-64.0544,22.3013
9461,L,-40.1099,-63.8753,19.7242
9462,L,-37.8977,-60.5397,20.9265
9463,L,-39.1612,-62.0719,18.7651
9464,L,-40.3867,-63.4479,17.0506
9465,L,-41.6000,-62.9699,14.5070
9466,L,-43.3443,-62.7265,12.6054
9467,L,-45.3994,-63.0222,11.5962
9468,L,-40.7221,-52.6705,18.2245
9469,L,-39.3972,-53.8222,15.8006
9470,L,-39.9485,-55.7057,13.6645
9471,L,-42.5274,-53.5597,10.4125
9472,L,-42.2862,-55.7907,11.5498
9473,L,-42.1334,-57.5811,12.7087
9474,L,-44.7037,-59.3242,12.1913
9475,L,-46.8662,-61.5567,11.7491
9476,L,-47.5314,-63.7661,10.9040
9477,L,-50.0823,-64.3237,10.1037
9478,L,-52.4022,-64.1168,9.2352
9479,L,-54.4981,-62.6840,7.7104
9480,L,-54.2614,-59.1466,7.5510
9481,L,-56.2563,-60.8207,7.5160
9482,L,-56.5697,-61.3785,5.9633
9483,L,-58.5384,-60.2006,4.7539
9484,L,-59.9485,-58.3328,2.9014
9485,L,-61.2231,-55.6682,0.1201
9486,L,-62.3479,-52.7702,-0.0906
9487,L,-62.9044,-49.7114,-0.5136
9488,L,-62.5906,-47.2399,-1.1053
9489,L,-58.7330,-48.8197,0.5313
9490,L,-60.2120,-47.4060,-0.6523
9491,L,-61.1088,-45.4262,-2.1551
9492,L,-58.7872,-43.5926,-3.3204
9493,L,-56.0650,-42.0716,-4.7161
9494,L,-53.4953,-40.8101,-5.5873
9495,L,-49.5349,-45.2950,2.6060
9496,L,-50.1731,-44.5037,1.0328
9497,L,-50.6042,-43.8651,-0.2511
9498,L,-49.4911,-40.0174,2.1434
9499,L,-49.2311,-41.6740,0.2116
9500,L,-51.0017,-42.8630,-1.5063
9501,L,-51.0385,-41.5561,-2.7987
9502,L,-50.8116,-40.4441,-4.3858
9503,L,-50.8734,-39.2391,-6.0952
9504,L,-48.5405,-37.2288,-6.1764
9505,L,-47.0027,-34.9273,-5.8443
9506,L,-46.5873,-32.5259,-5.2039
9507,L,-49.5201,-33.1777,-1.7589
9508,L,-48.1568,-31.7007,-3.0096
9509,L,-47.3744,-30.0287,-4.5884
9510,L,-49.2682,-27.9651,-4.2325
9511,L,-51.8070,-26.0308,-3.9279
9512,L,-17.8428,-66.4517,56.2920
9513,L,-18.0599,-66.2783,53.8347
9514,L,-17.7665,-65.4007,51.4191
9515,L,-21.4199,-64.8613,53.6485
9516,L,-19.6415,-64.9076,51.4571
9517,L,-17.3706,-65.2277,48.7215
9518,L,-17.4117,-65.4751,45.9458
9519,L,-17.7279,-65.6139,43.3920
9520,L,-18.6009,-65.8912,40.6089
9521,L,-24.6580,-60.8031,49.4783
9522,L,-25.1825,-62.2911,49.1920
9523,L,-24.6380,-63.2442,48.2967
9524,L,-25.3716,-62.5529,44.7039
9525,L,-23.9078,-61.9680,45.3776
9526,L,-22.0994,-62.0408,45.8967
9527,L,-19.6808,-62.0274,42.8419
9528,L,-19.2675,-63.8343,40.1004
9529,L,-19.5899,-66.3331,37.5458
9530,L,-20.6367,-67.0657,34.2778
9531,L,-21.7812,-67.7333,31.0054
9532,L,-23.3287,-68.4742,28.1243
9533,L,-23.5759,-64.1566,29.2633
9534,L,-24.1514,-66.5918,26.8227
9535,L,-24.3369,-69.6027,25.4206
9536,L,-25.3361,-71.1726,22.8495
9537,L,-26.2204,-73.0154,20.5750
9538,L,-25.9112,-75.2919,17.9060
9539,L,-28.6624,-54.8921,37.1686
9540,L,-28.9582,-56.9762,37.5317
9541,L,-29.5752,-59.1442,38.2771
9542,L,-32.9175,-61.2886,38.2243
9543,L,-31.3303,-61.1646,38.5250
9544,L,-30.2289,-61.1681,39.4779
9545,L,-30.2315,-63.1893,40.4003
9546,L,-29.5528,-65.4127,40.7195
9547,L,-28.4940,-66.7482,39.4922
9548,L,-34.9861,-70.7676,46.3814
9549,L,-33.3394,-71.2091,45.5096
9550,L,-31.9646,-71.0288,44.2887
9551,L,-31.9121,-76.3269,39.5713
9552,L,-31.5134,-73.0507,41.8939
9553,L,-30.7207,-70.6285,42.9776
9554,L,-29.8572,-69.8327,41.3637
9555,L,-29.6460,-68.5852,38.6907
9556,L,-29.2470,-66.7993,35.9077
9557,L,-30.1444,-66.8127,32.7816
9558,L,-30.0078,-67.5541,29.4957
9559,L,-30.0742,-68.8316,25.4240
9560,L,-31.8975,-74.2022,25.0127
9561,L,-31.5610,-72.0994,22.9684
9562,L,-30.4247,-70.1130,21.6219
9563,L,-29.5418,-71.9359,18.6625
9564,L,-27.5915,-74.7220,16.3624
9565,L,-25.4595,-77.7774,14.9898
9566,L,-25.6596,-79.8462,13.1737
9567,L,-26.3848,-82.0304,12.3702
9568,L,-27.4649,-83.9823,12.0719
9569,L,-32.5395,-81.7629,14.0681
9570,L,-30.4767,-83.7255,12.1311
9571,L,-28.6061,-86.3627,12.4011
9572,L,-29.6101,-88.7552,12.7053
9573,L,-30.6551,-90.4626,12.3579
9574,L,-31.0142,-91.0932,10.4265
9575,L,-38.2529,-84.1586,22.6485
9576,L,-38.6790,-85.0272,19.5048
9577,L,-38.4940,-85.9777,16.0988
9578,L,-40.2515,-83.1994,16.2562
9579,L,-38.6349,-85.2854,14.4767
9580,L,-36.8961,-87.5847,12.8411
9581,L,-34.7711,-88.4062,10.5233
9582,L,-32.4112,-88.8426,9.5174
9583,L,-29.9942,-89.8804,8.9909
9584,L,-28.7776,-87.7110,7.6881
9585,L,-27.9574,-85.5426,5.8054
9586,L,-28.5030,-83.9378,3.4977
9587,L,-33.9062,-80.1510,6.5304
9588,L,-31.8228,-81.5499,4.2889
9589,L,-30.2207,-83.4188,1.8012
9590,L,-32.6214,-83.7723,1.0711
9591,L,-34.7399,-84.4340,0.4056
9592,L,-33.8652,-85.4441,-1.8794
9593,L,-19.8994,-62.2646,8.8475
9594,L,-22.4233,-64.3468,8.2012
9595,L,-21.3061,-64.4653,8.2407
9596,L,-21.5118,-66.9986,8.0648
9597,L,-20.3340,-69.1662,8.1794
9598,L,-19.9816,-66.9007,8.8605
9599,L,-19.1242,-68.5870,7.4007
9600,L,-18.5847,-70.8090,8.4069
9601,L,-16.6753,-72.3642,9.5101
9602,L,-14.8111,-74.0537,11.0011
9603,L,-13.0701,-75.9224,12.5646
9604,L,-20.9589,-68.1492,16.7083
9605,L,-17.6284,-67.6520,14.4229
9606,L,-14.3820,-67.1938,12.4834
9607,L,-11.6403,-68.7151,14.4215
9608,L,-11.4424,-67.8155,12.0216
9609,L,-11.8565,-67.7604,8.6451
9610,L,-10.8761,-70.5639,9.2270
9611,L,-10.6619,-73.9329,12.6995
9612,L,-11.4987,-78.2451,13.2769
9613,L,-10.5737,-80.6558,12.4522
9614,L,-9.8838,-82.9423,11.8241
9615,L,-9.1177,-85.3943,11.1989
9616,L,-5.3532,-80.8151,11.6956
9617,L,-7.0151,-84.6226,11.5226
9618,L,-8.6122,-87.8798,9.2040
9619,L,-8.4633,-89.1720,6.6048
9620,L,-9.1496,-90.6182,4.9893
9621,L,-10.0767,-92.3878,5.2759
9622,L,-16.9898,-70.7948,31.6104
9623,L,-18.4415,-75.0523,28.3036
9624,L,-15.7721,-77.6084,25.9093
9625,L,-14.0261,-80.5486,29.5128
9626,L,-12.7088,-79.3657,27.1722
9627,L,-12.1070,-77.9604,25.0257
9628,L,-9.3702,-78.8576,24.7192
9629,L,-6.6797,-78.5319,24.1814
9630,L,-4.8622,-78.3665,22.9272
9631,L,-10.8381,-85.9578,33.7287
9632,L,-7.5947,-85.4904,33.6686
9633,L,-5.4438,-85.3380,32.7340
9634,L,-6.6318,-89.3783,28.6373
9635,L,-5.4958,-86.9578,30.0319
9636,L,-4.3807,-83.9032,30.2835
9637,L,-4.3298,-82.4820,26.7905
9638,L,-4.1527,-81.4049,23.7503
9639,L,-3.5090,-79.9599,21.6654
9640,L,-3.3495,-82.0678,19.7738
9641,L,-4.0254,-84.2890,16.8624
9642,L,-3.7301,-86.8355,13.4720
9643,L,-4.0419,-90.4223,16.0403
9644,L,-3.2101,-90.4511,13.3348
9645,L,-2.7071,-89.8184,10.0661
9646,L,-4.5761,-92.8121,7.1225
9647,L,-7.4276,-93.8808,6.1743
9648,L,-11.0771,-94.6784,5.3607
9649,L,-11.5623,-96.4723,4.1317
9650,L,-11.8212,-97.7472,2.5145
9651,L,-11.7526,-98.8518,-0.0333
9652,L,-7.0926,-100.9440,4.7265
9653,L,-9.0452,-100.7687,0.8246
9654,L,-11.8406,-100.4421,-2.6161
9655,L,-13.1709,-101.7453,-4.4760
9656,L,-15.5123,-102.3309,-5.3927
9657,L,-18.0430,-101.6315,-4.7497
9658,L,-13.3449,-100.3466,11.7209
9659,L,-13.3114,-100.7187,8.6288
9660,L,-13.4793,-100.7414,4.9203
9661,L,-18.4424,-98.6816,7.5334
9662,L,-16.2968,-99.7438,4.3347
9663,L,-14.9841,-101.7801,2.4158
9664,L,-16.5100,-101.4429,-0.0136
9665,L,-18.3980,-100.7905,-2.1888
9666,L,-20.7095,-100.2042,-4.4681
9667,L,-23.1945,-98.6470,-4.3412
9668,L,-25.8540,-98.0764,-3.4999
9669,L,-27.8491,-96.1357,-3.0034
9670,L,-24.2814,-94.4609,-0.7323
9671,L,-27.1383,-94.1105,-1.7115
9672,L,-28.5226,-93.3948,-3.3432
9673,L,-28.7768,-90.5634,-3.7529
9674,L,-30.9708,-87.4288,-3.3596
9675,L,-12.8132,-12.6075,46.3872
9676,L,-13.7335,-13.5586,44.3565
9677,L,-14.1807,-14.4600,42.2240
9678,L,-14.6976,-18.6186,43.2024
9679,L,-14.8242,-16.9387,41.5402
9680,L,-14.0320,-15.4939,40.0529
9681,L,-13.2537,-16.7138,38.3012
9682,L,-11.8743,-18.4249,37.3638
9683,L,-10.2573,-20.6129,37.7188
9684,L,-16.8237,-29.0396,42.8414
9685,L,-17.4519,-27.7245,40.4761
9686,L,-17.1768,-26.3903,38.2124
9687,L,-17.1497,-31.2130,37.5730
9688,L,-16.4458,-28.1371,36.8169
9689,L,-15.6706,-25.0891,36.6507
9690,L,-13.3614,-24.0901,36.5152
9691,L,-10.9564,-23.3212,37.5339
9692,L,-8.4384,-22.9021,39.1390
9693,L,-6.9757,-24.7237,40.6430
9694,L,-5.8570,-26.2883,41.0215
9695,L,-5.4582,-27.3054,39.6899
9696,L,-7.6389,-30.6569,40.8328
9697,L,-6.1734,-29.5342,39.8564
9698,L,-5.4009,-28.6596,37.8673
9699,L,-5.0912,-29.9608,36.3282
9700,L,-4.9757,-31.4088,34.7730
9701,L,-4.8462,-33.2420,32.9152
9702,L,-13.3244,-47.0708,51.6777
9703,L,-12.8201,-46.3120,49.6741
9704,L,-12.1169,-45.3885,47.8583
9705,L,-6.7113,-46.4709,47.6879
9706,L,-8.5609,-45.0012,47.2299
9707,L,-11.2997,-44.1902,46.2672
9708,L,-10.3726,-42.9485,45.1594
9709,L,-9.0625,-42.0102,44.3566
9710,L,-7.7797,-41.1981,43.9290
9711,L,-9.0038,-53.4035,42.3083
9712,L,-9.5660,-52.0989,41.6877
9713,L,-11.2744,-50.6106,41.8881
9714,L,-12.4590,-51.6651,38.2861
9715,L,-12.9041,-50.1110,40.3095
9716,L,-12.2360,-47.9634,42.1170
9717,L,-10.6189,-45.0688,41.4451
9718,L,-7.6574,-42.7815,42.0069
9719,L,-6.5402,-40.5275,43.5102
9720,L,-5.8657,-40.1678,42.5631
9721,L,-5.7516,-39.2476,41.5509
9722,L,-5.7151,-37.6184,40.2885
9723,L,-12.1253,-40.4001,34.6664
9724,L,-8.8502,-37.7515,36.7547
9725,L,-5.8802,-36.1513,38.3992
9726,L,-6.1835,-35.0980,35.7451
9727,L,-5.4629,-35.5194,33.1886
9728,L,-4.1697,-35.9874,31.5129
9729,L,-4.0458,-38.5567,30.7598
9730,L,-4.0214,-41.0733,30.0180
9731,L,-4.1206,-43.8330,29.2671
9732,L,-6.3639,-46.8554,30.3316
9733,L,-4.6593,-47.0023,29.7767
9734,L,-4.2904,-46.4809,27.9195
9735,L,-4.2364,-48.5400,25.8909
9736,L,-4.2454,-49.9711,23.1759
9737,L,-5.8304,-51.1949,20.3890
9738,L,-9.4918,-57.7036,26.6558
9739,L,-9.3455,-57.1597,24.9737
9740,L,-9.1447,-56.5360,23.4392
9741,L,-4.1500,-62.0283,21.5668
9742,L,-6.1573,-59.3369,21.6900
9743,L,-8.8780,-55.9940,21.9228
9744,L,-8.4666,-55.1308,20.4765
9745,L,-7.9374,-54.3338,18.9240
9746,L,-7.4587,-53.8039,17.2207
9747,L,-5.2798,-56.7967,15.0040
9748,L,-4.6451,-59.0539,12.6360
9749,L,-7.2378,-59.1673,12.1759
9750,L,-9.2543,-58.8433,16.5355
9751,L,-9.6365,-58.1269,14.3972
9752,L,-10.7069,-58.3845,12.1139
9753,L,-13.9582,-58.8499,11.6741
9754,L,-17.0069,-60.3222,10.2471
9755,L,-17.8407,-60.2033,8.8498
9756,L,-2.5979,5.7130,-2.9964
9757,L,-2.0054,7.1341,-2.1815
9758,L,-1.1678,3.4516,-1.4684
9759,L,-1.2382,0.4284,-0.4022
9760,L,-0.7164,6.3949,1.3818
9761,L,-0.8522,1.6516,0.9990
9762,L,-2.3922,-2.1838,0.3905
9763,L,-2.8231,-4.4020,1.1933
9764,L,-2.4294,-6.7172,1.9345
9765,L,-1.8177,-9.3278,2.6454
9766,L,-0.7070,10.9497,8.8524
9767,L,-1.0037,6.5189,7.7796
9768,L,-1.3421,2.4833,6.6117
9769,L,-1.5394,0.1362,9.4195
9770,L,-2.2065,-0.3782,7.5084
9771,L,-2.3966,-0.8477,6.0794
9772,L,-2.9836,-3.3345,5.7522
9773,L,-2.2702,-7.0937,5.1375
9774,L,-1.5994,-12.1452,3.3488
9775,L,-1.6988,-14.8666,4.1930
9776,L,-2.0132,-17.6064,5.1145
9777,L,-2.6108,-20.1420,6.0859
9778,L,-2.2310,-15.0232,9.6096
9779,L,-2.6113,-18.9032,8.2409
9780,L,-3.7479,-22.2406,7.0811
9781,L,-4.9220,-24.1894,7.9984
9782,L,-5.9891,-26.2665,8.8364
9783,L,-6.6320,-28.6140,9.8247
9784,L,-2.8258,11.6551,25.1891
9785,L,-0.8956,9.0972,25.0924
9786,L,-0.4084,5.8813,24.1457
9787,L,-0.7832,1.9745,27.9621
9788,L,-0.2983,2.3456,25.6730
9789,L,-0.5665,2.4791,23.0871
9790,L,-0.6337,-0.7536,21.8888
9791,L,-0.5247,-3.9068,20.3378
9792,L,-0.6479,-7.3620,18.7838
9793,L,-4.2207,-12.2093,29.5726
9794,L,-1.8972,-11.9193,28.6646
9795,L,-0.5983,-11.5526,27.0269
9796,L,-0.6820,-18.6327,26.0332
9797,L,-0.4697,-14.9395,25.3710
9798,L,-0.3580,-11.2696,24.5987
9799,L,-0.4396,-11.0769,22.0547
9800,L,-0.5922,-11.0847,19.4964
9801,L,-0.7469,-11.0099,17.1177
9802,L,-1.0950,-14.2368,15.6893
9803,L,-1.6459,-17.7577,14.7116
9804,L,-2.6036,-21.1414,13.9096
9805,L,-1.5388,-24.7442,15.9799
9806,L,-2.6592,-24.6283,14.3754
9807,L,-3.7960,-24.1836,13.1371
9808,L,-4.7508,-26.8672,12.5540
9809,L,-5.5915,-29.3404,11.7925
9810,L,-6.4569,-31.5427,10.7668
9811,L,-5.6854,-33.6949,9.9173
9812,L,-4.4981,-34.6720,7.7509
9813,L,-3.7229,-36.3186,6.3000
9814,L,0.9659,-35.7987,8.0349
9815,L,-0.5104,-37.2354,6.2742
9816,L,-3.4378,-38.5408,5.9126
9817,L,-4.2743,-40.9128,6.4073
9818,L,-5.7351,-42.9729,7.2807
9819,L,-7.9601,-45.1207,8.1233
9820,L,-0.1599,-40.0939,19.8869
9821,L,-0.2865,-41.9126,17.2372
9822,L,-0.9891,-43.3266,14.6769
9823,L,-5.4593,-45.1220,17.0412
9824,L,-3.9876,-44.6504,14.9301
9825,L,-2.6004,-44.1362,12.4820
9826,L,-5.1481,-44.9625,10.8300
9827,L,-7.7067,-46.1035,9.5143
9828,L,-9.2101,-47.7171,7.5660
9829,L,-8.1418,-49.8972,6.1015
9830,L,-9.6709,-52.0570,6.5716
9831,L,-11.2364,-53.7434,8.2656
9832,L,-7.2907,-54.2314,7.6380
9833,L,-9.7061,-54.9891,8.4593
9834,L,-13.0777,-55.4384,9.3682
9835,L,-14.9049,-57.0964,9.4284
9836,L,-16.4417,-58.6284,9.0877
9837,L,-26.1882,22.1319,-8.8273
9838,L,-26.3449,19.5866,-8.6114
9839,L,-27.1474,17.4136,-8.9923
9840,L,-26.4440,20.7938,-13.5986
9841,L,-25.8855,18.2326,-11.1369
9842,L,-28.4591,15.2811,-9.8180
9843,L,-30.0234,13.0711,-11.2735
9844,L,-31.5513,10.6683,-12.8224
9845,L,-32.3542,7.8910,-13.9399
9846,L,-28.5561,18.0318,-22.9733
9847,L,-27.6217,16.6921,-21.6207
9848,L,-25.4480,16.1220,-18.4229
9849,L,-25.0346,12.8092,-19.1581
9850,L,-25.1272,13.5739,-17.3748
9851,L,-25.7970,13.7784,-15.3387
9852,L,-28.8687,11.3527,-14.6060
9853,L,-31.1868,8.3262,-14.4433
9854,L,-33.2178,4.8375,-15.1788
9855,L,-33.9074,2.8990,-17.3411
9856,L,-33.8935,2.0108,-20.5491
9857,L,-33.4291,1.8482,-23.7709
9858,L,-33.2543,-0.0494,-17.4796
9859,L,-33.4155,0.4607,-22.3774
9860,L,-32.3890,2.1273,-26.4654
9861,L,-31.1019,2.4222,-28.6239
9862,L,-29.6048,2.6665,-30.3873
9863,L,-28.0300,2.9870,-32.2205
9864,L,-15.2495,21.9524,-19.2998
9865,L,-15.2921,18.6392,-19.8675
9866,L,-16.2895,15.5362,-19.5280
9867,L,-16.1726,11.7641,-15.3582
9868,L,-17.5965,12.6671,-16.2639
9869,L,-18.2150,12.5385,-17.9469
9870,L,-19.6505,8.9769,-16.3534
9871,L,-21.3904,5.7694,-14.2862
9872,L,-23.6624,3.2218,-12.6181
9873,L,-18.9434,-4.9272,-11.1996
9874,L,-20.3483,-3.7543,-10.9684
9875,L,-21.3510,-3.1021,-11.4364
9876,L,-26.4119,-7.5451,-13.0679
9877,L,-23.8374,-4.6995,-12.3461
9878,L,-22.1466,-2.0762,-12.3236
9879,L,-23.3089,-1.0409,-12.5506
9880,L,-24.7451,-0.3010,-12.4307
9881,L,-26.3890,0.2816,-12.5156
9882,L,-28.7505,-2.1209,-14.5802
9883,L,-31.1621,-3.5731,-17.2612
9884,L,-32.8182,-3.7645,-20.8066
9885,L,-32.8360,-5.5285,-23.6448
9886,L,-32.3130,-4.1244,-24.1023
9887,L,-31.5738,-2.6176,-24.4829
9888,L,-28.8853,-0.9533,-26.4587
9889,L,-26.9810,0.9999,-29.0911
9890,L,-26.5932,2.9905,-34.0810
9891,L,-25.6713,2.4746,-35.3228
9892,L,-25.3151,1.5715,-36.5467
9893,L,-25.7475,0.5509,-37.2488
9894,L,-23.4204,-3.2951,-31.9960
9895,L,-24.1434,-2.0850,-34.6529
9896,L,-26.6539,-0.5960,-36.7091
9897,L,-27.5088,-2.1896,-35.7267
9898,L,-28.0908,-3.9876,-34.6248
9899,L,-28.5463,-5.8517,-33.6385
9900,L,-29.2975,-14.1123,-27.8081
9901,L,-25.3087,-12.8788,-29.5721
9902,L,-21.8176,-10.4511,-29.4939
9903,L,-22.0806,-14.1226,-27.4829
9904,L,-20.7750,-11.1408,-28.4518
9905,L,-20.8142,-9.2306,-30.6381
9906,L,-22.3074,-9.6158,-33.0190
9907,L,-26.0514,-9.1858,-33.9924
9908,L,-29.1055,-7.8242,-32.6481
9909,L,-29.6894,-9.8188,-31.7224
9910,L,-30.6252,-12.0395,-30.9868
9911,L,-31.4729,-14.2672,-30.3612
9912,L,-27.0854,-17.2927,-30.6940
9913,L,-29.8482,-16.8484,-30.0459
9914,L,-32.4348,-16.6987,-29.8177
9915,L,-33.5025,-19.0046,-28.9976
9916,L,-34.0024,-20.4818,-27.2969
9917,L,-35.8167,-20.4477,-27.5095
9918,L,-34.2762,-22.2907,-24.9487
9919,L,-52.0666,-19.8616,-6.2986
9920,L,-50.2085,-19.5103,-8.5827
9921,L,-49.2044,-19.2535,-11.0454
9922,L,-52.0277,-15.6194,-9.2489
9923,L,-49.6230,-17.1720,-11.5033
9924,L,-49.4195,-19.2652,-13.5302
9925,L,-51.0266,-19.1067,-15.3480
9926,L,-53.3117,-18.7011,-16.2571
9927,L,-55.7539,-17.9847,-16.7126
9928,L,-54.9714,-7.0559,-8.5378
9929,L,-52.6208,-8.9946,-11.9169
9930,L,-50.5937,-10.4514,-14.9927
9931,L,-49.4415,-7.6130,-17.8765
9932,L,-49.2584,-9.8356,-17.7508
9933,L,-49.5983,-12.0388,-17.4214
9934,L,-51.1689,-13.9864,-18.9403
9935,L,-54.4439,-15.6658,-18.6266
9936,L,-57.8482,-16.9347,-17.3209
9937,L,-59.5861,-15.2989,-17.9765
9938,L,-61.2786,-13.4512,-18.8718
9939,L,-61.9357,-12.2022,-20.3511
9940,L,-58.7656,-8.4060,-23.4829
9941,L,-60.5421,-9.5709,-22.4695
9942,L,-61.2177,-12.2460,-22.2380
9943,L,-59.2350,-13.1804,-23.7331
9944,L,-56.6452,-14.0179,-24.5921
9945,L,-53.7387,-15.1011,-25.0120
9946,L,-50.5237,-0.3891,-11.6152
9947,L,-51.9347,5.1486,-11.4230
9948,L,-53.5825,8.6883,-12.1026
9949,L,-50.8152,10.9423,-15.5176
9950,L,-52.7468,10.8047,-14.4586
9951,L,-54.1011,8.8815,-14.3926
9952,L,-52.7473,6.7853,-18.5619
9953,L,-49.7205,4.4547,-22.0573
9954,L,-48.2510,2.1128,-26.0116
9955,L,-44.5665,16.6570,-27.2312
9956,L,-46.0813,15.5254,-27.1353
9957,L,-46.1082,12.3728,-27.2214
9958,L,-42.9221,10.6245,-34.4081
9959,L,-43.7388,9.5489,-30.7833
9960,L,-45.6153,8.7869,-27.4212
9961,L,-46.2666,5.5821,-28.5886
9962,L,-48.6068,3.3939,-28.8930
9963,L,-51.3014,1.6170,-28.8698
9964,L,-54.2160,1.3078,-29.6301
9965,L,-55.4422,-0.7784,-30.1227
9966,L,-54.9153,-4.1092,-30.4277
9967,L,-49.0922,-2.2467,-32.1916
9968,L,-51.3378,-4.6481,-30.7481
9969,L,-53.1917,-6.9133,-29.0881
9970,L,-51.7648,-9.7035,-27.7281
9971,L,-50.9336,-13.0345,-26.6635
9972,L,-51.5032,-16.4634,-27.8129
9973,L,-51.9609,-16.3851,-31.0479
9974,L,-52.9355,-16.2174,-33.8441
9975,L,-52.9897,-16.0595,-36.0192
9976,L,-48.6629,-10.9268,-38.1997
9977,L,-50.3874,-13.3845,-38.2278
9978,L,-51.2963,-16.0758,-37.1257
9979,L,-48.7196,-16.3801,-36.8800
9980,L,-46.2923,-16.3460,-35.5856
9981,L,-44.4179,-16.1766,-33.7766
9982,L,-38.9050,-2.8437,-43.2946
9983,L,-39.6624,-5.0857,-43.8227
9984,L,-40.6115,-7.6341,-42.7534
9985,L,-35.6654,-5.9955,-41.8722
9986,L,-38.9674,-7.3952,-40.9034
9987,L,-41.5937,-9.6397,-40.1755
9988,L,-42.1343,-11.5068,-37.7818
9989,L,-42.6888,-13.0377,-34.4954
9990,L,-43.5036,-14.8567,-31.4442
9991,L,-42.7742,-13.7200,-29.1115
9992,L,-41.5201,-13.3524,-27.0085
9993,L,-39.8986,-13.7567,-25.5587
9994,L,-36.7552,-10.7126,-30.7842
9995,L,-37.4661,-12.5558,-27.8696
9996,L,-38.4246,-14.9850,-25.0086
9997,L,-37.4847,-16.9470,-25.3268
9998,L,-37.1214,-18.8512,-26.3528
9999,L,-38.2494,-21.2086,-23.7548
10000,L,-40.0742,-86.0526,-2.5602
10001,L,-40.7752,-85.7579,-4.3185
10002,L,-40.7390,-85.1207,-5.7657
10003,L,-41.9898,-80.4632,-2.6039
10004,L,-41.6214,-82.3316,-5.0452
10005,L,-41.2648,-84.3240,-7.0489
10006,L,-42.5511,-82.9199,-8.4796
10007,L,-43.8638,-81.1744,-9.9006
10008,L,-43.7840,-79.8244,-11.0840
10009,L,-43.1728,-68.2854,-3.2030
10010,L,-44.1239,-69.4671,-4.2014
10011,L,-44.9609,-70.6843,-4.8406
10012,L,-44.8088,-66.8819,-4.9137
10013,L,-45.1960,-69.4773,-5.4459
10014,L,-45.2877,-72.5203,-6.0847
10015,L,-44.9181,-74.3379,-7.9529
10016,L,-44.0834,-76.5231,-9.5413
10017,L,-43.3113,-78.6161,-12.0240
10018,L,-41.7255,-78.0128,-11.9637
10019,L,-39.6916,-76.7781,-11.7449
10020,L,-39.3688,-74.6549,-12.7321
10021,L,-39.0115,-69.9849,-9.8723
10022,L,-39.3534,-70.9099,-12.0823
10023,L,-40.4115,-72.3436,-14.3204
10024,L,-41.5793,-69.7365,-15.4298
10025,L,-43.0052,-66.9598,-16.4601
10026,L,-44.1584,-63.9742,-17.8569
10027,L,-56.6660,-52.8605,-4.4205
10028,L,-53.9660,-53.5132,-5.9920
10029,L,-54.0638,-55.2335,-7.9407
10030,L,-55.7843,-50.3701,-10.3682
10031,L,-55.3656,-53.6172,-10.0146
10032,L,-55.0990,-56.9039,-9.2921
10033,L,-54.7638,-58.7586,-10.7934
10034,L,-53.3689,-59.3989,-11.3851
10035,L,-51.0890,-58.3876,-10.6907
10036,L,-58.0136,-41.9636,-18.4984
10037,L,-58.7541,-45.7004,-19.2386
10038,L,-57.8299,-50.2039,-18.6732
10039,L,-56.3580,-47.5968,-21.5093
10040,L,-56.7752,-51.1594,-20.2548
10041,L,-56.5119,-54.2526,-17.8889
10042,L,-53.8554,-56.4636,-16.1347
10043,L,-51.5334,-56.4933,-12.9042
10044,L,-48.4659,-56.8994,-9.1682
10045,L,-45.7464,-55.7604,-8.0200
10046,L,-42.7339,-55.5516,-7.9966
10047,L,-40.8757,-56.1494,-9.8634
10048,L,-44.1391,-50.8792,-11.5145
10049,L,-41.4468,-53.5495,-11.4759
10050,L,-40.9813,-57.5369,-12.6277
10051,L,-42.0293,-58.8426,-15.4032
10052,L,-43.6701,-59.8005,-17.9022
10053,L,-44.2217,-60.2076,-19.8700
10054,L,-43.2975,-57.1888,-20.8697
10055,L,-42.1569,-54.5555,-21.1812
10056,L,-41.0206,-52.0787,-21.0098
10057,L,-40.7083,-46.5939,-17.4160
10058,L,-40.2576,-48.3165,-18.9341
10059,L,-39.6676,-49.7889,-20.4213
10060,L,-38.7665,-47.0711,-21.0755
10061,L,-38.7567,-44.8601,-22.4397
10062,L,-38.5937,-42.6770,-23.3161
10063,L,-47.3890,-38.4736,-25.3181
10064,L,-45.8529,-38.0877,-24.6539
10065,L,-44.7470,-37.6558,-23.6350
10066,L,-46.6640,-33.3951,-23.1141
10067,L,-44.6408,-35.7262,-24.1657
10068,L,-43.4836,-37.6969,-22.8945
10069,L,-41.7341,-38.1246,-22.5219
10070,L,-39.9505,-39.3749,-22.6969
10071,L,-37.7052,-40.5504,-23.1302
10072,L,-37.2423,-37.6959,-23.4973
10073,L,-37.3268,-35.1737,-24.4306
10074,L,-37.8245,-32.5858,-25.0086
10075,L,-40.9747,-28.8764,-21.7646
10076,L,-39.6498,-29.3708,-23.2414
10077,L,-38.3929,-29.7224,-24.7455
10078,L,-39.2049,-27.1748,-24.0778
10079,L,-39.2964,-24.4575,-23.4741
10080,L,-38.1786,-25.8412,-25.1776
10081,L,-24.1497,-65.7496,7.8828
10082,L,-25.4069,-67.0296,6.3428
10083,L,-25.7005,-67.9015,4.1313
10084,L,-22.4947,-73.0638,5.1618
10085,L,-23.8079,-70.9942,3.5620
10086,L,-24.6598,-68.3148,2.1504
10087,L,-22.3147,-68.0896,0.9638
10088,L,-19.0307,-67.5788,0.5160
10089,L,-14.9529,-66.3889,1.2603
10090,L,-13.8983,-79.9546,6.6305
10091,L,-13.1070,-77.7516,4.9800
10092,L,-12.4036,-75.3075,3.5831
10093,L,-6.4665,-76.2882,4.9750
10094,L,-8.7233,-74.0344,4.1910
10095,L,-11.6860,-72.6732,3.0176
10096,L,-10.7557,-69.8344,2.9743
10097,L,-10.3365,-67.0960,3.0908
10098,L,-11.0217,-64.8315,2.3746
10099,L,-8.3589,-63.4406,2.7159
10100,L,-7.7185,-62.4496,1.4812
10101,L,-8.4840,-62.3409,-0.4326
10102,L,-7.2125,-67.5899,0.2694
10103,L,-8.7309,-65.5598,-0.6569
10104,L,-10.4742,-62.5128,-2.0392
10105,L,-12.9363,-62.1635,-3.0968
10106,L,-14.6777,-62.1146,-4.7749
10107,L,-17.1465,-61.4373,-5.7248
10108,L,-10.5155,-92.6276,-4.2372
10109,L,-7.2895,-93.1396,-5.4052
10110,L,-4.9318,-92.5187,-5.8445
10111,L,-5.9577,-93.0811,-12.2514
10112,L,-4.2257,-91.7949,-10.1463
10113,L,-3.8879,-90.3868,-6.6048
10114,L,-3.6286,-87.5934,-7.2100
10115,L,-5.0913,-85.2043,-5.9256
10116,L,-7.7705,-83.3112,-4.0422
10117,L,-17.5114,-86.7930,-10.1213
10118,L,-15.7400,-85.9856,-11.5874
10119,L,-13.8313,-84.3154,-12.2531
10120,L,-17.8035,-79.9657,-9.6615
10121,L,-15.4566,-80.7643,-11.9772
10122,L,-11.6290,-82.2296,-12.2940
10123,L,-10.9894,-82.2501,-9.3940
10124,L,-11.4112,-82.2090,-5.7447
10125,L,-10.1155,-79.6429,-3.4437
10126,L,-8.9589,-76.7582,-6.0467
10127,L,-9.6534,-73.5891,-6.9564
10128,L,-13.1112,-71.9235,-6.3978
10129,L,-16.0262,-68.4660,-10.1595
10130,L,-15.8829,-68.9819,-7.8342
10131,L,-15.8887,-69.6012,-5.1245
10132,L,-16.8118,-66.2271,-4.9521
10133,L,-18.3958,-63.0048,-4.9727
10134,L,-20.3388,-59.6067,-5.2105
10135,L,-22.8594,-57.4683,-5.2010
10136,L,-25.3414,-54.9714,-4.9480
10137,L,-27.6188,-52.5102,-4.9652
10138,L,-27.4582,-56.1147,-6.0126
10139,L,-29.1745,-53.3292,-5.3992
10140,L,-30.1780,-50.1455,-5.5029
10141,L,-32.4981,-48.2035,-6.5494
10142,L,-34.2674,-46.3633,-8.1122
10143,L,-35.4655,-44.4406,-10.2339
10144,L,-31.0358,-61.7874,-7.9864
10145,L,-31.1647,-58.7467,-10.0121
10146,L,-31.0596,-55.3268,-11.4353
10147,L,-27.4536,-53.4426,-14.1639
10148,L,-29.4824,-52.4172,-13.4061
10149,L,-31.8876,-51.8329,-11.9153
10150,L,-33.4524,-48.5384,-12.2576
10151,L,-35.1220,-45.5212,-12.5425
10152,L,-36.3353,-42.1874,-12.7614
10153,L,-36.7040,-40.0026,-15.0231
10154,L,-36.8089,-37.6261,-17.2170
10155,L,-36.6535,-35.1123,-19.1553
10156,L,-31.7469,-37.6448,-21.5097
10157,L,-34.5615,-35.1795,-21.6257
10158,L,-36.5805,-32.3154,-20.9401
10159,L,-36.8006,-29.6141,-22.4807
10160,L,-37.0035,-27.6846,-24.0482
10161,L,-36.8060,-25.1962,-22.2945
10162,L,-2.3259,2.1541,-3.8297
10163,L,-2.4719,-1.2575,-5.4747
10164,L,-2.7464,-6.3630,-8.3564
10165,L,-2.9595,-9.2996,-6.1516
10166,L,-2.0346,-10.2190,-8.4216
10167,L,-0.8376,-10.4924,-10.0799
10168,L,-2.0794,-14.6180,-11.8524
10169,L,-2.6095,-17.7231,-15.8157
10170,L,-3.5500,-19.0003,-18.4637
10171,L,-2.3456,-20.8329,-4.0518
10172,L,-0.6873,-22.6889,-6.5286
10173,L,0.2516,-23.4450,-9.6864
10174,L,-6.3122,-25.7329,-9.4973
10175,L,-2.5267,-24.7192,-11.4914
10176,L,0.1956,-23.0258,-13.5362
10177,L,-1.6104,-22.2554,-16.2153
10178,L,-3.7789,-21.4557,-17.9826
10179,L,-6.1566,-20.0873,-19.6492
10180,L,-9.8398,-21.7488,-19.6319
10181,L,-12.9547,-23.4358,-18.7389
10182,L,-15.7676,-23.7692,-16.8464
10183,L,-15.7433,-25.2065,-12.8974
10184,L,-17.5376,-24.6045,-13.7359
10185,L,-19.1589,-23.3507,-13.7573
10186,L,-24.2943,-24.0215,-11.3758
10187,L,-28.8458,-25.0806,-10.9421
10188,L,-33.1472,-26.0187,-9.9326
10189,L,-10.3137,-33.4466,4.2231
10190,L,-11.6274,-34.3970,1.7827
10191,L,-13.6616,-35.0474,-0.1147
10192,L,-19.5354,-36.7631,3.0213
10193,L,-18.3598,-35.9871,0.9100
10194,L,-16.1290,-35.1401,-1.4108
10195,L,-18.7406,-35.1076,-2.2691
10196,L,-21.0671,-34.7284,-3.0636
10197,L,-23.2620,-34.3865,-3.9455
10198,L,-20.5793,-42.1150,-2.4392
10199,L,-23.8373,-41.6277,-0.7402
10200,L,-26.2190,-40.3616,0.6010
10201,L,-27.5709,-40.6187,-3.6432
10202,L,-28.4559,-40.0484,-0.6822
10203,L,-28.5009,-38.6377,1.2966
10204,L,-28.9805,-36.4544,0.5598
10205,L,-27.6431,-34.7967,-1.8949
10206,L,-25.3226,-33.8251,-4.9242
10207,L,-27.2781,-32.9847,-5.6997
10208,L,-28.8810,-31.8345,-6.4408
10209,L,-30.5210,-30.7475,-6.9754
10210,L,-35.4897,-35.3417,-6.0353
10211,L,-34.7228,-32.3992,-6.2870
10212,L,-32.2724,-29.8411,-7.4865
10213,L,-34.2387,-29.1026,-8.1742
10214,L,-36.0733,-28.4878,-9.3217
10215,L,-37.4906,-27.5171,-10.7594
10216,L,-39.3567,-28.7145,-12.6352
10217,L,-39.2344,-29.2643,-14.7757
10218,L,-36.7645,-28.9006,-16.5528
10219,L,-34.7027,-31.8585,-15.2947
10220,L,-34.1938,-29.9341,-16.5791
10221,L,-33.4522,-27.9881,-17.9583
10222,L,-29.7995,-26.8262,-19.4269
10223,L,-26.2115,-25.1666,-20.1455
10224,L,-22.8710,-23.6507,-20.6835
10225,L,-21.4951,-30.8192,-13.8460
10226,L,-21.6138,-29.5319,-15.0264
10227,L,-21.6481,-28.3489,-16.3339
10228,L,-21.7607,-32.8547,-18.5540
10229,L,-20.2333,-29.4048,-18.5962
10230,L,-21.4344,-27.1923,-17.7850
10231,L,-21.2124,-26.0739,-19.3672
10232,L,-21.1299,-25.0645,-21.0169
10233,L,-20.9249,-23.7652,-22.6197
10234,L,-22.3684,-24.6932,-24.7053
10235,L,-25.1276,-25.3994,-25.7374
10236,L,-27.7788,-25.4379,-25.5308
10237,L,-29.4306,-28.3580,-20.9047
10238,L,-29.6549,-26.5873,-22.8197
10239,L,-30.0887,-24.8631,-24.6511
10240,L,-32.2387,-24.1436,-23.5007
10241,L,-34.5694,-23.9861,-22.3611
10242,R,27.1976,-14.1014,60.7875
10243,R,31.0922,-47.5665,44.5746
10244,R,62.9368,-9.1206,28.1030
10245,R,39.0018,41.0205,23.9845
10246,R,13.8884,23.4014,29.9907
10247,R,9.1839,-51.3147,48.1647
10248,R,20.8349,-99.8145,3.9653
10249,R,46.0913,-43.9586,7.2361
10250,R,37.2514,-12.7123,1.7621
10251,R,14.3604,25.5011,-15.8432
10252,R,12.5655,-42.9473,1.7870
10253,R,47.7369,-20.4016,-27.5366
10254,R,10.9007,14.7652,62.8495
10255,R,12.4165,55.2289,26.6440
10256,R,32.2335,19.4727,47.8196
10257,R,3.0238,-33.5488,65.3860
10258,R,13.8020,-18.4884,38.3364
10259,R,29.5188,-31.2616,69.2785
10260,R,16.0986,-60.5443,63.6015
10261,R,40.6512,-11.1025,42.7555
10262,R,43.7545,-27.4899,37.8375
10263,R,37.5787,6.2920,23.6814
10264,R,48.9401,26.2096,4.6600
10265,R,44.4066,-12.5864,20.4737
10266,R,27.7319,58.2437,-9.7893
10267,R,27.6701,20.7177,-8.9841
10268,R,7.6567,36.4126,-5.6933
10269,R,1.0255,-6.7096,20.9582
10270,R,10.4783,-22.9009,-16.7927
10271,R,8.2917,-53.1173,19.7877
10272,R,19.4611,-81.3190,37.1597
10273,R,13.2354,-77.6152,3.9358
10274,R,34.4508,-72.5980,28.7975
10275,R,49.9047,-53.8809,35.2406
10276,R,44.0514,-68.8958,6.3834
10277,R,56.6933,-38.5915,27.9265
10278,R,65.1569,-16.1544,2.3817
10279,R,29.7266,-8.6933,-30.3441
10280,R,46.3118,7.2799,-27.5081
10281,R,30.8481,-41.6583,-9.1097
10282,R,34.3698,-74.1472,-12.4135
10283,R,62.4684,-33.4753,-15.4886
10284,R,22.0561,0.8489,64.8599
10285,R,22.2212,17.1474,51.1393
10286,R,25.0013,0.2270,46.4609
10287,R,13.0999,-20.3727,72.6326
10288,R,8.0535,-9.0889,65.8118
10289,R,21.8836,-23.6288,56.7961
10290,R,12.6929,-34.4865,68.0458
10291,R,38.9937,-9.4685,61.0213
10292,R,33.7922,-26.1908,46.0685
10293,R,38.1891,1.2391,48.0638
10294,R,39.8252,33.6403,9.2691
10295,R,50.5396,20.4228,18.8395
10296,R,44.6711,24.0663,28.8014
10297,R,35.3891,50.7869,7.3808
10298,R,41.4282,40.1777,-5.5761
10299,R,22.9352,44.0228,22.1235
10300,R,21.0373,61.3642,4.7971
10301,R,7.8395,13.5867,26.3738
10302,R,1.3818,17.9892,10.5697
10303,R,6.4737,37.1467,14.5227
10304,R,11.5547,2.1925,39.7874
10305,R,5.6079,-9.6058,33.1654
10306,R,5.9961,-69.1846,40.0763
10307,R,12.6337,-63.5344,30.0348
10308,R,14.0766,-52.3340,34.3650
10309,R,7.2908,-58.9365,56.6333
10310,R,13.1923,-73.1864,50.2578
10311,R,43.5643,-53.4052,43.3337
10312,R,40.9724,-67.1111,37.8878
10313,R,33.5731,-62.3781,46.2375
10314,R,33.9170,-37.5594,38.3631
10315,R,47.9151,-42.7985,37.5003
10316,R,59.4603,-12.0834,17.7347
10317,R,43.1388,-29.6974,21.6547
10318,R,58.2091,-26.4153,28.0410
10319,R,37.2571,6.1263,-2.4333
10320,R,43.3727,1.6429,-23.6526
10321,R,49.8637,-4.3089,-12.5465
10322,R,11.1318,-1.4652,-13.8465
10323,R,35.0744,-19.0181,-12.8524
10324,R,24.0910,-2.0023,-12.8362
10325,R,23.8500,-62.3725,0.7161
10326,R,13.0960,-66.8157,-1.8296
10327,R,17.6514,-38.3538,-7.7758
10328,R,35.6041,-82.5058,-0.2322
10329,R,43.9577,-76.6803,-9.3587
10330,R,25.5667,-94.9604,-14.1847
10331,R,53.2149,-31.1278,1.4391
10332,R,46.7394,-24.6902,-11.2281
10333,R,58.9359,-40.8814,-4.9681
10334,R,7.2113,19.7205,47.2448
10335,R,8.7138,42.5449,29.7082
10336,R,9.8758,38.2353,49.8106
10337,R,21.0595,32.8456,35.1221
10338,R,33.0328,29.4115,35.6002
10339,R,15.4200,-42.3957,58.2344
10340,R,14.8068,-40.0651,40.5624
10341,R,8.1194,-26.8326,49.8491
10342,R,10.3059,-1.5248,53.9873
10343,R,27.4675,-41.3129,52.5705
10344,R,30.9450,-54.5173,58.7994
10345,R,21.3365,-44.9780,60.0205
10346,R,11.1513,-47.0234,71.8590
10347,R,45.4832,-10.3759,27.4792
10348,R,52.3444,-18.9498,36.3713
10349,R,49.3442,-16.0867,49.5011
10350,R,42.0491,-31.8963,55.7919
10351,R,38.7121,16.0068,38.7999
10352,R,51.2586,-0.4857,37.3504
10353,R,59.7187,4.8350,23.2487
10354,R,32.9860,14.1902,12.5426
10355,R,34.4024,-13.8198,15.2689
10356,R,45.3224,7.9546,5.9257
10357,R,57.6575,4.4573,8.0579
10358,R,15.1779,43.3369,-21.9356
10359,R,23.4549,20.2180,-19.5185
10360,R,32.5691,34.9847,-6.9866
10361,R,35.8948,30.6043,-2.0819
10362,R,10.7272,52.1231,9.2010
10363,R,7.1889,56.3508,-10.9282
10364,R,5.4640,33.9893,-21.7243
10365,R,5.9454,-28.0270,13.1796
10366,R,19.8725,-34.7080,-0.9260
10367,R,2.0329,-12.1099,3.0392
10368,R,5.3871,8.2571,-5.6161
10369,R,6.1422,-34.6370,34.7864
10370,R,2.6882,-33.7607,25.2727
10371,R,7.7604,-50.1633,8.4123
10372,R,10.7313,-89.8300,20.4043
10373,R,15.0287,-93.2453,5.3454
10374,R,4.2418,-73.5077,20.1854
10375,R,23.2595,-62.4595,13.2368
10376,R,25.4515,-61.6244,47.6048
10377,R,23.9422,-79.2960,28.8175
10378,R,27.4007,-85.5651,12.9775
10379,R,44.2294,-49.4193,20.7068
10380,R,53.7353,-57.5638,5.9792
10381,R,46.3753,-60.9592,20.4701
10382,R,43.9224,-77.5527,18.8002
10383,R,57.7306,-31.4546,45.1149
10384,R,53.8173,-44.4835,29.1499
10385,R,59.4070,-39.9856,14.1007
10386,R,47.3147,-18.5584,1.7071
10387,R,37.8336,-29.2415,12.4874
10388,R,59.9865,-31.3377,9.9581
10389,R,33.7688,1.3765,-17.4742
10390,R,31.0498,11.2300,-37.0304
10391,R,34.4678,-9.6531,-36.6090
10392,R,47.0498,-5.0896,-38.2718
10393,R,36.9159,-37.2579,-7.7137
10394,R,22.5219,-21.2360,-23.6067
10395,R,35.3039,-31.4799,-23.7246
10396,R,11.6148,-87.2174,-14.4916
10397,R,30.1875,-64.2789,-9.0187
10398,R,41.5517,-47.4039,-20.2426
10399,R,53.8780,-54.1033,-5.4177
10400,R,48.8346,-55.4247,-14.8156
10401,R,56.3204,-29.7368,-25.5021
10402,R,56.4642,-3.3788,-9.1545
10403,R,62.3938,-8.0227,-22.2196
10404,R,19.7044,-7.7579,59.1092
10405,R,21.7958,0.0867,54.5856
10406,R,23.3419,-10.3444,50.4997
10407,R,20.4927,-16.6912,68.7864
10408,R,14.5634,-11.1422,62.3586
10409,R,28.4663,-19.8522,68.4508
10410,R,18.1821,-23.0572,66.2836
10411,R,32.8298,-13.3969,60.6141
10412,R,35.3233,-20.2303,63.6813
10413,R,30.0801,-10.4521,48.1603
10414,R,37.3693,37.9360,17.7309
10415,R,41.8452,30.3991,19.7000
10416,R,46.6773,33.5041,26.7315
10417,R,37.4637,49.8789,16.9511
10418,R,37.9868,44.3846,8.8104
10419,R,30.6836,40.9697,20.6991
10420,R,27.9907,47.8409,13.4668
10421,R,5.9288,20.6266,29.5578
10422,R,7.9987,25.0862,19.9286
10423,R,9.9836,30.5669,22.2317
10424,R,12.6102,13.3191,35.4819
10425,R,5.1477,10.2413,35.5621
10426,R,9.0153,-58.9733,44.4983
10427,R,7.4169,-59.6602,37.4671
10428,R,12.0691,-52.8302,41.6967
10429,R,8.2695,-55.0414,52.1990
10430,R,8.1512,-63.3842,49.1323
10431,R,35.3374,-51.0102,37.8502
10432,R,39.7595,-57.7216,40.9744
10433,R,30.5770,-54.5804,40.1908
10434,R,31.9893,-43.7279,40.9063
10435,R,37.4083,-45.6738,35.3435
10436,R,64.1746,-12.9275,20.5167
10437,R,58.2295,-20.3194,20.3440
10438,R,57.8602,-18.6716,26.9507
10439,R,37.9209,-4.1467,-0.1142
10440,R,37.8085,-9.8421,-11.0030
10441,R,39.6779,-16.7001,-9.1838
10442,R,10.3216,14.6398,-16.5727
10443,R,17.6620,-1.3213,-11.5027
10444,R,17.2157,12.2244,-14.8853
10445,R,23.1037,-50.7101,1.5313
10446,R,20.1764,-52.1339,-3.7518
10447,R,15.0745,-40.1512,-2.7912
10448,R,26.3551,-92.1139,0.9671
10449,R,30.9518,-91.2302,-6.3847
10450,R,23.2736,-99.4125,-7.8970
10451,R,46.1385,-36.7604,5.0932
10452,R,45.0396,-36.9458,-2.7082
10453,R,51.3724,-43.6476,0.4968
10454,R,7.0726,18.9615,57.7024
10455,R,6.9224,30.7727,50.8711
10456,R,9.9524,26.3219,56.4929
10457,R,25.8837,15.5340,42.7590
10458,R,21.1181,26.3880,43.7423
10459,R,27.0920,24.7870,39.4198
10460,R,27.9110,32.2026,36.1311
10461,R,32.9280,27.9415,44.3656
10462,R,7.4550,-39.1611,60.4826
10463,R,11.0160,-35.2529,52.6078
10464,R,7.0829,-30.4011,56.9930
10465,R,9.3986,2.6357,67.2120
10466,R,8.3708,-5.0239,59.8041
10467,R,7.3579,6.9149,60.8356
10468,R,9.4057,8.9468,51.1833
10469,R,27.7697,-35.3598,58.6484
10470,R,24.8372,-42.9141,57.2012
10471,R,21.4858,-35.7938,61.9515
10472,R,5.0725,-36.8053,70.0846
10473,R,11.5561,-37.6180,76.4344
10474,R,7.6308,-40.3310,70.2686
10475,R,13.0642,-45.2586,65.6408
10476,R,41.2350,-10.2731,34.6840
10477,R,46.2699,-17.3718,35.6452
10478,R,37.0063,-19.2343,35.9957
10479,R,31.5290,-29.9847,56.0111
10480,R,41.6610,-26.2463,59.8713
10481,R,37.4525,-33.8625,64.1987
10482,R,32.7857,-35.6958,53.1798
10483,R,37.6948,24.2660,38.0688
10484,R,39.6311,21.1299,46.4666
10485,R,46.1312,-4.7842,50.2126
10486,R,44.7797,2.7428,43.9160
10487,R,51.8519,-4.8434,43.5824
10488,R,53.0391,-4.2645,34.7264
10489,R,39.4475,22.7456,9.9863
10490,R,39.2497,11.0577,11.1437
10491,R,45.5367,16.8036,8.3766
10492,R,41.6864,14.1029,20.8139
10493,R,48.7783,9.6863,12.3384
10494,R,48.3153,4.1022,17.4939
10495,R,58.6620,5.4172,15.5510
10496,R,49.6275,4.7480,25.5267
10497,R,19.5726,52.2353,-13.9881
10498,R,23.6247,38.5412,-13.0798
10499,R,30.8151,46.4810,-11.5792
10500,R,51.7928,32.9410,-1.6504
10501,R,49.4157,33.1677,-9.5185
10502,R,41.0277,30.4191,1.9452
10503,R,31.2653,25.4068,8.3530
10504,R,6.8529,53.8814,30.9578
10505,R,9.3841,47.8151,19.5307
10506,R,8.7640,58.4351,19.0211
10507,R,20.6451,56.6650,-2.7620
10508,R,10.0413,65.6624,-3.7756
10509,R,12.2492,58.1681,-13.6349
10510,R,8.8744,54.4407,-21.1557
10511,R,2.1451,-18.0965,16.1959
10512,R,3.9408,-19.6127,9.1274
10513,R,2.4830,-7.8159,11.9934
10514,R,0.0323,29.2648,2.6394
10515,R,1.8403,14.0884,0.8741
10516,R,5.3800,23.7639,-6.2928
10517,R,6.8923,20.9823,-13.3708
10518,R,8.8484,33.5676,-13.3986
10519,R,15.0437,-30.2170,36.6053
10520,R,6.0266,-37.6130,42.1808
10521,R,6.8193,-28.3167,40.7741
10522,R,2.6083,-6.9338,29.6106
10523,R,7.1245,-21.0617,29.0663
10524,R,0.1234,-19.9882,24.1278
10525,R,0.7377,-31.1757,17.8075
10526,R,8.3011,-85.0505,35.3327
10527,R,6.2299,-82.7753,22.1230
10528,R,9.5739,-79.3661,28.5813
10529,R,4.8886,-62.7867,23.4768
10530,R,21.8004,-60.4125,24.0109
10531,R,13.0972,-56.6511,20.4747
10532,R,16.3895,-55.1412,13.3359
10533,R,5.4704,-54.0485,12.6987
10534,R,24.4143,-57.9413,63.8329
10535,R,23.5721,-56.6787,50.6791
10536,R,18.7376,-60.7275,54.6225
10537,R,17.2501,-75.6060,44.2648
10538,R,21.6116,-71.8098,41.0660
10539,R,21.5770,-84.5740,38.5193
10540,R,17.3188,-87.2946,25.7230
10541,R,47.9410,-52.5034,27.1311
10542,R,46.1465,-56.4415,20.7292
10543,R,47.3294,-59.3529,27.0090
10544,R,35.8939,-76.1989,38.9707
10545,R,39.2327,-72.4199,29.7466
10546,R,38.1308,-82.3170,26.0697
10547,R,36.9145,-84.5811,15.1530
10548,R,33.6601,-76.5441,17.7316
10549,R,47.6336,-23.1132,38.2300
10550,R,54.2728,-26.5953,38.8029
10551,R,50.6733,-32.0516,42.4696
10552,R,51.9042,-49.6452,40.1805
10553,R,53.3444,-44.6552,38.6377
10554,R,56.2602,-51.2830,31.3200
10555,R,52.4961,-48.0793,24.7563
10556,R,37.3690,-12.1710,20.5628
10557,R,31.9635,-24.3712,13.9297
10558,R,34.7876,-23.7417,20.7442
10559,R,46.5439,-34.6468,27.6208
10560,R,45.7163,-37.1164,18.0063
10561,R,56.9785,-35.9940,18.3588
10562,R,65.3293,-34.7583,12.0878
10563,R,63.5886,-37.8804,19.3834
10564,R,29.6720,20.9679,-18.4664
10565,R,25.3442,12.0891,-17.6266
10566,R,30.4774,12.3062,-14.4732
10567,R,45.8016,16.6608,-23.5612
10568,R,38.4015,15.0966,-32.3602
10569,R,41.6467,13.4462,-36.9184
10570,R,38.7408,1.0897,-37.2256
10571,R,48.7572,5.0628,-34.5199
10572,R,15.9175,-27.4461,-6.7468
10573,R,31.0964,-34.8998,0.5584
10574,R,28.1975,-29.8224,-7.9416
10575,R,39.0375,-14.8043,-21.9276
10576,R,36.7853,-23.2770,-19.7708
10577,R,23.6807,-13.6734,-27.5756
10578,R,26.8576,-15.8574,-31.2401
10579,R,25.0875,-6.3491,-34.3703
10580,R,14.1483,-86.7354,5.3269
10581,R,8.1371,-94.4886,-6.3789
10582,R,3.6089,-84.3817,-4.7033
10583,R,23.1376,-54.6695,-7.3284
10584,R,22.1819,-65.5810,-5.9452
10585,R,33.6007,-52.8202,-7.6239
10586,R,29.7692,-46.0648,-15.4814
10587,R,37.8664,-37.7410,-14.5040
10588,R,45.8806,-60.9424,6.2829
10589,R,56.3637,-58.1735,0.9598
10590,R,47.1293,-60.1446,1.7556
10591,R,40.7483,-76.7295,-15.4969
10592,R,44.9712,-63.3306,-10.2460
10593,R,40.7890,-63.8813,-12.6764
10594,R,42.3255,-50.2853,-12.5075
10595,R,38.7572,-62.3017,-17.8916
10596,R,56.2141,-13.8084,1.5102
10597,R,58.6050,-4.3080,-1.9201
10598,R,62.1880,-9.1901,-3.4423
10599,R,62.6754,-26.1489,-12.1401
10600,R,56.3995,-17.4082,-16.7606
10601,R,63.8725,-19.6705,-16.9560
10602,R,56.4711,-18.9278,-22.8318
10603,R,54.7979,-33.2225,-17.3126
10604,R,17.1689,7.9032,61.5462
10605,R,18.2770,18.2856,58.1315
10606,R,21.0527,9.5675,57.4746
10607,R,22.6892,8.6812,46.8748
10608,R,30.8821,9.0313,50.8999
10609,R,5.4423,-25.9497,72.7092
10610,R,5.6567,-21.2541,66.9308
10611,R,8.7990,-14.0312,68.8093
10612,R,14.5028,-2.4972,68.0922
10613,R,23.2528,-30.9549,55.5166
10614,R,21.1964,-30.8411,68.7352
10615,R,14.6138,-30.7234,57.7919
10616,R,9.7063,-28.8073,66.8633
10617,R,40.6639,-9.8097,53.3194
10618,R,32.3860,-17.1251,45.4695
10619,R,36.7560,-18.7937,54.7976
10620,R,27.6311,-23.4179,50.3034
10621,R,37.3004,9.9056,55.8422
10622,R,30.8839,0.3032,48.3708
10623,R,37.7839,-7.0395,49.0024
10624,R,51.7618,30.5035,5.1839
10625,R,54.8688,23.6925,12.0723
10626,R,46.8682,27.2911,13.6550
10627,R,42.1312,23.6890,20.4258
10628,R,35.4958,17.5100,24.6055
10629,R,31.2077,49.5002,-2.1509
10630,R,39.5562,53.3130,-6.2630
10631,R,39.8788,49.8189,1.8814
10632,R,42.3368,37.9464,2.0364
10633,R,22.4038,54.0954,26.0948
10634,R,15.3108,59.4862,14.4987
10635,R,22.5142,56.0565,15.5158
10636,R,24.3308,51.0258,5.3491
10637,R,0.1820,4.3358,24.8326
10638,R,1.2908,5.2642,15.8148
10639,R,0.2906,16.9337,19.8301
10640,R,3.4244,28.4426,12.1264
10641,R,6.7002,39.3026,3.9669
10642,R,10.8351,-7.9204,41.7692
10643,R,5.5833,-14.1888,39.8165
10644,R,4.8974,-2.2910,39.7594
10645,R,7.5590,2.6353,31.3196
10646,R,16.5817,-71.1569,39.8563
10647,R,19.3460,-69.8856,32.8680
10648,R,8.0586,-68.4953,34.5437
10649,R,5.4851,-60.1820,30.7281
10650,R,10.7904,-52.6105,27.3305
10651,R,10.2031,-61.1526,61.7493
10652,R,12.5283,-67.6170,56.1487
10653,R,8.1181,-67.2478,53.5828
10654,R,7.4600,-73.7640,45.4085
10655,R,50.3088,-55.2332,43.7597
10656,R,47.8960,-60.4515,35.9155
10657,R,45.9642,-60.7739,44.4176
10658,R,38.7368,-66.0737,47.8958
10659,R,34.7675,-67.9970,39.2165
10660,R,38.3305,-31.7388,38.0747
10661,R,45.2047,-36.2908,42.1740
10662,R,40.8356,-39.9993,35.9888
10663,R,45.2632,-48.4642,38.7331
10664,R,51.1870,-13.4342,17.5328
10665,R,42.8944,-22.0187,19.0503
10666,R,50.9083,-21.8119,17.2261
10667,R,50.3057,-25.8202,25.0926
10668,R,52.6868,-31.7346,32.5270
10669,R,35.4760,16.0352,-5.1609
10670,R,36.5448,6.4581,-11.6990
10671,R,37.8556,-2.2895,-11.7582
10672,R,47.2207,-0.9619,-18.8048
10673,R,52.6042,12.0708,-16.3954
10674,R,9.2305,-12.8477,-17.4301
10675,R,21.8502,-21.4343,-12.8365
10676,R,18.6878,-12.5095,-12.6316
10677,R,29.2546,-11.3164,-13.0089
10678,R,35.7801,-7.7674,-22.5334
10679,R,13.6071,-69.8510,4.8556
10680,R,3.2926,-71.1727,5.6772
10681,R,8.3141,-60.5458,4.0191
10682,R,13.0212,-50.7083,-4.6332
10683,R,21.4634,-41.6842,-10.1395
10684,R,47.9521,-78.3754,5.4735
10685,R,43.2690,-74.0891,0.2261
10686,R,42.0965,-83.7142,-3.7801
10687,R,39.0429,-87.4934,-13.6288
10688,R,28.0886,-85.8205,-12.2063
10689,R,61.2600,-23.2338,-0.3957
10690,R,53.4955,-19.4445,-3.3972
10691,R,45.9697,-27.3564,-2.5131
10692,R,52.3255,-32.8530,-9.1362
10693,R,64.8269,-34.8324,-8.0050
10694,R,9.6546,22.6760,38.8029
10695,R,11.3509,33.3186,29.8534
10696,R,8.1206,32.4486,38.7256
10697,R,6.8075,43.5112,41.7092
10698,R,11.0175,48.7468,39.8034
10699,R,18.4579,29.6958,53.4907
10700,R,17.5435,38.3534,43.2057
10701,R,18.0872,45.9809,32.9595
10702,R,24.3520,40.8044,31.8162
10703,R,28.8180,33.8686,28.4151
10704,R,36.9667,34.0115,29.8971
10705,R,10.2928,-48.1405,52.4015
10706,R,6.9761,-44.9269,46.2460
10707,R,17.3081,-42.9788,48.7816
10708,R,16.8270,-33.0131,44.3800
10709,R,15.1817,-23.1882,44.5706
10710,R,6.2281,-18.6732,58.7348
10711,R,6.6370,-15.2887,50.7965
10712,R,12.6640,-10.8093,47.1814
10713,R,11.8402,-0.0038,46.9114
10714,R,11.3249,11.9580,43.3167
10715,R,33.9322,-44.9449,51.6291
10716,R,32.3674,-50.2679,52.4434
10717,R,35.7828,-46.2359,59.4989
10718,R,30.1436,-48.1910,64.4098
10719,R,21.1126,-51.3898,58.9130
10720,R,16.6367,-35.8648,69.4302
10721,R,16.4105,-46.5159,66.8625
10722,R,13.2381,-51.9739,62.1375
10723,R,8.1359,-53.1460,63.6589
10724,R,7.0235,-49.6494,59.2296
10725,R,54.7344,-10.6022,28.1660
10726,R,57.7837,-14.4276,34.6346
10727,R,55.8616,-11.7681,39.0823
10728,R,55.4080,-15.8920,46.1089
10729,R,50.1405,-21.8975,48.2861
10730,R,40.9763,-20.9487,47.3065
10731,R,48.5008,-21.5188,57.5069
10732,R,42.1679,-28.4898,46.8796
10733,R,34.2507,-32.7852,44.7746
10734,R,29.9619,-39.8214,45.5479
10735,R,42.6077,27.4754,31.5376
10736,R,39.9867,19.2901,32.0247
10737,R,32.7925,10.7903,31.1966
10738,R,38.9305,9.5686,46.5782
10739,R,37.5989,3.8798,37.6036
10740,R,42.3771,1.9466,30.4722
10741,R,56.0488,4.4770,31.7151
10742,R,52.6132,-3.5229,24.3923
10743,R,57.7429,-8.1829,17.9533
10744,R,34.9561,0.0245,8.5736
10745,R,38.1862,-13.7201,8.8857
10746,R,34.9155,-0.2245,14.6986
10747,R,40.3825,-0.9594,17.1724
10748,R,46.7572,-3.1491,13.5800
10749,R,54.7484,13.9698,9.1154
10750,R,53.0795,6.1077,1.2654
10751,R,51.1796,-5.8018,8.9252
10752,R,56.9965,-6.2846,11.0555
10753,R,62.2507,-5.6234,11.4337
10754,R,12.8591,34.2798,-24.5214
10755,R,14.0168,20.4328,-25.0723
10756,R,19.9755,29.6922,-20.0093
10757,R,27.3385,28.3191,-13.2460
10758,R,37.9296,25.6094,-17.2743
10759,R,41.7262,42.6194,-13.3890
10760,R,45.1375,28.5197,-13.5820
10761,R,30.9096,27.2476,-6.1528
10762,R,31.3037,21.5357,1.2506
10763,R,32.2991,11.2145,5.1943
10764,R,14.5850,38.7063,20.1486
10765,R,15.1163,43.0051,9.9026
10766,R,14.8681,44.1485,0.0187
10767,R,9.4983,64.0108,7.9650
10768,R,11.0084,54.6347,-0.3824
10769,R,7.0404,44.8554,-8.2397
10770,R,7.0776,45.9524,-16.8096
10771,R,8.7621,42.8061,-20.7544
10772,R,7.0904,30.0103,-24.3416
10773,R,7.9665,-36.0196,6.4713
10774,R,19.2451,-36.8764,5.4585
10775,R,8.9226,-31.1363,4.4575
10776,R,6.8678,-25.8821,-0.9840
10777,R,2.1228,-23.6157,-7.4210
10778,R,2.3690,2.1415,6.2602
10779,R,3.9363,-4.3850,-2.7024
10780,R,2.2254,-11.5015,-11.2425
10781,R,6.6984,1.2962,-10.6486
10782,R,5.4000,17.2766,-21.2163
10783,R,8.4414,-45.3744,40.0674
10784,R,12.7823,-42.6168,33.2614
10785,R,4.6619,-45.2910,30.4394
10786,R,4.1648,-23.4114,33.7121
10787,R,8.2026,-34.1318,29.5998
10788,R,8.8242,-44.5831,23.4418
10789,R,4.4091,-43.5930,17.5520
10790,R,1.9218,-40.7389,8.6119
10791,R,10.3948,-47.4202,4.4998
10792,R,14.7383,-96.3889,10.8242
10793,R,12.3351,-101.9305,3.6682
10794,R,5.9914,-94.3083,12.6650
10795,R,3.9837,-84.9495,9.1301
10796,R,7.4677,-76.7487,13.2681
10797,R,18.9475,-74.3095,20.5811
10798,R,13.4187,-65.2100,14.8584
10799,R,17.1299,-69.5867,10.7574
10800,R,25.3708,-65.7737,6.7708
10801,R,21.9134,-54.8592,6.8873
10802,R,27.2739,-55.9129,46.5232
10803,R,29.6807,-61.8641,45.3125
10804,R,29.8639,-62.0598,34.5917
10805,R,20.0119,-66.7897,50.1825
10806,R,22.4682,-63.0804,35.0178
10807,R,29.0509,-68.2328,22.1673
10808,R,23.5991,-81.2254,18.1976
10809,R,20.4656,-91.7162,18.1904
10810,R,25.0468,-94.3441,11.7983
10811,R,44.7665,-48.1492,13.1009
10812,R,54.6058,-50.9808,7.1189
10813,R,49.9185,-54.6621,13.2934
10814,R,45.4591,-57.0375,12.0869
10815,R,38.3017,-62.0554,12.9987
10816,R,46.7766,-65.7415,28.2688
10817,R,38.6112,-67.3177,22.4687
10818,R,45.4775,-72.5430,13.1204
10819,R,37.3662,-76.3069,9.1208
10820,R,29.1784,-86.8418,8.7404
10821,R,56.4470,-23.5366,31.6640
10822,R,60.7209,-27.0169,36.6420
10823,R,59.4846,-35.1588,36.7136
10824,R,52.4937,-38.9355,45.8756
10825,R,56.5716,-39.5287,37.5836
10826,R,61.2138,-39.7955,27.0315
10827,R,57.7331,-44.0776,20.6290
10828,R,51.3911,-44.6982,17.5739
10829,R,49.9325,-39.6541,11.9258
10830,R,38.6300,-22.9667,-2.9068
10831,R,34.2155,-24.3317,5.0200
10832,R,42.4321,-23.2683,7.5424
10833,R,51.3709,-23.0973,4.0020
10834,R,36.5861,-33.8749,19.5443
10835,R,47.4319,-31.0899,8.9040
10836,R,63.3286,-23.4239,5.7151
10837,R,66.1330,-30.0666,3.2032
10838,R,57.8775,-35.4612,6.3064
10839,R,20.4433,11.6635,-18.9620
10840,R,29.6950,-0.3986,-13.5495
10841,R,32.6801,-2.8184,-25.7503
10842,R,37.2611,3.7136,-23.9690
10843,R,31.3229,6.7105,-32.6207
10844,R,26.2311,2.6725,-36.6226
10845,R,31.8693,-0.0338,-41.7865
10846,R,40.3465,-5.7548,-41.8191
10847,R,40.1473,-10.1176,-28.2717
10848,R,48.0332,-13.6556,-37.9744
10849,R,26.1149,-40.4691,1.9644
10850,R,26.9024,-39.0487,-7.7344
10851,R,21.7714,-31.0106,-12.6970
10852,R,38.6756,-28.1996,-10.3738
10853,R,30.7647,-29.5195,-16.6834
10854,R,26.3363,-30.5191,-19.8228
10855,R,32.6342,-24.4852,-22.5818
10856,R,37.7021,-18.9807,-28.0922
10857,R,40.3082,-27.3337,-22.5998
10858,R,16.7900,-98.3636,-9.2099
10859,R,16.2526,-92.1432,-7.4445
10860,R,23.5072,-83.0272,-9.3738
10861,R,12.1444,-77.5798,-5.1637
10862,R,21.5219,-75.6848,-8.8145
10863,R,28.9372,-71.0246,-12.0898
10864,R,31.9923,-54.8167,-15.7276
10865,R,34.9302,-40.2551,-21.8596
10866,R,44.0386,-35.0871,-20.6546
10867,R,61.9266,-49.7510,3.4814
10868,R,63.1599,-45.7631,-4.9462
10869,R,57.2078,-41.9469,-11.0899
10870,R,44.9689,-62.3994,-4.3877
10871,R,56.7143,-57.5358,-11.9404
10872,R,58.5041,-46.7938,-20.1069
10873,R,53.2941,-43.9311,-21.2863
10874,R,48.7417,-37.8563,-19.9798
10875,R,53.1548,-26.5769,-29.1412
10876,R,49.8934,-12.8913,-5.8744
10877,R,57.0503,5.6442,-7.9380
10878,R,51.7718,1.7550,-19.4280
10879,R,48.7266,-14.3355,-11.8933
10880,R,49.7420,-8.5486,-21.9878
10881,R,56.8323,1.9743,-27.8609
10882,R,51.9780,-7.7753,-27.8610
10883,R,55.9344,-16.3285,-32.9539
10884,R,21.2888,-11.8067,59.1688
10885,R,21.5744,-8.7782,55.1211
10886,R,24.0304,-12.7649,54.7447
10887,R,23.8419,-14.5164,65.9885
10888,R,20.2799,-14.2811,62.2923
10889,R,27.8724,-14.6961,67.4275
10890,R,24.7816,-17.5778,69.6810
10891,R,29.0481,-14.6837,60.7165
10892,R,31.6927,-15.6172,66.4348
10893,R,27.8389,-13.8672,54.0622
10894,R,40.3569,40.5023,21.2393
10895,R,42.4180,35.8078,22.3610
10896,R,43.1983,37.9408,25.2749
10897,R,37.5675,46.3826,21.8327
10898,R,39.0079,44.3376,17.2070
10899,R,34.0732,41.4401,23.2010
10900,R,33.4128,46.1094,20.3258
10901,R,10.1644,21.6982,28.8569
10902,R,7.5668,26.1331,26.1178
10903,R,12.7843,26.6547,25.5047
10904,R,13.2641,18.4052,32.5972
10905,R,9.1816,17.1017,32.4802
10906,R,8.0406,-55.2101,45.8712
10907,R,8.6986,-55.6987,42.7403
10908,R,10.3285,-52.3860,44.8507
10909,R,8.5871,-52.9682,50.3129
10910,R,6.8074,-57.1467,48.1600
10911,R,30.9683,-48.9822,39.1266
10912,R,32.5762,-52.4824,37.9117
10913,R,28.9474,-50.2596,41.4852
10914,R,32.9636,-45.7251,43.2017
10915,R,32.5843,-46.7642,38.7704
10916,R,63.5493,-10.6728,24.0393
10917,R,61.7042,-15.8912,23.9069
10918,R,60.0724,-13.7839,27.5187
10919,R,37.8334,-8.9001,0.5541
10920,R,35.9505,-11.7771,-4.6228
10921,R,36.2014,-15.9069,-4.1551
10922,R,11.1809,21.1093,-15.4454
10923,R,13.2990,13.5869,-14.0248
10924,R,15.4255,19.6986,-14.1545
10925,R,16.5704,-47.0816,0.8644
10926,R,19.0563,-46.1540,-1.5192
10927,R,13.8158,-41.6802,-0.6637
10928,R,23.4637,-96.2625,1.5490
10929,R,26.1137,-97.1848,-1.4234
10930,R,21.8517,-99.8408,-1.8683
10931,R,44.7826,-40.4118,6.3708
10932,R,45.3845,-41.5409,2.2075
10933,R,48.5417,-43.8594,4.0963
10934,R,7.9068,17.5893,62.1408
10935,R,7.4091,23.1741,58.6697
10936,R,10.4346,20.0642,59.4040
10937,R,29.5373,17.0839,44.9526
10938,R,25.6728,20.0471,41.1655
10939,R,28.9301,22.1425,44.2315
10940,R,29.8131,26.4327,42.3325
10941,R,32.0095,23.8017,47.0093
10942,R,4.2516,-38.0995,62.4787
10943,R,4.7055,-35.9029,57.8514
10944,R,5.3172,-32.0880,61.5902
10945,R,10.2506,8.6360,64.8654
10946,R,6.7073,5.0578,65.9282
10947,R,7.6667,11.5427,63.6712
10948,R,8.6065,12.6289,59.3660
10949,R,29.4279,-34.2784,65.2153
10950,R,24.5576,-35.6728,59.9497
10951,R,26.1842,-34.0048,66.9163
10952,R,2.7982,-34.9799,69.2490
10953,R,4.3630,-39.6155,72.3967
10954,R,3.9814,-39.8682,67.0482
10955,R,7.4197,-40.1188,65.1172
10956,R,40.9507,-11.9222,38.2285
10957,R,37.9136,-14.8211,33.9632
10958,R,35.9727,-14.1482,37.8043
10959,R,30.9769,-30.1064,64.1899
10960,R,35.9444,-30.4483,64.7571
10961,R,33.5661,-32.8238,67.3077
10962,R,32.9076,-34.9595,62.3336
10963,R,35.7160,25.1419,46.9175
10964,R,35.4685,20.6693,48.5251
10965,R,45.7685,-8.3880,48.8744
10966,R,50.1615,-4.6612,48.7373
10967,R,46.3110,-8.7235,42.9068
10968,R,46.5131,-8.0506,38.5484
10969,R,43.8474,24.7673,7.0475
10970,R,42.9841,19.9076,9.3245
10971,R,47.4428,22.3214,8.1769
10972,R,39.1456,10.5233,21.9088
10973,R,43.9187,8.6985,19.0968
10974,R,43.0333,5.0493,20.9677
10975,R,48.9169,3.4491,21.4248
10976,R,42.8184,3.9494,23.8975
10977,R,23.8629,56.4766,-13.0532
10978,R,25.0885,48.7739,-11.4906
10979,R,29.7902,53.6771,-11.1705
10980,R,51.1600,28.6058,0.8525
10981,R,47.6553,30.3355,-1.0763
10982,R,44.6452,27.5771,3.5777
10983,R,39.4460,26.6161,6.6524
10984,R,8.7128,56.6318,30.2525
10985,R,7.7626,57.0010,25.1235
10986,R,8.8564,60.3073,24.3691
10987,R,22.9127,54.2375,-7.3684
10988,R,15.9052,57.3869,-7.2731
10989,R,20.5417,59.3248,-11.6745
10990,R,17.1527,58.2544,-15.2023
10991,R,1.3180,-12.5162,18.3835
10992,R,2.6297,-12.5953,14.1856
10993,R,1.5365,-7.2638,16.3553
10994,R,6.7986,32.2835,-2.1971
10995,R,1.9668,26.4326,-2.4127
10996,R,4.9576,30.7209,-7.4050
10997,R,7.0250,28.0732,-10.0166
10998,R,10.2933,33.7268,-9.0950
10999,R,14.5348,-24.4114,36.9382
11000,R,10.8024,-29.4267,38.1297
11001,R,10.6599,-23.6354,37.7912
11002,R,0.1572,-6.4286,25.5354
11003,R,0.2585,-13.1897,27.3705
11004,R,0.4639,-13.2365,22.6252
11005,R,1.0198,-19.0549,20.1157
11006,R,12.6822,-84.2618,37.0911
11007,R,6.5436,-81.8728,33.7790
11008,R,13.4739,-81.2622,32.4335
11009,R,4.8285,-57.7598,21.6585
11010,R,8.7965,-60.0457,22.2906
11011,R,5.3483,-59.5129,17.2675
11012,R,7.6515,-57.7226,15.0343
11013,R,6.2414,-54.3459,15.9848
11014,R,20.5082,-59.4743,64.3447
11015,R,21.4378,-59.6146,58.9462
11016,R,18.5862,-62.1897,60.4231
11017,R,18.6688,-78.0840,42.8698
11018,R,22.0010,-79.5671,43.6363
11019,R,19.0750,-83.9656,40.1361
11020,R,14.6159,-87.1145,36.8086
11021,R,49.4600,-53.5311,30.8274
11022,R,45.0816,-55.6830,28.4076
11023,R,46.0902,-56.4410,31.9842
11024,R,34.3994,-75.8529,34.5361
11025,R,36.2300,-79.8424,32.2276
11026,R,35.6078,-78.3888,27.6013
11027,R,36.4264,-80.3831,22.7534
11028,R,34.6786,-74.3370,22.8881
11029,R,45.5888,-25.4977,37.6798
11030,R,48.8014,-28.4397,38.0590
11031,R,47.1438,-30.5274,39.2160
11032,R,53.7849,-52.2711,39.3485
11033,R,55.0457,-50.8998,36.6487
11034,R,54.0144,-52.9024,32.8031
11035,R,52.8146,-52.0505,28.6539
11036,R,40.7804,-12.3938,21.0057
11037,R,36.2747,-18.1030,21.3923
11038,R,39.7825,-17.8284,22.0357
11039,R,50.6822,-37.7461,28.6097
11040,R,50.5586,-37.7443,23.5666
11041,R,56.6026,-37.8615,22.6931
11042,R,61.3682,-36.1045,18.4237
11043,R,60.9755,-37.4463,22.9365
11044,R,27.7871,22.2459,-13.6630
11045,R,25.9850,17.7072,-14.5321
11046,R,28.3076,16.6495,-11.2886
11047,R,47.2532,14.3296,-25.2511
11048,R,43.0101,16.7326,-29.9165
11049,R,43.3856,9.8361,-32.5114
11050,R,45.4471,8.9388,-37.3924
11051,R,49.6796,8.4605,-32.7889
11052,R,13.4127,-24.2869,-10.2784
11053,R,21.9675,-28.8289,-6.8422
11054,R,19.1765,-25.3291,-9.6635
11055,R,34.9360,-12.4940,-26.9971
11056,R,32.7446,-16.0163,-25.9795
11057,R,26.5684,-11.5602,-29.7547
11058,R,22.1036,-9.3223,-30.1956
11059,R,24.2678,-6.3008,-32.0699
11060,R,15.3187,-82.6077,3.5218
11061,R,9.3033,-86.6359,-2.1525
11062,R,6.9426,-81.8241,1.2230
11063,R,27.6232,-47.7255,-6.4062
11064,R,29.0308,-53.3602,-5.4362
11065,R,34.1182,-46.5678,-7.1454
11066,R,36.3841,-45.3892,-11.1051
11067,R,35.5877,-40.0375,-10.7275
11068,R,43.1467,-63.7152,6.1776
11069,R,47.7645,-62.2748,3.6846
11070,R,43.3969,-64.6606,3.5039
11071,R,36.4179,-76.0693,-14.6151
11072,R,43.3327,-69.3763,-16.2468
11073,R,39.2568,-68.8918,-14.2833
11074,R,39.8303,-63.3082,-15.6109
11075,R,35.6744,-68.2821,-14.2608
11076,R,62.2490,-14.5667,2.4550
11077,R,62.7854,-9.8128,0.3591
11078,R,64.3931,-12.7679,-0.7155
11079,R,65.9786,-28.0145,-13.0103
11080,R,65.5496,-22.4390,-13.7473
11081,R,63.1827,-27.3271,-16.8980
11082,R,58.7688,-25.6311,-17.6197
11083,R,58.7229,-33.2784,-16.6529
11084,R,20.0007,5.1427,64.5747
11085,R,21.0154,9.8637,61.8689
11086,R,22.9192,5.7535,62.0426
11087,R,22.1515,-0.2362,49.2309
11088,R,21.6939,4.7786,51.1174
11089,R,24.0650,4.4365,47.0823
11090,R,27.3069,8.1322,46.6782
11091,R,27.7823,4.5048,49.2589
11092,R,9.0902,-22.8303,73.8703
11093,R,7.3788,-19.8983,71.6946
11094,R,10.6613,-17.9679,69.9471
11095,R,18.0938,-4.9652,63.9011
11096,R,14.8724,-6.1388,65.7405
11097,R,18.4913,-0.3777,66.3430
11098,R,16.1740,2.4349,64.0541
11099,R,20.7407,-27.9609,52.7279
11100,R,18.7470,-31.5081,55.9031
11101,R,17.6891,-27.2701,56.2200
11102,R,15.9259,-22.2294,70.9108
11103,R,13.2598,-25.2994,66.6273
11104,R,11.6028,-24.4393,72.3787
11105,R,7.9521,-27.3693,72.2809
11106,R,41.4251,-9.2337,58.1023
11107,R,37.4158,-13.1921,55.3112
11108,R,39.6360,-14.1467,59.8143
11109,R,29.1979,-21.6770,61.0629
11110,R,31.8770,-22.6129,57.6875
11111,R,24.5545,-22.6023,53.4711
11112,R,23.9654,-27.1420,50.2951
11113,R,29.5229,3.7475,53.0135
11114,R,27.8668,-0.8855,47.5397
11115,R,34.2340,-9.8221,55.4372
11116,R,33.5955,-8.3501,48.6723
11117,R,38.2472,-7.4589,56.1247
11118,R,42.2290,-6.5617,55.0248
11119,R,46.1878,32.7344,7.0882
11120,R,49.0659,29.3594,9.2282
11121,R,43.8464,30.9688,11.2629
11122,R,45.5417,28.4843,24.3717
11123,R,42.5947,27.2708,21.1991
11124,R,41.5859,25.1663,24.6529
11125,R,37.8863,21.6633,22.3867
11126,R,39.4605,21.5733,26.9989
11127,R,32.6021,50.8716,3.1431
11128,R,36.5007,53.3262,0.7128
11129,R,39.2484,52.2866,4.8333
11130,R,36.6338,38.2449,8.1790
11131,R,38.5657,40.8504,4.9300
11132,R,41.3183,36.0270,5.6116
11133,R,47.5963,35.2643,4.5419
11134,R,23.1433,48.8087,24.7531
11135,R,23.4754,55.3554,20.7681
11136,R,23.8272,50.5934,19.3250
11137,R,31.4165,48.9445,10.0153
11138,R,26.0271,49.0070,9.4613
11139,R,29.6965,47.4713,5.2044
11140,R,26.6564,48.8790,1.3495
11141,R,2.8555,9.4315,26.1250
11142,R,0.1428,10.7487,22.2967
11143,R,4.3467,15.4988,23.0570
11144,R,7.3156,30.7575,17.0647
11145,R,6.6694,26.4328,15.5420
11146,R,8.5857,31.9563,12.0124
11147,R,7.5861,32.9436,7.4496
11148,R,6.7584,38.7316,9.4164
11149,R,10.0963,-3.1290,42.0938
11150,R,7.6043,-5.4730,41.2057
11151,R,7.4110,0.1672,40.5713
11152,R,5.1611,11.9004,29.9398
11153,R,4.9318,6.3669,32.5318
11154,R,7.7509,8.3491,29.2139
11155,R,3.9873,4.0705,28.4936
11156,R,9.2520,-71.8436,39.8799
11157,R,12.2478,-68.8245,38.0207
11158,R,6.2915,-70.0014,36.8512
11159,R,10.2728,-56.0516,36.1063
11160,R,6.5120,-59.4550,34.4557
11161,R,9.6268,-55.5839,32.8388
11162,R,8.3446,-56.3988,29.4457
11163,R,12.5897,-52.2217,30.6763
11164,R,8.5573,-60.4192,58.6686
11165,R,8.0703,-65.0462,58.4979
11166,R,5.9117,-63.6834,55.9505
11167,R,6.6969,-66.3783,43.6673
11168,R,6.4275,-68.6815,46.1108
11169,R,6.5717,-71.6255,42.4065
11170,R,11.2924,-72.9683,42.9670
11171,R,47.8372,-54.7140,45.0931
11172,R,48.4533,-58.2085,44.3440
11173,R,46.4050,-57.2729,45.2101
11174,R,36.5354,-60.3518,42.5940
11175,R,39.5134,-61.5436,44.5565
11176,R,35.8159,-64.3165,46.8248
11177,R,36.2914,-68.1620,44.3692
11178,R,34.3225,-65.2787,43.5898
11179,R,35.9583,-34.5514,38.0499
11180,R,40.0254,-36.5339,38.0582
11181,R,37.1884,-38.7588,36.1017
11182,R,40.7776,-49.7583,39.3244
11183,R,41.3517,-47.3783,37.1292
11184,R,45.0081,-50.9817,41.8382
11185,R,48.7478,-51.5339,43.3335
11186,R,54.9730,-12.5324,17.6517
11187,R,51.2390,-17.6389,19.6261
11188,R,55.4832,-17.5531,18.6221
11189,R,56.6113,-23.6035,24.7711
11190,R,54.0012,-23.5908,22.4656
11191,R,54.0805,-26.4633,27.2644
11192,R,51.3733,-29.3678,28.3214
11193,R,55.6439,-28.7110,30.2688
11194,R,37.0912,13.1702,-3.7261
11195,R,37.2825,7.1701,-6.5650
11196,R,37.3181,2.0199,-5.6045
11197,R,44.0430,-11.0084,-14.2333
11198,R,42.7052,-8.5897,-16.3452
11199,R,48.5463,-2.6225,-15.6667
11200,R,49.8978,7.9456,-17.2208
11201,R,51.6207,6.3420,-13.4108
11202,R,9.0535,-5.1251,-14.7879
11203,R,14.2884,-12.7706,-15.8734
11204,R,13.8238,-7.2678,-13.8807
11205,R,21.2758,-1.8224,-11.3738
11206,R,22.3197,-6.7229,-10.6764
11207,R,26.6522,-6.3713,-12.4256
11208,R,33.9135,-10.4280,-17.7060
11209,R,30.1121,-6.6747,-16.1520
11210,R,18.4417,-67.0957,1.9671
11211,R,8.6296,-64.5235,6.0623
11212,R,15.4032,-61.9978,1.9497
11213,R,20.3083,-45.2339,-6.7699
11214,R,14.3772,-51.3995,-2.9069
11215,R,16.2709,-45.3931,-6.8652
11216,R,17.4575,-46.6429,-8.6924
11217,R,18.3258,-39.6147,-9.9243
11218,R,41.6889,-81.2042,3.5286
11219,R,44.7248,-82.1391,1.4975
11220,R,39.9150,-85.3907,-0.7319
11221,R,29.2283,-95.1889,-11.1482
11222,R,34.8084,-89.2892,-10.7321
11223,R,31.8525,-91.3678,-13.8267
11224,R,33.3986,-86.5889,-13.8277
11225,R,26.9511,-90.3537,-11.4188
11226,R,57.6910,-27.2718,0.7371
11227,R,53.2554,-25.6765,-1.1064
11228,R,49.2592,-28.8494,0.6017
11229,R,51.0576,-39.4006,-4.6200
11230,R,47.8289,-35.3672,-6.2090
11231,R,55.3232,-36.3007,-6.5309
11232,R,59.8253,-33.6094,-9.2909
11233,R,62.3007,-37.6750,-6.2386
11234,R,7.7935,21.3055,42.4907
11235,R,8.1281,27.4643,38.1294
11236,R,8.3058,26.4614,42.9332
11237,R,7.0516,35.4124,51.6598
11238,R,6.6963,36.9926,46.2478
11239,R,6.8461,41.8826,47.3707
11240,R,7.4203,47.9255,42.5732
11241,R,9.6975,43.2231,44.8827
11242,R,21.5448,18.7581,56.4847
11243,R,18.1133,23.3222,55.0816
11244,R,21.0605,23.4260,53.1223
11245,R,20.8015,29.3809,39.2776
11246,R,19.5182,32.0066,43.8988
11247,R,19.9245,35.7247,39.7370
11248,R,18.8073,42.6460,39.2658
11249,R,19.7022,39.6269,34.4921
11250,R,21.0567,43.6994,31.0901
11251,R,21.8166,37.0570,32.1149
11252,R,30.6354,31.6842,37.3740
11253,R,28.4755,33.4934,32.9892
11254,R,31.7856,32.7322,33.9167
11255,R,32.5990,32.5473,28.5104
11256,R,34.8344,31.1730,32.5183
11257,R,14.4093,-46.6856,55.3774
11258,R,14.7148,-46.6851,50.5506
11259,R,16.4711,-42.7940,53.5686
11260,R,9.0896,-31.4526,50.9264
11261,R,14.1314,-33.8853,48.7529
11262,R,13.1565,-29.7136,47.8759
11263,R,16.1000,-28.2211,43.9031
11264,R,12.3621,-25.1125,47.7749
11265,R,4.8343,-14.7461,66.4114
11266,R,6.2003,-19.5651,63.1537
11267,R,5.8626,-13.7409,62.5682
11268,R,8.6215,-3.0417,57.2836
11269,R,5.7144,-10.1592,55.0780
11270,R,7.1637,-7.9826,52.9279
11271,R,10.1816,-13.1861,49.6762
11272,R,9.7349,-6.5481,50.4954
11273,R,11.0800,-5.6790,47.9099
11274,R,10.8736,-1.0095,50.3825
11275,R,10.1158,14.9241,49.3938
11276,R,9.8925,10.6106,47.3207
11277,R,8.8420,15.7261,45.1191
11278,R,10.4351,17.3577,41.5994
11279,R,32.0850,-42.9917,52.6155
11280,R,35.9569,-45.0989,55.4222
11281,R,32.2429,-44.3688,55.9193
11282,R,23.3011,-43.7005,59.4417
11283,R,28.4306,-44.5802,62.4825
11284,R,25.9131,-45.8777,63.3562
11285,R,26.3449,-49.4932,61.3821
11286,R,22.8405,-47.8781,60.8803
11287,R,16.5838,-31.8358,68.1142
11288,R,20.1136,-32.3726,72.6177
11289,R,16.0104,-31.4348,74.5949
11290,R,13.0098,-42.4734,74.8967
11291,R,15.5786,-42.0262,73.0158
11292,R,14.2597,-47.4033,71.2412
11293,R,15.8628,-50.2581,66.4323
11294,R,12.3923,-51.0547,69.0418
11295,R,10.6208,-53.1191,64.0316
11296,R,9.0791,-50.7529,68.4508
11297,R,14.3460,-43.7091,62.1750
11298,R,9.8013,-48.5806,62.5679
11299,R,12.4156,-47.5110,59.0488
11300,R,9.2398,-49.1485,55.8767
11301,R,49.8684,-11.5205,26.8860
11302,R,56.0218,-11.5554,33.6744
11303,R,50.7962,-13.7535,31.7105
11304,R,47.8302,-17.8697,42.6437
11305,R,52.0738,-15.5492,42.9693
11306,R,53.1472,-14.9333,48.5460
11307,R,53.3103,-18.7792,48.1508
11308,R,53.0667,-17.0002,51.7142
11309,R,33.6809,-21.9149,45.9076
11310,R,34.1565,-21.2181,42.5499
11311,R,37.9062,-24.7993,45.7653
11312,R,44.1215,-28.6845,61.6267
11313,R,45.2928,-22.9561,60.1007
11314,R,46.5732,-27.4988,57.6643
11315,R,46.7037,-26.2828,52.9920
11316,R,42.1827,-30.1734,51.7032
11317,R,38.1104,-30.8928,45.7033
11318,R,38.1400,-32.5866,50.3347
11319,R,28.2553,-36.6385,51.6567
11320,R,29.8686,-36.6903,48.8035
11321,R,29.1183,-40.6997,49.7901
11322,R,31.9826,-42.9310,48.1870
11323,R,39.5110,31.4381,31.5828
11324,R,36.5451,27.9626,32.3434
11325,R,39.9379,20.8312,39.2335
11326,R,40.8659,22.5267,35.2251
11327,R,37.5387,18.5468,35.5555
11328,R,34.8912,16.4466,31.7498
11329,R,35.5154,13.6119,35.0442
11330,R,38.2266,4.6136,54.5879
11331,R,39.6536,10.6651,51.9997
11332,R,40.5783,5.5738,50.7259
11333,R,47.9642,0.3230,40.9021
11334,R,40.5887,2.1987,40.3494
11335,R,43.1282,-0.5666,36.4348
11336,R,39.1752,1.3768,33.8607
11337,R,46.6310,0.3836,32.8747
11338,R,49.1115,3.5039,31.1910
11339,R,53.5984,0.9735,33.8214
11340,R,47.4194,-6.5121,30.0435
11341,R,53.1716,-3.5009,29.8897
11342,R,48.3501,-6.9586,25.2212
11343,R,51.4876,-8.7837,22.8676
11344,R,32.7218,7.4613,10.7267
11345,R,34.1884,0.0108,11.8414
11346,R,33.9631,6.6074,12.9413
11347,R,42.1737,9.3150,8.7199
11348,R,39.4800,4.5397,12.9415
11349,R,42.7641,3.3805,11.9265
11350,R,43.8637,-1.7648,15.9880
11351,R,46.2682,2.6588,10.1088
11352,R,54.6354,22.6678,17.5760
11353,R,54.7212,18.8378,15.1607
11354,R,54.8853,16.7009,17.3590
11355,R,52.2584,4.8861,8.1915
11356,R,52.1692,7.6412,4.8833
11357,R,55.9832,3.9675,3.4954
11358,R,52.6509,0.2366,5.0662
11359,R,55.0657,-0.3383,6.8014
11360,R,53.3719,-5.6973,10.7598
11361,R,55.9359,0.4104,10.2043
11362,R,59.8304,5.6967,19.1938
11363,R,60.2235,0.3895,14.0460
11364,R,60.0212,-0.3310,16.9230
11365,R,60.3582,-7.3926,14.2853
11366,R,57.9913,-1.3005,19.6124
11367,R,12.8407,39.1748,-25.9736
11368,R,14.4758,31.7420,-26.1091
11369,R,17.2118,35.8653,-21.1276
11370,R,27.1559,36.8360,-9.1640
11371,R,23.7451,33.1710,-10.1598
11372,R,29.9511,31.2311,-9.7154
11373,R,33.5159,28.4627,-17.4770
11374,R,35.7480,31.1601,-13.9928
11375,R,41.1540,46.7863,-5.7461
11376,R,42.1786,48.2040,-9.8861
11377,R,44.5073,43.1824,-10.2059
11378,R,43.9691,31.3598,-7.3071
11379,R,47.3992,32.1809,-12.6187
11380,R,42.6935,29.4668,-9.0295
11381,R,40.1945,26.3562,-9.9273
11382,R,33.5838,29.4726,-4.0765
11383,R,29.0995,25.2406,-1.5692
11384,R,29.7602,28.4769,1.0456
11385,R,31.6796,19.9210,11.3530
11386,R,30.6179,18.6281,7.7548
11387,R,31.2226,12.9183,9.4856
11388,R,33.7264,5.6607,6.8149
11389,R,9.0871,37.9037,29.8681
11390,R,13.2703,36.5644,25.4035
11391,R,9.7505,40.5486,24.9259
11392,R,8.7394,49.7770,13.5047
11393,R,11.7242,45.9562,13.9973
11394,R,13.8861,48.0600,9.8236
11395,R,16.1714,43.5877,5.3115
11396,R,12.9940,48.7936,4.6368
11397,R,18.9018,60.9508,10.0747
11398,R,13.4495,64.5445,11.5946
11399,R,13.5107,62.4710,5.0834
11400,R,6.8381,62.6781,-7.4465
11401,R,8.6186,61.7140,-1.8786
11402,R,8.9898,55.4228,-4.6383
11403,R,9.5645,49.3185,-4.2469
11404,R,11.3970,50.1114,-8.5128
11405,R,10.6287,45.2650,-12.0857
11406,R,7.9663,51.3664,-14.2141
11407,R,12.6649,49.0647,-23.0108
11408,R,9.0720,48.3251,-20.6373
11409,R,11.9288,44.1558,-23.6897
11410,R,13.1131,39.5610,-20.0699
11411,R,6.6239,-32.3731,10.4468
11412,R,9.9613,-32.7433,7.6368
11413,R,8.1843,-28.1541,9.8774
11414,R,2.1434,-15.4565,6.5167
11415,R,4.2990,-23.1270,4.1201
11416,R,3.6826,-20.3093,1.1590
11417,R,4.7786,-24.6030,-4.2185
11418,R,3.5924,-17.7822,-2.0323
11419,R,1.1991,11.3522,13.1739
11420,R,1.8903,3.5888,10.8967
11421,R,1.5438,9.9259,8.2271
11422,R,3.7490,11.1206,-2.9654
11423,R,2.8214,4.1569,-0.7971
11424,R,2.7295,0.7091,-4.6416
11425,R,3.5247,-8.7256,-7.2776
11426,R,3.9115,-1.9425,-8.0778
11427,R,3.6217,-4.3272,-12.3417
11428,R,5.7453,4.8109,-8.1728
11429,R,5.5334,26.6814,-17.9427
11430,R,6.6232,20.0411,-17.6614
11431,R,4.4769,25.7131,-23.5179
11432,R,5.2416,23.4643,-25.5150
11433,R,4.3627,32.1326,-26.1120
11434,R,11.6687,-43.1683,43.7675
11435,R,6.1617,-46.1654,42.8724
11436,R,7.5291,-42.6549,42.4513
11437,R,6.0396,-36.1951,39.0610
11438,R,8.8796,-39.7848,37.6420
11439,R,9.0117,-38.5999,33.8186
11440,R,9.0722,-43.9210,31.1799
11441,R,5.8385,-39.5632,31.8835
11442,R,3.9057,-11.5410,36.1715
11443,R,4.2385,-18.7559,37.6642
11444,R,4.1468,-16.7432,32.5557
11445,R,5.1411,-27.4036,27.0609
11446,R,8.8266,-27.8776,29.5410
11447,R,8.1836,-33.9054,27.2043
11448,R,9.1275,-39.5924,27.2468
11449,R,6.8654,-39.3294,24.3245
11450,R,7.3014,-43.8398,20.5968
11451,R,2.4813,-39.0678,22.0958
11452,R,2.6987,-29.4698,14.8449
11453,R,1.0564,-36.1649,13.1542
11454,R,2.6000,-33.6689,10.0091
11455,R,4.4096,-37.6727,6.3656
11456,R,13.7036,-91.4661,14.2408
11457,R,10.0698,-96.1628,13.6589
11458,R,9.5908,-89.8481,13.4552
11459,R,3.8248,-78.8305,22.3226
11460,R,7.3622,-83.8001,16.2652
11461,R,5.9465,-78.5754,16.0836
11462,R,5.5172,-80.0973,10.0891
11463,R,3.0502,-73.5191,14.4761
11464,R,16.5868,-64.3419,32.6443
11465,R,19.9732,-72.4302,27.2199
11466,R,20.5536,-65.3022,28.7029
11467,R,24.2848,-61.3401,18.9878
11468,R,22.2775,-67.9461,16.3711
11469,R,19.4914,-65.4449,12.6570
11470,R,13.6669,-64.9471,8.9161
11471,R,19.5520,-64.9950,7.8680
11472,R,21.7925,-68.6106,8.0705
11473,R,22.7743,-63.8859,7.9261
11474,R,11.2727,-53.7439,10.7151
11475,R,19.0239,-56.4414,8.9806
11476,R,13.4820,-53.7429,8.0093
11477,R,15.5438,-51.4168,6.3038
11478,R,9.0419,-48.8635,6.3685
11479,R,32.2682,-52.9754,55.8586
11480,R,28.7802,-52.9264,49.4254
11481,R,28.4255,-54.3192,52.6013
11482,R,24.5624,-59.5675,48.7242
11483,R,27.0227,-59.0570,47.4950
11484,R,27.8172,-60.9274,45.7801
11485,R,29.3399,-62.5747,40.3587
11486,R,26.4836,-60.7072,40.7871
11487,R,12.3721,-71.1535,53.2046
11488,R,16.0051,-67.8169,52.9492
11489,R,16.7248,-70.6441,51.1732
11490,R,25.2515,-75.0381,35.2326
11491,R,21.6871,-67.9158,37.6395
11492,R,25.9584,-69.5065,31.1115
11493,R,26.8951,-64.4061,28.2148
11494,R,25.9125,-72.7548,25.0370
11495,R,27.6395,-74.4335,19.7348
11496,R,25.6094,-81.0142,23.2009
11497,R,12.7595,-86.5567,23.8386
11498,R,16.9333,-87.9301,18.8125
11499,R,14.5784,-91.4208,18.0766
11500,R,18.1963,-94.6864,14.6603
11501,R,43.7450,-48.6729,16.7997
11502,R,46.8424,-51.4044,12.5060
11503,R,44.4284,-52.6154,16.5182
11504,R,50.5037,-59.6183,19.5693
11505,R,49.8655,-58.1305,16.4761
11506,R,44.7808,-58.6503,16.9513
11507,R,40.8354,-58.2811,12.5059
11508,R,40.1045,-59.6182,18.1666
11509,R,44.1283,-62.4424,36.3081
11510,R,47.0499,-63.0729,31.3547
11511,R,43.3623,-66.0562,32.2209
11512,R,42.3338,-75.2515,24.4997
11513,R,39.6204,-70.2988,26.1666
11514,R,41.8103,-72.7537,20.4475
11515,R,40.8256,-70.6423,16.4189
11516,R,44.9017,-75.2704,14.6741
11517,R,42.9814,-74.7641,10.5834
11518,R,40.5256,-77.1511,14.2040
11519,R,32.6057,-84.3350,13.1218
11520,R,33.7584,-85.7335,11.0198
11521,R,31.0058,-89.4049,13.0582
11522,R,27.4053,-91.8893,10.1417
11523,R,27.9904,-90.9635,15.2612
11524,R,54.7835,-17.0960,35.2127
11525,R,54.7691,-18.5596,31.5508
11526,R,53.2371,-21.1674,32.8606
11527,R,56.8217,-28.2565,43.3201
11528,R,58.6349,-25.7440,39.2341
11529,R,59.9217,-28.3485,41.7346
11530,R,58.7455,-30.6775,38.5357
11531,R,59.0365,-32.9820,40.8382
11532,R,46.3841,-39.1965,39.8563
11533,R,48.7032,-37.5139,44.2863
11534,R,49.9446,-40.8275,41.5289
11535,R,52.1226,-44.3750,34.0628
11536,R,54.2141,-42.4810,38.8969
11537,R,54.6599,-41.3718,32.8529
11538,R,59.6866,-40.5482,32.4824
11539,R,57.2664,-42.1177,26.5309
11540,R,60.0160,-42.7934,22.7606
11541,R,56.3917,-44.3327,25.3034
11542,R,49.0389,-48.2975,22.8081
11543,R,52.0233,-46.3722,21.0296
11544,R,47.5894,-46.5464,19.2752
11545,R,46.2219,-45.2718,16.3069
11546,R,36.0002,-14.2364,11.9502
11547,R,34.4762,-18.3429,7.7059
11548,R,34.7074,-19.3042,11.0030
11549,R,33.0357,-28.3040,13.5567
11550,R,35.3159,-27.5418,9.2487
11551,R,40.1144,-26.0689,10.3375
11552,R,47.3620,-22.4895,7.1797
11553,R,44.4546,-26.2927,7.7917
11554,R,43.2107,-25.6669,21.3348
11555,R,38.5285,-27.2984,22.1213
11556,R,39.3798,-31.8322,22.2690
11557,R,52.2896,-34.3541,13.5487
11558,R,46.3431,-34.7871,12.7534
11559,R,53.9041,-31.0288,9.4179
11560,R,55.2324,-27.0286,7.5227
11561,R,61.6090,-27.6692,6.1019
11562,R,66.5466,-26.1476,3.7056
11563,R,65.4620,-29.6092,7.2646
11564,R,62.6756,-37.7663,12.5508
11565,R,62.8397,-35.8330,8.4382
11566,R,58.9724,-37.7703,10.0776
11567,R,53.7341,-37.6849,8.6703
11568,R,55.2509,-39.6243,12.7659
11569,R,17.9797,19.0383,-21.3044
11570,R,16.0593,15.0431,-23.0048
11571,R,20.3638,14.6777,-22.4500
11572,R,29.5188,6.2933,-15.1316
11573,R,27.6023,6.2675,-14.0239
11574,R,32.3215,0.4596,-14.6684
11575,R,33.1598,-3.4482,-19.0580
11576,R,34.4183,-1.4878,-21.8961
11577,R,39.2750,-0.2447,-18.6104
11578,R,37.3972,3.4181,-17.4028
11579,R,40.4208,3.2873,-24.6499
11580,R,33.2212,16.5063,-36.3827
11581,R,34.4369,11.3408,-33.8312
11582,R,28.0197,12.4120,-36.4709
11583,R,27.2590,6.0206,-34.9822
11584,R,27.6556,7.6462,-39.6036
11585,R,29.8376,3.7143,-39.5370
11586,R,31.5319,5.2808,-41.4350
11587,R,42.9113,-2.1332,-38.4532
11588,R,40.4826,-1.9732,-43.8698
11589,R,45.1001,-5.0035,-43.1996
11590,R,44.3510,-9.1645,-39.9233
11591,R,49.6072,-8.7095,-40.9152
11592,R,20.7510,-35.3272,3.6582
11593,R,23.5494,-38.7169,4.6699
11594,R,26.2948,-36.3795,4.7056
11595,R,34.9760,-36.7294,-2.4644
11596,R,32.0969,-39.5033,-1.3882
11597,R,32.9231,-38.7712,-6.9833
11598,R,24.7878,-34.7546,-10.2944
11599,R,30.8232,-35.9144,-11.4558
11600,R,28.3752,-19.9285,-11.0442
11601,R,31.4992,-24.2180,-9.8683
11602,R,37.3105,-23.1210,-11.6526
11603,R,28.4871,-22.1556,-22.1684
11604,R,34.3440,-27.0217,-18.1983
11605,R,25.6231,-24.0254,-19.1822
11606,R,22.7662,-26.5767,-17.5133
11607,R,23.3649,-25.8373,-22.5741
11608,R,29.8326,-27.7068,-20.8492
11609,R,26.7712,-24.1215,-26.0251
11610,R,32.0391,-12.2485,-31.7496
11611,R,33.5022,-17.5857,-30.1868
11612,R,36.2850,-15.2513,-33.0013
11613,R,38.6677,-15.0084,-27.8471
11614,R,36.8699,-8.6654,-32.0174
11615,R,13.7361,-98.4226,4.7230
11616,R,15.3915,-100.6382,-3.0527
11617,R,18.0557,-95.3112,-1.8479
11618,R,6.6653,-91.9042,-11.6977
11619,R,10.5776,-94.3390,-9.1536
11620,R,13.3910,-88.9042,-10.7743
11621,R,19.7341,-86.7626,-8.4136
11622,R,19.1939,-85.5455,-12.9397
11623,R,7.1110,-69.1249,1.0864
11624,R,7.8461,-75.2001,1.4298
11625,R,10.7689,-72.4300,-4.1906
11626,R,27.6925,-66.0473,-3.8431
11627,R,20.0969,-73.0681,-4.7290
11628,R,26.2377,-71.3998,-4.7031
11629,R,26.6032,-74.7387,-6.5400
11630,R,28.6322,-67.9063,-9.8824
11631,R,29.2623,-64.1377,-14.1056
11632,R,27.9862,-60.6481,-13.2942
11633,R,31.7271,-38.5093,-20.0293
11634,R,29.2967,-42.6293,-19.2554
11635,R,32.2251,-35.5967,-23.6252
11636,R,37.7908,-34.5432,-23.5757
11637,R,37.2581,-29.8907,-25.9685
11638,R,56.6911,-55.1447,8.2954
11639,R,58.0804,-50.7327,5.2256
11640,R,58.9560,-55.3271,4.8427
11641,R,55.0442,-54.5054,-2.9532
11642,R,59.4711,-51.5625,-2.3938
11643,R,57.5179,-49.3445,-5.3038
11644,R,60.3442,-43.5911,-7.7134
11645,R,54.5423,-47.9624,-8.1311
11646,R,42.1224,-76.4966,-4.2108
11647,R,40.6796,-68.4504,-2.4180
11648,R,42.5032,-70.0399,-6.4374
11649,R,47.2409,-57.9383,-10.4083
11650,R,50.6944,-58.6109,-9.6684
11651,R,53.3254,-56.7205,-15.0905
11652,R,56.9681,-53.1279,-16.7744
11653,R,54.4730,-53.0364,-19.3838
11654,R,56.1645,-46.6885,-22.4426
11655,R,51.2954,-49.7599,-17.4400
11656,R,41.3192,-48.9270,-16.2974
11657,R,45.1111,-43.7953,-15.3193
11658,R,43.0422,-41.9284,-17.6296
11659,R,46.1759,-35.8363,-19.9477
11660,R,41.8327,-40.7868,-20.9471
11661,R,43.7279,-22.6407,-1.4475
11662,R,44.4397,-19.7885,-4.9682
11663,R,49.2740,-16.5177,-2.2912
11664,R,60.7054,-1.6779,-4.8889
11665,R,58.3866,0.8683,-5.2391
11666,R,58.6841,2.0541,-8.6133
11667,R,56.1901,5.0012,-12.3600
11668,R,53.8385,-0.7111,-14.0743
11669,R,46.7736,-21.5821,-6.7028
11670,R,50.5818,-16.8633,-7.1058
11671,R,46.4752,-19.3536,-11.6717
11672,R,61.6319,-11.6227,-18.3038
11673,R,52.8523,-13.2393,-20.5622
11674,R,57.9327,-7.4962,-22.5808
11675,R,54.2245,-3.9649,-25.2550
11676,R,59.8471,-3.1353,-25.5746
11677,R,55.9194,-2.1294,-29.7455
11678,R,58.8222,-8.1592,-26.6345
11679,R,56.2272,-24.3897,-24.6150
11680,R,55.0792,-19.0383,-27.5049
11681,R,59.1504,-23.3937,-29.5772
11682,R,56.9375,-21.6388,-32.4476
11683,R,56.6820,-28.9171,-29.2872
11684,R,20.5595,-3.3453,62.0551
11685,R,23.1088,0.5125,60.0232
11686,R,21.4131,-4.0278,57.3068
11687,R,21.9281,-4.9655,51.9203
11688,R,23.2654,-5.4154,46.6724
11689,R,16.9679,-18.3977,70.4645
11690,R,13.8883,-16.9880,66.9971
11691,R,17.0681,-15.6300,64.3770
11692,R,17.3197,-9.7416,61.0414
11693,R,25.5951,-21.7390,63.0743
11694,R,20.1550,-23.7707,61.4020
11695,R,23.2689,-21.7891,67.0284
11696,R,20.4144,-20.4264,70.4269
11697,R,35.6757,-11.1103,61.2040
11698,R,38.6970,-14.6658,63.4630
11699,R,35.5481,-15.3165,65.2360
11700,R,32.0730,-20.2547,66.7492
11701,R,26.2449,-6.4413,44.5682
11702,R,26.3154,-11.5301,48.1170
11703,R,31.4225,-12.2913,54.2528
11704,R,35.1771,34.9167,12.9286
11705,R,38.5048,30.9665,13.9223
11706,R,39.4980,33.6223,18.7761
11707,R,46.7021,32.1661,22.4818
11708,R,48.1286,28.2341,28.5149
11709,R,36.2454,51.0898,11.6636
11710,R,39.6005,50.6871,9.2776
11711,R,39.2021,47.8079,13.3758
11712,R,37.8493,41.3756,12.9403
11713,R,25.5920,40.3544,19.4004
11714,R,24.4189,46.0166,16.7787
11715,R,29.4297,44.4652,16.6231
11716,R,32.7349,48.9684,14.9850
11717,R,5.4120,17.0500,26.9435
11718,R,8.0579,19.8261,23.4671
11719,R,5.9386,23.1290,24.4329
11720,R,5.7966,29.0371,21.7440
11721,R,7.3303,34.5350,18.8274
11722,R,12.0265,8.1243,37.7734
11723,R,8.2881,6.3471,38.1650
11724,R,8.7409,11.8943,35.3527
11725,R,5.7573,15.4890,32.5290
11726,R,6.9970,-63.9043,41.5933
11727,R,5.1324,-64.3961,38.8815
11728,R,8.9920,-59.8744,40.5204
11729,R,9.7111,-56.0530,39.2461
11730,R,13.6557,-52.7157,38.2153
11731,R,7.4693,-57.1165,54.2463
11732,R,5.3362,-61.2581,53.4534
11733,R,5.6862,-59.3695,50.8538
11734,R,8.7330,-61.1402,47.0201
11735,R,39.6301,-52.2516,40.3541
11736,R,42.5807,-55.7477,41.7156
11737,R,38.0357,-54.1858,38.6754
11738,R,35.3661,-56.4918,39.1918
11739,R,32.9204,-58.4144,42.0231
11740,R,31.8764,-40.7103,38.7153
11741,R,34.6618,-41.3969,35.5626
11742,R,33.3453,-44.2478,36.6277
11743,R,36.5089,-48.4783,37.6327
11744,R,62.9500,-12.9421,18.1303
11745,R,59.6318,-17.9116,18.2361
11746,R,62.3493,-17.4254,20.2939
11747,R,59.3099,-19.7265,23.3774
11748,R,58.4516,-23.3303,27.2307
11749,R,38.9639,0.9584,-0.7363
11750,R,36.6122,-2.7272,-5.1728
11751,R,36.0618,-7.4057,-5.0439
11752,R,38.4836,-13.3784,-10.4392
11753,R,45.3717,-12.9189,-11.5871
11754,R,10.8646,5.9886,-14.6632
11755,R,14.2162,-1.1881,-12.6369
11756,R,13.5772,5.7551,-14.7542
11757,R,16.7621,4.9731,-14.9322
11758,R,20.0235,3.9467,-14.1242
11759,R,26.0222,-56.7144,0.2192
11760,R,21.1763,-57.2432,-0.4632
11761,R,23.6751,-51.4391,-2.2470
11762,R,20.5533,-44.7680,-4.1677
11763,R,16.1116,-38.9119,-5.0449
11764,R,29.9446,-86.5235,-0.2212
11765,R,34.0998,-88.2884,-2.4939
11766,R,28.8601,-92.4185,-2.3079
11767,R,28.2713,-96.9849,-6.9670
11768,R,24.4049,-98.9448,-12.8587
11769,R,49.2644,-34.2853,2.9950
11770,R,45.7252,-32.7970,1.2461
11771,R,44.3379,-37.3319,1.4337
11772,R,47.7499,-41.2789,-1.7663
11773,R,55.0009,-43.0528,-2.9362
11774,R,7.5647,19.2435,52.3514
11775,R,8.3035,25.4251,49.2149
11776,R,6.7884,24.4867,54.4069
11777,R,6.9829,29.5655,56.0684
11778,R,9.9526,31.8375,53.3919
11779,R,22.6479,15.9300,45.6796
11780,R,19.6469,21.7018,47.2454
11781,R,21.4532,20.3190,42.4105
11782,R,22.9992,24.4932,39.8306
11783,R,23.8199,27.5840,35.8436
11784,R,24.4292,31.3678,33.8036
11785,R,27.5987,28.2846,37.3476
11786,R,30.5955,29.6341,39.5897
11787,R,33.6973,29.6737,40.5628
11788,R,12.5285,-38.7474,59.7783
11789,R,14.0084,-38.0036,55.7294
11790,R,8.4783,-37.0176,56.4047
11791,R,5.4710,-33.6748,53.5677
11792,R,5.6580,-28.5933,52.9404
11793,R,8.8553,-2.6401,67.3603
11794,R,9.0475,-6.7098,62.4005
11795,R,6.5072,-0.8879,65.3346
11796,R,6.9424,0.8169,61.6364
11797,R,7.7069,2.8642,56.6947
11798,R,7.7560,3.3386,52.4675
11799,R,8.0662,7.6547,55.9017
11800,R,9.7229,14.0264,54.7980
11801,R,25.8757,-36.9612,53.5476
11802,R,26.7373,-42.2364,54.8038
11803,R,23.4291,-38.3900,54.5893
11804,R,21.1404,-39.2645,56.9059
11805,R,19.7635,-40.3448,60.0612
11806,R,9.0963,-36.6022,68.8875
11807,R,11.2385,-33.2844,75.4873
11808,R,7.1379,-36.4014,75.3270
11809,R,8.5194,-39.2250,75.0621
11810,R,12.3899,-41.0441,72.0058
11811,R,11.4023,-46.1941,69.0534
11812,R,12.4371,-39.9840,68.1609
11813,R,12.4071,-39.4669,64.0506
11814,R,42.5860,-9.5551,30.4886
11815,R,45.0734,-14.2999,30.5919
11816,R,40.8719,-14.3401,31.5000
11817,R,41.7287,-19.1657,35.1205
11818,R,43.3318,-19.5767,41.8262
11819,R,31.9753,-28.6880,49.1933
11820,R,37.1909,-27.0922,51.3785
11821,R,37.2028,-29.3753,57.7531
11822,R,40.5386,-29.6557,63.8106
11823,R,40.6437,-33.5874,60.4134
11824,R,37.3402,-34.0903,54.6291
11825,R,36.0149,-35.2197,58.9078
11826,R,30.5316,-35.0998,56.4295
11827,R,36.0791,27.5142,37.2177
11828,R,36.4889,27.5383,42.7286
11829,R,37.3918,22.2935,42.4955
11830,R,42.1915,18.9109,42.4950
11831,R,41.9714,-2.9297,43.9211
11832,R,42.2713,1.8085,47.2257
11833,R,47.1484,-0.8008,46.2489
11834,R,50.8178,0.1202,45.6057
11835,R,54.2068,-1.0171,41.9283
11836,R,56.1933,-0.9901,38.1809
11837,R,52.4947,-4.6376,39.0411
11838,R,47.1305,-7.4124,34.3455
11839,R,35.7123,19.4161,12.1279
11840,R,36.1641,12.8215,12.7118
11841,R,38.8716,16.8572,10.5401
11842,R,41.8147,14.5418,8.0456
11843,R,44.8387,12.8706,4.8550
11844,R,45.9223,16.9066,19.7369
11845,R,50.3226,14.4784,19.4492
11846,R,46.7413,11.6881,19.2875
11847,R,47.6640,6.4406,14.1657
11848,R,53.2880,4.4625,13.2221
11849,R,57.8756,5.2608,11.7275
11850,R,53.7598,4.0944,17.1607
11851,R,54.8675,4.5949,21.4728
11852,R,56.1226,6.9440,25.8065
11853,R,16.4646,47.3221,-16.1458
11854,R,19.2319,40.6952,-16.1190
11855,R,20.7119,44.6596,-11.9620
11856,R,26.2228,42.1154,-10.4857
11857,R,31.0688,40.2471,-10.6859
11858,R,47.9690,37.7882,-3.4808
11859,R,46.3974,35.8921,-7.8632
11860,R,50.6768,32.7591,-5.6949
11861,R,45.0441,32.4951,-3.9440
11862,R,38.3178,32.1334,-0.2106
11863,R,32.2563,30.2275,3.9273
11864,R,35.6429,29.2270,5.5239
11865,R,34.9310,24.6053,9.8912
11866,R,8.2535,48.2833,29.8630
11867,R,6.4977,45.0908,24.3640
11868,R,9.5406,51.1925,24.9327
11869,R,8.4939,53.1128,18.8201
11870,R,8.3777,54.8826,13.9891
11871,R,22.0785,61.7199,-0.0041
11872,R,15.7400,65.2205,-0.0983
11873,R,16.1194,62.3136,-4.1691
11874,R,10.0390,63.5185,-8.9500
11875,R,6.5420,60.7003,-13.5635
11876,R,6.2302,56.6589,-17.7253
11877,R,10.1595,58.4844,-18.2225
11878,R,13.5369,53.5404,-17.7516
11879,R,4.0835,-23.2213,14.6690
11880,R,6.1504,-23.2256,11.6523
11881,R,4.1565,-18.0309,13.1245
11882,R,3.0696,-12.8032,10.7776
11883,R,3.1114,-8.1512,8.1569
11884,R,0.6083,23.8451,7.1242
11885,R,1.7779,17.1037,5.3696
11886,R,0.8086,21.8540,2.1327
11887,R,1.4363,19.0902,-2.3923
11888,R,4.7071,17.3128,-5.8035
11889,R,6.2318,15.6910,-8.1243
11890,R,5.9022,22.1011,-9.8865
11891,R,7.8973,27.1388,-14.2402
11892,R,5.4854,34.0248,-16.6474
11893,R,15.4927,-35.5956,38.3677
11894,R,10.5597,-38.6688,40.8977
11895,R,11.2353,-34.5221,39.4940
11896,R,6.5824,-33.4933,42.0453
11897,R,4.4045,-32.0559,40.2535
11898,R,7.0980,-8.1704,31.4394
11899,R,7.8423,-15.3518,31.6863
11900,R,5.0071,-14.1318,29.4413
11901,R,2.1361,-20.3627,27.4279
11902,R,0.3942,-27.2633,25.1074
11903,R,0.1163,-32.8561,22.1285
11904,R,0.4805,-25.7880,21.2484
11905,R,1.9985,-24.5179,17.4896
11906,R,8.5968,-87.8878,28.1711
11907,R,8.0482,-86.5854,21.0931
11908,R,5.6629,-84.7536,28.7447
11909,R,4.7431,-79.5284,28.1792
11910,R,6.7108,-75.8050,25.3974
11911,R,9.3316,-64.7963,26.5433
11912,R,16.9576,-61.0338,27.4136
11913,R,14.0278,-61.2931,24.4124
11914,R,17.8209,-57.5273,22.9048
11915,R,20.4045,-56.5582,19.0259
11916,R,21.0026,-57.8429,14.1981
11917,R,14.7520,-54.7697,17.6022
11918,R,8.9284,-55.3413,12.7602
11919,R,6.4685,-51.9257,10.3062
11920,R,27.7922,-55.6654,61.8937
11921,R,26.4835,-54.7166,55.2202
11922,R,23.7685,-56.7344,57.5225
11923,R,21.5999,-58.7298,52.7805
11924,R,21.6063,-61.0793,50.4209
11925,R,14.9250,-74.0017,46.2258
11926,R,16.7200,-71.8760,45.8874
11927,R,20.2259,-74.1502,44.2740
11928,R,24.2523,-78.2872,39.8308
11929,R,23.4186,-84.2281,33.4481
11930,R,22.7155,-86.7806,27.0950
11931,R,18.3394,-87.1820,31.9983
11932,R,12.8607,-86.9602,30.9307
11933,R,45.5423,-51.0255,24.1481
11934,R,43.5507,-53.3699,20.9002
11935,R,43.8064,-54.4349,24.5442
11936,R,46.4850,-58.0301,23.8397
11937,R,51.2171,-61.0183,23.2256
11938,R,39.4822,-71.7321,39.7397
11939,R,42.7319,-71.6946,34.4949
11940,R,38.2189,-75.3438,34.5709
11941,R,39.6095,-78.1027,28.1754
11942,R,41.5326,-79.4929,22.4292
11943,R,40.1786,-81.2311,17.1684
11944,R,38.3350,-83.6077,20.5762
11945,R,35.0494,-81.7852,17.2605
11946,R,30.7637,-79.8087,13.3913
11947,R,50.0345,-21.0111,37.7912
11948,R,51.2205,-23.5460,34.8012
11949,R,50.1617,-25.8135,36.8829
11950,R,52.6281,-29.3483,41.0335
11951,R,54.4224,-31.5536,45.4517
11952,R,49.4040,-46.5537,36.8639
11953,R,50.8103,-44.1298,39.1033
11954,R,52.5227,-47.4474,37.5948
11955,R,54.4440,-48.0293,35.2150
11956,R,54.7453,-48.3359,30.6812
11957,R,53.9780,-47.6333,27.2426
11958,R,54.2207,-50.2644,27.6921
11959,R,50.8335,-50.3106,25.6039
11960,R,34.9372,-12.7719,18.5577
11961,R,34.3928,-19.3128,14.7974
11962,R,34.3551,-18.6016,18.5807
11963,R,32.4302,-24.1130,18.1537
11964,R,32.5224,-29.1137,17.4284
11965,R,44.1836,-31.3640,25.5771
11966,R,41.9815,-34.8818,23.2009
11967,R,45.5243,-36.9743,23.4242
11968,R,51.1642,-36.7439,18.2154
11969,R,58.6704,-33.7421,14.0706
11970,R,64.3917,-31.9171,11.6621
11971,R,63.0061,-33.9750,15.2456
11972,R,64.6359,-36.8128,15.5095
11973,R,62.4224,-40.2723,15.7256
11974,R,28.0450,21.0789,-21.5045
11975,R,24.8207,16.4336,-22.1457
11976,R,26.2323,17.8155,-19.1216
11977,R,27.6001,12.5093,-16.1630
11978,R,31.5059,6.5805,-15.8869
11979,R,45.1545,9.3000,-24.1723
11980,R,41.9980,9.8828,-27.2634
11981,R,41.4618,17.2246,-28.2182
11982,R,38.7464,18.1938,-34.6097
11983,R,36.7411,13.6440,-37.9533
11984,R,35.2237,6.1832,-36.5410
11985,R,40.5212,7.9990,-37.6373
11986,R,42.8126,3.6907,-35.8207
11987,R,44.9978,-0.6976,-33.5060
11988,R,17.8180,-31.5259,-4.3229
11989,R,26.1076,-34.9738,0.1911
11990,R,24.5796,-33.1285,-4.4180
11991,R,30.2529,-32.7224,-4.1088
11992,R,35.1836,-32.7248,-4.7903
11993,R,38.9359,-17.1327,-16.9217
11994,R,40.4025,-21.5060,-16.3467
11995,R,38.3512,-19.1327,-20.9891
11996,R,30.8036,-19.5031,-24.5744
11997,R,22.8179,-17.2041,-25.1414
11998,R,23.2931,-18.6602,-28.0065
11999,R,21.2767,-13.3219,-28.7037
12000,R,24.8922,-11.0375,-32.9726
12001,R,31.4461,-6.8144,-33.4190
12002,R,13.5518,-90.1573,5.0966
12003,R,14.2089,-91.3962,-2.3042
12004,R,10.1664,-90.5103,0.0170
12005,R,5.3414,-91.2738,-5.8879
12006,R,5.6442,-88.5751,-9.6110
12007,R,17.9712,-60.8203,-6.4516
12008,R,16.8870,-64.5684,-7.9783
12009,R,23.3553,-60.2452,-6.6330
12010,R,28.8017,-59.7462,-4.5655
12011,R,32.1569,-59.1031,-8.1578
12012,R,29.8039,-55.2909,-12.7957
12013,R,33.0889,-50.3566,-12.2384
12014,R,34.7770,-42.5875,-15.9227
12015,R,37.3499,-34.9521,-19.2423
12016,R,49.9121,-59.7439,5.4231
12017,R,56.3141,-60.4904,4.0807
12018,R,52.0823,-62.4311,3.7089
12019,R,51.7060,-58.4842,0.9407
12020,R,51.5357,-57.3749,-2.1540
12021,R,43.4472,-76.8927,-12.8584
12022,R,45.0189,-70.4529,-10.1025
12023,R,46.0161,-69.1449,-14.5298
12024,R,43.8306,-63.0657,-12.5327
12025,R,43.2252,-57.4201,-10.1651
12026,R,46.0048,-52.6786,-12.5697
12027,R,40.4117,-57.2601,-11.8818
12028,R,40.4415,-56.1510,-16.1480
12029,R,41.1518,-54.4786,-19.4214
12030,R,51.1702,-14.2514,4.0817
12031,R,51.9038,-10.8833,0.4879
12032,R,57.4890,-9.2733,0.6989
12033,R,62.0467,-5.3301,-1.8332
12034,R,59.6010,-6.4541,-6.7650
12035,R,53.8490,-25.8607,-12.7110
12036,R,51.2293,-21.7599,-14.5186
12037,R,59.4877,-21.4529,-14.0835
12038,R,63.8329,-16.2709,-14.5241
12039,R,63.8813,-13.8500,-19.3652
12040,R,60.3909,-13.3836,-23.5247
12041,R,60.6011,-19.8020,-20.8141
12042,R,54.9903,-24.5986,-19.9728
12043,R,53.4519,-31.5193,-21.0938
12044,R,13.5676,11.1849,60.8917
12045,R,14.7078,16.1544,59.2796
12046,R,17.9036,13.5102,60.7100
12047,R,20.5917,14.4238,58.1465
12048,R,20.9327,13.9639,54.1884
12049,R,21.6296,5.1816,56.6977
12050,R,20.7563,9.4165,52.0570
12051,R,21.8929,12.9024,48.3722
12052,R,24.8483,11.6952,44.7807
12053,R,29.1732,12.4946,46.3550
12054,R,32.1253,14.3767,49.3989
12055,R,3.1739,-29.3971,69.4575
12056,R,4.4100,-27.2393,66.3392
12057,R,4.9667,-23.4035,70.2609
12058,R,5.8017,-16.9143,69.2515
12059,R,7.5194,-11.0811,68.5151
12060,R,11.5620,-12.5002,65.4312
12061,R,11.2218,-8.7434,68.0746
12062,R,10.4945,-5.6967,68.7537
12063,R,12.0212,0.1432,67.0267
12064,R,13.0366,5.2205,63.4001
12065,R,26.8705,-30.3867,63.8885
12066,R,25.5448,-30.8329,69.6898
12067,R,22.2972,-31.4583,62.1471
12068,R,17.6698,-32.6921,61.2568
12069,R,13.3882,-33.7730,61.6788
12070,R,15.3720,-25.8984,61.1581
12071,R,11.4219,-29.9069,61.4882
12072,R,9.4362,-34.1310,63.7303
12073,R,6.9326,-33.0618,67.1776
12074,R,4.8723,-30.9013,70.7642
12075,R,40.2561,-10.2372,47.9864
12076,R,35.1218,-13.0002,43.6966
12077,R,35.8295,-13.1206,49.2988
12078,R,34.1454,-17.3217,50.5358
12079,R,35.0412,-22.5370,49.2506
12080,R,37.0812,-19.8676,59.5585
12081,R,34.0037,-23.2339,53.5652
12082,R,30.4409,-25.3595,47.7874
12083,R,27.6150,-27.8293,49.1125
12084,R,26.9456,-29.6056,55.3105
12085,R,35.1126,14.9266,51.7129
12086,R,33.5506,9.4517,54.8806
12087,R,33.8776,3.9879,55.5480
12088,R,34.4613,1.1990,48.9922
12089,R,29.8445,-5.6767,44.6236
12090,R,33.2456,-3.9463,44.1376
12091,R,37.1276,-3.6657,43.6744
12092,R,41.8752,-5.7668,49.0693
12093,R,44.7701,-7.4775,52.6701
12094,R,53.1618,27.3409,3.8324
12095,R,52.9246,24.5908,7.6437
12096,R,53.8377,27.2471,8.0802
12097,R,52.1769,26.3260,13.3797
12098,R,50.6660,25.0619,18.6692
12099,R,41.6759,27.6894,15.4621
12100,R,45.6590,25.6314,18.8569
12101,R,46.3608,22.2194,18.7830
12102,R,41.2447,19.2547,19.6663
12103,R,37.4910,15.9759,21.7475
12104,R,34.9644,11.6240,24.0164
12105,R,29.3117,53.3827,-6.8712
12106,R,34.1513,56.4022,-8.6626
12107,R,35.0975,52.3610,-5.2119
12108,R,39.7533,51.3475,-2.1969
12109,R,38.9243,44.9380,-1.7434
12110,R,40.2469,46.9493,5.5626
12111,R,40.2179,43.3673,1.8792
12112,R,42.3605,39.6838,-1.4481
12113,R,47.6847,35.4774,0.3504
12114,R,52.3324,31.5115,1.6992
12115,R,17.4484,53.0197,25.0625
12116,R,13.1502,57.7736,21.5542
12117,R,18.4828,55.0007,19.9103
12118,R,20.7585,59.5433,15.6762
12119,R,23.1952,59.3385,10.4434
12120,R,23.5153,50.8927,13.9385
12121,R,24.3839,54.6293,9.5936
12122,R,24.0383,58.0400,5.2972
12123,R,22.0803,54.0872,1.1578
12124,R,23.9716,50.1886,-3.6414
12125,R,0.7163,-1.1701,23.0083
12126,R,1.2336,-0.5875,18.6636
12127,R,1.0262,5.1449,20.3372
12128,R,0.9908,11.2980,17.7232
12129,R,0.3636,17.2969,15.0457
12130,R,5.3455,21.1261,19.4137
12131,R,0.7966,22.8606,16.3192
12132,R,0.0698,23.5896,11.7476
12133,R,0.4747,30.2696,8.0334
12134,R,6.3404,33.0244,2.7849
12135,R,6.9022,38.5543,-1.3462
12136,R,12.5501,-12.7144,39.5411
12137,R,9.8472,-16.4177,38.6943
12138,R,8.5575,-10.7599,40.0964
12139,R,5.1881,-8.2555,39.8980
12140,R,3.8527,-5.3845,35.2045
12141,R,4.6139,4.1971,38.3218
12142,R,4.3180,0.5824,34.1220
12143,R,7.0804,-3.4651,33.0176
12144,R,5.5130,-1.9827,30.3008
12145,R,0.4886,-0.9252,27.8046
12146,R,18.7307,-75.2587,38.8731
12147,R,20.3088,-76.6878,33.7666
12148,R,18.1280,-70.0876,36.8504
12149,R,14.4497,-66.7305,35.1993
12150,R,10.2482,-65.6920,32.5540
12151,R,5.5936,-65.5744,35.5653
12152,R,4.9362,-66.6114,31.8537
12153,R,5.9910,-66.9237,28.6127
12154,R,4.5920,-61.5751,26.9483
12155,R,6.7646,-57.0992,25.4952
12156,R,9.4517,-52.5096,23.8487
12157,R,12.7378,-61.1591,63.3008
12158,R,14.2801,-64.4215,60.8589
12159,R,10.8181,-65.1624,60.4418
12160,R,9.6434,-68.5102,55.5334
12161,R,9.4866,-71.6074,51.6504
12162,R,7.2724,-65.6405,51.3163
12163,R,7.2987,-70.4928,48.9880
12164,R,10.0947,-74.0222,48.4148
12165,R,13.5599,-74.4272,45.0802
12166,R,16.9437,-74.9353,41.6698
12167,R,50.3054,-54.7125,40.2128
12168,R,46.9264,-57.4495,36.1341
12169,R,48.0522,-58.2217,40.2669
12170,R,47.2442,-61.2774,40.0617
12171,R,42.5347,-63.0474,41.0448
12172,R,43.3433,-59.1271,44.5473
12173,R,42.0985,-63.1347,45.5315
12174,R,40.8743,-67.7363,44.0597
12175,R,37.4414,-71.5763,44.0097
12176,R,34.4021,-72.9369,39.4944
12177,R,33.7885,-70.7049,34.6117
12178,R,40.9791,-29.6840,37.7501
12179,R,44.2149,-32.3634,40.1598
12180,R,41.7709,-34.2554,40.1694
12181,R,43.0803,-38.2716,38.9295
12182,R,44.7682,-41.1173,36.2490
12183,R,38.8022,-42.6757,34.6654
12184,R,42.7283,-44.4627,35.2877
12185,R,46.3992,-45.7823,36.1627
12186,R,49.0099,-49.1405,39.8008
12187,R,51.9244,-52.0752,42.6696
12188,R,47.9050,-12.9520,19.0711
12189,R,43.9509,-17.8393,20.2835
12190,R,47.2883,-17.9576,19.1066
12191,R,46.8256,-21.7575,18.5103
12192,R,46.9969,-25.3501,20.1154
12193,R,55.0393,-21.1655,18.0576
12194,R,50.4822,-24.3037,20.4554
12195,R,46.9575,-27.5508,22.6366
12196,R,47.4561,-29.6496,26.9399
12197,R,49.1067,-33.3675,30.5153
12198,R,52.6471,-36.5296,32.5497
12199,R,30.2262,17.6952,-5.7050
12200,R,32.3966,14.2849,-8.9369
12201,R,36.1682,11.6514,-8.1433
12202,R,37.7295,1.9859,-11.7463
12203,R,40.2121,-3.1366,-18.9117
12204,R,37.7933,-6.1980,-11.5552
12205,R,41.4928,-5.9152,-18.1241
12206,R,45.6208,0.4499,-21.6969
12207,R,47.5854,9.2544,-20.9646
12208,R,49.5439,14.9422,-20.0846
12209,R,50.4761,10.8247,-21.7619
12210,R,10.0840,-19.5426,-20.2593
12211,R,17.0720,-23.8675,-15.8029
12212,R,16.0687,-19.0848,-18.5374
12213,R,19.8642,-17.2901,-13.7630
12214,R,25.8277,-16.2380,-11.3563
12215,R,18.1200,-7.1873,-12.3826
12216,R,24.0322,-11.9710,-11.1590
12217,R,32.2181,-15.6290,-13.5176
12218,R,36.9223,-13.7608,-17.8885
12219,R,38.1182,-10.8795,-22.8912
12220,R,35.3638,-8.4777,-27.6857
12221,R,11.6831,-73.6447,6.7165
12222,R,4.6879,-75.5824,6.2755
12223,R,5.1889,-69.4519,8.5655
12224,R,4.5340,-64.6634,5.9629
12225,R,8.5259,-63.5938,0.9325
12226,R,13.8260,-58.0590,0.4772
12227,R,9.8570,-56.4726,-0.5707
12228,R,13.5125,-58.4195,-3.0450
12229,R,18.3362,-53.9830,-7.0391
12230,R,22.6687,-49.0893,-8.0769
12231,R,25.6828,-42.0276,-8.9674
12232,R,47.6330,-73.3555,5.5276
12233,R,43.9633,-71.5857,2.4176
12234,R,46.7157,-76.3483,2.1056
12235,R,45.0587,-79.3804,-1.5552
12236,R,44.4806,-80.3445,-7.1216
12237,R,37.1053,-87.3901,-5.2234
12238,R,41.2376,-85.2363,-9.2477
12239,R,43.8039,-81.6355,-12.3488
12240,R,40.0938,-81.5955,-13.6970
12241,R,34.8930,-81.3878,-13.1447
12242,R,32.6567,-80.3488,-11.0097
12243,R,64.6915,-19.3302,0.6568
12244,R,61.6842,-17.4329,-1.1888
12245,R,57.3828,-21.7050,-1.8899
12246,R,49.4926,-23.6064,-3.3318
12247,R,44.8034,-25.9271,-6.9288
12248,R,44.1697,-31.8457,-2.4912
12249,R,45.4179,-30.8149,-7.0816
12250,R,49.1080,-29.0488,-10.5780
12251,R,57.3875,-29.6024,-10.9992
12252,R,64.5898,-29.9836,-10.1355
12253,R,65.3638,-33.6228,-12.4470
12254,R,12.5339,23.6019,34.7628
12255,R,13.6435,28.5444,30.1701
12256,R,10.1454,28.3225,34.4213
12257,R,7.9868,32.7270,33.7551
12258,R,8.7373,37.9641,34.2766
12259,R,8.2410,31.9297,44.7305
12260,R,8.5206,37.9106,40.1594
12261,R,8.4303,43.4724,35.4217
12262,R,7.1481,48.9118,36.7957
12263,R,7.9610,52.7764,36.4801
12264,R,10.9091,51.8069,32.7796
12265,R,13.9238,21.0647,55.3373
12266,R,14.1419,27.6411,53.5196
12267,R,14.0400,32.9637,50.4226
12268,R,20.0064,28.8225,48.1534
12269,R,17.7667,34.1528,48.6673
12270,R,14.0070,38.6796,46.6904
12271,R,14.1796,42.4853,40.6298
12272,R,15.1325,47.7529,36.3647
12273,R,16.4873,49.6231,29.7384
12274,R,21.2477,50.4952,31.1285
12275,R,25.2459,47.1410,30.8546
12276,R,26.0656,43.2499,29.0315
12277,R,25.0271,34.8915,32.5548
12278,R,27.1775,37.6622,30.8114
12279,R,25.4304,38.1684,25.1784
12280,R,28.9865,35.2513,23.0646
12281,R,33.8864,35.8910,23.7880
12282,R,38.0164,36.4609,25.7422
12283,R,5.7074,-48.2643,50.2714
12284,R,6.7067,-48.1123,46.8052
12285,R,9.0748,-46.1320,48.9449
12286,R,13.8836,-45.2431,46.4102
12287,R,17.1978,-42.0949,43.8913
12288,R,16.1441,-37.9435,51.4976
12289,R,17.8930,-37.9577,46.7566
12290,R,18.2779,-37.2503,41.5417
12291,R,17.8753,-31.9497,39.6248
12292,R,17.0890,-26.4416,39.4301
12293,R,15.9900,-20.8996,40.7251
12294,R,5.9015,-25.8448,62.3005
12295,R,7.2944,-24.6178,57.9433
12296,R,6.7688,-23.1906,54.1821
12297,R,7.4270,-12.4367,58.1077
12298,R,4.9674,-17.4964,54.2959
12299,R,7.8809,-21.2324,50.6406
12300,R,11.1990,-19.2645,48.2519
12301,R,13.5124,-17.0734,45.1233
12302,R,14.4062,-14.3549,42.1048
12303,R,13.0564,-9.2190,43.9264
12304,R,11.4604,-4.3927,44.7405
12305,R,12.9347,0.9225,43.2103
12306,R,8.9961,4.5835,48.4981
12307,R,11.5681,5.9532,45.2226
12308,R,13.6081,6.9768,41.3003
12309,R,13.1041,12.7884,39.6744
12310,R,13.0930,18.2045,37.4882
12311,R,34.7755,-46.5536,48.3848
12312,R,31.6972,-48.4895,48.6160
12313,R,36.0784,-47.7415,52.2664
12314,R,36.5120,-48.9599,56.5147
12315,R,35.3479,-50.6055,60.2509
12316,R,30.6788,-44.9750,59.2402
12317,R,33.6539,-47.5283,63.2459
12318,R,31.9551,-51.7989,63.1548
12319,R,27.5306,-53.1465,63.7200
12320,R,23.0170,-54.5032,62.2325
12321,R,18.7503,-55.9696,60.8664
12322,R,23.0180,-33.2274,69.8346
12323,R,19.2104,-36.0973,65.6975
12324,R,18.3049,-41.3911,63.5010
12325,R,13.8350,-35.7139,74.3158
12326,R,16.5157,-41.6591,67.8537
12327,R,18.2918,-45.3460,61.9176
12328,R,18.0356,-48.6389,62.1213
12329,R,16.1002,-51.2085,59.6818
12330,R,14.8626,-56.7576,60.3651
12331,R,12.3877,-56.9908,60.0853
12332,R,10.6078,-55.7755,59.3546
12333,R,9.4576,-54.7483,58.8191
12334,R,7.6089,-49.6419,66.1044
12335,R,6.3365,-51.5782,61.9992
12336,R,8.6704,-53.3256,57.6147
12337,R,7.0933,-51.8184,55.7703
12338,R,5.8640,-49.8626,53.3739
12339,R,60.2492,-8.0786,29.4221
12340,R,60.8658,-11.6150,32.2242
12341,R,60.0457,-9.7477,34.5067
12342,R,58.6794,-12.3135,38.3323
12343,R,57.1090,-15.0691,39.9323
12344,R,51.0034,-14.5401,37.2959
12345,R,55.8284,-13.6858,42.6981
12346,R,54.2857,-17.6610,41.8487
12347,R,51.7225,-19.8524,43.2200
12348,R,48.6661,-22.0553,43.2467
12349,R,45.3817,-24.1632,42.2494
12350,R,32.9100,-17.5208,39.6654
12351,R,37.6697,-19.9816,40.8407
12352,R,44.0412,-17.7547,48.8303
12353,R,42.7300,-23.6796,54.0684
12354,R,45.9042,-18.9219,55.8432
12355,R,49.5655,-16.7036,54.9443
12356,R,50.1927,-21.2140,52.9815
12357,R,45.8915,-25.0640,47.5170
12358,R,42.0469,-26.5413,41.7128
12359,R,38.3892,-28.6715,40.9035
12360,R,35.0535,-31.2285,40.3627
12361,R,32.6645,-34.5102,40.5570
12362,R,33.9208,-34.4143,49.4898
12363,R,31.0173,-35.8205,44.7185
12364,R,31.1829,-38.4576,41.7781
12365,R,30.9141,-42.1413,43.6581
12366,R,32.7109,-44.5073,46.3747
12367,R,41.6117,33.6884,28.9621
12368,R,44.9579,29.7138,30.2563
12369,R,47.6648,25.3203,32.1541
12370,R,39.4566,25.2605,33.6109
12371,R,44.4694,23.5291,33.0719
12372,R,43.4686,20.8982,30.5174
12373,R,37.2961,18.4497,28.2082
12374,R,33.0761,13.9088,27.4710
12375,R,33.2211,7.6483,26.9824
12376,R,39.5337,15.8953,50.8853
12377,R,41.9041,14.9582,46.8598
12378,R,39.6151,12.7792,42.9859
12379,R,39.9682,4.8876,45.1594
12380,R,37.6914,7.1864,42.1237
12381,R,37.0150,10.0321,38.5882
12382,R,34.8727,6.9547,35.0209
12383,R,35.0733,3.8120,30.9499
12384,R,38.6947,3.2727,26.7379
12385,R,44.5457,4.3292,27.9555
12386,R,51.4989,6.9908,29.8498
12387,R,58.4483,6.0655,28.6242
12388,R,57.4765,0.0919,34.1749
12389,R,58.2518,0.6340,30.0812
12390,R,58.1641,0.1835,25.2070
12391,R,54.1603,-5.3175,20.0891
12392,R,56.3281,-10.1386,23.2160
12393,R,61.6188,-7.9179,23.8005
12394,R,36.5620,-7.3367,5.0787
12395,R,38.8926,-13.1376,5.5333
12396,R,35.6971,-7.0802,8.4108
12397,R,34.8540,-7.2631,11.4143
12398,R,34.5888,-7.2861,14.5043
12399,R,36.5725,5.8358,13.6996
12400,R,37.1065,-0.3873,16.7293
12401,R,36.2878,-7.0238,16.9978
12402,R,39.0153,-7.3056,17.5616
12403,R,41.5477,-7.9609,16.2801
12404,R,44.0582,-9.0127,15.1462
12405,R,50.8842,21.0261,10.9599
12406,R,50.1661,14.5516,9.0401
12407,R,50.4502,12.4773,2.6348
12408,R,51.9781,12.3899,11.1624
12409,R,52.5399,10.7639,2.6757
12410,R,49.0994,7.1830,2.1763
12411,R,50.0221,2.1397,6.7163
12412,R,48.2990,-4.9423,9.6642
12413,R,47.9233,-9.6075,14.0525
12414,R,51.4136,-9.9153,13.5454
12415,R,54.8870,-10.5547,12.6997
12416,R,58.9220,-10.6610,12.1722
12417,R,57.6703,0.1670,13.0432
12418,R,60.6936,-5.6932,10.0704
12419,R,62.9010,-10.0920,12.2768
12420,R,64.5760,-9.1439,15.4796
12421,R,63.8245,-8.1851,19.8583
12422,R,14.9537,30.1716,-19.8161
12423,R,14.3884,23.3947,-21.4395
12424,R,12.9293,27.0146,-25.7428
12425,R,16.4777,25.2040,-23.7674
12426,R,19.7964,24.0236,-16.5401
12427,R,23.1307,35.1323,-17.0901
12428,R,20.9771,28.9952,-12.7663
12429,R,24.9090,24.8809,-16.0131
12430,R,30.4355,25.0287,-20.0235
12431,R,33.7069,23.7716,-18.5009
12432,R,32.7163,24.5089,-13.4081
12433,R,35.7921,52.2368,-9.3094
12434,R,35.9165,45.4521,-10.1890
12435,R,37.1698,38.7016,-8.4232
12436,R,46.7164,38.1222,-13.2143
12437,R,43.1024,35.7242,-13.2258
12438,R,39.9511,31.5306,-11.6966
12439,R,41.5853,25.9321,-14.6437
12440,R,36.9627,25.0709,-11.7924
12441,R,28.8527,24.2141,-7.6060
12442,R,29.5478,21.4063,-3.3816
12443,R,34.4976,19.3714,-2.1978
12444,R,35.3199,15.2986,-0.3959
12445,R,29.5935,24.0073,5.0128
12446,R,32.4274,16.5441,3.6554
12447,R,34.4127,8.8651,1.2011
12448,R,36.0980,2.4172,2.6923
12449,R,38.0750,-2.1225,4.7165
12450,R,14.7240,31.2662,25.1502
12451,R,14.2739,33.4287,20.1036
12452,R,13.5112,35.8867,15.6333
12453,R,11.7222,43.8772,19.9480
12454,R,14.8518,41.1343,15.0215
12455,R,12.4271,38.4080,11.0971
12456,R,12.0285,40.6011,6.6029
12457,R,12.2213,40.2455,1.9044
12458,R,12.1785,39.6393,-2.7970
12459,R,10.3002,62.7020,17.8371
12460,R,9.1285,62.6319,13.0461
12461,R,10.8569,58.4306,8.6256
12462,R,10.0974,64.9636,2.2609
12463,R,9.2263,59.4716,3.9224
12464,R,10.0863,53.2239,4.1072
12465,R,11.4274,49.2255,-0.4051
12466,R,12.4827,44.3583,-4.7624
12467,R,11.6741,39.2511,-8.2140
12468,R,7.8682,40.0406,-11.4836
12469,R,8.2949,39.7175,-14.7848
12470,R,6.1282,40.3576,-19.6745
12471,R,5.5347,50.5918,-20.4876
12472,R,4.9731,45.0991,-22.0150
12473,R,4.6805,39.3987,-24.6031
12474,R,7.8588,37.0886,-22.6205
12475,R,12.3747,34.4817,-18.5570
12476,R,11.0354,28.4508,-18.1358
12477,R,12.1107,-39.9802,4.9547
12478,R,16.3963,-39.6486,3.9642
12479,R,13.6877,-36.4795,5.7961
12480,R,14.5261,-34.7579,4.4490
12481,R,13.4990,-34.1269,0.5103
12482,R,6.4709,-25.3349,6.8837
12483,R,8.2033,-28.7103,1.4324
12484,R,12.4309,-30.7788,-2.5393
12485,R,11.8732,-26.5889,-3.9989
12486,R,9.4043,-25.5728,-8.3699
12487,R,4.6807,-23.6599,-13.6828
12488,R,1.7613,-1.4591,13.8703
12489,R,2.5491,-2.7513,9.0589
12490,R,4.2228,-3.4157,5.1649
12491,R,2.1387,7.5733,3.6223
12492,R,2.9666,-0.2712,1.5911
12493,R,2.8717,-8.2461,-0.1448
12494,R,3.4219,-14.1072,-5.1707
12495,R,1.6589,-18.4559,-10.7823
12496,R,3.8188,-19.8893,-17.7863
12497,R,4.9925,-12.2171,-14.3247
12498,R,5.1087,-4.1820,-15.1979
12499,R,8.1263,-0.1466,-13.4933
12500,R,7.4572,13.6603,-10.7426
12501,R,7.5649,11.6527,-13.4884
12502,R,8.3795,8.8828,-14.9189
12503,R,7.5274,15.5083,-21.2094
12504,R,8.2974,22.5780,-21.7936
12505,R,9.6350,-48.4546,44.1391
12506,R,12.1392,-48.4396,41.1165
12507,R,14.8806,-48.0772,37.8688
12508,R,5.9128,-41.7153,40.5543
12509,R,12.1816,-43.6505,37.3028
12510,R,15.4007,-47.4637,33.3717
12511,R,12.0019,-47.8929,30.6334
12512,R,7.7036,-49.2248,29.2096
12513,R,5.2076,-49.6443,25.6270
12514,R,6.8359,-21.4424,39.6309
12515,R,4.6716,-25.6525,39.0798
12516,R,5.3053,-29.8446,34.8596
12517,R,7.3068,-22.0819,31.5167
12518,R,5.5235,-28.3665,30.5269
12519,R,4.0866,-34.0224,30.6584
12520,R,4.6786,-39.2984,28.4227
12521,R,5.1001,-44.6546,26.0988
12522,R,4.4472,-48.4804,20.9189
12523,R,6.5982,-48.0065,18.2383
12524,R,8.7209,-47.7410,15.9516
12525,R,8.6428,-46.4251,13.3151
12526,R,0.7000,-38.1035,17.7954
12527,R,2.0516,-42.7305,13.2909
12528,R,7.8124,-44.9258,10.4866
12529,R,8.1398,-43.3604,7.9875
12530,R,9.7839,-41.7735,6.2183
12531,R,11.3019,-45.4428,2.8321
12532,R,17.5504,-100.3627,10.6440
12533,R,15.7887,-101.5828,4.1224
12534,R,11.5188,-100.7188,10.5588
12535,R,9.0403,-99.1939,10.5635
12536,R,8.4866,-95.9803,7.6244
12537,R,5.4967,-88.6617,15.5129
12538,R,4.3511,-90.0963,9.5743
12539,R,7.6626,-91.4637,5.9558
12540,R,8.8052,-87.0368,8.2709
12541,R,12.7160,-82.8972,10.4209
12542,R,14.3512,-79.5260,11.1873
12543,R,17.2961,-78.1435,28.1224
12544,R,13.4960,-78.0212,22.9675
12545,R,11.1963,-72.8737,21.2842
12546,R,22.0764,-67.2054,22.8634
12547,R,16.4203,-70.4813,17.5623
12548,R,6.0173,-68.4320,16.3462
12549,R,6.2496,-67.2902,12.2392
12550,R,11.3395,-71.9537,14.7964
12551,R,15.0908,-75.8512,11.0878
12552,R,18.1675,-73.2717,7.5885
12553,R,22.5155,-70.1012,4.4734
12554,R,26.5848,-65.3055,3.2148
12555,R,22.6836,-60.0926,8.7399
12556,R,26.2247,-60.2657,6.7212
12557,R,27.9180,-59.2147,3.0220
12558,R,23.5435,-53.0472,4.6516
12559,R,16.9226,-49.3892,3.7903
12560,R,28.4343,-51.1910,45.7300
12561,R,28.6475,-55.2930,43.3938
12562,R,30.5507,-58.8655,44.8970
12563,R,25.5702,-56.3023,48.7857
12564,R,28.7172,-59.0195,46.7401
12565,R,31.3494,-62.6415,46.2301
12566,R,32.2909,-64.3119,40.9739
12567,R,32.6186,-65.4189,36.6847
12568,R,33.1373,-66.5342,30.8137
12569,R,15.3213,-63.8880,55.6490
12570,R,18.7874,-64.0860,52.1588
12571,R,22.8328,-63.8684,49.1446
12572,R,18.9600,-67.9118,44.9177
12573,R,20.1058,-63.9046,43.1299
12574,R,22.6392,-60.7888,41.4497
12575,R,25.7629,-60.2125,33.7629
12576,R,30.4217,-63.1172,27.6716
12577,R,33.0552,-68.9004,23.7722
12578,R,31.7598,-72.0650,18.3999
12579,R,28.1494,-76.6562,14.9410
12580,R,24.6537,-82.9152,14.2846
12581,R,20.0713,-85.0018,21.9216
12582,R,21.0898,-86.6247,17.5329
12583,R,25.2728,-88.9436,17.4839
12584,R,24.0149,-94.7228,17.6933
12585,R,21.0830,-97.7488,12.9135
12586,R,24.5277,-98.0484,7.1336
12587,R,45.8661,-46.2394,10.0987
12588,R,50.4045,-47.2381,6.1938
12589,R,49.1551,-49.8480,9.2121
12590,R,52.3586,-53.2398,9.8970
12591,R,53.7882,-56.8650,10.5558
12592,R,47.2919,-55.4403,16.8339
12593,R,50.9780,-57.4496,13.1299
12594,R,49.1870,-56.6812,8.2702
12595,R,44.6944,-58.0356,7.8115
12596,R,41.0562,-60.9777,8.5885
12597,R,40.7828,-65.8256,8.9587
12598,R,48.0183,-60.3400,31.4897
12599,R,50.4200,-62.9844,27.1778
12600,R,47.5730,-63.9193,24.0437
12601,R,43.8819,-69.4745,29.6553
12602,R,43.1286,-66.5626,25.5060
12603,R,41.4094,-62.9038,22.1066
12604,R,37.7278,-64.7663,18.0574
12605,R,40.5162,-67.8739,13.0503
12606,R,44.8041,-70.7786,9.9079
12607,R,48.7639,-74.9943,10.1989
12608,R,43.1982,-78.2583,6.7190
12609,R,36.3340,-78.7946,3.6607
12610,R,36.2731,-80.9156,12.6300
12611,R,32.7208,-80.8110,7.8339
12612,R,29.7273,-82.4435,3.6188
12613,R,26.9971,-88.4978,5.1460
12614,R,27.3980,-93.9653,5.3587
12615,R,57.4165,-15.6123,30.0663
12616,R,56.5157,-21.3037,29.3320
12617,R,59.7974,-24.4900,29.7076
12618,R,55.5533,-24.9473,35.1339
12619,R,59.5869,-25.2710,34.1494
12620,R,60.3308,-27.0759,31.6412
12621,R,57.4562,-29.2978,34.4309
12622,R,55.0762,-33.7933,35.7870
12623,R,57.8280,-37.3229,32.7391
12624,R,47.5443,-33.8355,43.9916
12625,R,51.2056,-35.2390,47.4387
12626,R,54.9103,-36.0883,47.3768
12627,R,53.2390,-43.2714,43.1450
12628,R,54.8761,-40.0073,43.7482
12629,R,56.5474,-36.1803,42.5306
12630,R,59.8732,-37.4082,37.0795
12631,R,62.4469,-38.0350,32.7136
12632,R,62.5451,-37.7018,27.7030
12633,R,62.7435,-39.0892,22.8040
12634,R,61.1472,-41.4603,18.9784
12635,R,58.8361,-42.7823,16.7531
12636,R,53.4022,-45.6460,23.5033
12637,R,54.9048,-44.5739,19.0658
12638,R,55.1936,-42.4593,15.9613
12639,R,50.1234,-42.4406,15.0869
12640,R,45.5993,-43.3246,13.5328
12641,R,45.4692,-40.8121,10.5034
12642,R,35.9726,-18.7936,-1.0168
12643,R,35.1099,-18.5679,3.2702
12644,R,36.4409,-24.1409,0.9718
12645,R,41.0020,-25.2862,1.6164
12646,R,32.4982,-24.3959,9.2458
12647,R,38.2171,-26.6704,5.4258
12648,R,44.6051,-20.8078,4.6142
12649,R,49.4101,-18.6553,6.0229
12650,R,53.7101,-18.5042,2.5589
12651,R,59.0979,-19.1268,3.6861
12652,R,38.6062,-22.9295,20.3113
12653,R,34.3820,-29.2626,21.0394
12654,R,36.2125,-32.6880,15.1507
12655,R,40.7677,-36.5935,18.0415
12656,R,40.8022,-34.6910,12.7521
12657,R,42.0844,-30.7017,8.8170
12658,R,49.3000,-27.0878,6.2951
12659,R,57.1326,-23.0415,6.2299
12660,R,64.5733,-19.7724,5.0057
12661,R,66.2574,-22.4181,2.3096
12662,R,64.5552,-26.6388,1.0551
12663,R,60.5336,-30.5464,1.2765
12664,R,66.1176,-32.8367,7.7461
12665,R,62.5713,-32.7767,4.8318
12666,R,56.0032,-32.9453,3.6512
12667,R,51.9021,-35.4823,6.0786
12668,R,48.2521,-38.1203,8.2990
12669,R,15.8569,18.5455,-19.2643
12670,R,18.9490,12.9698,-16.9299
12671,R,22.1685,5.0454,-14.1903
12672,R,22.9026,11.9074,-18.5722
12673,R,24.7515,5.8652,-13.9073
12674,R,26.6541,-0.9254,-12.9998
12675,R,31.0529,-4.9794,-17.9852
12676,R,34.5233,-5.3843,-24.6481
12677,R,31.6003,-5.0032,-29.3037
12678,R,33.9044,10.6012,-12.6696
12679,R,34.4614,5.8044,-16.4181
12680,R,34.3286,3.1347,-21.6837
12681,R,38.8573,8.3180,-29.6084
12682,R,35.8099,4.9713,-30.0132
12683,R,32.8274,2.2415,-26.1311
12684,R,29.7648,1.3999,-27.9263
12685,R,26.7832,-0.5082,-28.7355
12686,R,25.1679,-2.7764,-31.3183
12687,R,26.2470,-1.5034,-35.3164
12688,R,31.5310,-1.7099,-36.3489
12689,R,32.9595,-5.4407,-39.0465
12690,R,35.0281,1.6150,-43.0119
12691,R,35.6946,-2.8179,-43.1413
12692,R,36.8392,-4.2127,-37.1385
12693,R,40.9319,-6.4976,-34.7236
12694,R,44.1547,-11.3123,-32.8246
12695,R,43.7612,-14.4264,-25.9263
12696,R,47.2714,-16.9844,-31.5480
12697,R,19.1121,-40.6035,2.0655
12698,R,21.0001,-41.1468,-0.6952
12699,R,21.7412,-39.8905,-3.8990
12700,R,29.7264,-38.1907,2.9276
12701,R,27.3082,-41.1946,-2.8178
12702,R,20.2154,-36.3225,-6.9265
12703,R,18.9101,-34.3616,-10.0714
12704,R,19.7278,-35.0203,-13.1271
12705,R,24.3650,-36.1126,-13.8678
12706,R,25.1572,-24.9575,-9.9808
12707,R,33.5427,-28.2955,-7.5625
12708,R,38.8299,-33.3198,-9.0318
12709,R,40.0894,-26.5330,-15.0889
12710,R,38.4019,-31.3610,-14.0370
12711,R,35.1324,-34.5327,-12.7615
12712,R,26.6517,-30.5791,-14.4661
12713,R,21.6681,-31.1253,-17.2320
12714,R,30.3582,-35.3971,-14.3122
12715,R,34.2606,-33.0693,-15.5645
12716,R,36.8324,-29.7336,-17.9852
12717,R,37.7987,-26.8332,-21.5277
12718,R,30.1338,-21.0889,-28.4627
12719,R,35.0480,-20.7110,-24.7922
12720,R,37.9280,-24.8330,-26.1896
12721,R,39.8098,-22.1280,-25.3529
12722,R,40.8906,-17.7035,-23.4032
12723,R,42.6789,-23.5152,-20.9627
12724,R,17.4820,-101.7421,-3.3813
12725,R,18.0265,-100.9984,-9.8727
12726,R,19.0762,-98.9469,-14.2109
12727,R,13.7571,-94.9296,-7.0737
12728,R,14.8511,-95.9295,-12.0111
12729,R,20.3435,-95.3981,-10.8361
12730,R,23.1711,-89.9201,-6.6691
12731,R,25.5739,-84.7437,-10.3391
12732,R,30.6249,-79.0808,-8.3719
12733,R,3.0551,-77.4734,0.3572
12734,R,6.6478,-81.2329,-4.9643
12735,R,11.8704,-83.2685,-9.1380
12736,R,15.8724,-71.3858,-7.3650
12737,R,15.4854,-77.3931,-9.3848
12738,R,16.7996,-81.0466,-12.9010
12739,R,21.2121,-80.1786,-8.0894
12740,R,28.8329,-77.1643,-8.0033
12741,R,31.4532,-73.1076,-13.2774
12742,R,32.5082,-66.3937,-14.9834
12743,R,35.8030,-57.7779,-16.0595
12744,R,37.6623,-50.4660,-18.8205
12745,R,28.1936,-51.6195,-15.6788
12746,R,32.9058,-46.8846,-18.0666
12747,R,38.8836,-44.2333,-21.6584
12748,R,40.5084,-38.1912,-22.3981
12749,R,41.7821,-31.8709,-20.8144
12750,R,45.8207,-28.2515,-21.2935
12751,R,53.7832,-46.8518,3.7329
12752,R,57.5206,-45.8666,1.9235
12753,R,61.2109,-44.8884,-0.6026
12754,R,60.6992,-54.9019,1.6531
12755,R,63.8312,-47.8150,-0.1539
12756,R,64.7691,-42.6077,-3.4272
12757,R,65.3082,-40.3689,-6.7304
12758,R,62.9984,-38.3365,-10.1366
12759,R,61.2891,-39.0809,-13.9573
12760,R,41.6178,-66.0697,0.9259
12761,R,45.6102,-59.8867,-1.3000
12762,R,52.1575,-58.8702,-4.2371
12763,R,45.3523,-63.3146,-6.9931
12764,R,52.2568,-62.1852,-7.5091
12765,R,55.3422,-55.5788,-8.8153
12766,R,54.4425,-50.3099,-12.5922
12767,R,57.3801,-44.9089,-15.4707
12768,R,57.4002,-40.0919,-16.0700
12769,R,56.2875,-41.1811,-19.1131
12770,R,56.0340,-40.2711,-21.9614
12771,R,55.3513,-37.5657,-24.4027
12772,R,48.0508,-46.3159,-15.6084
12773,R,50.7795,-40.9681,-20.5217
12774,R,53.7505,-35.6000,-26.6948
12775,R,50.9745,-32.3990,-25.2783
12776,R,48.4903,-30.1997,-23.4731
12777,R,49.6919,-23.7063,-27.2783
12778,R,39.2164,-20.0052,-6.1986
12779,R,44.8950,-16.5321,-8.3109
12780,R,50.0291,-8.7340,-9.2753
12781,R,53.4025,-7.2918,-3.2677
12782,R,53.3230,-2.5069,-6.3207
12783,R,52.8314,2.5100,-9.4050
12784,R,54.7366,8.8027,-11.7621
12785,R,53.7700,7.6792,-17.2883
12786,R,49.9342,5.1142,-23.4579
12787,R,58.1602,-14.2645,-3.4536
12788,R,55.2091,-11.4875,-7.0535
12789,R,53.0096,-9.3130,-12.1110
12790,R,48.8095,-17.0356,-16.8280
12791,R,47.7670,-11.6890,-17.1762
12792,R,49.8690,-6.2693,-16.4641
12793,R,48.5339,-3.5800,-21.4812
12794,R,50.5022,0.2997,-26.1739
12795,R,52.3136,5.2515,-28.7473
12796,R,53.9470,4.7407,-32.0031
12797,R,49.9056,-0.7721,-31.0649
12798,R,47.0855,-6.9470,-31.6321
12799,R,55.1859,-13.5440,-25.5266
12800,R,50.9360,-13.1717,-29.7631
12801,R,50.7705,-10.8012,-36.3474
12802,R,53.3386,-14.6747,-37.5910
12803,R,51.4840,-18.9515,-32.7455
12804,R,22.7688,-12.8406,60.0872
12805,R,22.5601,-11.7942,56.8929
12806,R,24.4968,-13.3137,56.8599
12807,R,24.7185,-13.6477,64.2332
12808,R,22.9076,-13.5402,62.3946
12809,R,27.2233,-13.6219,65.2427
12810,R,25.9037,-14.1503,66.7596
12811,R,27.6573,-14.3602,60.7548
12812,R,28.8291,-14.5599,64.6483
12813,R,26.6719,-14.0596,56.9981
12814,R,40.8018,41.5955,23.2911
12815,R,42.1418,39.4937,23.0547
12816,R,41.4130,39.5270,24.6291
12817,R,37.8329,43.8557,23.4843
12818,R,39.8092,43.9101,22.2397
12819,R,35.9342,41.4085,23.1949
12820,R,35.2367,44.3252,23.0985
12821,R,12.5064,22.1455,28.9199
12822,R,11.5805,24.2101,27.0501
12823,R,13.5968,25.0414,27.5907
12824,R,13.6148,20.8538,31.3479
12825,R,11.9054,19.7137,30.4491
12826,R,9.2852,-53.6516,46.9467
12827,R,9.2066,-53.9271,45.1207
12828,R,9.8967,-51.9250,46.5265
12829,R,8.8194,-52.0924,49.1442
12830,R,8.9748,-54.3939,48.1132
12831,R,30.3128,-48.0177,41.7121
12832,R,29.8485,-49.5636,40.0920
12833,R,29.6357,-48.6838,42.9757
12834,R,32.3983,-46.8525,43.9935
12835,R,31.4146,-47.0625,41.5894
12836,R,63.3731,-9.7835,26.0448
12837,R,61.8720,-12.1915,25.9148
12838,R,61.6092,-11.4381,27.9869
12839,R,37.7914,-10.8604,1.0483
12840,R,36.5716,-12.4590,-1.5936
12841,R,36.2991,-14.5383,-1.2317
12842,R,12.5382,23.5953,-15.0024
12843,R,13.2146,20.5641,-13.7494
12844,R,14.8403,22.6838,-14.8988
12845,R,13.3153,-44.9374,0.5239
12846,R,14.4395,-44.5302,-0.6132
12847,R,13.1317,-42.4493,0.5244
12848,R,22.3541,-98.3048,2.4365
12849,R,22.5978,-98.6581,0.2412
12850,R,21.2583,-100.4719,1.3819
12851,R,45.0248,-42.2500,6.8055
12852,R,45.8129,-42.6249,4.9697
12853,R,47.1410,-44.0030,5.6261
12854,R,9.4137,16.3785,63.0041
12855,R,9.0443,19.2236,61.5268
12856,R,10.7337,17.6112,61.3495
12857,R,30.9658,18.3192,46.3765
12858,R,28.9378,19.6868,44.5523
12859,R,30.1666,20.8833,46.1120
12860,R,30.3820,23.0986,45.6725
12861,R,31.6599,21.6297,47.6347
12862,R,3.8013,-35.9248,64.1069
12863,R,4.6869,-35.2693,62.0098
12864,R,3.9865,-32.7793,63.5087
12865,R,10.5119,11.6904,63.8854
12866,R,8.6205,10.5107,65.1691
12867,R,8.9920,13.4675,64.1598
12868,R,8.1905,14.5510,62.7667
12869,R,29.8482,-33.0428,68.2897
12870,R,27.8025,-34.0658,66.1467
12871,R,28.1021,-32.8576,69.0361
12872,R,2.5165,-34.2800,67.5163
12873,R,2.8007,-37.8298,68.2369
12874,R,3.2388,-37.1512,65.9237
12875,R,4.1434,-39.0562,64.6626
12876,R,40.7250,-11.9316,40.2949
12877,R,38.3481,-12.9489,37.9683
12878,R,38.0399,-12.3584,40.1529
12879,R,30.4912,-30.1383,67.5272
12880,R,32.7174,-30.7384,67.3579
12881,R,31.5868,-31.9812,68.4780
12882,R,31.6812,-33.7364,66.8276
12883,R,33.4749,22.4118,48.2750
12884,R,33.5570,20.3114,48.6881
12885,R,43.2266,-9.8193,45.7788
12886,R,46.1274,-8.5124,45.9592
12887,R,43.4667,-10.4451,42.5737
12888,R,43.6660,-10.7009,40.2090
12889,R,46.3336,25.5836,5.7180
12890,R,45.7676,23.7018,7.8430
12891,R,48.1192,24.6674,6.9905
12892,R,38.0922,8.3453,22.5679
12893,R,40.7331,7.6623,21.1524
12894,R,40.3217,5.9134,22.2340
12895,R,42.8390,4.1496,22.3225
12896,R,39.9593,4.6279,23.5029
12897,R,25.9553,58.0259,-11.7592
12898,R,26.5997,54.7572,-11.9132
12899,R,29.1092,57.0531,-10.9158
12900,R,50.2017,27.1688,2.7084
12901,R,48.0803,28.3671,2.1113
12902,R,46.8842,26.8328,3.9241
12903,R,44.1293,26.3586,5.1768
12904,R,10.5175,56.4244,28.6442
12905,R,8.9340,58.8183,27.6035
12906,R,10.7598,58.7384,26.1072
12907,R,25.7409,56.6550,-8.6748
12908,R,22.4145,57.1087,-9.5041
12909,R,24.4610,58.9535,-10.8772
12910,R,22.6059,59.2097,-12.6352
12911,R,1.1832,-9.6672,19.6977
12912,R,1.4824,-9.8660,17.4061
12913,R,1.2661,-7.0064,18.6655
12914,R,5.7199,35.2472,-4.2783
12915,R,6.3326,31.7010,-5.0304
12916,R,5.8487,34.0072,-6.8883
12917,R,7.1965,32.4402,-8.1831
12918,R,9.0697,34.9294,-7.2721
12919,R,14.1921,-21.5285,37.7153
12920,R,12.5860,-24.0167,37.0493
12921,R,12.3420,-21.0151,37.7374
12922,R,0.6782,-6.5854,23.2800
12923,R,0.2454,-9.8399,24.0639
12924,R,0.7394,-10.0069,21.8120
12925,R,0.9043,-12.9806,20.5400
12926,R,16.1621,-83.3292,36.5746
12927,R,12.5395,-82.6517,35.0353
12928,R,16.5268,-81.6140,34.3807
12929,R,6.8174,-55.8466,20.6226
12930,R,4.3933,-59.0184,19.1725
12931,R,5.3747,-56.5524,18.3736
12932,R,4.5923,-57.4046,16.2845
12933,R,7.2965,-53.8444,17.7479
12934,R,18.2337,-59.9748,64.0434
12935,R,19.6868,-61.5403,62.7037
12936,R,17.4922,-62.1087,62.8948
12937,R,19.7273,-79.1380,41.1411
12938,R,20.1209,-80.6570,42.3331
12939,R,18.7349,-82.9019,38.9788
12940,R,16.0881,-84.8678,38.3119
12941,R,49.7401,-53.5894,32.9351
12942,R,47.3481,-54.4871,31.8394
12943,R,47.4676,-54.9033,33.6795
12944,R,34.3758,-74.3916,31.5962
12945,R,34.8712,-77.4104,30.8635
12946,R,34.9539,-75.5534,28.1174
12947,R,35.3259,-76.2793,25.1166
12948,R,34.6795,-73.4670,25.7851
12949,R,44.7705,-26.4806,37.9285
12950,R,46.2513,-28.0129,37.6451
12951,R,45.5161,-29.0491,38.1110
12952,R,52.3635,-53.2746,37.4572
12953,R,54.1538,-52.9780,36.1804
12954,R,52.0083,-53.1487,33.9764
12955,R,51.8384,-53.0886,31.5862
12956,R,42.5614,-12.4592,20.8610
12957,R,40.2756,-15.0182,21.9351
12958,R,42.1781,-15.0429,21.7460
12959,R,53.6782,-38.4684,28.2248
12960,R,53.5233,-38.4069,25.5586
12961,R,56.5053,-38.4179,25.2544
12962,R,59.0228,-37.5375,22.7405
12963,R,59.2161,-38.0686,25.4301
12964,R,27.3638,21.9437,-11.2110
12965,R,26.7057,19.6221,-11.8737
12966,R,27.6901,18.7074,-9.9891
12967,R,46.4958,10.7111,-26.2940
12968,R,44.3950,11.9120,-28.5463
12969,R,44.7418,8.5796,-29.9815
12970,R,46.8430,8.8851,-33.2577
12971,R,47.3534,7.1147,-30.8387
12972,R,11.8754,-23.1268,-13.3776
12973,R,16.0219,-24.8824,-10.1319
12974,R,14.8775,-24.1586,-12.7525
12975,R,32.3473,-10.9638,-28.7202
12976,R,31.1241,-12.5412,-28.5041
12977,R,28.2967,-10.2289,-30.2002
12978,R,25.2865,-8.8752,-30.9665
12979,R,26.6871,-7.5509,-31.4531
12980,R,14.5678,-80.0663,3.7356
12981,R,11.5399,-81.9335,1.1684
12982,R,10.5679,-79.7038,2.6607
12983,R,29.6508,-44.5078,-7.2678
12984,R,31.0262,-47.1400,-6.1288
12985,R,32.8811,-43.9494,-7.6485
12986,R,35.1646,-43.3531,-8.8184
12987,R,33.4990,-40.8938,-9.6521
12988,R,43.1346,-66.2865,6.2933
12989,R,44.0078,-64.3655,4.9568
12990,R,43.3818,-67.0354,4.7096
12991,R,35.4260,-75.2540,-13.3991
12992,R,38.3688,-72.2951,-14.0915
12993,R,36.6764,-71.4651,-12.8519
12994,R,37.2906,-68.5451,-13.9900
12995,R,34.8976,-71.0934,-12.7907
12996,R,64.1022,-15.0976,2.7791
12997,R,64.3679,-13.1486,1.4207
12998,R,65.0906,-14.4554,0.9225
12999,R,64.6143,-30.6245,-14.4140
13000,R,65.0695,-27.6707,-15.0949
13001,R,62.7942,-30.5308,-16.2881
13002,R,61.1312,-30.2446,-17.1156
13003,R,60.6625,-33.3766,-16.1741
13004,R,21.4438,3.1750,65.2518
13005,R,22.2135,5.5796,64.0099
13006,R,23.3008,3.2347,63.9858
13007,R,23.1859,-0.1242,47.2564
13008,R,22.6989,2.4571,48.0121
13009,R,24.4674,2.4156,47.0244
13010,R,26.1752,4.4231,47.4923
13011,R,26.2277,2.4297,47.7392
13012,R,11.1285,-21.5101,73.4952
13013,R,10.0305,-20.1677,72.6098
13014,R,11.9216,-19.1516,71.5589
13015,R,20.0669,-1.9420,64.7625
13016,R,18.6256,-2.8356,65.7818
13017,R,20.3307,0.3701,65.7666
13018,R,19.4407,2.3998,65.4199
13019,R,20.8537,-25.6771,54.1406
13020,R,19.1511,-27.6842,54.4234
13021,R,19.7081,-25.5264,56.2913
13022,R,14.6971,-21.3052,72.3860
13023,R,13.7669,-23.2079,71.6666
13024,R,12.5242,-22.4082,73.2700
13025,R,10.4605,-23.6618,73.7669
13026,R,40.6265,-9.1448,59.8055
13027,R,40.4231,-11.3779,59.1434
13028,R,40.1404,-11.6107,61.1109
13029,R,25.1874,-21.8062,58.6190
13030,R,26.7887,-21.6152,57.3452
13031,R,23.1616,-22.9976,55.0981
13032,R,22.2289,-25.0796,52.5279
13033,R,27.2477,1.8405,49.0769
13034,R,26.4637,-0.3424,46.7782
13035,R,36.5762,-8.9185,58.8718
13036,R,36.2066,-8.5318,55.9492
13037,R,38.5970,-7.9067,58.9209
13038,R,40.4995,-7.4181,58.2593
13039,R,43.0090,33.3979,8.1688
13040,R,44.7227,32.0951,9.4852
13041,R,42.0255,32.5365,10.2839
13042,R,45.0167,26.7238,26.8723
13043,R,43.6348,26.8135,24.8668
13044,R,42.8764,24.7997,26.7834
13045,R,40.4711,23.3939,26.0485
13046,R,42.0441,22.7590,28.0671
13047,R,34.5646,50.4328,5.1020
13048,R,36.1903,52.1760,3.9766
13049,R,37.4903,52.1223,6.4960
13050,R,37.3505,35.3459,8.5162
13051,R,38.2696,36.8132,6.4398
13052,R,40.4094,34.6800,7.2767
13053,R,43.8358,34.3684,6.5222
13054,R,22.9861,46.5186,23.8473
13055,R,22.8936,49.6876,21.5223
13056,R,22.8620,47.2795,20.3735
13057,R,33.4724,49.3805,8.3461
13058,R,30.9083,47.8743,7.5393
13059,R,32.9090,48.8272,6.0693
13060,R,31.4082,48.8637,4.2435
13061,R,5.8133,11.5340,25.9870
13062,R,3.5099,12.5110,24.6801
13063,R,6.3301,14.6129,24.4901
13064,R,6.3653,33.6402,15.5264
13065,R,8.4574,31.3934,14.5698
13066,R,7.1265,34.3840,12.9003
13067,R,7.9489,35.1671,10.5637
13068,R,6.7010,37.9805,11.9913
13069,R,10.9066,-0.4960,41.0862
13070,R,8.9175,-1.6593,41.1250
13071,R,9.5899,1.1167,39.8754
13072,R,7.1150,13.0154,28.4586
13073,R,6.8788,10.2685,29.7900
13074,R,7.8236,11.0166,27.8709
13075,R,5.9741,8.8965,27.3891
13076,R,6.7494,-71.3622,39.5836
13077,R,7.8158,-71.0462,38.3644
13078,R,5.9954,-69.7951,38.4493
13079,R,12.3111,-54.2199,35.3937
13080,R,10.1396,-55.7166,34.5394
13081,R,12.0329,-54.1012,33.5340
13082,R,11.4442,-54.1271,31.7550
13083,R,13.6657,-52.1838,32.4301
13084,R,7.8670,-59.7329,57.5436
13085,R,6.9897,-62.2556,57.6206
13086,R,6.3256,-61.3327,56.5480
13087,R,6.4015,-67.7018,41.6036
13088,R,6.6733,-68.9407,42.8614
13089,R,6.4827,-70.3596,41.1453
13090,R,7.1229,-72.5336,40.8193
13091,R,45.8291,-54.0928,44.5643
13092,R,47.1457,-55.8590,45.2141
13093,R,45.4666,-55.2983,43.9353
13094,R,34.9853,-61.3851,44.3125
13095,R,36.1966,-62.0986,44.8875
13096,R,34.6056,-63.2721,46.4824
13097,R,34.6257,-65.3720,45.7007
13098,R,33.5243,-64.1583,45.9093
13099,R,34.9979,-36.2228,38.2337
13100,R,36.9155,-36.9143,37.5705
13101,R,35.5145,-38.0402,36.8579
13102,R,41.9833,-51.5332,41.7277
13103,R,42.9136,-50.3741,40.5578
13104,R,44.1752,-52.1638,43.0159
13105,R,46.2927,-52.8182,44.1136
13106,R,57.2038,-12.1691,17.6770
13107,R,55.3614,-14.6636,19.7226
13108,R,57.4913,-14.7077,19.6017
13109,R,57.1495,-25.3129,26.6796
13110,R,55.2638,-24.9805,26.1179
13111,R,56.1720,-26.5813,27.6145
13112,R,54.8540,-27.8835,28.4062
13113,R,56.9538,-27.6324,29.2458
13114,R,36.3462,9.9011,-3.1117
13115,R,37.4275,7.2257,-4.4724
13116,R,38.3373,4.1499,-3.8412
13117,R,47.1378,-8.4926,-13.5107
13118,R,46.6199,-7.5069,-14.9996
13119,R,49.1686,-3.5090,-14.0972
13120,R,50.4425,1.9600,-14.7606
13121,R,51.1000,1.0995,-12.8973
13122,R,10.4907,-3.2054,-15.4311
13123,R,11.5966,-6.4809,-14.3325
13124,R,12.5310,-4.0801,-14.6491
13125,R,22.7280,-2.0212,-12.0931
13126,R,23.6381,-4.1536,-11.4486
13127,R,25.3066,-4.3870,-12.8189
13128,R,28.6876,-6.5388,-14.2780
13129,R,26.7099,-4.4228,-14.0662
13130,R,21.5208,-65.0484,1.1887
13131,R,16.5514,-64.5398,1.8298
13132,R,19.9543,-62.6109,0.8658
13133,R,19.2615,-41.4775,-7.2826
13134,R,18.2708,-45.8136,-6.9151
13135,R,18.5702,-42.2470,-8.0848
13136,R,17.6509,-42.6168,-8.5943
13137,R,18.0521,-38.8334,-9.0363
13138,R,38.5855,-81.8582,1.4287
13139,R,40.6974,-83.3677,1.3051
13140,R,38.0068,-83.9702,-0.5309
13141,R,27.9135,-95.7271,-13.9270
13142,R,30.8448,-93.5159,-13.1151
13143,R,28.5785,-93.5348,-14.2185
13144,R,29.0145,-91.0227,-13.4283
13145,R,26.1577,-92.8417,-12.8146
13146,R,55.5487,-29.2355,1.2054
13147,R,53.4429,-28.0046,0.8701
13148,R,51.2732,-29.7744,1.4948
13149,R,54.9609,-40.0355,-4.9855
13150,R,53.1377,-37.7866,-5.4543
13151,R,56.9020,-38.5262,-5.6170
13152,R,58.7221,-36.9182,-6.2087
13153,R,60.7285,-39.4230,-5.6705
13154,R,7.1543,20.1580,44.7648
13155,R,7.1331,24.0934,42.3928
13156,R,7.4249,23.1401,44.9959
13157,R,8.2670,37.0879,51.0074
13158,R,6.9857,38.6286,49.6224
13159,R,8.2233,40.3621,49.0779
13160,R,8.1828,43.1511,46.7326
13161,R,9.8284,40.9296,47.7060
13162,R,21.8278,17.9464,53.9423
13163,R,22.0238,21.0172,55.1479
13164,R,21.7206,20.1501,52.2684
13165,R,20.8341,30.8182,37.2335
13166,R,19.9161,32.3891,39.4529
13167,R,20.2909,34.1760,37.3554
13168,R,20.1803,37.5922,37.5166
13169,R,20.6959,36.1774,35.1064
13170,R,20.5544,38.2770,33.0173
13171,R,21.6964,34.8832,33.5150
13172,R,32.0030,30.6194,36.8836
13173,R,31.2584,32.2832,35.5977
13174,R,32.7014,30.8332,34.9329
13175,R,33.5630,31.8406,33.6737
13176,R,33.5003,29.9447,33.6380
13177,R,15.2717,-44.7439,56.9263
13178,R,15.8083,-44.9421,54.5015
13179,R,15.9557,-42.5474,55.8761
13180,R,8.5318,-29.1862,50.3378
13181,R,11.2203,-30.5342,49.4915
13182,R,10.8034,-28.2225,49.2206
13183,R,12.8058,-27.4521,47.7860
13184,R,10.3798,-25.9583,48.9437
13185,R,6.4186,-11.9837,66.1635
13186,R,5.0926,-14.2059,64.4364
13187,R,7.2067,-11.4663,64.2507
13188,R,9.6100,-2.2386,55.7677
13189,R,7.9510,-5.4548,55.1824
13190,R,9.1568,-4.8113,53.8326
13191,R,8.5286,-7.2748,51.7152
13192,R,10.2056,-4.1711,52.4035
13193,R,10.6981,-3.7842,50.9193
13194,R,10.6817,-1.2328,52.2505
13195,R,8.7319,17.3935,48.3270
13196,R,9.2849,15.2058,47.1135
13197,R,8.0999,17.5324,46.0447
13198,R,8.1169,18.1381,44.0273
13199,R,29.6189,-42.6804,52.7413
13200,R,32.2138,-43.7449,54.2588
13201,R,29.5701,-43.2852,54.1678
13202,R,22.5014,-44.2896,59.8652
13203,R,24.8200,-44.7702,61.4061
13204,R,23.7126,-45.6058,61.4706
13205,R,24.6472,-46.9164,62.1730
13206,R,22.2838,-46.4509,60.9266
13207,R,14.4536,-33.1007,67.7957
13208,R,16.4895,-31.1226,72.1272
13209,R,14.2702,-31.9652,72.2009
13210,R,12.2640,-44.6862,73.4202
13211,R,13.6078,-44.8984,73.6141
13212,R,12.5768,-47.3876,72.2347
13213,R,13.3708,-49.5596,70.3172
13214,R,11.3919,-49.3594,70.7745
13215,R,10.5972,-51.0038,68.9489
13216,R,9.9541,-49.0686,70.3274
13217,R,14.8894,-42.9782,60.2747
13218,R,13.6644,-45.9037,60.7203
13219,R,14.5192,-45.2720,58.8060
13220,R,13.4521,-47.1396,57.1927
13221,R,47.5158,-11.0328,26.9133
13222,R,50.1680,-12.7521,29.2004
13223,R,47.5224,-12.8034,28.7105
13224,R,48.5541,-16.8186,46.3658
13225,R,50.6153,-15.9996,46.3014
13226,R,51.4137,-15.2411,49.2126
13227,R,53.3681,-15.5930,50.3272
13228,R,51.7416,-15.5151,51.2570
13229,R,34.4186,-24.3107,45.4887
13230,R,35.3856,-24.0703,44.1364
13231,R,35.8923,-25.8754,45.6014
13232,R,44.0220,-30.9209,59.0310
13233,R,45.6633,-28.1147,59.7481
13234,R,44.8020,-30.1277,56.8573
13235,R,44.8667,-29.2206,54.5861
13236,R,42.2804,-30.8543,53.4709
13237,R,40.1568,-31.4155,50.8463
13238,R,39.9976,-32.0467,52.7262
13239,R,27.1534,-38.8382,51.6288
13240,R,28.0810,-38.7918,50.5513
13241,R,28.3563,-41.0900,51.3660
13242,R,30.4847,-42.1850,51.0627
13243,R,35.4375,29.7082,32.1019
13244,R,34.3170,28.6398,33.7541
13245,R,39.9225,18.4030,39.2075
13246,R,39.1365,19.5409,37.4288
13247,R,37.8094,17.1727,37.3916
13248,R,36.2273,16.0557,35.5629
13249,R,36.9597,14.6098,36.9065
13250,R,37.8723,2.9061,51.3869
13251,R,40.0574,5.0704,52.9808
13252,R,39.8701,2.9101,50.6325
13253,R,49.6315,-0.6316,39.2300
13254,R,45.5564,-0.3946,38.6005
13255,R,47.1348,-1.0152,36.6103
13256,R,44.8606,-0.6777,34.5225
13257,R,48.9017,-0.4920,34.6197
13258,R,50.3192,0.5573,32.8260
13259,R,52.4143,0.0174,35.6831
13260,R,45.5696,-8.0623,28.1181
13261,R,47.6100,-6.4075,27.5584
13262,R,46.7124,-8.6241,26.3677
13263,R,48.4641,-9.4442,25.2846
13264,R,32.4796,11.0146,11.7783
13265,R,33.1363,6.9826,11.9931
13266,R,33.5271,10.4691,12.6181
13267,R,43.7936,8.6352,7.3897
13268,R,42.2150,6.3849,9.7527
13269,R,43.6901,5.7310,8.7379
13270,R,44.4722,3.0059,11.1212
13271,R,45.3169,5.2704,7.6748
13272,R,53.0539,21.6372,18.6863
13273,R,55.1217,19.7439,18.1006
13274,R,52.9968,18.8328,18.8777
13275,R,55.6031,4.6114,7.8765
13276,R,55.0956,4.6766,5.3457
13277,R,57.0498,3.7651,5.6613
13278,R,56.1100,1.9549,4.8260
13279,R,57.1498,2.3181,6.8336
13280,R,55.6175,0.2171,8.4454
13281,R,57.4978,2.7830,8.6784
13282,R,59.8947,5.4448,21.2238
13283,R,60.3194,2.9330,18.3291
13284,R,60.0306,2.2585,20.2320
13285,R,59.1455,-0.7808,18.2894
13286,R,59.6147,1.4551,21.9156
13287,R,13.8489,41.3631,-24.8957
13288,R,14.9887,37.7536,-24.7040
13289,R,16.2202,39.6797,-21.6765
13290,R,29.5239,36.1186,-7.2046
13291,R,27.8461,33.9212,-7.6284
13292,R,31.0640,33.1361,-8.0891
13293,R,32.9467,31.4634,-11.6004
13294,R,34.0533,32.6141,-9.8973
13295,R,40.8913,43.5703,-5.8376
13296,R,43.0709,44.8833,-7.8932
13297,R,42.7062,41.7212,-7.9466
13298,R,40.0063,30.7470,-4.5812
13299,R,43.2303,30.4703,-8.0577
13300,R,39.2683,29.9957,-5.5531
13301,R,38.3080,29.4183,-6.3543
13302,R,34.7597,30.0014,-2.9189
13303,R,31.2386,29.3955,-1.5491
13304,R,32.3720,30.2245,-0.1933
13305,R,32.2458,17.0603,12.2317
13306,R,31.0307,16.6523,10.7673
13307,R,31.6837,13.6727,11.3681
13308,R,31.9769,10.2999,10.1279
13309,R,9.0938,40.0753,29.8224
13310,R,9.2237,39.1411,27.4789
13311,R,8.0534,41.0179,27.6856
13312,R,10.0557,51.0305,11.4965
13313,R,11.3563,49.3097,11.5985
13314,R,11.8762,50.1974,9.2902
13315,R,13.7513,48.5627,7.1783
13316,R,11.3859,50.8256,6.8346
13317,R,20.2566,60.8074,7.4874
13318,R,16.1440,60.3427,7.3139
13319,R,17.3092,60.9498,4.1215
13320,R,6.6884,59.2946,-9.1322
13321,R,8.8322,59.8063,-5.9057
13322,R,9.6147,56.3565,-7.8503
13323,R,10.1897,52.6064,-6.2895
13324,R,9.8203,53.5147,-10.0024
13325,R,9.3628,51.1143,-11.6038
13326,R,7.6528,53.8721,-12.5601
13327,R,13.9117,46.2728,-22.9733
13328,R,11.8869,46.7793,-24.5771
13329,R,12.7743,44.0143,-25.0732
13330,R,12.1455,41.6558,-25.2775
13331,R,6.4855,-30.2665,12.0938
13332,R,7.9418,-30.2773,11.0117
13333,R,7.4147,-28.1251,11.9104
13334,R,2.0002,-13.7227,4.7073
13335,R,2.5166,-17.8073,3.7645
13336,R,2.5978,-16.3623,2.0716
13337,R,3.6370,-18.9899,-0.4026
13338,R,2.7443,-14.9482,0.4867
13339,R,1.2346,14.7239,11.8248
13340,R,1.3452,10.7164,10.6838
13341,R,1.3835,14.1394,9.3144
13342,R,4.7057,9.6444,-4.2362
13343,R,4.0255,5.3725,-3.4389
13344,R,3.8087,3.9772,-4.9569
13345,R,3.3866,-0.6278,-6.3354
13346,R,3.9776,2.9638,-6.5227
13347,R,4.6999,1.1780,-7.7286
13348,R,5.5376,6.5657,-6.8851
13349,R,6.5709,30.2193,-19.7329
13350,R,5.8374,26.5569,-20.8089
13351,R,4.8539,30.0896,-23.0349
13352,R,4.0443,28.9095,-25.4580
13353,R,4.2380,33.2900,-24.4867
13354,R,13.4949,-41.8236,42.1441
13355,R,9.6005,-42.9373,43.1056
13356,R,11.5095,-41.2774,41.9260
13357,R,6.5178,-35.1086,37.0318
13358,R,8.2083,-36.7535,36.3115
13359,R,7.6161,-36.4900,34.1801
13360,R,7.5937,-38.9723,32.6215
13361,R,6.1416,-36.8791,32.6863
13362,R,3.7792,-10.5405,33.7798
13363,R,3.7977,-14.1213,34.2244
13364,R,4.8840,-13.3075,32.8063
13365,R,4.1208,-30.6338,26.3195
13366,R,6.6847,-30.7467,27.1326
13367,R,5.7743,-33.7730,26.0366
13368,R,7.4757,-36.5963,25.8443
13369,R,4.9209,-36.5311,24.8499
13370,R,4.7305,-39.1401,23.4294
13371,R,2.3435,-36.4769,23.8841
13372,R,4.4484,-28.7332,14.1377
13373,R,2.7477,-31.8895,12.7908
13374,R,4.6855,-31.1785,12.3937
13375,R,4.7039,-33.0693,9.9999
13376,R,12.1894,-90.0698,16.6552
13377,R,11.9706,-90.6395,13.2149
13378,R,10.7966,-88.4554,16.8627
13379,R,3.9492,-75.9784,21.5415
13380,R,5.0997,-78.5746,19.3026
13381,R,4.7921,-75.8452,18.4798
13382,R,3.7153,-76.3035,15.4308
13383,R,3.1489,-73.0896,17.5159
13384,R,14.7162,-63.1789,31.9195
13385,R,18.7527,-64.2947,30.9330
13386,R,16.7293,-62.2490,30.3969
13387,R,24.0555,-61.8506,16.0608
13388,R,23.4960,-64.7752,15.0398
13389,R,22.1502,-64.8944,12.4759
13390,R,18.8606,-65.2164,10.4630
13391,R,21.4556,-65.0257,10.1391
13392,R,21.4285,-64.8956,7.6959
13393,R,22.6821,-63.3140,10.5719
13394,R,9.0173,-52.7496,8.6331
13395,R,12.4208,-53.9578,9.3975
13396,R,10.1527,-52.1886,7.7286
13397,R,11.0430,-51.7059,6.6809
13398,R,8.4642,-49.5198,7.4083
13399,R,31.7135,-54.0443,57.1845
13400,R,30.3871,-53.9997,54.2490
13401,R,29.6985,-54.5010,55.6437
13402,R,25.0038,-60.5985,48.6183
13403,R,26.3447,-60.2103,47.7498
13404,R,26.6789,-61.0021,46.6099
13405,R,27.4744,-61.2000,43.4876
13406,R,26.0787,-61.2486,44.2089
13407,R,12.7249,-72.4300,52.1710
13408,R,14.8414,-71.3731,52.7408
13409,R,15.0438,-72.1894,50.9696
13410,R,24.3752,-77.3215,32.2313
13411,R,25.6244,-72.4825,33.0436
13412,R,25.0330,-74.3822,30.0439
13413,R,26.1197,-71.1637,28.0977
13414,R,24.7984,-76.0590,26.9000
13415,R,25.6781,-76.8469,24.1964
13416,R,25.0173,-80.3681,25.9906
13417,R,11.6972,-88.9722,23.0142
13418,R,13.3260,-88.6109,20.4209
13419,R,12.5304,-90.8034,19.3094
13420,R,13.6965,-92.1414,16.2298
13421,R,43.8013,-48.9455,18.7498
13422,R,43.6241,-50.7517,16.5690
13423,R,43.2488,-51.0565,18.6219
13424,R,49.1731,-60.9347,19.4085
13425,R,48.2061,-59.9241,17.9164
13426,R,45.4707,-59.8483,18.8808
13427,R,42.3292,-58.8104,17.6239
13428,R,42.9024,-60.0158,19.8321
13429,R,41.5949,-64.2245,36.6869
13430,R,42.6558,-63.5745,33.9355
13431,R,41.9763,-66.6464,34.9222
13432,R,43.0189,-76.3276,22.1064
13433,R,42.1329,-74.0572,22.8520
13434,R,43.4806,-75.0234,19.7275
13435,R,43.5936,-74.0732,17.5782
13436,R,44.5251,-76.3317,16.5151
13437,R,42.8751,-76.0048,14.2769
13438,R,42.7801,-77.7645,16.1121
13439,R,29.7242,-84.7187,12.6566
13440,R,31.4253,-86.7643,13.0017
13441,R,29.1227,-87.5132,13.3197
13442,R,29.4633,-90.2956,14.0798
13443,R,27.4022,-88.2365,14.3339
13444,R,53.5658,-18.0649,35.6639
13445,R,53.5930,-18.8633,33.6278
13446,R,52.3243,-19.8374,34.1836
13447,R,57.6061,-29.4024,44.7106
13448,R,58.7785,-27.8955,42.8303
13449,R,59.0333,-29.8257,43.5402
13450,R,59.6950,-30.6378,41.6844
13451,R,58.5533,-31.9266,42.9732
13452,R,47.1265,-40.8737,38.5697
13453,R,48.2287,-39.8056,40.6619
13454,R,48.7745,-41.8047,39.5273
13455,R,52.5139,-44.5727,31.3576
13456,R,52.9791,-42.6611,33.5708
13457,R,53.8113,-42.5035,30.5559
13458,R,55.8529,-41.4075,29.7459
13459,R,55.5081,-42.9883,27.7564
13460,R,57.2537,-43.5953,25.8585
13461,R,55.3741,-44.5951,27.3975
13462,R,46.6093,-48.5465,21.5369
13463,R,48.2985,-47.4006,21.0126
13464,R,45.8427,-47.7433,19.7870
13465,R,45.2828,-47.2638,18.1130
13466,R,34.9672,-14.1167,13.5470
13467,R,36.8372,-16.6574,12.0353
13468,R,36.1389,-16.5872,13.5694
13469,R,35.3303,-28.9870,13.3460
13470,R,36.4830,-28.0103,11.5761
13471,R,39.0760,-27.6605,11.4476
13472,R,42.5731,-26.0623,9.7361
13473,R,41.2057,-27.9531,10.3186
13474,R,42.9897,-28.0207,20.6725
13475,R,40.8851,-28.5890,21.5751
13476,R,41.1958,-30.5350,22.1400
13477,R,56.2653,-32.6815,11.7131
13478,R,53.1244,-32.7706,11.3040
13479,R,57.1465,-31.1835,9.4394
13480,R,57.8259,-29.3325,7.6576
13481,R,60.7382,-29.8218,7.9347
13482,R,63.6411,-28.7381,6.6111
13483,R,62.9848,-30.2973,8.5797
13484,R,60.8800,-38.7407,13.0748
13485,R,60.6980,-37.3778,11.1982
13486,R,59.1838,-38.4434,12.0896
13487,R,57.1096,-38.4802,11.2536
13488,R,57.4233,-39.6635,13.3777
13489,R,20.4064,19.0339,-19.0908
13490,R,18.8119,16.3258,-22.1124
13491,R,21.4817,17.2226,-21.0049
13492,R,31.5981,3.7381,-15.2631
13493,R,30.9483,3.6204,-14.1226
13494,R,33.3608,0.8957,-15.9121
13495,R,34.0596,-1.2755,-17.9260
13496,R,34.5513,-0.4208,-19.7356
13497,R,41.0504,-0.4105,-21.9461
13498,R,40.0623,0.8586,-21.9849
13499,R,41.9349,2.5597,-24.3777
13500,R,31.6269,14.7700,-37.3849
13501,R,30.0884,14.7467,-36.4171
13502,R,28.7710,12.7149,-37.6196
13503,R,27.2787,10.3911,-38.0143
13504,R,29.0765,9.2973,-38.4751
13505,R,29.6196,6.8661,-40.4946
13506,R,31.1980,7.2158,-38.2360
13507,R,45.1080,-3.4143,-38.6777
13508,R,44.3752,-3.4495,-41.4115
13509,R,46.9103,-4.8077,-41.0667
13510,R,47.4191,-6.5508,-42.1291
13511,R,49.0259,-6.3801,-40.0381
13512,R,20.4050,-35.1452,1.1334
13513,R,23.6728,-35.8523,4.1295
13514,R,23.5757,-35.2958,2.0339
13515,R,36.3244,-37.3547,-4.9855
13516,R,34.8836,-38.6706,-4.4286
13517,R,35.1912,-38.1273,-7.2867
13518,R,32.1791,-37.5399,-9.4721
13519,R,34.5930,-37.1698,-9.6333
13520,R,31.8700,-19.4925,-11.5493
13521,R,33.4824,-21.5140,-11.0331
13522,R,36.3275,-20.9635,-12.2827
13523,R,24.3917,-20.8238,-22.2937
13524,R,27.1379,-23.1059,-20.6789
13525,R,23.3591,-22.3241,-21.1467
13526,R,22.5780,-24.0717,-20.4501
13527,R,22.6314,-23.4103,-23.0831
13528,R,24.9729,-25.1279,-24.4780
13529,R,23.5742,-22.6067,-25.2277
13530,R,33.4364,-11.5231,-34.5209
13531,R,34.1655,-14.0941,-33.1951
13532,R,35.5356,-12.4054,-34.9885
13533,R,36.6988,-12.0669,-32.5319
13534,R,35.7807,-9.0586,-34.4306
13535,R,14.7955,-95.9175,5.5714
13536,R,16.6191,-96.9854,2.0213
13537,R,17.0720,-94.1385,1.9229
13538,R,8.5200,-89.3751,-12.9672
13539,R,9.5833,-90.2808,-11.9565
13540,R,12.6108,-88.6089,-13.2236
13541,R,16.4199,-87.8514,-12.2813
13542,R,15.9868,-86.5723,-14.2967
13543,R,9.4168,-68.4790,-0.6305
13544,R,8.7568,-71.5727,-1.3126
13545,R,10.2513,-69.2266,-3.9477
13546,R,29.9737,-65.6974,-5.7298
13547,R,26.6988,-68.9483,-3.8034
13548,R,28.9880,-68.1106,-6.2561
13549,R,28.4287,-70.0723,-7.1383
13550,R,29.1855,-66.2256,-9.6018
13551,R,28.3397,-64.5482,-11.8349
13552,R,28.9487,-62.6844,-11.2911
13553,R,33.3787,-35.1120,-21.9441
13554,R,31.2359,-36.5571,-22.0464
13555,R,33.3065,-33.2379,-23.9219
13556,R,34.5516,-32.6995,-25.1146
13557,R,35.5202,-30.3239,-25.4686
13558,R,55.6199,-56.7147,7.6849
13559,R,58.0514,-55.3762,6.6667
13560,R,56.5009,-57.1700,5.5590
13561,R,54.5307,-54.3173,-4.2893
13562,R,56.5644,-52.1907,-4.3001
13563,R,55.0622,-51.3189,-5.3736
13564,R,55.7987,-48.3016,-6.5951
13565,R,53.9076,-50.9944,-6.9872
13566,R,42.6330,-76.8374,-7.2579
13567,R,41.3647,-73.6813,-5.6826
13568,R,42.8630,-73.6889,-7.8038
13569,R,48.1681,-56.7334,-12.3494
13570,R,50.4205,-56.7609,-12.5945
13571,R,50.9482,-56.3189,-15.3942
13572,R,53.7706,-55.8135,-17.6176
13573,R,51.4210,-54.7048,-17.4153
13574,R,52.8626,-51.7496,-18.6279
13575,R,50.1413,-53.1242,-16.4052
13576,R,41.7177,-48.2628,-18.5570
13577,R,42.0374,-45.3940,-16.8836
13578,R,41.9618,-44.7387,-18.8724
13579,R,42.4271,-41.3844,-19.4763
13580,R,41.5301,-43.9869,-20.4928
13581,R,45.8112,-21.0513,0.0123
13582,R,46.5907,-19.8648,-1.8538
13583,R,48.3814,-17.8333,-0.2716
13584,R,59.2904,-2.1984,-7.1145
13585,R,59.7139,0.3279,-6.6824
13586,R,57.9022,-0.5290,-8.9616
13587,R,56.5068,0.8707,-11.0535
13588,R,55.0104,-1.9775,-11.5573
13589,R,45.4512,-23.0218,-9.1497
13590,R,46.2665,-20.4160,-9.0407
13591,R,46.3505,-22.0449,-11.5137
13592,R,62.6107,-9.0674,-19.7773
13593,R,59.7466,-9.3563,-20.7682
13594,R,61.1259,-6.4100,-21.7564
13595,R,59.5695,-4.5151,-23.4329
13596,R,61.1946,-5.3057,-23.8525
13597,R,59.9081,-5.2444,-26.2503
13598,R,61.0991,-7.9804,-24.6211
13599,R,56.3810,-26.8905,-25.3078
13600,R,57.8957,-23.9317,-27.2529
13601,R,58.3666,-26.6164,-27.5608
13602,R,59.0076,-26.4091,-29.7343
13603,R,57.4222,-29.3569,-27.6470
13604,R,19.9613,-5.5244,60.4085
13605,R,21.2355,-3.7464,59.8995
13606,R,20.7059,-5.7674,58.3659
13607,R,22.3020,-9.5997,52.9188
13608,R,21.6349,-7.0855,53.6304
13609,R,22.2487,-7.7409,50.9355
13610,R,22.4329,-5.3352,49.1107
13611,R,23.0491,-8.1742,48.3092
13612,R,18.7643,-17.4561,69.7065
13613,R,17.2462,-16.8765,67.7626
13614,R,19.0172,-16.1135,66.7132
13615,R,19.3857,-11.4885,60.2489
13616,R,18.3534,-12.5032,61.0719
13617,R,18.7626,-8.7364,60.5400
13618,R,18.9376,-6.2747,61.7715
13619,R,27.3042,-21.2459,66.1373
13620,R,24.3706,-21.8605,65.0915
13621,R,25.9915,-20.7232,67.7243
13622,R,22.5820,-17.0392,69.6322
13623,R,22.6180,-19.2923,70.1430
13624,R,20.5191,-18.1910,70.5463
13625,R,18.7651,-19.2293,71.1322
13626,R,34.2793,-12.2405,60.7805
13627,R,35.9235,-12.8510,63.4758
13628,R,34.2217,-13.6627,63.5031
13629,R,30.5363,-17.6076,68.4889
13630,R,32.4092,-17.7961,67.5956
13631,R,30.2529,-20.0571,67.9185
13632,R,29.0483,-21.3586,65.3744
13633,R,24.3629,-8.8810,46.5546
13634,R,24.6201,-11.2200,48.9673
13635,R,30.6466,-13.9529,57.4675
13636,R,29.7915,-13.2765,54.0409
13637,R,32.2731,-12.8229,57.4173
13638,R,33.7060,-11.6769,57.7623
13639,R,35.9066,36.4134,15.7038
13640,R,36.3947,33.8437,16.3505
13641,R,37.8870,35.4994,18.7045
13642,R,45.3818,35.1416,24.3633
13643,R,44.8955,33.8958,22.3572
13644,R,47.4162,32.8714,24.6200
13645,R,48.3470,30.6395,25.3952
13646,R,48.2148,30.9211,27.5767
13647,R,36.7163,50.9256,14.6837
13648,R,38.3853,50.9719,13.3253
13649,R,39.0279,49.4951,15.3957
13650,R,38.1390,41.3118,17.3548
13651,R,38.4602,42.9511,15.0603
13652,R,37.0594,39.7993,15.3821
13653,R,35.7873,38.2764,13.0325
13654,R,28.2515,40.1189,19.4601
13655,R,27.1213,42.2484,17.5774
13656,R,29.6083,42.8465,19.0266
13657,R,35.3018,47.7115,18.5130
13658,R,33.4001,47.2190,17.3256
13659,R,34.9399,49.4235,15.7675
13660,R,34.3847,49.9512,13.5314
13661,R,5.7442,18.8532,28.1303
13662,R,5.7645,20.1209,25.7692
13663,R,5.8222,22.0124,27.1696
13664,R,8.7129,28.4244,24.0840
13665,R,6.1023,28.0446,24.2613
13666,R,6.8823,30.5088,22.6968
13667,R,5.9334,32.1208,20.5454
13668,R,8.5201,32.6629,20.7259
13669,R,12.4625,10.7631,36.5942
13670,R,10.5866,9.7654,36.3541
13671,R,10.8239,12.3437,35.0380
13672,R,7.3136,19.0845,31.2668
13673,R,6.8740,16.7335,33.1790
13674,R,5.7828,18.1138,31.0883
13675,R,5.6698,16.2999,29.6479
13676,R,9.3687,-61.6655,42.9002
13677,R,8.3295,-62.1517,40.9499
13678,R,9.5355,-59.5078,42.4897
13679,R,10.3287,-54.3696,42.2167
13680,R,9.3807,-55.8848,41.0749
13681,R,11.1201,-54.4146,40.5704
13682,R,11.7022,-54.3930,38.8059
13683,R,13.0096,-52.8634,40.1139
13684,R,7.8804,-56.1476,53.1339
13685,R,6.1024,-58.2573,52.5138
13686,R,6.9027,-57.3026,51.4152
13687,R,7.0419,-58.1640,46.2647
13688,R,6.8060,-59.1482,47.6004
13689,R,9.0400,-60.0697,45.7683
13690,R,8.9498,-62.9182,43.9887
13691,R,37.6676,-51.6547,38.8529
13692,R,39.0579,-53.2661,39.3310
13693,R,36.6030,-52.6329,38.1364
13694,R,31.4487,-53.5228,38.8826
13695,R,33.8909,-54.4909,38.3558
13696,R,32.8472,-55.6566,39.3920
13697,R,34.0807,-57.4972,40.3720
13698,R,31.8615,-56.4611,40.7726
13699,R,31.5655,-42.3593,39.5539
13700,R,32.5289,-42.4844,37.4739
13701,R,32.2460,-43.8165,38.5654
13702,R,33.6616,-49.1732,37.9765
13703,R,34.3503,-47.7612,37.5395
13704,R,35.8887,-50.0305,38.2153
13705,R,37.9657,-50.5182,39.1449
13706,R,63.9244,-13.2221,19.1585
13707,R,62.7546,-15.7632,19.8142
13708,R,63.3919,-15.5155,20.9936
13709,R,59.7034,-17.0558,25.2745
13710,R,60.5998,-17.8996,23.4557
13711,R,58.5336,-19.1186,25.2361
13712,R,57.8893,-21.4108,25.5374
13713,R,57.4013,-21.2519,27.0809
13714,R,38.2803,-1.5515,-0.2472
13715,R,37.1925,-3.2967,-2.5593
13716,R,37.0177,-5.8667,-2.5074
13717,R,36.8907,-14.8971,-7.3790
13718,R,36.4250,-12.8693,-7.5511
13719,R,39.1176,-15.0803,-9.9662
13720,R,41.7954,-14.2599,-11.8089
13721,R,42.6032,-15.4432,-10.8065
13722,R,10.4351,10.6100,-16.0429
13723,R,12.2189,6.0343,-14.7479
13724,R,11.7604,10.3222,-15.3813
13725,R,15.3030,13.0826,-14.0633
13726,R,14.9315,9.2378,-15.4765
13727,R,16.8872,8.6022,-15.6587
13728,R,18.3806,4.5333,-14.6867
13729,R,18.3501,7.7706,-15.7686
13730,R,25.3863,-53.6062,0.9173
13731,R,24.5521,-54.1493,-0.8878
13732,R,24.0423,-50.9282,-0.4259
13733,R,15.8681,-43.0267,-2.9460
13734,R,19.9072,-45.4441,-2.8666
13735,R,16.5990,-42.3506,-3.9451
13736,R,17.3722,-41.7418,-4.9596
13737,R,15.5704,-39.5325,-3.8562
13738,R,27.7613,-89.3970,0.7128
13739,R,29.2433,-89.7179,-1.0243
13740,R,27.2252,-92.2864,-0.6374
13741,R,25.5860,-98.7017,-4.2512
13742,R,28.0969,-97.2002,-3.8896
13743,R,26.3406,-98.7394,-7.4007
13744,R,26.6348,-98.2817,-9.9251
13745,R,23.8702,-99.6283,-10.4162
13746,R,47.6262,-35.3017,4.2415
13747,R,45.9941,-35.2891,2.8250
13748,R,44.9138,-37.0489,3.3687
13749,R,48.1195,-42.9472,1.0948
13750,R,46.3857,-41.6288,0.0900
13751,R,49.5816,-42.7456,-0.9425
13752,R,51.2432,-42.1756,-2.5853
13753,R,53.2492,-43.4437,-1.3656
13754,R,7.2974,19.1023,54.9384
13755,R,6.9470,21.7388,53.2726
13756,R,6.7094,21.4013,55.7935
13757,R,8.5568,24.9996,58.0694
13758,R,7.1422,26.4620,57.4319
13759,R,8.4736,28.2546,56.9357
13760,R,8.5076,31.0404,55.3003
13761,R,10.1037,29.3032,55.4339
13762,R,23.7027,15.5500,43.5031
13763,R,21.7490,17.9346,44.0358
13764,R,23.3991,17.6559,42.2845
13765,R,26.3376,22.4071,40.4256
13766,R,24.0948,21.9496,39.8984
13767,R,25.0733,24.2097,38.8094
13768,R,23.6284,26.1344,37.7684
13769,R,25.6361,25.8532,37.2004
13770,R,25.8983,27.6620,36.1528
13771,R,27.5197,26.3387,38.2025
13772,R,31.1887,27.4461,43.7137
13773,R,30.3932,28.1570,41.0427
13774,R,31.9491,28.6027,41.9080
13775,R,32.0945,29.6266,40.2922
13776,R,33.7439,28.7001,42.2384
13777,R,9.9875,-38.6847,60.1026
13778,R,10.5985,-37.8362,58.1420
13779,R,7.8414,-38.1171,58.4160
13780,R,5.8534,-33.2052,57.3804
13781,R,4.9046,-34.6591,55.7187
13782,R,5.5323,-32.0243,55.1954
13783,R,5.3173,-31.0907,53.1197
13784,R,6.3135,-29.5015,54.7953
13785,R,8.8572,0.0184,68.1368
13786,R,7.4371,-1.5058,66.6438
13787,R,7.2184,0.9353,67.7128
13788,R,6.8491,6.0481,63.5599
13789,R,6.3188,2.8652,64.0013
13790,R,6.9322,4.0757,61.4417
13791,R,7.6857,2.1232,59.3914
13792,R,7.2444,4.8601,58.5498
13793,R,7.0762,5.2048,56.1248
13794,R,7.7110,7.3784,58.3328
13795,R,8.2259,16.3726,58.6416
13796,R,9.1893,13.2705,57.2157
13797,R,8.4233,16.8252,56.0312
13798,R,8.8382,17.0264,53.5133
13799,R,26.5231,-35.8571,55.7447
13800,R,24.6067,-37.7460,53.9139
13801,R,25.0936,-36.2536,56.0955
13802,R,23.1363,-35.6849,60.9461
13803,R,22.3674,-36.9279,57.8655
13804,R,20.9907,-37.2453,59.0873
13805,R,20.2201,-39.7757,58.2489
13806,R,19.8771,-37.7627,60.5361
13807,R,7.1414,-37.1391,69.5857
13808,R,8.2188,-36.0909,73.0133
13809,R,6.0391,-37.2187,72.9447
13810,R,5.6498,-40.6427,71.5045
13811,R,6.1743,-39.5710,74.1057
13812,R,7.7455,-40.0163,72.9511
13813,R,10.3867,-39.6922,73.8177
13814,R,10.0800,-39.4992,71.5707
13815,R,12.4913,-40.2970,70.2325
13816,R,9.8948,-39.5361,69.2683
13817,R,7.4514,-39.7581,62.6265
13818,R,9.7451,-39.4263,64.5454
13819,R,9.8969,-39.1608,62.2193
13820,R,12.5316,-39.1480,61.9228
13821,R,41.6857,-9.6650,32.5613
13822,R,41.2485,-11.8097,30.6756
13823,R,39.8989,-11.8734,32.2248
13824,R,37.2826,-17.2752,34.6378
13825,R,39.1910,-17.3262,33.5731
13826,R,39.3487,-19.5119,35.3081
13827,R,42.4329,-20.0429,38.2108
13828,R,39.8898,-20.4309,37.9399
13829,R,31.6359,-29.4100,52.2642
13830,R,34.4313,-29.0900,53.4485
13831,R,34.3067,-29.8877,56.8609
13832,R,37.1652,-31.7505,65.8404
13833,R,38.3762,-30.1588,64.3047
13834,R,39.3277,-31.9308,64.4619
13835,R,41.1957,-31.8661,62.8867
13836,R,39.2455,-33.9047,62.4568
13837,R,38.3280,-34.6524,59.7486
13838,R,37.0101,-34.8096,61.7235
13839,R,30.4014,-35.0564,60.6710
13840,R,31.9735,-35.1936,59.3915
13841,R,29.0935,-35.3475,57.6782
13842,R,27.7955,-35.4789,54.8585
13843,R,35.3556,29.0751,41.8638
13844,R,34.9015,28.2312,44.0162
13845,R,37.1060,22.9470,46.4757
13846,R,36.7573,24.2830,44.9134
13847,R,38.5074,21.6437,44.5688
13848,R,40.1677,20.7533,42.5982
13849,R,41.4036,20.2794,44.5586
13850,R,44.2564,-4.3858,46.6575
13851,R,44.9130,-1.9425,44.9799
13852,R,46.7419,-3.3709,47.9682
13853,R,51.2179,-4.7702,46.3181
13854,R,50.8907,-2.2536,47.5293
13855,R,52.4033,-2.4714,45.4628
13856,R,52.6509,-0.4882,43.9639
13857,R,53.5823,-2.8921,43.1889
13858,R,54.4496,-3.0609,41.1253
13859,R,52.1797,-4.7551,41.2887
13860,R,43.9370,-9.4283,36.5452
13861,R,46.7807,-7.6756,36.4916
13862,R,44.1451,-8.7371,34.5654
13863,R,44.4482,-8.1902,32.4522
13864,R,37.4699,21.3179,11.0681
13865,R,37.3380,18.1585,11.5368
13866,R,39.2073,19.9595,10.6873
13867,R,44.4075,18.3888,8.2750
13868,R,42.1827,17.3606,8.2305
13869,R,43.6094,16.0865,7.0509
13870,R,43.3056,13.6216,6.5317
13871,R,45.1494,14.8435,6.3345
13872,R,43.6516,15.6247,20.4204
13873,R,46.2697,14.3708,20.8470
13874,R,44.3788,12.7496,20.8923
13875,R,45.4526,5.9888,17.8270
13876,R,45.6943,7.6121,16.7413
13877,R,47.7087,5.0539,15.7646
13878,R,50.1347,4.5213,13.4511
13879,R,50.7824,4.0255,15.5103
13880,R,53.5105,4.2947,15.1800
13881,R,51.1715,3.9152,17.4192
13882,R,49.2739,3.7877,23.5566
13883,R,51.9474,4.0198,21.7126
13884,R,52.5514,4.7032,24.0499
13885,R,55.4470,5.6356,23.8561
13886,R,52.9206,6.0109,26.2012
13887,R,17.7551,49.7831,-14.5446
13888,R,18.9243,46.0494,-14.1717
13889,R,20.0175,48.4063,-12.4308
13890,R,28.0603,47.6774,-10.3887
13891,R,25.5733,45.5700,-10.0358
13892,R,28.5827,44.2648,-11.0403
13893,R,28.8186,40.7410,-12.5289
13894,R,31.1931,42.8646,-13.2126
13895,R,50.4971,35.6343,-2.7218
13896,R,50.4369,35.2870,-4.8570
13897,R,51.5230,33.2346,-3.7494
13898,R,44.2721,30.4812,0.2725
13899,R,46.2480,31.5287,-2.2400
13900,R,42.8814,31.8069,-0.9167
13901,R,41.7883,32.4499,-2.5474
13902,R,39.7102,31.7140,0.9638
13903,R,36.7312,31.2544,2.9102
13904,R,38.2974,30.0844,3.6318
13905,R,39.3918,24.9100,8.5076
13906,R,37.1130,25.9644,8.3062
13907,R,37.1813,23.7866,10.0007
13908,R,35.2408,22.1134,11.3593
13909,R,7.3747,51.2295,30.4396
13910,R,8.1489,49.6148,27.4071
13911,R,7.8056,52.8158,28.0151
13912,R,7.5516,57.7347,21.9067
13913,R,8.1151,55.2397,21.7202
13914,R,8.7911,55.6485,18.8834
13915,R,8.2202,53.6832,16.1649
13916,R,9.2970,56.6651,16.0682
13917,R,21.8176,59.1836,-1.5219
13918,R,19.3586,62.4851,-2.2777
13919,R,19.1503,60.5960,-3.6019
13920,R,13.5794,57.4846,-10.0951
13921,R,13.0949,60.6682,-8.0132
13922,R,10.3486,60.6800,-10.5976
13923,R,7.5003,62.7403,-11.1108
13924,R,8.8217,59.8356,-13.8246
13925,R,7.8670,59.2296,-16.5449
13926,R,11.4799,59.2049,-16.1242
13927,R,18.2644,55.2486,-14.4395
13928,R,14.8468,55.6970,-15.7987
13929,R,16.3925,52.9712,-15.3625
13930,R,15.0437,50.6153,-17.0214
13931,R,3.1261,-20.8369,15.3029
13932,R,4.3093,-20.5676,13.9790
13933,R,3.3223,-18.0554,14.7375
13934,R,2.5435,-10.0321,13.1546
13935,R,3.2525,-12.4325,12.5698
13936,R,3.2582,-10.0095,11.3979
13937,R,2.9768,-10.4752,9.5592
13938,R,3.6485,-7.5747,10.1084
13939,R,-0.0643,26.6261,5.1273
13940,R,0.8875,23.2698,4.4772
13941,R,0.1115,25.3363,2.4699
13942,R,4.1367,25.0537,-4.2177
13943,R,1.2010,22.7794,-2.2991
13944,R,3.4946,21.7099,-4.1553
13945,R,3.4684,18.2516,-4.1419
13946,R,4.9238,20.6957,-5.9299
13947,R,5.5203,19.8711,-7.4891
13948,R,5.3824,22.9345,-8.1974
13949,R,9.3608,30.0999,-11.4564
13950,R,8.3406,27.2172,-11.7305
13951,R,8.3436,30.1997,-13.8475
13952,R,5.7138,30.4255,-15.6944
13953,R,6.0310,33.8294,-14.9188
13954,R,15.3086,-32.9792,37.3544
13955,R,13.3800,-35.0072,38.6355
13956,R,13.0128,-32.4707,37.6996
13957,R,8.7462,-28.9978,39.5775
13958,R,8.7050,-31.6453,40.1317
13959,R,6.5929,-31.0803,41.4364
13960,R,4.7576,-32.7963,41.9487
13961,R,4.9685,-30.2529,41.4409
13962,R,5.2469,-7.5350,30.4220
13963,R,6.0785,-11.2419,30.4778
13964,R,3.8985,-10.5325,29.6787
13965,R,0.0670,-16.5459,25.7048
13966,R,0.9302,-16.7961,27.6290
13967,R,0.3865,-20.1055,26.3278
13968,R,1.0641,-23.7910,26.4192
13969,R,0.1638,-23.5924,24.6945
13970,R,0.1637,-26.4462,23.2655
13971,R,0.3076,-22.9386,22.7808
13972,R,1.5604,-18.6094,18.1399
13973,R,1.4524,-21.9590,18.8780
13974,R,2.2160,-21.4116,16.9306
13975,R,3.0726,-23.9070,15.8001
13976,R,7.7820,-86.2036,31.9362
13977,R,6.6920,-86.8599,28.2428
13978,R,6.0816,-85.3501,32.3325
13979,R,7.8592,-80.3650,31.3041
13980,R,5.1988,-80.4433,31.1048
13981,R,6.6113,-78.7490,29.2948
13982,R,5.3388,-77.5621,27.3567
13983,R,8.0694,-77.7435,27.0791
13984,R,6.9911,-64.1073,25.2639
13985,R,11.6668,-63.0959,25.5736
13986,R,9.2004,-62.5410,24.7575
13987,R,11.0248,-58.0311,21.6278
13988,R,13.1723,-58.4830,23.4442
13989,R,15.3560,-56.8949,22.1318
13990,R,19.6377,-56.9027,21.1784
13991,R,16.9306,-55.8396,20.4310
13992,R,17.6831,-55.3483,18.7018
13993,R,14.0342,-55.4612,19.1722
13994,R,5.4863,-57.3044,12.6186
13995,R,8.4457,-56.6217,13.9974
13996,R,6.2212,-56.2442,11.1403
13997,R,7.0304,-54.8399,9.9723
13998,R,5.7917,-53.2274,11.2529
13999,R,26.1791,-56.9632,62.9902
14000,R,25.8484,-56.2511,59.9363
14001,R,24.4624,-57.7092,60.8183
14002,R,19.9767,-60.0931,56.5662
14003,R,21.2966,-58.9591,55.7709
14004,R,20.1587,-59.5825,53.6686
14005,R,21.1046,-59.9402,50.9277
14006,R,19.6651,-60.8352,51.9655
14007,R,16.1299,-74.5993,45.0976
14008,R,17.2461,-74.0402,45.4584
14009,R,18.7000,-75.1445,44.9766
14010,R,22.2309,-82.1687,41.4970
14011,R,23.5224,-79.1415,42.1183
14012,R,23.4623,-81.9149,39.5004
14013,R,23.8670,-81.1648,37.0438
14014,R,22.6098,-84.6696,35.9186
14015,R,21.7255,-86.5773,32.6955
14016,R,19.9688,-86.1901,35.2678
14017,R,11.2815,-86.3451,36.2997
14018,R,13.2239,-87.1834,34.0438
14019,R,10.3524,-85.9487,33.5975
14020,R,9.9588,-86.4272,29.9554
14021,R,46.6861,-51.8648,25.7653
14022,R,44.0591,-52.5092,24.7011
14023,R,44.9516,-53.0331,26.4507
14024,R,45.5892,-57.7160,27.8312
14025,R,45.1334,-57.0574,26.0021
14026,R,46.8291,-58.7207,25.4333
14027,R,48.5854,-59.4848,23.7086
14028,R,49.0083,-60.1016,25.0797
14029,R,37.7205,-74.2324,39.8205
14030,R,39.0540,-73.6949,37.1309
14031,R,37.2049,-76.3953,36.9520
14032,R,37.1116,-81.2410,29.2695
14033,R,37.7144,-79.4669,30.1059
14034,R,39.0795,-80.6232,27.5110
14035,R,40.9962,-78.8622,25.6724
14036,R,39.8570,-81.1305,24.3514
14037,R,39.8797,-81.8905,21.3947
14038,R,38.6080,-83.2096,23.3524
14039,R,35.4051,-78.2762,20.3055
14040,R,35.8616,-81.4516,20.2305
14041,R,34.5538,-79.1721,17.7350
14042,R,33.7782,-80.1469,15.1129
14043,R,32.4913,-77.8606,15.4197
14044,R,48.8964,-22.0669,38.1839
14045,R,49.2706,-23.1513,36.2285
14046,R,48.4583,-24.4420,36.7541
14047,R,49.8024,-30.3985,40.2015
14048,R,50.6878,-29.2076,39.5656
14049,R,51.8202,-30.8169,41.7388
14050,R,53.8091,-30.3184,43.2354
14051,R,52.5584,-32.0221,44.0350
14052,R,50.6614,-48.2910,38.3813
14053,R,50.7800,-47.0256,37.2569
14054,R,52.2793,-48.5982,38.5801
14055,R,56.0846,-51.1092,33.9978
14056,R,55.1309,-49.5481,36.0137
14057,R,55.8291,-49.6282,33.3768
14058,R,54.5170,-48.2765,32.9811
14059,R,56.0252,-49.7102,30.8215
14060,R,55.3298,-49.5754,29.0783
14061,R,55.2921,-50.9482,29.3957
14062,R,50.4653,-52.2765,27.5302
14063,R,51.8241,-51.2520,27.0632
14064,R,49.3621,-51.5838,25.9449
14065,R,48.3884,-50.7466,24.4780
14066,R,35.9293,-12.3922,19.7585
14067,R,35.0194,-15.7015,18.6992
14068,R,35.6763,-15.3110,20.2032
14069,R,35.5807,-20.9296,21.2135
14070,R,34.1792,-21.1234,20.0490
14071,R,33.3413,-23.9477,19.6945
14072,R,31.9784,-26.7691,17.9736
14073,R,32.7294,-26.7487,19.5546
14074,R,45.2072,-32.9912,26.6622
14075,R,44.2109,-34.6158,25.2973
14076,R,45.8366,-35.9214,25.7446
14077,R,53.5493,-37.1990,20.8915
14078,R,50.7790,-37.3715,20.9512
14079,R,54.0117,-36.4146,18.3815
14080,R,54.7601,-35.3083,15.9079
14081,R,57.7995,-34.8103,16.1757
14082,R,61.1686,-33.4759,14.7847
14083,R,60.2962,-34.5389,16.6509
14084,R,63.0705,-36.7015,19.0428
14085,R,63.5532,-36.0114,17.0550
14086,R,63.9649,-37.3854,17.2243
14087,R,63.9178,-38.7284,15.3615
14088,R,63.4035,-38.9544,17.2378
14089,R,29.5304,20.9245,-20.7132
14090,R,27.7930,19.3234,-21.0780
14091,R,27.9035,19.6394,-18.9428
14092,R,27.7885,14.8183,-13.8394
14093,R,26.3470,15.1502,-15.0826
14094,R,28.9630,12.4635,-15.2863
14095,R,29.6896,9.7532,-16.0179
14096,R,31.0681,9.6887,-15.5721
14097,R,44.9965,13.7241,-23.7831
14098,R,43.3516,13.9714,-25.7780
14099,R,43.6610,17.0696,-25.9950
14100,R,41.1247,14.7594,-33.5565
14101,R,40.8884,17.5620,-32.3708
14102,R,39.8420,16.2861,-36.0295
14103,R,37.5078,16.6048,-37.2159
14104,R,39.5480,13.8281,-38.1524
14105,R,38.9013,10.9324,-37.8867
14106,R,41.3578,11.0878,-38.4374
14107,R,47.2458,6.8566,-36.1047
14108,R,44.2823,6.3729,-37.2788
14109,R,45.6333,4.3088,-35.2814
14110,R,43.9497,1.5843,-34.6541
14111,R,46.8078,2.4045,-33.6421
14112,R,16.7740,-29.4274,-5.6348
14113,R,21.3239,-32.5495,-4.3972
14114,R,20.0702,-30.3534,-5.6395
14115,R,25.0100,-29.4589,-7.4167
14116,R,26.5193,-31.6697,-6.2231
14117,R,29.4588,-31.4749,-6.3392
14118,R,32.8560,-32.2446,-3.9619
14119,R,32.0418,-30.7384,-5.7881
14120,R,39.7464,-15.9067,-19.3663
14121,R,40.1586,-18.0771,-19.1567
14122,R,38.7372,-16.9669,-21.5521
14123,R,28.2243,-15.5004,-27.6750
14124,R,31.7333,-17.7967,-25.3983
14125,R,27.0828,-16.9477,-26.5710
14126,R,26.2076,-18.2755,-25.1745
14127,R,23.0831,-15.2740,-26.2877
14128,R,21.5445,-15.0100,-26.8684
14129,R,21.4843,-12.6914,-27.5102
14130,R,23.0610,-7.9553,-32.8134
14131,R,22.4636,-9.9958,-31.7164
14132,R,24.8282,-8.7029,-33.8049
14133,R,27.9638,-9.0201,-32.9699
14134,R,27.8027,-6.4287,-33.6457
14135,R,13.1539,-88.8805,5.3014
14136,R,12.8242,-89.6698,2.0318
14137,R,11.8637,-88.3025,2.3721
14138,R,5.4374,-86.0868,-2.9343
14139,R,6.6937,-89.1947,-3.4689
14140,R,4.2442,-87.9268,-5.6667
14141,R,4.5185,-89.8022,-8.8468
14142,R,4.2708,-86.2843,-7.6943
14143,R,20.7289,-58.0928,-8.0662
14144,R,20.7482,-61.3185,-7.1810
14145,R,23.4886,-57.7371,-6.7243
14146,R,31.9096,-53.1344,-5.7529
14147,R,29.1209,-56.5442,-5.1243
14148,R,31.6506,-56.5424,-5.7422
14149,R,31.2441,-59.8175,-5.6199
14150,R,32.8939,-56.1110,-7.9641
14151,R,32.6721,-54.9625,-10.4235
14152,R,33.8699,-51.9469,-9.9206
14153,R,37.3243,-41.6311,-12.9501
14154,R,36.0283,-44.1783,-13.5468
14155,R,37.0144,-40.3093,-15.4693
14156,R,35.9942,-38.7747,-17.7299
14157,R,37.9219,-36.3777,-16.8856
14158,R,47.8012,-60.2159,5.7910
14159,R,51.1506,-61.3467,4.8803
14160,R,48.9189,-61.8166,5.1918
14161,R,47.4662,-60.9515,2.5998
14162,R,49.5943,-60.5072,2.3289
14163,R,49.5399,-59.0488,1.1253
14164,R,51.5304,-57.2971,-0.9645
14165,R,49.4069,-58.1861,-0.1431
14166,R,42.5875,-76.8383,-14.5499
14167,R,45.0272,-73.3975,-13.8399
14168,R,44.4722,-73.3959,-15.6852
14169,R,42.5925,-66.7182,-14.7090
14170,R,44.1344,-66.2541,-14.5655
14171,R,42.2918,-63.9601,-12.4958
14172,R,42.7338,-60.6405,-10.8143
14173,R,41.0425,-60.7601,-10.8915
14174,R,41.3581,-57.4195,-10.5596
14175,R,39.9935,-60.5620,-11.9160
14176,R,39.7861,-63.4864,-17.2284
14177,R,40.1990,-59.9817,-16.0050
14178,R,40.7577,-59.4920,-17.7246
14179,R,41.1467,-55.4448,-18.0044
14180,R,40.1807,-58.3981,-18.7678
14181,R,53.6275,-13.8480,3.2833
14182,R,54.1741,-11.6904,2.4760
14183,R,56.7685,-11.5768,1.2190
14184,R,63.2474,-9.0612,-1.2901
14185,R,62.3618,-7.4836,-0.6167
14186,R,62.5521,-7.1138,-2.5964
14187,R,61.8805,-5.4911,-4.1128
14188,R,60.9502,-7.5652,-4.8762
14189,R,58.3282,-25.8112,-13.0009
14190,R,56.6897,-23.6106,-13.5558
14191,R,61.2375,-23.6637,-13.3581
14192,R,65.3785,-20.9945,-15.2315
14193,R,64.9223,-19.3144,-13.8721
14194,R,64.9421,-17.2666,-15.4145
14195,R,64.4388,-14.4692,-16.4406
14196,R,64.0703,-16.6419,-18.2165
14197,R,62.7214,-16.9569,-20.7904
14198,R,62.3148,-19.4505,-19.0359
14199,R,56.5149,-29.0739,-17.3767
14200,R,56.5441,-24.9735,-18.4269
14201,R,54.5147,-28.7230,-18.4230
14202,R,53.7444,-27.9991,-20.3361
14203,R,53.4434,-32.6507,-18.6365
14204,R,15.3123,9.5229,60.6044
14205,R,15.9378,12.2622,60.3691
14206,R,17.5788,10.7113,61.0256
14207,R,21.4105,9.5698,59.5323
14208,R,20.7054,12.0113,59.8313
14209,R,20.8172,11.9772,57.4724
14210,R,20.9970,14.3533,56.3352
14211,R,20.6683,11.8969,55.7334
14212,R,22.3584,0.3764,57.2668
14213,R,22.4126,2.9923,58.5906
14214,R,21.5775,2.7516,55.9327
14215,R,21.9689,6.7950,48.8462
14216,R,21.3227,7.1632,51.4660
14217,R,21.3739,9.2321,49.1590
14218,R,21.0896,11.4051,50.0353
14219,R,22.0234,10.9457,47.4079
14220,R,22.9426,12.2243,46.0559
14221,R,23.7556,10.2036,45.5240
14222,R,29.1452,8.4610,48.6373
14223,R,28.4979,10.0783,46.6012
14224,R,30.2778,10.7388,48.6238
14225,R,30.5962,13.3057,47.9801
14226,R,31.8172,11.6048,50.4711
14227,R,4.0414,-27.5683,71.3476
14228,R,4.0362,-26.3916,70.0712
14229,R,5.0767,-24.6319,71.7018
14230,R,8.1660,-16.9928,69.9648
14231,R,6.6399,-18.3188,70.4162
14232,R,7.2205,-15.2208,69.4015
14233,R,6.3473,-13.8338,68.8893
14234,R,8.0732,-12.4641,68.8740
14235,R,13.8595,-14.4666,63.7983
14236,R,12.4027,-15.0312,65.7461
14237,R,13.0086,-11.7414,63.6037
14238,R,14.8244,-4.4823,67.2727
14239,R,12.9959,-7.2880,67.0653
14240,R,12.9368,-5.8435,68.5098
14241,R,10.8432,-7.1856,69.0605
14242,R,12.4196,-4.1003,68.8885
14243,R,11.5105,-2.5002,68.7660
14244,R,13.4091,-1.1038,67.8288
14245,R,16.7360,5.1139,62.8743
14246,R,14.6269,3.6563,63.2139
14247,R,15.0337,6.4669,61.7540
14248,R,13.2416,8.0811,61.6483
14249,R,25.0901,-30.6317,59.4262
14250,R,24.6516,-30.8352,62.9026
14251,R,22.7820,-31.4884,58.7181
14252,R,16.5544,-31.1246,56.6615
14253,R,18.1473,-32.3291,58.3496
14254,R,15.9176,-32.4069,58.7350
14255,R,15.4980,-33.2365,61.2829
14256,R,13.8430,-32.4186,59.4756
14257,R,19.3017,-23.4339,63.7541
14258,R,17.7053,-24.7910,61.1238
14259,R,16.7323,-24.2305,63.6272
14260,R,11.5381,-26.9862,66.8564
14261,R,12.2793,-27.4165,63.8924
14262,R,10.4615,-29.4800,63.9875
14263,R,10.1953,-32.0240,62.2704
14264,R,9.0006,-31.5444,64.4041
14265,R,7.9422,-33.7771,65.2062
14266,R,8.1951,-30.8119,66.8854
14267,R,6.7033,-26.7214,73.0726
14268,R,6.2654,-29.1324,71.5840
14269,R,4.9779,-28.3621,72.0702
14270,R,3.7219,-30.1270,70.7832
14271,R,40.3621,-9.9711,50.7023
14272,R,37.7653,-11.4692,48.5981
14273,R,38.1866,-11.5136,51.3226
14274,R,36.7285,-15.8821,55.6011
14275,R,35.4463,-15.2529,53.1066
14276,R,35.5151,-17.9558,52.8611
14277,R,34.8597,-19.8864,50.1866
14278,R,35.8598,-20.5060,51.9267
14279,R,37.6073,-17.7986,63.7844
14280,R,38.5299,-17.4844,62.0011
14281,R,36.4631,-20.1956,61.6896
14282,R,29.5955,-22.6196,54.1910
14283,R,33.0271,-22.8802,55.8411
14284,R,30.8050,-23.2442,52.4904
14285,R,31.8895,-23.8854,50.6119
14286,R,29.0012,-24.2865,48.9698
14287,R,28.7404,-26.5267,47.7838
14288,R,26.9807,-25.4726,48.5348
14289,R,23.3791,-29.4768,52.2141
14290,R,25.2205,-28.9301,51.8923
14291,R,24.9742,-30.0807,55.2300
14292,R,26.9311,-30.2219,59.3885
14293,R,33.0612,12.1402,52.4564
14294,R,32.2696,9.1392,53.1208
14295,R,30.2404,1.3330,51.2927
14296,R,31.1629,3.2903,54.5651
14297,R,32.0945,2.1021,52.1487
14298,R,34.0875,2.6652,52.6800
14299,R,32.6067,0.8936,48.8293
14300,R,27.9486,-9.1264,45.6769
14301,R,28.1856,-6.2266,44.5543
14302,R,29.9120,-8.4746,45.7764
14303,R,35.4665,-7.4626,48.8489
14304,R,33.4222,-6.6409,45.2826
14305,R,35.3338,-6.3812,45.1955
14306,R,35.2066,-3.7892,43.8781
14307,R,37.4103,-6.1404,45.3627
14308,R,39.6098,-5.5788,45.4755
14309,R,39.8796,-6.4712,49.0686
14310,R,42.6826,-8.0732,55.1851
14311,R,43.6390,-6.8994,54.0481
14312,R,42.9278,-8.5723,53.0733
14313,R,42.9930,-9.1095,50.8099
14314,R,53.2327,28.7771,4.2988
14315,R,53.9089,27.3888,5.9957
14316,R,52.9968,28.8228,6.3033
14317,R,48.0061,28.6356,11.2901
14318,R,50.6026,27.6758,11.0574
14319,R,49.6908,27.0610,13.5767
14320,R,51.5303,25.7496,16.3971
14321,R,48.8554,26.0720,16.1954
14322,R,39.2868,30.3164,17.1732
14323,R,40.2107,29.2741,14.5829
14324,R,40.3673,28.6099,17.6118
14325,R,42.9369,25.4963,21.2544
14326,R,43.3831,26.0326,19.4459
14327,R,44.7658,24.7371,20.4708
14328,R,46.8652,24.3276,19.8309
14329,R,44.2123,22.9572,19.6094
14330,R,43.6983,20.6856,19.0878
14331,R,41.4882,21.7474,19.7049
14332,R,36.6933,19.7361,23.6318
14333,R,37.3134,18.8522,21.6913
14334,R,36.1566,16.9090,22.9317
14335,R,36.2709,14.0345,22.9151
14336,R,34.7951,14.6259,24.0680
14337,R,29.8446,51.0010,-4.9894
14338,R,32.1656,53.1184,-6.0318
14339,R,33.1494,50.8848,-3.5898
14340,R,39.1959,52.8291,1.1726
14341,R,38.4738,52.8703,-0.9004
14342,R,39.6653,50.9523,-0.3472
14343,R,39.1911,48.3609,-1.7774
14344,R,38.9337,47.5835,0.3428
14345,R,38.7221,47.3742,9.2171
14346,R,39.8752,49.0744,7.3587
14347,R,38.9806,45.7775,7.0454
14348,R,39.9970,39.3209,3.3135
14349,R,40.1866,41.9964,3.8331
14350,R,40.9942,40.3948,1.8514
14351,R,40.5525,41.2711,-0.1356
14352,R,42.6800,38.9106,0.3865
14353,R,45.1323,37.4390,-0.8826
14354,R,44.7770,36.6374,1.1345
14355,R,49.7825,32.6138,4.3812
14356,R,50.3439,34.0804,3.3783
14357,R,52.0820,30.9509,3.3254
14358,R,53.0459,29.2292,2.5363
14359,R,19.9273,53.9885,26.0455
14360,R,17.9038,54.1359,22.7445
14361,R,20.3446,54.1929,23.1299
14362,R,23.4474,56.0197,18.5468
14363,R,22.4624,58.6955,18.6781
14364,R,22.6304,58.5889,15.9691
14365,R,22.0231,59.9089,13.3400
14366,R,22.8773,57.9039,13.0695
14367,R,26.2649,46.8278,14.8106
14368,R,24.4694,48.9067,15.8464
14369,R,25.1868,48.5890,13.4573
14370,R,25.5452,49.8940,7.2602
14371,R,24.7723,51.7394,9.4973
14372,R,25.4065,53.0977,7.2878
14373,R,25.8964,56.1591,7.7338
14374,R,23.8354,54.7058,5.4983
14375,R,22.3396,56.4410,3.1660
14376,R,22.6919,52.6555,3.3233
14377,R,29.0245,48.6799,-0.4172
14378,R,25.3192,49.1347,-1.1769
14379,R,27.6302,49.2255,-3.2165
14380,R,26.4796,50.9871,-5.5207
14381,R,0.3366,1.6405,23.7756
14382,R,0.8829,2.0366,21.7193
14383,R,0.4707,4.7724,22.5042
14384,R,0.1690,13.9517,21.1635
14385,R,0.4770,11.0165,19.9342
14386,R,0.2098,14.0493,18.6550
14387,R,0.5689,14.1913,16.2944
14388,R,0.0118,17.0378,17.4031
14389,R,8.0979,22.5238,21.7238
14390,R,7.3554,20.4103,21.1638
14391,R,7.5245,23.0011,19.3468
14392,R,5.1741,27.3702,13.7763
14393,R,3.7904,24.7453,15.9128
14394,R,1.6992,25.8326,14.3580
14395,R,0.0551,23.3391,14.1176
14396,R,0.4592,26.7069,12.4022
14397,R,-0.0647,27.0160,10.0920
14398,R,1.5274,29.5060,10.2862
14399,R,8.2033,35.9679,5.6170
14400,R,6.7295,33.0666,5.1940
14401,R,8.0233,35.7681,3.1166
14402,R,7.2593,35.7228,0.6117
14403,R,6.6983,39.1433,1.4298
14404,R,11.6758,-10.1944,40.8601
14405,R,10.5799,-11.6962,39.5151
14406,R,9.7920,-9.3062,40.9386
14407,R,5.9760,-3.8206,40.8958
14408,R,6.2639,-6.8470,41.0283
14409,R,4.9661,-5.3037,40.0223
14410,R,4.6436,-6.7285,37.7287
14411,R,4.6125,-3.8775,37.5221
14412,R,6.5792,8.5795,37.4865
14413,R,6.2306,5.4117,38.7391
14414,R,4.8929,7.3072,37.0215
14415,R,6.3418,4.5608,31.9383
14416,R,4.7222,3.5831,33.4961
14417,R,6.0532,1.7233,32.6541
14418,R,5.4519,-1.2987,33.1537
14419,R,7.4636,-0.3319,32.1961
14420,R,7.2019,-2.6649,31.5472
14421,R,6.8754,0.4407,30.6197
14422,R,1.0230,4.5393,27.2469
14423,R,1.6269,1.7323,28.4289
14424,R,0.1907,1.8150,26.3538
14425,R,0.1765,-1.0295,25.2305
14426,R,17.6603,-73.1108,39.1265
14427,R,18.5348,-72.7382,37.4737
14428,R,17.3096,-70.5460,38.4205
14429,R,10.4777,-68.1151,36.8118
14430,R,13.4246,-67.6938,36.7493
14431,R,11.5330,-66.7270,35.7857
14432,R,12.5182,-65.5287,34.6166
14433,R,9.1092,-67.1380,33.5668
14434,R,5.9532,-61.7988,38.2847
14435,R,5.1751,-65.0900,37.1968
14436,R,5.8614,-62.1181,36.8783
14437,R,5.9978,-59.6477,32.6924
14438,R,6.2976,-62.8142,33.0155
14439,R,5.4234,-63.2655,31.2402
14440,R,4.9314,-67.1694,30.0617
14441,R,4.6417,-63.9112,29.4306
14442,R,4.6163,-64.5481,27.6011
14443,R,4.9554,-60.9898,28.8850
14444,R,10.2993,-54.8503,28.2434
14445,R,7.5691,-56.8005,27.4627
14446,R,9.6884,-55.0758,26.2737
14447,R,9.0487,-55.1428,24.3573
14448,R,10.0803,-52.5753,25.5884
14449,R,11.3191,-61.2781,62.8740
14450,R,11.6909,-63.3954,62.4543
14451,R,10.0907,-63.3827,61.7766
14452,R,7.6400,-66.2033,56.2234
14453,R,8.6934,-66.6176,57.2884
14454,R,8.5783,-67.8632,54.6791
14455,R,9.4899,-69.8702,53.4391
14456,R,8.4835,-69.4105,52.6193
14457,R,6.4419,-62.2778,51.4670
14458,R,6.2746,-63.5569,52.6498
14459,R,7.6280,-64.5641,50.2938
14460,R,6.5716,-71.2383,45.4706
14461,R,6.5924,-69.6719,47.5471
14462,R,6.8930,-72.4508,47.0657
14463,R,7.7530,-73.2900,48.7907
14464,R,8.7048,-74.1484,47.0399
14465,R,11.7685,-74.1219,46.6581
14466,R,10.3425,-74.1943,45.6046
14467,R,14.4033,-71.6507,41.5478
14468,R,15.3718,-73.0710,42.4308
14469,R,17.0524,-73.2128,40.5626
14470,R,17.5748,-75.0394,40.4578
14471,R,50.4596,-55.2281,42.1730
14472,R,48.3482,-56.3849,40.2123
14473,R,48.9524,-56.7745,42.0579
14474,R,47.5224,-59.5492,44.4691
14475,R,48.1304,-59.8898,42.2712
14476,R,46.7049,-61.1446,42.2964
14477,R,45.1339,-62.0912,40.3073
14478,R,44.5305,-62.1284,42.6218
14479,R,41.2873,-56.5256,41.2058
14480,R,43.2710,-57.3416,43.1662
14481,R,41.6822,-58.3156,42.6080
14482,R,38.9987,-63.5466,46.7467
14483,R,40.8360,-62.2621,45.5946
14484,R,40.5686,-64.4121,46.7412
14485,R,41.4894,-65.3751,44.8942
14486,R,40.1831,-67.2093,46.5878
14487,R,39.3952,-69.6821,44.7929
14488,R,38.5008,-68.8166,46.4940
14489,R,35.6867,-68.2301,41.6506
14490,R,35.7175,-70.6628,41.8559
14491,R,34.5854,-70.5494,39.2034
14492,R,33.7290,-72.1749,37.2471
14493,R,33.6782,-69.5633,37.0576
14494,R,39.6184,-30.6722,37.9434
14495,R,41.2820,-32.0505,38.6595
14496,R,40.0072,-32.9115,38.7946
14497,R,40.3062,-38.5082,36.9779
14498,R,41.5729,-37.5022,38.3160
14499,R,42.0134,-39.1237,37.2900
14500,R,43.8354,-39.5114,37.5582
14501,R,42.9092,-40.5073,35.9861
14502,R,35.8792,-43.5408,35.0156
14503,R,36.6912,-41.9423,34.9250
14504,R,38.0132,-44.1966,34.7195
14505,R,43.2860,-47.9775,37.9233
14506,R,41.8389,-46.0585,35.8396
14507,R,43.8349,-46.7794,36.4255
14508,R,44.5746,-45.3401,35.8150
14509,R,45.7177,-47.4056,36.9836
14510,R,47.6239,-47.8679,37.3918
14511,R,47.1861,-48.9752,39.3235
14512,R,50.1840,-53.4713,44.3708
14513,R,50.5984,-51.7915,43.4337
14514,R,51.4423,-53.5016,43.5056
14515,R,52.0777,-53.5156,42.0128
14516,R,49.5171,-13.1584,18.1070
14517,R,47.6809,-15.5864,19.4214
14518,R,49.4427,-15.6050,19.1832
14519,R,51.1041,-19.6479,17.4730
14520,R,48.9326,-19.6199,18.0353
14521,R,48.8748,-21.8477,17.8646
14522,R,47.0575,-23.3691,19.7611
14523,R,48.8556,-23.1981,19.1717
14524,R,59.2246,-19.3166,18.3474
14525,R,57.5787,-19.6849,17.2495
14526,R,56.7384,-20.4941,19.1087
14527,R,52.0849,-24.7413,23.7956
14528,R,52.3060,-23.7694,21.2942
14529,R,50.2821,-25.3352,22.3251
14530,R,48.6477,-26.2541,21.0294
14531,R,48.6819,-26.4677,23.6625
14532,R,46.9900,-28.1234,25.0579
14533,R,48.8737,-27.6142,25.9176
14534,R,52.0753,-30.7434,30.1609
14535,R,50.0612,-31.0990,29.4841
14536,R,50.7358,-32.6309,31.6351
14537,R,50.5406,-35.0431,31.9601
14538,R,51.9550,-34.1489,33.4200
14539,R,32.6955,16.6331,-4.9747
14540,R,33.5112,14.7519,-6.6443
14541,R,35.9448,13.9723,-6.6936
14542,R,37.3654,2.0043,-8.7655
14543,R,37.3502,4.3947,-8.8917
14544,R,37.8262,-0.1719,-11.7366
14545,R,38.6984,-1.6327,-15.4758
14546,R,38.8240,-3.2729,-15.4400
14547,R,36.4103,-6.6634,-7.9116
14548,R,36.8001,-4.6551,-8.0250
14549,R,37.7535,-7.9450,-11.2058
14550,R,45.4392,-5.5011,-17.7948
14551,R,42.1336,-7.2628,-17.3570
14552,R,44.6706,-4.5073,-19.0431
14553,R,43.9442,-3.4491,-20.1716
14554,R,46.4758,-0.2893,-20.2931
14555,R,47.0481,4.6334,-21.5374
14556,R,48.0070,4.1914,-19.9642
14557,R,51.1457,11.8341,-16.4964
14558,R,49.8168,13.0580,-18.3035
14559,R,51.3165,13.7047,-18.2827
14560,R,50.5777,13.7862,-20.7302
14561,R,52.1181,12.0780,-18.9058
14562,R,9.4961,-16.1310,-20.2472
14563,R,13.5427,-19.4750,-20.1284
14564,R,12.6614,-15.9352,-19.6414
14565,R,16.4230,-12.6031,-14.1445
14566,R,17.1424,-15.4006,-15.5367
14567,R,19.2818,-14.9037,-13.1959
14568,R,22.5482,-16.6386,-11.9525
14569,R,21.8348,-14.5760,-11.8280
14570,R,15.9020,-1.2274,-11.8352
14571,R,16.0834,-4.3691,-12.8597
14572,R,17.8607,-4.4544,-11.9416
14573,R,25.5260,-8.9717,-11.1120
14574,R,23.0335,-9.4712,-11.0421
14575,R,26.6209,-11.5473,-11.4508
14576,R,27.8094,-13.8255,-11.6901
14577,R,30.6338,-13.5285,-13.4099
14578,R,35.0027,-14.9488,-15.7631
14579,R,33.3614,-13.1664,-15.7723
14580,R,35.2037,-9.2223,-20.1518
14581,R,36.8776,-10.6132,-20.4399
14582,R,37.1274,-9.0737,-22.9425
14583,R,37.1773,-9.6507,-25.7383
14584,R,36.6352,-7.7013,-25.3927
14585,R,12.4373,-71.4680,6.2498
14586,R,8.4262,-71.5654,7.5462
14587,R,9.1616,-69.0977,6.9645
14588,R,8.3999,-62.2231,5.6546
14589,R,5.5768,-63.9252,7.1544
14590,R,6.1158,-62.1346,5.2354
14591,R,6.2780,-63.8727,3.2248
14592,R,7.2348,-61.5010,2.5410
14593,R,20.5466,-54.7140,-2.0190
14594,R,17.9856,-57.7197,-0.0794
14595,R,17.4325,-55.4355,-1.7857
14596,R,12.7937,-50.5125,-3.3897
14597,R,11.7275,-53.6864,-1.1905
14598,R,11.2973,-53.4621,-2.3661
14599,R,10.8214,-57.1115,-2.1696
14600,R,12.8247,-54.2214,-3.8395
14601,R,16.0565,-55.7423,-4.7824
14602,R,15.1470,-52.0013,-5.7804
14603,R,20.1419,-45.0293,-9.7925
14604,R,20.2481,-48.5884,-9.2935
14605,R,22.4061,-45.5977,-9.0649
14606,R,24.4155,-45.3590,-7.7532
14607,R,23.3824,-42.0183,-9.3991
14608,R,48.6431,-75.5897,5.5855
14609,R,47.4549,-74.8451,3.2719
14610,R,47.6468,-77.4918,3.3610
14611,R,43.6239,-83.4189,-1.3693
14612,R,45.4457,-80.7828,-0.1245
14613,R,44.1896,-81.9395,-2.7830
14614,R,44.3644,-80.2332,-4.1678
14615,R,43.2442,-82.0588,-5.3824
14616,R,32.5585,-90.0441,-4.1466
14617,R,35.9967,-88.9377,-3.5432
14618,R,34.1901,-89.1898,-5.5087
14619,R,37.3644,-88.9525,-12.3285
14620,R,38.1662,-86.9858,-10.2893
14621,R,40.6860,-86.4161,-11.6219
14622,R,43.1402,-83.8008,-10.9882
14623,R,41.9462,-84.6605,-13.0799
14624,R,42.1911,-81.9119,-13.6699
14625,R,39.5699,-84.6637,-13.9738
14626,R,30.3581,-86.1929,-13.4155
14627,R,33.8407,-84.3073,-13.6257
14628,R,31.2778,-83.9561,-13.3893
14629,R,33.1739,-80.9610,-12.3328
14630,R,30.0948,-83.3052,-12.1271
14631,R,63.1279,-21.1670,-0.5166
14632,R,61.3816,-20.5300,-1.3512
14633,R,59.2231,-22.6349,-1.5166
14634,R,49.3418,-26.5848,-1.6008
14635,R,51.2300,-24.7824,-2.3023
14636,R,47.5915,-25.5526,-3.0034
14637,R,46.3194,-24.4721,-4.6854
14638,R,44.9785,-26.5363,-4.5714
14639,R,44.0852,-34.8177,-0.5784
14640,R,44.5374,-32.2137,-0.3464
14641,R,44.3148,-34.4285,-2.7723
14642,R,49.9317,-34.2408,-7.8007
14643,R,46.5345,-33.1740,-6.7471
14644,R,48.4142,-32.2296,-8.3956
14645,R,47.0364,-30.0752,-8.9705
14646,R,50.7239,-31.0058,-9.6911
14647,R,53.2087,-29.4879,-10.9541
14648,R,54.8175,-31.2019,-10.0050
14649,R,62.7430,-34.0010,-8.1594
14650,R,62.2949,-31.6768,-9.6428
14651,R,64.8091,-32.4243,-8.8968
14652,R,65.9687,-31.4093,-10.4952
14653,R,65.5315,-33.8745,-9.8236
14654,R,11.1645,23.2378,36.7951
14655,R,11.4212,26.0995,34.7250
14656,R,9.7729,25.6825,36.5429
14657,R,8.2732,29.9316,38.3928
14658,R,8.4276,30.0313,36.0765
14659,R,7.7701,32.6384,36.2402
14660,R,8.1163,35.4654,33.9206
14661,R,7.9688,35.2690,36.5005
14662,R,7.6886,28.3275,50.1605
14663,R,8.4493,28.8241,47.0623
14664,R,7.5524,31.3191,47.9226
14665,R,6.8591,40.2984,44.0769
14666,R,7.4746,37.5464,43.2269
14667,R,7.7229,40.7823,40.8819
14668,R,8.0837,40.8394,37.7762
14669,R,7.3549,43.5781,38.5279
14670,R,7.7897,46.1258,36.1728
14671,R,6.8597,46.1121,39.2916
14672,R,9.1852,48.8145,41.6504
14673,R,7.9120,50.5043,39.7531
14674,R,9.3943,51.0281,38.5073
14675,R,9.4006,52.8789,34.8872
14676,R,10.7009,50.2371,36.4189
14677,R,16.6138,17.2514,58.6420
14678,R,14.5111,18.5696,57.3325
14679,R,16.3581,19.3268,56.4748
14680,R,18.4375,26.6648,54.6178
14681,R,16.1198,25.3811,53.7328
14682,R,16.4382,28.7049,53.8211
14683,R,14.3641,30.4804,52.8979
14684,R,16.2549,31.6089,52.3765
14685,R,19.7891,24.4170,45.2311
14686,R,19.2886,25.4170,47.7289
14687,R,20.7015,27.5709,45.8314
14688,R,18.3626,35.5801,43.4217
14689,R,18.9917,33.4190,46.3296
14690,R,17.0893,35.9734,45.6391
14691,R,15.8680,36.4872,47.6877
14692,R,15.8240,38.5119,44.9234
14693,R,13.7686,40.0607,43.4237
14694,R,16.3061,40.5516,42.3069
14695,R,17.4982,44.1137,36.0881
14696,R,16.4912,45.3980,37.9165
14697,R,16.6774,47.0397,34.8254
14698,R,15.0433,48.3213,32.8077
14699,R,17.6649,48.5456,32.3100
14700,R,18.8376,49.8894,30.1821
14701,R,19.5143,48.1443,32.1405
14702,R,22.7298,42.3430,31.1208
14703,R,23.3953,45.4316,31.2304
14704,R,24.8731,43.9712,31.6571
14705,R,25.9959,45.4397,30.4938
14706,R,26.4007,42.3786,32.0671
14707,R,26.2672,31.7492,34.9311
14708,R,24.8734,33.2813,33.1615
14709,R,26.6177,33.2282,33.9543
14710,R,28.8556,33.6424,30.8453
14711,R,27.4629,35.0738,31.2124
14712,R,27.7768,35.6829,29.2545
14713,R,26.9243,38.1699,28.4364
14714,R,27.1274,35.7242,26.5826
14715,R,26.7034,36.0331,23.7241
14716,R,28.4205,33.9907,25.5758
14717,R,34.7879,33.2475,29.1774
14718,R,33.1470,33.7564,25.9158
14719,R,35.4329,34.6755,26.8297
14720,R,35.9673,36.2976,24.6352
14721,R,37.5753,35.1096,27.7603
14722,R,7.5516,-47.7343,51.4282
14723,R,6.7333,-46.8527,49.6677
14724,R,9.6427,-47.3216,50.4507
14725,R,16.3195,-45.0093,49.6318
14726,R,14.4637,-46.1187,48.3533
14727,R,16.2168,-44.6996,47.3361
14728,R,15.6732,-43.9932,45.1933
14729,R,17.4561,-42.7395,46.2496
14730,R,12.4801,-36.4361,54.1810
14731,R,15.0746,-37.8467,53.6382
14732,R,13.8523,-36.0991,52.1072
14733,R,15.5761,-33.4561,46.6335
14734,R,16.4880,-35.6454,47.8624
14735,R,17.4703,-35.3564,45.5476
14736,R,18.3918,-37.7027,44.1419
14737,R,18.1688,-34.9621,43.0362
14738,R,18.1962,-34.5706,40.5195
14739,R,17.7599,-32.5460,41.9924
14740,R,15.6525,-25.7989,44.0208
14741,R,16.9149,-27.3855,41.6364
14742,R,16.4469,-24.8079,41.9854
14743,R,16.5254,-23.7073,40.0226
14744,R,15.9669,-22.0847,42.6119
14745,R,5.0995,-24.4897,66.8599
14746,R,5.1677,-26.5538,64.2833
14747,R,5.8687,-23.7791,65.0618
14748,R,6.4028,-19.1209,61.0274
14749,R,7.6643,-22.0619,61.0499
14750,R,7.8526,-21.4771,58.6873
14751,R,6.9756,-23.9471,55.9423
14752,R,7.1402,-20.7407,56.3742
14753,R,8.6968,-5.6705,61.1025
14754,R,8.5727,-9.5062,60.2540
14755,R,8.1170,-8.7909,58.4934
14756,R,5.4793,-12.6419,52.8617
14757,R,5.1441,-13.9847,54.1424
14758,R,5.2558,-16.4696,52.0580
14759,R,5.8502,-19.5016,52.0961
14760,R,6.9124,-18.5438,50.2498
14761,R,9.5106,-20.2203,49.4027
14762,R,8.6195,-17.4109,49.2078
14763,R,11.6790,-12.0106,48.6068
14764,R,11.7732,-15.1597,47.2352
14765,R,12.9766,-13.9825,46.0505
14766,R,14.2205,-15.7168,43.5723
14767,R,13.6955,-12.6157,44.6570
14768,R,13.7928,-11.7386,43.0408
14769,R,13.2184,-9.9370,45.4701
14770,R,11.2689,-2.8358,47.6790
14771,R,11.4707,-4.9853,46.2902
14772,R,11.8011,-2.2619,45.9701
14773,R,12.0159,-1.7637,44.2639
14774,R,12.6040,0.4676,45.1995
14775,R,7.5279,6.5357,51.5070
14776,R,8.0525,3.7770,50.2545
14777,R,8.3321,7.0875,49.5545
14778,R,10.1831,11.4039,45.3404
14779,R,10.1958,8.3152,46.0875
14780,R,11.7355,8.9614,44.3129
14781,R,12.9262,6.5129,43.3816
14782,R,12.9439,9.5796,42.4816
14783,R,13.4800,9.9624,40.5050
14784,R,12.4149,12.4346,41.5986
14785,R,10.2642,20.0363,40.3690
14786,R,11.8090,17.8357,39.6935
14787,R,11.6727,20.5791,38.2803
14788,R,12.9536,20.9487,36.1121
14789,R,34.6233,-45.8818,50.1573
14790,R,35.4947,-47.1508,50.3367
14791,R,35.5253,-46.4146,52.1344
14792,R,36.2584,-45.5234,57.4557
14793,R,36.8507,-47.2028,56.2659
14794,R,36.7422,-47.4924,58.3995
14795,R,36.0818,-49.7329,58.5110
14796,R,36.2796,-48.3277,60.4414
14797,R,25.9036,-42.6187,55.9154
14798,R,28.6460,-43.7370,57.0323
14799,R,27.6549,-43.7064,58.4701
14800,R,29.4905,-46.1413,64.1685
14801,R,30.8520,-46.0139,63.0042
14802,R,31.9139,-47.7470,64.3510
14803,R,33.3630,-49.4797,63.5157
14804,R,31.5117,-49.8026,64.1501
14805,R,29.9593,-52.3900,63.8393
14806,R,29.5226,-50.3863,63.6561
14807,R,23.7985,-50.5478,60.0084
14808,R,24.6885,-52.0504,61.5614
14809,R,22.2905,-53.0397,60.3860
14810,R,20.8335,-55.4168,61.3993
14811,R,19.9520,-53.7121,59.3742
14812,R,23.3976,-30.7501,69.2057
14813,R,24.5828,-31.8791,70.6670
14814,R,22.6720,-31.3622,71.3304
14815,R,18.5614,-34.1302,71.4372
14816,R,19.9805,-34.5615,69.4635
14817,R,18.0991,-36.2513,67.7064
14818,R,18.1588,-38.7037,64.4004
14819,R,17.0896,-38.9289,66.3325
14820,R,10.7849,-34.9359,76.5374
14821,R,12.7497,-33.5829,76.1059
14822,R,12.8371,-36.5384,75.8147
14823,R,16.0056,-44.5350,69.8506
14824,R,15.8400,-41.7956,70.3153
14825,R,16.5633,-44.0952,67.1488
14826,R,17.3804,-43.5360,64.7105
14827,R,17.1784,-45.6788,64.3865
14828,R,18.3891,-47.1118,62.3255
14829,R,17.4852,-47.6534,64.8383
14830,R,14.4730,-51.0654,64.7374
14831,R,15.7138,-50.4646,63.0314
14832,R,14.5501,-51.5924,60.6733
14833,R,15.6083,-53.8319,58.7992
14834,R,14.1715,-54.1969,59.0823
14835,R,13.6943,-57.0589,60.2806
14836,R,12.8661,-54.0374,59.6364
14837,R,9.2636,-53.4123,64.0527
14838,R,10.2913,-54.1835,61.3598
14839,R,9.3424,-54.1756,61.3798
14840,R,9.9304,-55.3250,59.1124
14841,R,8.6099,-53.7976,61.1655
14842,R,12.2166,-45.8069,67.3255
14843,R,9.3133,-48.1815,67.6723
14844,R,10.1715,-47.8873,65.9227
14845,R,8.3690,-49.2876,60.9183
14846,R,6.9922,-49.8262,62.6408
14847,R,6.1221,-50.4988,60.7953
14848,R,7.1391,-52.3561,59.7598
14849,R,6.5497,-51.5755,58.8010
14850,R,7.8667,-52.6058,56.7000
14851,R,6.5280,-50.6006,57.6929
14852,R,9.8687,-48.6878,54.1216
14853,R,7.2051,-49.0846,54.6865
14854,R,7.4182,-48.4527,52.9925
14855,R,5.7696,-49.0264,51.7398
14856,R,57.5251,-9.3554,28.9652
14857,R,60.2678,-8.7566,31.9917
14858,R,58.0249,-9.7523,31.4550
14859,R,55.9860,-11.4818,36.6263
14860,R,58.1296,-10.7053,37.1691
14861,R,57.7512,-11.6282,39.2796
14862,R,57.8551,-13.7555,39.3175
14863,R,57.3924,-12.8099,40.7817
14864,R,45.5726,-16.0609,32.8372
14865,R,48.1623,-15.3914,33.4265
14866,R,48.6594,-16.1020,36.4251
14867,R,54.4235,-14.6488,45.3735
14868,R,54.0105,-14.2180,42.9135
14869,R,55.6712,-14.8633,44.4288
14870,R,56.2512,-15.5761,42.8953
14871,R,55.1534,-16.9039,44.2567
14872,R,53.2265,-18.8317,42.6264
14873,R,54.0189,-17.9925,45.2100
14874,R,51.9589,-20.5625,48.2737
14875,R,51.1191,-20.7296,45.9295
14876,R,49.4639,-22.1357,45.8586
14877,R,47.0616,-23.2266,42.8396
14878,R,47.6256,-23.2697,45.2979
14879,R,33.3786,-15.0874,44.4883
14880,R,33.2296,-15.1245,41.3265
14881,R,32.1029,-17.2648,42.5425
14882,R,37.8392,-21.4117,43.9293
14883,R,35.4568,-20.3385,41.4984
14884,R,38.7651,-19.7773,44.0706
14885,R,40.9736,-18.9152,44.3573
14886,R,41.9858,-19.0058,48.0197
14887,R,39.8318,-26.8561,55.8509
14888,R,40.0847,-25.6210,52.7917
14889,R,42.2312,-25.0047,56.9012
14890,R,46.9871,-22.0147,59.1428
14891,R,45.6823,-20.7555,58.3085
14892,R,47.4029,-19.3316,57.8938
14893,R,47.5384,-17.3261,55.7907
14894,R,49.2119,-18.7607,56.7201
14895,R,50.8044,-18.5615,54.7481
14896,R,49.6055,-21.2479,55.4595
14897,R,44.4189,-27.6949,50.0287
14898,R,46.2215,-25.5187,50.3997
14899,R,44.1312,-26.9239,47.3380
14900,R,43.8304,-25.9831,44.6201
14901,R,42.0650,-27.4113,44.2752
14902,R,40.2307,-27.5518,41.2556
14903,R,40.0157,-28.4707,43.7684
14904,R,36.2094,-31.8335,45.1094
14905,R,36.2180,-30.7534,42.8189
14906,R,34.4624,-31.9168,42.5410
14907,R,33.7961,-32.7231,40.4773
14908,R,32.9774,-33.2574,42.5370
14909,R,35.2732,-35.0271,53.9179
14910,R,35.6249,-34.2334,51.8782
14911,R,33.5872,-35.2364,51.2562
14912,R,29.3152,-38.2166,47.0329
14913,R,30.4652,-36.2973,46.8241
14914,R,30.0029,-37.7119,44.8820
14915,R,30.8277,-37.1183,42.8743
14916,R,30.3792,-39.0930,43.6208
14917,R,30.7616,-40.3790,42.6265
14918,R,30.6651,-41.1416,44.7038
14919,R,32.8706,-43.9236,49.9092
14920,R,32.0524,-43.9351,47.6670
14921,R,33.3011,-44.8760,49.0407
14922,R,33.8176,-45.4264,47.5065
14923,R,39.8274,35.3760,27.5101
14924,R,39.2531,34.1964,29.8231
14925,R,40.9168,29.4217,31.3068
14926,R,42.2110,30.9382,31.3298
14927,R,44.1555,28.4399,31.1749
14928,R,46.8853,27.4040,31.5156
14929,R,45.6823,26.5274,32.4131
14930,R,37.2903,26.1571,37.9358
14931,R,37.0749,25.9540,35.2845
14932,R,38.5389,24.8872,35.9757
14933,R,41.0357,20.8328,33.8887
14934,R,42.5801,22.9281,33.8216
14935,R,42.7533,20.7475,32.8872
14936,R,44.7734,21.4203,32.2759
14937,R,41.6078,19.5787,30.9282
14938,R,40.2939,19.7031,29.1137
14939,R,38.5774,18.6685,30.0286
14940,R,33.4408,13.8902,31.4568
14941,R,33.6439,15.2355,29.6824
14942,R,32.5155,12.2760,29.3808
14943,R,32.6389,10.7867,27.1967
14944,R,32.4226,9.0432,29.0614
14945,R,36.1933,12.6154,54.2219
14946,R,37.0575,15.4410,51.6152
14947,R,38.2943,13.0135,53.6205
14948,R,39.2237,10.0728,49.1961
14949,R,40.6809,12.7756,49.3068
14950,R,40.3117,12.1461,46.7773
14951,R,41.0275,14.0074,44.8963
14952,R,39.4655,11.0873,44.5443
14953,R,43.7371,2.8399,45.9050
14954,R,41.4385,4.1248,46.7943
14955,R,41.9031,3.6941,44.4766
14956,R,38.9280,2.7674,38.7898
14957,R,38.6519,4.5069,41.0073
14958,R,37.4445,5.6913,39.7944
14959,R,37.3160,8.6408,40.4642
14960,R,36.4737,7.1392,38.3456
14961,R,35.8009,8.7141,36.6831
14962,R,36.1636,5.3680,36.5473
14963,R,40.5423,1.2242,32.0296
14964,R,37.0350,2.6164,32.6989
14965,R,38.3503,2.2338,30.7788
14966,R,36.5122,3.1804,28.7199
14967,R,40.2547,2.7297,28.9205
14968,R,41.6607,3.4388,27.1594
14969,R,43.4264,3.1776,29.2950
14970,R,52.9705,4.3392,31.0588
14971,R,50.0932,5.3218,30.8760
14972,R,54.0599,6.2743,30.9505
14973,R,55.6002,7.6017,29.8925
14974,R,57.2301,5.6621,30.5786
14975,R,55.5630,-2.6362,36.9208
14976,R,56.9460,-0.4499,36.1172
14977,R,55.9774,-2.2825,34.6537
14978,R,52.7902,-3.1911,27.1307
14979,R,56.2553,-1.6080,30.1074
14980,R,55.9143,-1.5431,27.4083
14981,R,58.2489,0.4675,27.5615
14982,R,55.5888,-1.9034,24.6614
14983,R,55.6550,-2.2308,22.2298
14984,R,53.0840,-4.1472,22.0272
14985,R,53.0583,-10.6541,25.1163
14986,R,53.7276,-9.7427,22.7998
14987,R,55.6092,-10.3529,25.8399
14988,R,58.1367,-9.1358,26.3143
14989,R,37.5510,-3.2409,7.7131
14990,R,35.9704,-7.3182,6.6171
14991,R,36.9389,-3.0662,9.2576
14992,R,34.3351,-0.0832,13.3217
14993,R,35.6234,-3.1865,12.2101
14994,R,35.4643,-3.4422,13.5215
14995,R,34.5277,-7.3124,12.9112
14996,R,35.5917,-3.6375,14.8389
14997,R,37.7721,11.9551,12.1154
14998,R,36.4245,9.3677,13.0817
14999,R,37.9447,8.6143,12.5525
15000,R,40.0872,1.7217,15.3097
15001,R,38.4254,2.2421,15.4118
15002,R,38.6934,-0.6074,17.1846
15003,R,37.0527,-3.7176,17.3124
15004,R,38.4893,-3.7507,18.0385
15005,R,37.5554,-7.1156,17.5464
15006,R,40.1283,-3.9519,18.1147
15007,R,45.4390,-2.4009,14.9722
15008,R,43.3790,-4.8123,16.7997
15009,R,44.6031,-5.4852,15.5361
15010,R,42.7552,-8.4412,15.6252
15011,R,45.4428,-6.2205,14.0355
15012,R,54.4376,23.9022,9.3405
15013,R,52.3273,22.4658,8.7219
15014,R,53.8064,22.1785,11.0861
15015,R,54.8823,15.8199,13.0854
15016,R,52.4153,16.5968,13.2149
15017,R,52.9559,14.5988,8.7639
15018,R,50.5841,13.6770,5.3126
15019,R,52.9934,13.5568,5.1756
15020,R,49.5265,12.4265,16.0814
15021,R,51.3008,13.7354,15.5155
15022,R,50.0686,11.4125,11.9231
15023,R,53.7987,7.1090,2.1429
15024,R,52.1501,9.2970,3.6158
15025,R,52.6861,8.5061,1.2160
15026,R,51.5746,9.5972,0.9220
15027,R,51.2603,7.0158,1.2873
15028,R,49.4694,4.6811,4.2030
15029,R,51.4509,4.4834,2.8594
15030,R,51.7275,-3.0203,6.7181
15031,R,50.4205,-2.5591,7.0724
15032,R,49.5204,-5.5774,8.7224
15033,R,47.7656,-7.7127,11.4187
15034,R,49.6413,-8.0009,11.0971
15035,R,49.7025,-9.6582,13.7443
15036,R,51.1919,-8.0909,11.1845
15037,R,55.0981,-6.1448,11.3721
15038,R,54.3618,-8.5273,11.4969
15039,R,56.1896,-8.7435,11.2705
15040,R,56.8462,-10.7606,12.3511
15041,R,58.1430,-8.6509,10.9623
15042,R,58.1141,5.2508,13.6325
15043,R,58.1296,3.3575,11.9812
15044,R,58.9324,3.4162,13.5808
15045,R,61.0889,-2.6150,12.3695
15046,R,60.4377,-2.6805,11.4952
15047,R,61.8964,-5.3816,10.4084
15048,R,62.0856,-8.0855,10.4458
15049,R,63.2467,-7.9152,11.3063
15050,R,64.0501,-9.6457,13.4616
15051,R,63.6271,-7.9767,12.9357
15052,R,58.8407,-7.8119,16.1846
15053,R,62.2563,-8.2508,17.0378
15054,R,61.0672,-8.9309,18.8655
15055,R,62.9039,-7.9719,21.9120
15056,R,59.8598,-9.5269,20.8270
15057,R,14.2020,32.2122,-21.9936
15058,R,13.3661,28.5278,-23.6206
15059,R,12.7135,30.4798,-25.5172
15060,R,17.1703,30.3785,-22.7786
15061,R,15.4117,28.4551,-24.9267
15062,R,18.5863,27.2806,-21.6604
15063,R,18.6998,24.5842,-19.7620
15064,R,19.3233,26.9795,-17.8461
15065,R,21.9926,39.9319,-14.8328
15066,R,21.2053,37.8806,-16.9163
15067,R,24.0083,37.2458,-15.3743
15068,R,25.1555,30.1183,-10.2466
15069,R,22.1287,31.2539,-11.3712
15070,R,23.7739,28.3534,-11.7738
15071,R,22.7312,26.2750,-13.3133
15072,R,25.9184,26.7618,-14.4707
15073,R,27.7005,25.6731,-18.5287
15074,R,28.9712,27.5909,-17.3757
15075,R,36.0609,27.1484,-17.9278
15076,R,34.2879,25.9018,-19.1690
15077,R,35.7731,24.8794,-18.0375
15078,R,33.6053,23.9864,-16.1130
15079,R,36.0857,24.4536,-15.6581
15080,R,36.7319,55.6198,-7.5270
15081,R,35.6498,55.2629,-9.6716
15082,R,38.4067,53.9826,-8.2234
15083,R,42.0006,45.4365,-11.9853
15084,R,39.2200,47.1247,-10.3137
15085,R,38.9140,44.0955,-11.5025
15086,R,36.2675,42.1759,-9.4784
15087,R,39.5743,40.7129,-10.9046
15088,R,48.7773,34.6079,-8.7130
15089,R,46.5836,37.4561,-11.0847
15090,R,48.2710,35.1585,-11.3847
15091,R,46.2316,30.5041,-13.4134
15092,R,45.8024,33.7196,-13.9788
15093,R,44.1250,32.0918,-13.8757
15094,R,41.6122,33.6793,-11.7234
15095,R,43.0106,29.9446,-13.4780
15096,R,41.2596,28.5363,-13.9531
15097,R,43.5440,26.8481,-13.6632
15098,R,35.5759,27.4923,-8.0562
15099,R,38.6949,25.3874,-10.7101
15100,R,34.2393,26.5431,-9.0863
15101,R,32.7126,25.6888,-9.8986
15102,R,29.8198,25.7834,-6.9793
15103,R,28.3373,22.9954,-5.3136
15104,R,28.7138,24.9126,-4.5857
15105,R,29.9351,23.6046,0.1184
15106,R,30.9772,22.0412,-1.2060
15107,R,32.9861,20.5474,-0.4358
15108,R,35.6596,17.5640,-1.3516
15109,R,34.1972,18.2680,0.7378
15110,R,31.5049,28.0001,6.3514
15111,R,30.1932,27.6408,4.9810
15112,R,30.0498,25.0372,6.8770
15113,R,31.2353,14.8756,6.5983
15114,R,31.2727,17.6783,5.7467
15115,R,32.0776,13.8618,4.3413
15116,R,33.0694,12.8734,2.1626
15117,R,33.3697,10.1193,3.1082
15118,R,35.2668,5.5710,2.0377
15119,R,34.1424,7.2423,4.1012
15120,R,34.0715,2.6446,7.5475
15121,R,35.4357,1.2711,5.7048
15122,R,36.7374,-1.1162,6.8039
15123,R,37.3770,-4.6156,5.1374
15124,R,12.6048,31.0206,30.0245
15125,R,14.2152,29.9743,27.6700
15126,R,13.6621,32.5313,27.7396
15127,R,13.8348,37.5689,22.6581
15128,R,14.8038,35.0349,22.5959
15129,R,14.9354,36.0173,19.9941
15130,R,13.8635,34.7105,17.7604
15131,R,15.2251,37.1065,17.5671
15132,R,8.0652,46.4391,21.9801
15133,R,9.2053,44.0477,22.0902
15134,R,10.2878,45.6919,19.6500
15135,R,13.8601,44.8056,11.8500
15136,R,13.3618,43.8485,14.6007
15137,R,14.6223,42.1599,12.2749
15138,R,14.6524,39.2660,12.7357
15139,R,14.3226,40.2450,10.1410
15140,R,11.8737,39.5134,8.7779
15141,R,14.3209,41.0882,8.0466
15142,R,15.8699,43.8286,2.6453
15143,R,14.8562,41.3562,3.4471
15144,R,14.6345,41.4566,0.8120
15145,R,12.3561,39.9831,-0.5479
15146,R,14.0450,41.6513,-1.6595
15147,R,13.6729,58.1595,17.5394
15148,R,11.2025,60.5017,19.6780
15149,R,12.7179,61.4475,16.3128
15150,R,11.1540,64.8174,9.9248
15151,R,10.7594,64.8225,12.8844
15152,R,9.8340,63.8043,10.6747
15153,R,9.9868,60.8102,11.3458
15154,R,9.6048,61.6679,8.1920
15155,R,12.7223,65.7049,-1.6843
15156,R,12.3435,65.7174,0.9396
15157,R,10.1161,66.0226,-0.6634
15158,R,9.9080,58.0820,-1.0370
15159,R,9.8864,60.8474,0.9687
15160,R,10.1393,57.1442,1.8901
15161,R,9.2648,56.0270,4.1144
15162,R,11.0645,53.8738,2.1242
15163,R,10.9122,51.3640,1.7846
15164,R,11.8071,51.6477,-0.1858
15165,R,8.0038,47.1131,-6.0686
15166,R,10.2584,47.0700,-4.5906
15167,R,10.1373,44.5159,-6.6529
15168,R,12.2564,41.7862,-6.6215
15169,R,9.7724,42.1223,-8.5256
15170,R,10.1197,39.6416,-9.9822
15171,R,7.2626,42.6014,-10.1295
15172,R,8.0915,45.9932,-14.5775
15173,R,9.5862,42.5682,-13.6716
15174,R,8.0016,43.0669,-16.0321
15175,R,7.7978,40.0587,-17.1768
15176,R,6.6759,43.1220,-18.1843
15177,R,6.7754,55.9536,-20.1132
15178,R,6.0915,53.7188,-19.3717
15179,R,6.3340,53.0703,-21.2479
15180,R,8.9535,45.5240,-20.3733
15181,R,6.0466,46.8396,-21.9915
15182,R,5.8606,44.2780,-22.9337
15183,R,4.7271,42.5438,-23.4864
15184,R,5.6492,41.5193,-24.0653
15185,R,5.5677,38.3376,-24.9291
15186,R,8.2464,40.0775,-21.6730
15187,R,13.6076,37.0944,-22.0624
15188,R,12.9237,37.0435,-19.1277
15189,R,14.2924,34.8259,-20.0791
15190,R,14.2037,32.5268,-18.5991
15191,R,9.9743,-37.8257,5.3836
15192,R,12.7758,-37.9383,5.0986
15193,R,10.6872,-36.2961,6.2037
15194,R,9.8213,-31.7407,6.2769
15195,R,12.0229,-33.7643,5.6690
15196,R,11.4805,-33.5792,3.9349
15197,R,14.0216,-34.6107,2.3708
15198,R,10.8236,-33.0718,2.1888
15199,R,5.2002,-21.4088,10.3225
15200,R,6.4134,-23.9993,9.4499
15201,R,5.2339,-22.6365,8.1351
15202,R,5.1022,-25.0155,1.3966
15203,R,5.9381,-25.9107,2.6680
15204,R,7.6427,-27.2600,0.2103
15205,R,10.2025,-30.0310,-0.7092
15206,R,10.1276,-28.1056,-1.5151
15207,R,12.2609,-28.5946,-3.1450
15208,R,9.5612,-26.1402,-2.4456
15209,R,3.3230,-24.5138,-5.8644
15210,R,6.5951,-25.6534,-6.6923
15211,R,4.8057,-25.6600,-8.8393
15212,R,7.3447,-24.9160,-11.0165
15213,R,3.0818,-24.5313,-10.8117
15214,R,1.3616,2.3877,17.2756
15215,R,1.5323,-0.9738,16.1725
15216,R,1.6200,1.8042,14.6830
15217,R,2.2193,2.9527,8.5917
15218,R,2.0899,0.4164,10.0289
15219,R,2.4128,-0.3468,7.6085
15220,R,4.1145,-2.7329,7.1561
15221,R,3.3070,-0.9699,5.4370
15222,R,1.7401,15.7654,2.9890
15223,R,1.7746,12.2871,4.5057
15224,R,2.0021,10.7723,2.3066
15225,R,2.6520,0.0055,-1.8562
15226,R,2.3490,1.6940,0.2647
15227,R,3.5538,-2.0244,-0.4783
15228,R,3.8138,-3.8123,1.0096
15229,R,3.6131,-6.3796,-1.4199
15230,R,3.3157,-11.1982,-2.6935
15231,R,3.7090,-9.0771,-3.9413
15232,R,2.5212,-10.4364,-9.3232
15233,R,2.2578,-13.7178,-8.5318
15234,R,2.3530,-15.3207,-11.0519
15235,R,2.2950,-19.7756,-14.8741
15236,R,3.4941,-15.7195,-13.6713
15237,R,4.6958,-16.1179,-16.4979
15238,R,3.2327,-12.1226,-12.9418
15239,R,5.0512,-1.5341,-11.7715
15240,R,3.8591,-4.6365,-14.0525
15241,R,5.2544,-1.9188,-13.9752
15242,R,6.3901,-1.5366,-15.4915
15243,R,7.1167,0.5337,-12.3089
15244,R,6.6543,18.3018,-10.5378
15245,R,6.9348,14.5433,-9.3762
15246,R,7.2529,17.7897,-12.1055
15247,R,5.8973,18.8452,-19.6679
15248,R,7.1748,16.1656,-15.6398
15249,R,6.6373,15.0798,-17.2360
15250,R,7.7726,10.3542,-14.4399
15251,R,6.8118,13.6961,-18.2929
15252,R,7.8665,12.5741,-18.3889
15253,R,6.1404,16.1866,-21.8380
15254,R,5.6679,26.5639,-25.8847
15255,R,6.4743,22.5523,-24.7965
15256,R,7.7274,26.2007,-23.1300
15257,R,9.6061,25.8683,-19.6873
15258,R,9.3880,29.4786,-20.7496
15259,R,5.9032,-46.3547,46.4409
15260,R,8.0628,-48.3105,45.5468
15261,R,6.7350,-47.0207,44.9677
15262,R,7.0091,-45.9770,41.2750
15263,R,9.0696,-47.1382,41.8206
15264,R,10.5442,-46.8124,40.3504
15265,R,13.5359,-48.2920,39.6558
15266,R,12.2394,-46.3057,39.1027
15267,R,8.0774,-38.0298,41.6760
15268,R,7.0794,-40.0586,41.8481
15269,R,5.9102,-39.5616,41.1685
15270,R,11.3711,-40.7988,35.5183
15271,R,10.4175,-41.7641,37.4165
15272,R,13.1039,-42.8488,35.3819
15273,R,14.6102,-45.1738,35.3192
15274,R,14.2701,-44.9259,33.2266
15275,R,14.0541,-47.6029,31.6147
15276,R,12.8136,-45.2514,31.7425
15277,R,6.5406,-44.7828,31.0725
15278,R,8.1019,-46.9480,30.9355
15279,R,5.7376,-47.7712,30.4780
15280,R,6.3284,-49.4502,27.6500
15281,R,4.6257,-47.9626,28.7240
15282,R,7.7014,-15.3891,39.4128
15283,R,8.3803,-18.9468,39.0426
15284,R,6.3418,-17.6874,39.6988
15285,R,4.1599,-20.9803,35.6898
15286,R,4.2421,-22.0389,38.5540
15287,R,4.6722,-24.3189,36.6082
15288,R,5.1927,-27.9453,37.1456
15289,R,4.9187,-26.6919,34.3371
15290,R,7.7526,-18.1513,30.4056
15291,R,7.7529,-18.7631,31.7177
15292,R,8.2397,-21.4925,30.4575
15293,R,9.0046,-31.0696,29.8165
15294,R,8.2275,-28.1423,30.6405
15295,R,7.0989,-31.1377,30.1773
15296,R,4.4932,-31.0661,30.3309
15297,R,5.4831,-33.8655,29.4248
15298,R,4.4355,-36.6896,29.4571
15299,R,6.5885,-36.7189,28.8790
15300,R,9.0404,-42.2908,25.5409
15301,R,7.4438,-42.1411,26.6577
15302,R,7.2587,-44.6102,24.8174
15303,R,4.7058,-46.7995,23.6611
15304,R,6.3629,-46.5851,22.2280
15305,R,5.1880,-47.9773,19.4080
15306,R,8.1036,-46.6488,21.1763
15307,R,5.7738,-43.7197,19.1766
15308,R,8.1694,-45.7777,18.3387
15309,R,7.2453,-45.4332,16.7919
15310,R,8.8769,-47.1936,14.5808
15311,R,6.1604,-45.0491,15.2765
15312,R,0.2762,-31.9991,19.8721
15313,R,0.3426,-35.4316,20.0737
15314,R,0.4720,-34.5837,17.7829
15315,R,1.2211,-38.5670,10.5428
15316,R,0.9622,-39.8430,12.9564
15317,R,1.7391,-41.9331,10.8812
15318,R,4.7711,-43.9105,11.5537
15319,R,4.4007,-43.0621,9.6549
15320,R,7.8129,-44.1514,9.1842
15321,R,4.6142,-41.9388,7.9701
15322,R,6.1138,-36.6601,6.2486
15323,R,6.6108,-39.5635,6.1351
15324,R,8.2283,-38.6067,5.6522
15325,R,10.8531,-40.9659,5.5533
15326,R,15.9132,-98.6441,11.4843
15327,R,14.4018,-100.7360,10.6623
15328,R,12.7573,-98.6296,11.2511
15329,R,7.7784,-95.2534,13.9567
15330,R,8.5760,-98.1862,13.1232
15331,R,7.4244,-96.8433,12.3731
15332,R,9.0566,-97.3649,9.5159
15333,R,6.5645,-95.4366,9.8972
15334,R,6.7008,-84.7607,21.3796
15335,R,6.6370,-87.5281,18.3406
15336,R,5.3998,-85.7062,19.2838
15337,R,6.0531,-84.4223,11.6866
15338,R,5.9870,-87.1106,12.0294
15339,R,4.1344,-87.4032,9.1503
15340,R,4.9157,-91.1381,6.8065
15341,R,4.9851,-88.2491,6.8363
15342,R,8.0130,-89.2802,6.5373
15343,R,5.8800,-85.6045,7.6420
15344,R,6.5754,-78.4911,11.5145
15345,R,9.1847,-81.8132,10.5847
15346,R,10.4313,-80.3202,12.1540
15347,R,13.9645,-81.1358,10.8535
15348,R,11.2598,-78.6329,13.6318
15349,R,19.7490,-73.6438,32.9561
15350,R,19.1728,-77.5147,30.7103
15351,R,19.8052,-74.7536,30.0599
15352,R,19.6664,-73.7886,23.9392
15353,R,17.8250,-76.6546,24.0536
15354,R,16.0962,-76.6288,21.2176
15355,R,12.0084,-75.6445,21.8015
15356,R,14.6230,-74.3519,19.8357
15357,R,19.5854,-60.4569,25.9219
15358,R,20.9916,-62.6843,26.4590
15359,R,22.3914,-63.4024,23.8088
15360,R,18.2418,-67.1616,15.2448
15361,R,19.2148,-69.7133,15.8220
15362,R,15.1344,-67.5126,17.1012
15363,R,11.7191,-69.0258,17.6954
15364,R,9.6937,-66.4944,15.3887
15365,R,5.3164,-67.0171,14.0144
15366,R,9.2705,-65.2442,12.6427
15367,R,15.0899,-67.3054,9.7523
15368,R,11.9351,-67.9657,11.7984
15369,R,14.2583,-70.2376,13.1013
15370,R,14.0519,-74.3566,14.2126
15371,R,16.3900,-72.7205,12.1294
15372,R,16.4074,-74.4198,9.7618
15373,R,18.4185,-72.0023,9.7880
15374,R,23.7544,-67.5949,7.2718
15375,R,22.7192,-70.0332,6.6571
15376,R,24.6864,-68.4796,5.7458
15377,R,24.7131,-68.0739,3.7666
15378,R,26.4513,-66.0536,5.2224
15379,R,18.7871,-56.3396,14.0070
15380,R,21.4597,-59.2771,11.2827
15381,R,19.6425,-57.6746,11.4019
15382,R,20.5871,-55.7178,7.6950
15383,R,22.9586,-57.9038,7.6337
15384,R,24.6660,-57.5170,6.8908
15385,R,27.6648,-59.8513,5.1304
15386,R,26.0144,-56.8458,5.5674
15387,R,26.4697,-56.1182,3.8227
15388,R,22.9964,-54.0154,5.9418
15389,R,12.8395,-49.8902,5.0067
15390,R,16.4496,-50.3936,5.1260
15391,R,13.4642,-48.9562,3.9462
15392,R,13.6568,-47.7468,2.8491
15393,R,10.8129,-46.4373,3.6539
15394,R,32.0990,-49.2262,50.5975
15395,R,29.8149,-49.6387,47.3363
15396,R,30.0721,-50.4261,49.3027
15397,R,27.7976,-54.2077,47.9520
15398,R,28.0074,-53.6522,46.2344
15399,R,27.9616,-55.5704,45.0026
15400,R,29.5100,-57.1407,43.5066
15401,R,28.6980,-57.4483,44.9191
15402,R,24.4571,-55.4460,53.0119
15403,R,25.6577,-55.0719,52.0255
15404,R,24.5607,-56.3323,49.6375
15405,R,28.7664,-60.4202,47.1289
15406,R,27.8341,-58.9717,47.0359
15407,R,29.3916,-60.5456,47.0175
15408,R,30.2223,-60.6691,47.0111
15409,R,30.5294,-62.2187,45.7050
15410,R,31.7359,-63.5177,43.7213
15411,R,30.5530,-62.9440,42.8220
15412,R,29.6059,-62.1697,37.5623
15413,R,30.9869,-63.7238,38.0268
15414,R,31.2353,-63.7714,35.4000
15415,R,32.5681,-66.0382,33.7109
15416,R,31.5847,-64.0723,32.3034
15417,R,13.2118,-65.8734,58.6270
15418,R,15.0262,-64.5683,58.5847
15419,R,13.8783,-65.7317,55.9709
15420,R,18.6831,-67.5438,52.2228
15421,R,17.3529,-65.8864,52.3896
15422,R,19.9200,-65.3960,51.9578
15423,R,21.1101,-63.7729,51.3475
15424,R,21.3629,-65.1013,49.7156
15425,R,19.0525,-71.3489,43.5068
15426,R,17.7516,-70.0174,45.4869
15427,R,19.6259,-69.4467,42.5633
15428,R,21.9257,-65.5517,36.2669
15429,R,20.6237,-65.4436,40.2379
15430,R,20.9936,-63.2998,39.0908
15431,R,21.1422,-62.1191,42.2442
15432,R,21.9707,-61.3428,38.0677
15433,R,23.6898,-60.0968,37.3998
15434,R,23.7357,-61.1192,34.1316
15435,R,28.0188,-66.1271,25.1660
15436,R,28.4293,-63.1406,27.4367
15437,R,29.8769,-65.2977,24.6121
15438,R,31.8060,-65.8150,25.5105
15439,R,31.2353,-67.9260,22.2619
15440,R,32.7010,-70.3274,20.8193
15441,R,30.5530,-70.1419,19.9890
15442,R,25.7803,-78.1191,18.8939
15443,R,27.4458,-75.5028,17.1739
15444,R,25.5324,-78.6295,16.3636
15445,R,26.0713,-79.6150,14.2043
15446,R,23.6088,-81.8322,15.8594
15447,R,19.4499,-86.7637,26.6100
15448,R,21.2269,-85.9684,24.5175
15449,R,18.9734,-86.5986,23.6671
15450,R,18.6773,-90.0011,17.5101
15451,R,19.2230,-87.9470,18.3691
15452,R,21.3380,-89.8014,18.4330
15453,R,23.2720,-87.8274,17.3386
15454,R,23.6361,-90.9382,18.9970
15455,R,25.3030,-92.0961,18.7716
15456,R,22.2323,-93.3717,18.8705
15457,R,16.9915,-95.0239,12.2700
15458,R,19.9168,-96.7306,14.9035
15459,R,17.9334,-97.7274,13.0770
15460,R,19.4720,-99.2949,11.7860
15461,R,45.4498,-47.4221,11.6302
15462,R,47.5137,-48.1555,9.4183
15463,R,46.6446,-49.3064,10.9309
15464,R,48.3502,-53.0603,12.8572
15465,R,49.5795,-52.4122,10.9995
15466,R,51.2372,-54.1406,11.6095
15467,R,53.5904,-55.2336,10.6615
15468,R,52.6962,-55.8979,12.0306
15469,R,44.6826,-54.9881,20.8384
15470,R,44.8498,-54.6631,18.8293
15471,R,46.4099,-55.9618,18.8295
15472,R,47.3483,-57.4482,14.5160
15473,R,50.1236,-57.6628,14.6270
15474,R,48.2024,-57.0412,12.4967
15475,R,49.7581,-56.9558,10.8935
15476,R,47.1023,-56.6767,9.8982
15477,R,46.9588,-57.1881,7.5400
15478,R,44.7538,-57.0495,9.5391
15479,R,39.1489,-59.8828,12.8726
15480,R,40.6473,-59.3560,10.4205
15481,R,39.3831,-61.3726,10.4854
15482,R,40.2689,-63.1539,8.5511
15483,R,39.3097,-63.8051,10.5913
15484,R,47.7012,-59.0517,35.9174
15485,R,46.9277,-58.8269,33.7685
15486,R,48.1244,-60.3415,33.5612
15487,R,46.8813,-63.7794,29.5758
15488,R,49.1128,-63.2903,29.3512
15489,R,48.4609,-63.9838,27.5122
15490,R,49.6516,-63.8335,25.0582
15491,R,47.6325,-65.1712,26.0143
15492,R,41.0301,-71.9911,32.5274
15493,R,43.7184,-70.9003,31.9485
15494,R,41.3410,-70.4822,30.3820
15495,R,39.0603,-68.6675,24.5525
15496,R,40.8726,-67.8690,26.6453
15497,R,40.2108,-66.0094,24.8834
15498,R,42.1604,-64.6203,23.7958
15499,R,39.5109,-64.6305,22.6571
15500,R,38.6789,-63.2712,20.4482
15501,R,38.3695,-66.0342,20.2244
15502,R,42.8402,-71.5046,14.4366
15503,R,40.6083,-69.3459,14.6534
15504,R,42.7815,-70.2239,12.9566
15505,R,42.4194,-69.0312,11.3596
15506,R,45.3218,-71.3201,11.4898
15507,R,47.5051,-72.4003,10.3131
15508,R,47.1803,-73.7028,11.7052
15509,R,40.0486,-74.9367,9.7279
15510,R,43.1548,-76.1079,8.6649
15511,R,39.9883,-76.5725,7.1294
15512,R,39.7218,-78.3824,4.9841
15513,R,36.8101,-77.3122,6.2574
15514,R,38.3247,-82.9687,16.2162
15515,R,38.3850,-81.2558,14.8740
15516,R,37.0159,-83.2000,13.5883
15517,R,31.3659,-86.3402,9.7170
15518,R,32.9928,-83.4036,9.3877
15519,R,30.6999,-83.9914,7.7448
15520,R,30.8338,-81.2100,5.7261
15521,R,28.3793,-84.2884,6.4158
15522,R,27.7652,-85.2490,4.5391
15523,R,27.2335,-87.5991,7.2026
15524,R,26.6249,-93.3208,10.8355
15525,R,27.6185,-93.1100,7.9036
15526,R,27.0092,-94.9322,8.7515
15527,R,26.4925,-96.4901,6.0745
15528,R,25.2480,-96.4132,9.6014
15529,R,59.5655,-13.0373,33.7062
15530,R,59.0795,-13.6295,31.1914
15531,R,57.4869,-14.7567,32.2829
15532,R,54.8656,-21.2405,31.1496
15533,R,55.5882,-19.7854,30.4624
15534,R,56.4981,-22.5171,30.3833
15535,R,58.1388,-23.3075,29.4441
15536,R,58.2374,-23.9520,30.9177
15537,R,52.6891,-25.4480,36.6490
15538,R,53.3222,-24.4810,35.0042
15539,R,54.8598,-25.4235,37.0458
15540,R,60.1683,-25.9181,38.3485
15541,R,59.1682,-25.2813,36.8079
15542,R,60.6432,-25.8522,35.4723
15543,R,60.7924,-25.8738,32.8636
15544,R,60.8722,-27.0094,33.9765
15545,R,59.1870,-28.1027,32.9490
15546,R,59.5694,-28.0999,35.3870
15547,R,58.1002,-33.1515,38.1081
15548,R,56.8286,-32.0749,36.9880
15549,R,57.1411,-34.7948,36.4739
15550,R,55.9245,-36.2095,34.8139
15551,R,58.7652,-36.4118,34.7771
15552,R,44.2077,-34.3464,42.4236
15553,R,45.9244,-33.0934,42.1737
15554,R,45.9091,-35.0532,43.9926
15555,R,50.5471,-37.9199,45.3359
15556,R,49.7761,-36.6080,46.5063
15557,R,51.8182,-37.1519,47.5197
15558,R,53.2160,-35.8121,48.1840
15559,R,53.8151,-37.7235,47.5105
15560,R,52.2834,-44.5393,39.4664
15561,R,51.7183,-43.8015,41.5324
15562,R,53.3988,-44.1656,41.1282
15563,R,54.8692,-40.8623,38.2051
15564,R,54.7254,-41.6000,41.2026
15565,R,54.9385,-39.5241,40.6362
15566,R,55.8222,-38.1080,43.3958
15567,R,56.2169,-37.8445,39.8501
15568,R,57.6912,-36.5553,39.3216
15569,R,58.6108,-38.8675,37.2420
15570,R,60.6090,-40.3034,29.8362
15571,R,61.6202,-39.6634,32.7732
15572,R,62.4263,-39.1869,30.4398
15573,R,62.6492,-37.8187,30.4993
15574,R,62.8445,-38.7359,27.4787
15575,R,62.9636,-38.2573,25.2174
15576,R,62.0419,-39.5139,24.7147
15577,R,59.1132,-43.8880,21.3377
15578,R,60.7473,-42.2199,20.6224
15579,R,59.5883,-43.0219,19.4415
15580,R,59.9166,-42.1789,17.5906
15581,R,58.4083,-43.5250,18.4997
15582,R,53.3008,-47.8900,26.0632
15583,R,53.3964,-46.5287,25.4955
15584,R,52.6891,-46.9177,24.1650
15585,R,52.0906,-45.7444,19.0454
15586,R,53.1676,-45.5243,20.1358
15587,R,53.4313,-44.6508,18.2906
15588,R,55.1674,-43.7807,17.3540
15589,R,53.1999,-43.7127,16.9113
15590,R,52.8653,-42.5392,15.4917
15591,R,50.7677,-43.7072,16.3849
15592,R,44.7889,-46.4375,14.9772
15593,R,45.8752,-44.4117,15.0110
15594,R,44.8756,-45.8262,13.4369
15595,R,44.8340,-44.7519,11.9445
15596,R,38.8743,-13.4509,7.2458
15597,R,36.4465,-15.2457,5.0630
15598,R,36.7664,-15.5645,6.9558
15599,R,33.6738,-21.6960,5.8843
15600,R,34.2978,-21.8178,3.9604
15601,R,35.3313,-24.3379,2.9948
15602,R,38.6440,-25.4020,0.8485
15603,R,37.2629,-25.9226,2.7951
15604,R,33.0417,-22.0210,14.3644
15605,R,33.0208,-22.1409,12.1244
15606,R,32.0600,-24.4346,11.5083
15607,R,39.0775,-25.9128,8.1725
15608,R,36.7706,-27.0851,7.3150
15609,R,40.3235,-25.1154,6.3603
15610,R,41.5482,-24.4849,4.5840
15611,R,43.4901,-21.9498,6.1943
15612,R,46.8967,-19.1175,6.1071
15613,R,45.9336,-20.8524,7.2840
15614,R,48.9603,-22.6451,4.8344
15615,R,50.1807,-20.4473,4.4258
15616,R,52.5080,-20.7159,3.0180
15617,R,56.5232,-18.8871,2.8319
15618,R,55.1709,-21.0527,3.5841
15619,R,43.0656,-19.8379,18.4628
15620,R,41.1742,-20.0885,19.8837
15621,R,40.5351,-22.4685,19.4301
15622,R,36.8350,-30.9926,21.7910
15623,R,36.3227,-28.4918,21.9193
15624,R,35.2361,-31.7854,20.5107
15625,R,34.3882,-31.7767,18.5858
15626,R,36.0226,-33.7047,17.2503
15627,R,43.3836,-36.8870,20.8125
15628,R,41.2240,-36.1039,20.9102
15629,R,43.1312,-36.9938,17.9185
15630,R,46.8300,-33.0086,10.6458
15631,R,43.5095,-34.9226,12.4736
15632,R,44.0075,-33.0898,10.3075
15633,R,41.3410,-32.8408,10.5475
15634,R,44.7027,-31.1373,8.4650
15635,R,45.5442,-29.0707,6.8763
15636,R,48.2252,-29.0957,7.4960
15637,R,59.4235,-25.0027,6.6695
15638,R,56.0490,-25.0772,7.2521
15639,R,60.2534,-23.1927,6.6433
15640,R,61.2473,-21.1813,5.7726
15641,R,64.0673,-21.6607,5.6680
15642,R,65.6977,-20.7991,3.8948
15643,R,65.7676,-22.6915,4.2934
15644,R,66.7748,-28.1522,3.3547
15645,R,66.5836,-26.3531,1.9488
15646,R,65.6549,-28.4931,1.7163
15647,R,62.7266,-28.6767,1.1293
15648,R,63.8611,-30.2456,2.0287
15649,R,65.3691,-33.2321,11.9215
15650,R,65.9540,-32.2782,9.7856
15651,R,65.6586,-33.8894,9.9776
15652,R,60.7693,-35.7291,7.2005
15653,R,62.8717,-34.4367,6.6194
15654,R,60.4000,-34.0490,5.5584
15655,R,59.5589,-32.5300,4.1000
15656,R,57.1564,-33.9192,5.2129
15657,R,53.9360,-34.1133,4.9661
15658,R,54.9320,-35.3673,6.1085
15659,R,51.9119,-38.4554,10.4172
15660,R,51.0090,-37.7754,8.4834
15661,R,49.1692,-38.6618,10.1305
15662,R,46.6713,-39.1923,9.6061
15663,R,47.3426,-39.9820,11.4267
15664,R,13.1933,21.6925,-24.4437
15665,R,14.8718,20.9083,-20.4355
15666,R,13.7418,18.9583,-23.3777
15667,R,18.1111,13.3056,-21.6172
15668,R,17.1689,14.7135,-20.3214
15669,R,19.4866,12.4338,-18.2544
15670,R,20.3667,8.9202,-15.9861
15671,R,21.3807,9.1161,-16.2500
15672,R,24.3934,14.6289,-19.9630
15673,R,23.2773,14.1034,-20.6626
15674,R,24.1321,12.0017,-17.9797
15675,R,28.6472,3.2586,-13.1214
15676,R,26.1808,6.0999,-13.8295
15677,R,27.3289,2.7922,-12.7535
15678,R,25.7594,2.3515,-12.5668
15679,R,28.3179,-0.8592,-13.2175
15680,R,28.7104,-3.1860,-15.0555
15681,R,30.2575,-3.0864,-15.0997
15682,R,33.7810,-3.3368,-22.7401
15683,R,33.7340,-4.4918,-21.8355
15684,R,33.6223,-4.1958,-25.2337
15685,R,33.6409,-5.1917,-27.4107
15686,R,32.1695,-3.7844,-27.6718
15687,R,35.0443,10.8145,-10.1758
15688,R,33.2949,12.6170,-10.8803
15689,R,35.3420,8.7919,-12.0357
15690,R,37.5518,3.1754,-20.6858
15691,R,36.0012,4.7886,-16.9548
15692,R,35.9952,3.9856,-19.8938
15693,R,34.4706,4.1355,-18.9563
15694,R,35.6925,3.5789,-23.0222
15695,R,40.0254,12.9322,-29.3477
15696,R,40.2179,9.4053,-28.4360
15697,R,38.9035,11.5236,-31.2388
15698,R,32.6468,9.2423,-33.4645
15699,R,35.5316,7.8159,-32.4753
15700,R,33.7703,5.7922,-31.6430
15701,R,34.1151,3.4975,-28.5690
15702,R,32.3407,3.7191,-29.9818
15703,R,31.3820,1.9542,-27.3101
15704,R,30.4695,3.7367,-31.0818
15705,R,26.4105,4.3781,-35.9194
15706,R,27.1735,2.1370,-32.2774
15707,R,25.7710,1.1348,-32.6238
15708,R,25.9037,-1.5582,-29.9824
15709,R,24.8916,-0.0772,-33.3974
15710,R,24.4349,-1.9680,-33.5489
15711,R,26.4409,0.7806,-36.2260
15712,R,31.0482,2.1580,-40.6908
15713,R,31.1657,1.1355,-37.7632
15714,R,31.9739,-0.8716,-39.1184
15715,R,32.3549,-3.8430,-37.9682
15716,R,32.2048,-3.1959,-40.4098
15717,R,36.8668,3.6600,-36.8273
15718,R,35.0248,3.0417,-39.8890
15719,R,36.8998,0.9476,-40.2085
15720,R,40.2140,-4.3123,-44.1903
15721,R,37.9735,-2.5080,-44.4652
15722,R,38.0496,-4.3427,-42.6788
15723,R,36.4575,-3.4123,-40.3493
15724,R,38.6980,-4.7186,-39.6303
15725,R,39.0370,-4.8707,-35.9263
15726,R,40.7216,-6.1544,-38.3612
15727,R,46.0937,-11.1451,-38.7203
15728,R,44.2865,-10.4681,-36.3463
15729,R,45.9029,-12.8820,-35.4054
15730,R,45.8664,-13.7496,-32.2151
15731,R,47.3346,-15.4801,-35.1118
15732,R,17.9519,-38.2658,4.8034
15733,R,17.8451,-40.1771,3.1196
15734,R,19.6468,-38.8551,4.2249
15735,R,25.0374,-39.5369,3.6966
15736,R,22.7893,-40.4715,2.2899
15737,R,23.7346,-41.2066,0.7150
15738,R,21.6136,-40.8613,-2.2941
15739,R,24.3785,-41.4973,-1.1949
15740,R,28.6034,-34.5994,0.6177
15741,R,28.9007,-35.6617,2.9515
15742,R,30.9295,-36.5812,2.2442
15743,R,30.4340,-40.0349,-4.5913
15744,R,29.7580,-40.2794,-1.7333
15745,R,27.4135,-40.6376,-5.6782
15746,R,24.4092,-39.8960,-5.7918
15747,R,23.4999,-37.6504,-7.3124
15748,R,19.4564,-34.9538,-8.4201
15749,R,22.3764,-35.4195,-8.4955
15750,R,23.3006,-32.5190,-11.3051
15751,R,20.3940,-32.6255,-11.2501
15752,R,19.9314,-32.5066,-13.1217
15753,R,21.8714,-35.7033,-13.6967
15754,R,20.4863,-32.8559,-14.8182
15755,R,19.5423,-22.6766,-14.2598
15756,R,20.6385,-23.9405,-11.9256
15757,R,23.4756,-23.1177,-11.2839
15758,R,35.6685,-25.8822,-9.3888
15759,R,32.4608,-26.3031,-8.8502
15760,R,36.3613,-28.1969,-8.4925
15761,R,36.9618,-30.5706,-7.6437
15762,R,38.9909,-30.7735,-9.7903
15763,R,39.5006,-22.6359,-18.2876
15764,R,40.4401,-23.8968,-15.6672
15765,R,38.8238,-25.0575,-17.6051
15766,R,32.6722,-28.4246,-17.5085
15767,R,36.6541,-29.3131,-16.2097
15768,R,35.0479,-30.9457,-15.5375
15769,R,36.9116,-33.1800,-13.4356
15770,R,33.1840,-32.1156,-14.8166
15771,R,31.0774,-32.9800,-14.1109
15772,R,28.7793,-30.2556,-15.7494
15773,R,22.7010,-28.6885,-19.8373
15774,R,21.7730,-28.6303,-17.4427
15775,R,23.8320,-31.2701,-18.8537
15776,R,25.3605,-33.3694,-16.8586
15777,R,28.2979,-32.5548,-17.1150
15778,R,32.5272,-34.4370,-14.8101
15779,R,30.5763,-31.4961,-17.5584
15780,R,31.3421,-26.1551,-21.6423
15781,R,33.5961,-28.4556,-19.0031
15782,R,34.7422,-26.6717,-19.8938
15783,R,37.5083,-28.1432,-19.5541
15784,R,35.6689,-24.9520,-21.0521
15785,R,24.7246,-17.2839,-29.9844
15786,R,26.6485,-20.0118,-28.7721
15787,R,28.5304,-18.3790,-29.6856
15788,R,35.8129,-18.0017,-29.2044
15789,R,34.1157,-19.2477,-27.8307
15790,R,36.4380,-19.5869,-26.4582
15791,R,37.4430,-22.2878,-24.5981
15792,R,38.2284,-21.5462,-26.6443
15793,R,39.0855,-23.8204,-26.7188
15794,R,39.2575,-20.3923,-26.9176
15795,R,38.8955,-12.2811,-27.3574
15796,R,39.5668,-15.9808,-25.4381
15797,R,40.5116,-13.6816,-25.6434
15798,R,42.0680,-15.7252,-24.1973
15799,R,41.9507,-12.2048,-26.9149
15800,R,13.6987,-102.4497,3.8535
15801,R,16.9021,-102.1996,0.4044
15802,R,14.8668,-102.5654,-0.0209
15803,R,16.3806,-99.4669,-6.2750
15804,R,16.2959,-101.1513,-6.7554
15805,R,16.7147,-100.2080,-9.7116
15806,R,18.8471,-100.3441,-12.6124
15807,R,17.0873,-99.0885,-12.2670
15808,R,10.9300,-93.0498,-4.6157
15809,R,13.7787,-93.1891,-4.6308
15810,R,10.5336,-95.0874,-6.4863
15811,R,13.4559,-93.0517,-8.2068
15812,R,12.9141,-95.2898,-10.3976
15813,R,15.4460,-94.3029,-10.0923
15814,R,17.3134,-95.7665,-11.7742
15815,R,18.4237,-93.8106,-8.7539
15816,R,21.6303,-92.9852,-7.9353
15817,R,19.4052,-91.3578,-6.2335
15818,R,21.8954,-85.0259,-9.7581
15819,R,22.7132,-85.9163,-8.1104
15820,R,24.6853,-84.0071,-9.7410
15821,R,28.2187,-82.4767,-9.4006
15822,R,27.0540,-81.7060,-8.2707
15823,R,3.0578,-73.3379,6.4849
15824,R,3.1589,-76.4442,4.0084
15825,R,3.3482,-74.4156,3.5522
15826,R,10.9080,-77.0257,-2.1630
15827,R,7.5354,-78.3927,-2.0587
15828,R,10.1520,-80.2456,-4.1948
15829,R,9.5372,-83.8372,-5.6262
15830,R,12.7221,-80.9544,-6.1096
15831,R,20.1716,-64.6879,-8.0891
15832,R,16.0631,-67.8104,-8.3397
15833,R,18.7597,-68.4282,-6.7525
15834,R,20.8290,-74.0181,-7.5140
15835,R,18.1529,-75.1269,-7.7779
15836,R,18.9824,-75.9769,-10.3791
15837,R,15.6260,-78.4035,-11.5054
15838,R,19.3031,-78.2243,-10.9350
15839,R,18.9209,-80.6584,-10.9310
15840,R,21.0178,-78.0790,-8.1613
15841,R,28.6347,-72.9311,-9.1969
15842,R,27.6218,-76.0678,-7.3721
15843,R,29.3158,-74.0100,-10.0595
15844,R,30.3235,-75.1640,-10.6621
15845,R,29.9339,-72.1694,-13.1182
15846,R,31.6342,-70.0674,-14.6521
15847,R,29.5789,-69.2252,-14.3091
15848,R,30.6407,-59.4460,-14.8188
15849,R,32.4606,-60.5857,-14.9068
15850,R,34.0284,-56.0931,-15.2242
15851,R,37.1216,-53.7979,-17.2308
15852,R,35.1611,-52.0003,-16.3306
15853,R,29.2726,-50.3099,-14.0872
15854,R,28.2869,-53.5199,-14.1970
15855,R,28.2183,-48.5136,-15.4396
15856,R,31.5518,-41.4611,-20.8497
15857,R,30.4617,-45.0116,-18.7720
15858,R,33.7539,-43.6065,-19.9817
15859,R,36.2511,-45.3997,-19.5718
15860,R,37.1315,-42.3164,-21.2766
15861,R,39.5808,-41.3385,-22.4574
15862,R,38.0763,-39.3284,-22.5749
15863,R,39.2346,-31.2644,-23.0974
15864,R,40.2485,-33.3769,-22.1784
15865,R,40.7605,-29.8167,-21.3401
15866,R,42.4258,-27.8234,-20.2268
15867,R,41.2366,-25.4583,-21.1934
15868,R,52.5574,-49.0269,6.4191
15869,R,51.9717,-47.0959,4.8813
15870,R,54.3010,-49.0717,5.3286
15871,R,59.9724,-50.5458,4.4286
15872,R,57.9705,-48.4786,3.2454
15873,R,60.1243,-47.6543,2.5149
15874,R,59.2364,-45.5350,0.7711
15875,R,62.0629,-46.8652,1.6971
15876,R,57.0085,-60.3101,2.6144
15877,R,59.1094,-58.2598,3.1221
15878,R,59.1274,-56.9092,1.4459
15879,R,60.9810,-48.5712,-3.7333
15880,R,61.8016,-49.7764,-1.4861
15881,R,63.7270,-46.5908,-2.7224
15882,R,64.7195,-44.8898,-1.9543
15883,R,65.0576,-44.0127,-4.0242
15884,R,65.4777,-41.3875,-4.8788
15885,R,64.7211,-43.1524,-5.8306
15886,R,58.6087,-42.2651,-9.1524
15887,R,61.9843,-40.8630,-8.9444
15888,R,60.3432,-39.7978,-10.8027
15889,R,61.7535,-37.8320,-12.2622
15890,R,59.5471,-40.4917,-12.9704
15891,R,43.4634,-72.9202,1.0631
15892,R,41.9836,-69.4367,1.5438
15893,R,41.6983,-70.6689,0.5184
15894,R,42.1118,-64.8080,-3.5450
15895,R,41.9656,-63.6003,-1.6645
15896,R,45.0808,-61.0885,-2.8956
15897,R,48.8693,-58.9919,-2.7042
15898,R,48.8360,-60.4153,-4.1480
15899,R,45.1679,-67.0116,-10.3907
15900,R,44.6359,-66.9105,-8.5580
15901,R,45.1217,-63.4653,-8.4406
15902,R,54.2924,-58.9199,-10.8337
15903,R,51.8996,-60.8097,-8.7056
15904,R,55.5359,-60.4285,-9.3292
15905,R,55.5276,-59.8671,-7.6999
15906,R,56.9301,-56.6361,-10.2056
15907,R,55.1617,-53.1939,-10.7967
15908,R,56.1128,-54.4866,-12.5482
15909,R,58.1448,-50.0015,-18.7236
15910,R,56.9092,-48.5235,-16.7111
15911,R,58.5786,-46.1118,-17.7936
15912,R,58.5707,-42.7033,-16.4404
15913,R,57.8614,-43.6524,-18.2974
15914,R,56.6010,-40.6975,-17.4685
15915,R,57.7997,-44.0855,-20.1675
15916,R,54.6131,-45.4999,-22.1943
15917,R,56.6978,-43.5472,-22.8265
15918,R,55.9570,-42.3794,-23.6472
15919,R,55.9189,-38.5653,-23.1049
15920,R,54.3446,-41.1335,-23.6506
15921,R,44.1516,-51.3845,-11.8946
15922,R,47.1460,-49.4113,-14.0101
15923,R,45.4566,-47.8944,-13.2602
15924,R,46.8466,-40.8751,-17.4665
15925,R,48.0987,-42.2270,-17.4208
15926,R,49.7410,-39.5409,-20.1587
15927,R,52.1144,-38.4537,-23.7786
15928,R,51.3157,-36.7445,-23.4527
15929,R,52.3492,-33.8615,-26.2812
15930,R,50.0902,-34.8830,-22.6894
15931,R,45.1098,-35.4956,-20.3681
15932,R,47.7025,-33.2204,-21.5920
15933,R,46.3912,-32.6601,-21.1260
15934,R,47.1701,-29.1047,-22.2795
15935,R,45.0705,-31.8782,-20.5961
15936,R,36.8190,-21.5353,-2.3964
15937,R,37.0354,-20.1394,-4.0214
15938,R,38.9720,-21.5890,-4.5888
15939,R,47.2565,-16.7253,-5.4060
15940,R,44.6195,-18.2411,-6.6733
15941,R,47.4224,-14.9111,-7.0724
15942,R,47.5033,-13.0976,-8.7149
15943,R,50.0196,-10.8286,-7.5564
15944,R,55.2889,-7.7583,-0.9739
15945,R,52.7671,-9.2916,-1.4290
15946,R,55.9630,-5.4090,-3.0120
15947,R,57.7708,3.2190,-6.5198
15948,R,55.8153,0.1908,-5.5164
15949,R,55.4089,2.8056,-6.6160
15950,R,53.2039,0.1380,-7.8010
15951,R,54.9304,5.3896,-8.2803
15952,R,53.9731,7.2308,-10.1369
15953,R,55.9288,7.4390,-9.7442
15954,R,54.0636,3.1642,-15.7612
15955,R,54.7917,6.2441,-14.7104
15956,R,52.9987,4.4559,-18.3980
15957,R,52.1021,6.1130,-20.6638
15958,R,50.9561,3.3502,-21.7097
15959,R,57.4310,-18.4465,-2.0442
15960,R,59.8904,-15.9344,-2.2245
15961,R,55.7421,-16.9634,-3.3709
15962,R,49.4467,-15.6516,-9.5647
15963,R,53.0807,-14.1134,-7.1495
15964,R,51.7471,-13.0637,-9.5833
15965,R,54.1712,-10.5097,-9.6675
15966,R,50.6503,-11.9507,-12.0969
15967,R,53.6776,-19.7828,-15.7208
15968,R,49.9016,-19.4601,-15.8016
15969,R,52.2279,-17.6769,-17.5042
15970,R,51.0428,-10.9892,-21.4689
15971,R,49.1679,-12.8600,-19.5546
15972,R,48.3747,-10.2408,-19.7374
15973,R,48.4657,-8.8197,-16.8967
15974,R,48.2293,-7.4377,-19.6046
15975,R,48.9929,-5.0058,-18.9246
15976,R,48.7592,-6.0193,-22.1138
15977,R,56.5468,-0.6503,-26.0203
15978,R,52.1095,-1.9811,-26.0126
15979,R,54.2780,1.1957,-27.2309
15980,R,51.8370,2.6687,-27.6821
15981,R,54.8011,4.0836,-28.5072
15982,R,53.8784,5.9582,-30.2357
15983,R,55.6617,3.6552,-29.9308
15984,R,53.8473,-5.1137,-28.8992
15985,R,52.9541,-1.7936,-30.8319
15986,R,50.4967,-4.3955,-29.4001
15987,R,47.6019,-3.7872,-30.2344
15988,R,48.9097,-7.3257,-29.0912
15989,R,58.2801,-16.0015,-23.1319
15990,R,58.1411,-13.6598,-24.8725
15991,R,56.0483,-16.1355,-24.2863
15992,R,55.7181,-18.0957,-30.2534
15993,R,52.8115,-16.3225,-28.7775
15994,R,52.7993,-14.9111,-31.6580
15995,R,50.4843,-11.9855,-33.0712
15996,R,53.2170,-13.5802,-34.9152
15997,R,52.9595,-12.4289,-37.7093
15998,R,55.2029,-15.3390,-35.5004
15999,R,55.3895,-24.6629,-31.1875
16000,R,54.3234,-20.2868,-32.7788
16001,R,53.0583,-22.8105,-30.6706
16002,R,50.4783,-21.3552,-30.1651
16003,R,51.3000,-25.1484,-28.2053
16004,R,20.1848,-10.1910,58.7174
16005,R,20.7528,-8.1864,57.3799
16006,R,21.3090,-10.4926,57.0947
16007,R,22.4938,-11.1061,54.7588
16008,R,23.6644,-11.7454,52.6968
16009,R,22.3263,-15.8217,67.5512
16010,R,20.8912,-15.5054,65.6870
16011,R,22.3953,-14.5831,64.2133
16012,R,21.1470,-12.9973,60.9244
16013,R,28.5887,-17.2321,69.1485
16014,R,26.8459,-18.6438,69.4208
16015,R,26.6340,-15.8596,68.7930
16016,R,24.7348,-15.6784,68.2802
16017,R,30.8546,-14.4115,60.7890
16018,R,32.3326,-14.5893,63.5217
16019,R,30.2887,-14.8428,63.9182
16020,R,29.7081,-15.3950,67.2596
16021,R,25.2465,-12.7037,51.6488
16022,R,25.8939,-13.5338,54.3959
16023,R,28.5511,-14.2459,57.4584
16024,R,39.1166,39.4016,19.3515
16025,R,39.5616,36.8632,20.4741
16026,R,40.8688,38.2222,21.8533
16027,R,43.3962,37.4105,23.6687
16028,R,44.9140,35.6229,26.0372
16029,R,37.5241,47.8258,19.2425
16030,R,39.0884,47.4823,17.1011
16031,R,39.1825,45.5300,19.9200
16032,R,39.3488,42.5926,19.7292
16033,R,32.3391,41.2906,22.0960
16034,R,31.5709,43.7835,20.8284
16035,R,33.3714,44.3896,22.3579
16036,R,35.1927,46.4989,21.5905
16037,R,7.6385,21.5310,29.5956
16038,R,6.5188,23.5698,28.1814
16039,R,9.0141,23.9363,27.5423
16040,R,10.4395,26.2259,25.3566
16041,R,11.4762,28.5185,23.7262
16042,R,12.8659,16.0438,34.1618
16043,R,10.9687,15.0941,33.8117
16044,R,11.4648,17.4759,32.0236
16045,R,9.6236,19.3736,30.6083
16046,R,7.3041,-57.1586,45.0620
16047,R,8.3220,-57.4963,43.5621
16048,R,7.9825,-55.4625,44.3445
16049,R,9.4584,-54.0925,43.5509
16050,R,10.9293,-52.5597,43.2039
16051,R,8.4892,-53.9163,51.3239
16052,R,7.7106,-56.3827,50.2827
16053,R,8.6276,-55.4127,49.2340
16054,R,7.4265,-56.0866,46.9842
16055,R,32.9262,-50.0815,37.8060
16056,R,34.0051,-51.7262,37.6135
16057,R,31.5057,-50.6081,38.1844
16058,R,30.2887,-51.3092,39.1561
16059,R,29.3376,-52.3142,40.5222
16060,R,32.6530,-44.7935,42.0469
16061,R,32.3807,-44.9854,39.8359
16062,R,32.1766,-45.9834,41.0251
16063,R,31.8253,-48.0273,39.1767
16064,R,63.8019,-11.9424,22.1222
16065,R,63.2905,-14.6869,22.4928
16066,R,62.5515,-13.4704,24.1735
16067,R,60.7920,-14.7780,25.5837
16068,R,58.8333,-16.1646,26.9948
16069,R,37.8683,-6.6167,0.0657
16070,R,36.9405,-8.2528,-2.3247
16071,R,36.7949,-10.3887,-1.9074
16072,R,36.0712,-13.8812,-4.3931
16073,R,37.4450,-16.8315,-7.1133
16074,R,10.4683,18.2458,-16.2796
16075,R,11.5621,14.3051,-14.8721
16076,R,11.9502,17.7758,-13.9794
16077,R,14.0586,17.1367,-13.2495
16078,R,16.1556,16.2830,-14.0526
16079,R,20.0085,-48.8322,1.3799
16080,R,21.5385,-48.5852,0.0486
16081,R,17.9777,-46.7011,-0.3000
16082,R,15.2103,-43.8201,-1.7542
16083,R,14.4665,-40.8876,-1.7502
16084,R,25.1126,-94.3981,0.9440
16085,R,26.0710,-94.7763,-0.6647
16086,R,23.8154,-96.6244,-0.5324
16087,R,23.7300,-98.8299,-1.9284
16088,R,22.5517,-98.7268,-4.6638
16089,R,45.1244,-38.5860,5.7393
16090,R,44.4578,-39.1160,3.8199
16091,R,44.8704,-41.0223,4.3386
16092,R,46.7958,-42.8582,3.0918
16093,R,49.9373,-43.7539,2.2091
16094,R,7.2130,18.4404,60.2425
16095,R,6.6980,20.9961,58.5392
16096,R,7.4949,20.3332,60.5294
16097,R,8.7673,21.7609,59.4428
16098,R,10.0616,22.9190,57.6296
16099,R,27.9162,16.1309,43.6472
16100,R,25.7026,17.7427,41.9451
16101,R,27.5380,18.5151,42.9665
16102,R,27.4535,20.8199,42.4755
16103,R,28.0279,23.5082,41.9419
16104,R,28.5507,25.4580,40.8539
16105,R,29.4153,24.3827,43.5236
16106,R,30.8519,25.3216,44.8030
16107,R,32.4243,26.2749,45.9100
16108,R,5.2149,-39.2174,61.1778
16109,R,5.3659,-38.2801,58.7974
16110,R,4.4812,-37.2229,60.1334
16111,R,5.4340,-34.3871,59.7539
16112,R,6.6166,-31.3361,59.4726
16113,R,10.0157,5.5245,66.1505
16114,R,7.7716,3.8663,67.2487
16115,R,8.2492,7.1725,66.4328
16116,R,7.0959,8.3934,65.0173
16117,R,7.1682,9.1890,62.4997
16118,R,7.6734,9.6166,60.1045
16119,R,7.8885,12.0535,61.5824
16120,R,8.0282,15.5098,60.8483
16121,R,28.7569,-34.8500,61.8675
16122,R,26.1489,-35.4475,59.1441
16123,R,27.0901,-34.8188,62.5833
16124,R,25.4036,-34.8802,63.3931
16125,R,23.8309,-34.8637,64.2144
16126,R,3.6999,-35.7041,70.0085
16127,R,4.2340,-38.0623,72.0827
16128,R,3.1182,-38.1725,70.4884
16129,R,3.8846,-40.1273,69.7702
16130,R,5.5586,-40.8229,68.5762
16131,R,7.4942,-40.3905,67.6555
16132,R,5.5038,-40.4571,65.9852
16133,R,5.3889,-39.9158,63.4688
16134,R,41.1051,-11.1754,36.5084
16135,R,39.0865,-12.2173,34.0814
16136,R,38.6762,-12.7659,35.9823
16137,R,36.8501,-14.7416,35.7000
16138,R,35.5922,-16.7173,36.1370
16139,R,31.2393,-30.3635,59.9041
16140,R,33.9366,-30.5320,60.7049
16141,R,33.3833,-30.3390,64.6311
16142,R,35.0261,-31.4039,66.8301
16143,R,35.4699,-33.4933,65.9295
16144,R,35.1613,-34.7461,63.5092
16145,R,33.4653,-34.2880,65.3147
16146,R,31.1445,-34.6855,63.6790
16147,R,34.1756,27.1601,46.1946
16148,R,33.9663,24.8268,47.6045
16149,R,35.3835,22.8896,47.8384
16150,R,37.5285,21.0971,47.9783
16151,R,47.2032,-6.4766,51.0184
16152,R,48.4213,-4.6164,50.0982
16153,R,48.3796,-6.7066,49.0321
16154,R,49.0248,-6.6950,46.2271
16155,R,49.2638,-6.6140,43.4478
16156,R,49.2302,-6.4459,41.1534
16157,R,46.4193,-8.5718,40.6487
16158,R,43.8117,-10.1939,38.3466
16159,R,41.6050,23.8391,8.5713
16160,R,41.3370,21.3012,9.9556
16161,R,43.4057,22.6066,8.9170
16162,R,45.1232,21.1113,8.8045
16163,R,46.4250,19.5630,8.9281
16164,R,40.2839,12.3971,21.3749
16165,R,42.7420,11.1443,20.7495
16166,R,41.6398,9.5560,20.8890
16167,R,43.2905,6.8198,19.7296
16168,R,45.7028,4.4435,19.3944
16169,R,48.5946,3.6790,19.4504
16170,R,45.6974,3.6366,21.1736
16171,R,45.8365,3.4486,22.9220
16172,R,46.1416,3.8574,24.5315
16173,R,21.5457,54.3402,-13.5814
16174,R,22.1643,50.5416,-12.3572
16175,R,24.5780,52.2723,-12.6824
16176,R,27.3094,51.1937,-11.3618
16177,R,30.3105,50.1603,-10.7693
16178,R,51.9396,30.2963,-0.7400
16179,R,50.9664,30.7155,-2.1901
16180,R,49.1336,29.3348,-0.1597
16181,R,45.7547,29.2019,1.3494
16182,R,42.5036,28.7172,2.8627
16183,R,39.8436,28.4208,4.4104
16184,R,41.9144,27.1208,4.9851
16185,R,41.7021,25.7125,6.8709
16186,R,7.3470,55.5836,31.0066
16187,R,7.2753,55.5599,28.4703
16188,R,7.6527,57.5063,28.3917
16189,R,7.7730,59.1151,24.9357
16190,R,7.7618,59.9142,21.8352
16191,R,20.5168,54.1110,-5.0124
16192,R,18.4176,57.4119,-4.8540
16193,R,19.4011,55.1861,-7.6753
16194,R,17.7233,56.1798,-10.1997
16195,R,16.2093,58.2425,-12.6798
16196,R,15.0938,59.7573,-14.8764
16197,R,18.5804,59.9107,-13.6559
16198,R,20.2596,57.8640,-13.7797
16199,R,1.5546,-15.2781,17.1613
16200,R,2.3631,-15.4195,15.1868
16201,R,1.7515,-12.7697,16.1168
16202,R,1.8894,-10.1897,15.1540
16203,R,1.8093,-7.7215,14.0761
16204,R,3.0262,31.1105,0.1516
16205,R,0.6229,27.9198,-0.1078
16206,R,4.3860,29.7449,-2.4006
16207,R,5.6834,28.2241,-4.6499
16208,R,5.4381,27.1420,-7.0430
16209,R,4.9234,25.9992,-8.8599
16210,R,5.4749,29.3993,-8.9984
16211,R,8.4465,30.9514,-9.4718
16212,R,10.3169,33.3424,-11.3641
16213,R,14.8596,-27.3379,36.5211
16214,R,12.8625,-29.7750,36.9452
16215,R,12.7850,-26.9513,36.8052
16216,R,10.7915,-26.5998,37.8187
16217,R,8.8915,-26.1571,39.0041
16218,R,0.4372,-6.4405,28.0574
16219,R,0.9915,-10.0080,28.6815
16220,R,0.0221,-9.7407,26.5413
16221,R,0.0438,-13.1425,24.9877
16222,R,0.2983,-16.5250,23.4297
16223,R,0.4766,-19.4774,22.1724
16224,R,0.7422,-16.2480,21.3475
16225,R,1.2075,-15.8355,19.2704
16226,R,10.0327,-84.7139,37.0904
16227,R,6.7477,-83.7966,35.2499
16228,R,9.1787,-83.0499,35.9535
16229,R,9.5507,-81.8429,33.4299
16230,R,11.0382,-80.8590,30.5263
16231,R,4.2364,-60.4250,22.3534
16232,R,6.7747,-62.0851,22.6681
16233,R,5.0002,-61.2246,20.3379
16234,R,7.1304,-59.9191,19.6047
16235,R,9.2122,-58.2592,18.9363
16236,R,10.3528,-56.9908,17.9714
16237,R,6.6417,-58.7989,16.0226
16238,R,4.7946,-57.6995,14.3242
16239,R,5.6109,-54.4511,14.2599
16240,R,22.4941,-58.8329,64.2610
16241,R,23.1353,-59.0782,61.6710
16242,R,21.5442,-60.4933,62.1771
16243,R,20.0690,-61.0658,59.6560
16244,R,18.5939,-61.3192,57.5281
16245,R,17.7647,-77.1502,43.5192
16246,R,19.7378,-77.2276,44.7237
16247,R,20.2653,-79.0654,44.1735
16248,R,21.0593,-81.7167,42.3860
16249,R,20.2397,-84.5596,40.1172
16250,R,18.3498,-86.3436,37.6935
16251,R,16.9423,-85.9639,38.8266
16252,R,13.1881,-85.9043,37.7964
16253,R,48.9424,-53.1206,28.8673
16254,R,46.0605,-53.5550,28.1823
16255,R,47.0142,-54.0995,29.9621
16256,R,45.7299,-56.0525,30.2659
16257,R,46.0473,-58.0480,29.5937
16258,R,34.7697,-76.6325,37.2342
16259,R,35.9219,-78.3677,36.0171
16260,R,34.9800,-78.5652,33.7352
16261,R,35.6065,-79.9460,30.2771
16262,R,36.3716,-81.1011,27.2229
16263,R,37.1202,-82.2655,24.6493
16264,R,36.0728,-79.2326,25.0179
16265,R,35.5801,-77.1384,22.7661
16266,R,34.5225,-75.3125,20.1738
16267,R,46.4785,-24.2706,37.9244
16268,R,47.6342,-25.7664,37.0157
16269,R,46.9347,-27.0095,37.1537
16270,R,47.9164,-29.4689,38.6648
16271,R,48.8739,-31.5302,40.8376
16272,R,53.3492,-51.1063,40.3885
16273,R,53.4542,-50.1875,38.9293
16274,R,54.5669,-51.7962,37.9541
16275,R,55.3683,-52.3103,35.0270
16276,R,55.5077,-52.1320,32.1284
16277,R,54.7418,-51.7817,30.1129
16278,R,53.6879,-52.4875,30.3983
16279,R,51.4093,-52.7994,29.2843
16280,R,38.9415,-12.2665,20.9746
16281,R,36.8520,-15.0598,21.2658
16282,R,38.4634,-14.9176,21.8324
16283,R,37.9591,-17.9057,22.0605
16284,R,37.2881,-20.7426,21.6243
16285,R,48.2978,-36.4145,28.4034
16286,R,47.9529,-37.1190,26.0054
16287,R,50.6013,-38.0252,26.0037
16288,R,53.5202,-37.9304,23.1672
16289,R,56.6235,-36.9542,20.4463
16290,R,59.5044,-35.7305,18.5141
16291,R,59.0316,-36.8252,20.3624
16292,R,60.8934,-36.8976,20.5144
16293,R,62.5938,-37.2746,21.1227
16294,R,28.6362,21.8374,-15.9558
16295,R,27.0470,20.0365,-16.3688
16296,R,26.5092,20.1275,-14.0651
16297,R,26.8863,17.2398,-12.7227
16298,R,29.3441,14.5539,-12.8056
16299,R,46.8294,16.4850,-24.3340
16300,R,44.7540,17.3652,-26.7109
16301,R,45.0800,15.3727,-27.6806
16302,R,42.3554,13.2153,-30.6850
16303,R,42.6836,11.8125,-34.8842
16304,R,43.5452,11.1612,-37.3903
16305,R,45.3256,10.2253,-35.4493
16306,R,48.1085,9.0940,-35.3547
16307,R,50.1210,7.5500,-34.4657
16308,R,14.6965,-25.5907,-8.0222
16309,R,18.8360,-28.1997,-6.9400
16310,R,17.4298,-26.2536,-8.2375
16311,R,20.6806,-26.7113,-7.9639
16312,R,23.7913,-27.2151,-8.2015
16313,R,37.2333,-13.7279,-24.5647
16314,R,36.5640,-15.8232,-24.1104
16315,R,33.8740,-14.3349,-26.5482
16316,R,29.6767,-14.0753,-28.2283
16317,R,24.8854,-12.5565,-28.8469
16318,R,22.0893,-10.9047,-28.4603
16319,R,23.4201,-9.8558,-29.7445
16320,R,23.1335,-7.6819,-31.2654
16321,R,23.7569,-5.9635,-33.4528
16322,R,15.0813,-84.8013,4.1635
16323,R,12.3890,-86.2180,1.2610
16324,R,12.2468,-84.3224,0.0114
16325,R,8.0675,-83.8874,-1.0187
16326,R,4.3713,-83.1501,-1.1700
16327,R,25.3548,-51.3023,-6.6126
16328,R,26.0367,-54.0935,-6.0824
16329,R,28.5791,-50.6133,-5.5959
16330,R,31.8612,-50.0301,-5.6906
16331,R,34.2275,-49.6396,-7.2213
16332,R,35.0259,-49.0553,-9.3073
16333,R,35.7216,-46.1300,-8.8204
16334,R,36.7188,-42.6212,-10.6329
16335,R,37.1275,-38.9746,-12.4183
16336,R,44.4627,-62.0580,6.2610
16337,R,47.1742,-62.4494,5.2513
16338,R,45.6501,-62.9057,5.3149
16339,R,45.5440,-62.7733,3.8579
16340,R,44.9292,-62.2691,2.7665
16341,R,38.4761,-76.5007,-15.4450
16342,R,42.3029,-72.9163,-16.2242
16343,R,40.1995,-72.6675,-15.4937
16344,R,41.3010,-69.3750,-15.4498
16345,R,40.9775,-66.2231,-14.2877
16346,R,39.6974,-63.5170,-13.5974
16347,R,39.7297,-66.0740,-15.2853
16348,R,38.2078,-66.0299,-16.1185
16349,R,36.9068,-65.5859,-16.3229
16350,R,59.6731,-14.1633,1.4608
16351,R,60.3139,-11.5777,0.8479
16352,R,62.8228,-12.1915,1.4309
16353,R,63.9384,-11.2576,0.0142
16354,R,63.4109,-11.0072,-2.0555
16355,R,65.5863,-26.4177,-11.8327
16356,R,64.8240,-23.9759,-12.5882
16357,R,66.0317,-25.3359,-13.4647
16358,R,65.3274,-24.6730,-15.4025
16359,R,63.4903,-23.5003,-16.7504
16360,R,61.5314,-22.4921,-17.7141
16361,R,60.8921,-26.4021,-17.1516
16362,R,58.8418,-29.5982,-17.1511
16363,R,56.9487,-33.2969,-17.0652
16364,R,18.6483,6.6061,63.1291
16365,R,19.2097,9.1339,62.1863
16366,R,20.7629,7.6326,63.4138
16367,R,22.2417,7.8250,61.8776
16368,R,21.9441,7.6647,59.7573
16369,R,21.7689,-0.1063,51.9012
16370,R,21.4874,2.5911,53.1506
16371,R,21.7417,2.4368,50.3062
16372,R,22.3754,4.5955,48.6338
16373,R,23.5714,6.5684,46.8343
16374,R,24.8318,8.1820,45.8238
16375,R,25.7919,6.2435,46.6617
16376,R,27.7883,6.3673,48.2168
16377,R,29.3974,6.6242,50.3209
16378,R,7.2522,-24.3398,73.6029
16379,R,6.5310,-22.9233,72.7808
16380,R,8.1833,-21.4495,73.0385
16381,R,9.0271,-18.7203,71.2186
16382,R,9.4980,-16.0682,68.8660
16383,R,16.1814,-7.5355,62.9032
16384,R,14.5859,-8.2602,63.7492
16385,R,16.5923,-5.3854,64.6216
16386,R,16.8657,-3.3915,66.2936
16387,R,16.5403,-1.3168,67.0139
16388,R,15.3335,0.0551,66.2370
16389,R,17.4497,1.2261,65.2965
16390,R,18.0980,4.0038,64.3162
16391,R,21.6503,-30.1604,53.0305
16392,R,21.0020,-31.4978,55.4690
16393,R,19.5764,-29.9661,53.9783
16394,R,17.6563,-29.5863,55.2087
16395,R,15.8240,-28.9464,56.7103
16396,R,17.0338,-22.6658,68.7872
16397,R,15.5104,-23.8297,66.3339
16398,R,14.4964,-23.6618,69.2380
16399,R,12.5470,-24.8626,69.7892
16400,R,10.7594,-26.4111,70.1277
16401,R,8.9548,-27.9790,70.0567
16402,R,9.8127,-25.7966,72.6025
16403,R,8.5231,-25.1460,73.7215
16404,R,41.2858,-9.5400,55.8234
16405,R,38.8872,-11.3384,54.2668
16406,R,39.8099,-11.3097,56.8773
16407,R,38.7378,-13.6863,57.6716
16408,R,38.0005,-16.5128,57.7331
16409,R,32.5167,-21.5763,62.7117
16410,R,33.7816,-21.7021,60.8000
16411,R,30.6349,-22.1262,59.2727
16412,R,28.1700,-22.0509,55.5638
16413,R,26.1231,-22.7504,51.7694
16414,R,25.2350,-24.7939,49.5700
16415,R,23.6383,-24.6591,50.9281
16416,R,22.3085,-27.4440,51.3582
16417,R,30.5483,6.3637,52.4056
16418,R,28.6352,4.1060,51.1273
16419,R,28.2882,1.0838,50.3486
16420,R,29.4214,-0.4191,48.0773
16421,R,32.1111,-10.5008,51.7129
16422,R,31.8722,-9.4959,48.4418
16423,R,33.9313,-9.4276,52.0711
16424,R,35.8196,-8.3016,52.4271
16425,R,37.9716,-7.2724,52.5475
16426,R,40.1163,-6.5747,52.6297
16427,R,40.2402,-6.7064,55.7769
16428,R,41.9721,-7.6007,56.8934
16429,R,49.1304,31.6861,6.1021
16430,R,50.5119,30.0661,7.1390
16431,R,47.7651,31.2120,8.4538
16432,R,46.3552,30.5321,10.2961
16433,R,45.3465,29.1784,11.9692
16434,R,44.7346,29.9949,21.9443
16435,R,42.1452,28.7901,20.5391
16436,R,44.1301,28.1010,22.8348
16437,R,42.7076,26.4318,22.9677
16438,R,40.9787,24.7187,22.3320
16439,R,39.6204,22.9699,21.2476
16440,R,39.4292,23.6437,23.7320
16441,R,38.2685,21.9524,24.8648
16442,R,37.1351,19.9529,25.6049
16443,R,32.0197,50.2698,0.6463
16444,R,33.9602,51.4932,-0.3453
16445,R,34.5202,52.6377,2.1036
16446,R,37.6653,53.3744,2.5854
16447,R,40.0493,51.5106,3.3383
16448,R,37.1905,41.3320,8.3919
16449,R,38.0541,42.6198,6.6164
16450,R,37.3720,39.6299,6.3432
16451,R,39.0828,38.2208,4.6239
16452,R,42.0095,37.2548,3.7011
16453,R,44.7953,36.6712,3.1878
16454,R,44.7142,35.6561,5.2195
16455,R,46.9804,33.6197,5.5141
16456,R,23.3335,51.6301,25.6209
16457,R,22.4276,54.0411,23.0392
16458,R,22.8449,51.9889,22.2588
16459,R,23.8074,52.9437,19.8835
16460,R,23.3496,53.6669,17.7586
16461,R,29.6663,48.7148,12.1155
16462,R,26.8567,48.2218,11.5171
16463,R,28.6231,48.0285,9.6155
16464,R,27.4900,47.4151,7.2101
16465,R,26.1129,48.0669,5.0973
16466,R,24.5889,49.2550,3.2393
16467,R,27.9309,48.1313,3.2423
16468,R,29.6875,49.1352,2.0052
16469,R,0.5545,7.1019,25.8911
16470,R,0.1791,7.5173,23.4959
16471,R,0.7172,10.3386,24.6506
16472,R,1.0788,13.5429,23.2743
16473,R,1.6990,16.4806,21.7762
16474,R,7.8200,27.9282,18.5336
16475,R,8.0677,25.6832,17.6150
16476,R,8.4503,28.5209,16.2818
16477,R,7.7729,29.0720,13.8259
16478,R,6.4800,29.8386,11.7271
16479,R,5.2754,30.6595,9.7970
16480,R,8.2369,32.4988,9.7548
16481,R,8.2686,35.7729,8.0642
16482,R,6.8562,39.2172,6.7150
16483,R,10.3958,-5.6294,41.9531
16484,R,9.2596,-6.8024,41.3302
16485,R,8.8369,-4.2435,41.5082
16486,R,7.3724,-2.6580,41.2533
16487,R,5.7648,-0.8949,40.8169
16488,R,5.2220,11.1353,32.7477
16489,R,4.8781,8.4129,34.2230
16490,R,5.1705,9.1593,31.3810
16491,R,6.6408,7.4187,30.9768
16492,R,7.6065,5.5152,30.3514
16493,R,6.5184,3.4575,29.6851
16494,R,6.2256,6.2433,28.6349
16495,R,3.3461,6.7531,27.4470
16496,R,12.8861,-70.6284,40.5999
16497,R,14.4187,-69.6437,39.1853
16498,R,10.8785,-70.1870,39.1222
16499,R,9.2847,-69.6270,37.6084
16500,R,7.0499,-69.5672,35.6243
16501,R,8.4358,-57.8138,36.7402
16502,R,6.9511,-59.4888,36.0924
16503,R,8.0727,-57.6259,35.3059
16504,R,7.4818,-57.2752,33.7846
16505,R,6.7238,-57.2854,32.1402
16506,R,6.0700,-57.8026,30.4147
16507,R,8.8757,-55.8735,31.2052
16508,R,10.7519,-54.3868,30.1007
16509,R,11.5989,-52.4137,29.0312
16510,R,9.3816,-60.8489,60.2636
16511,R,9.0301,-63.1714,60.4380
16512,R,8.0451,-62.8918,58.8486
16513,R,6.8567,-64.5661,57.1140
16514,R,6.6697,-65.4980,54.8366
16515,R,7.9684,-65.1825,46.1506
16516,R,7.3063,-66.2029,47.2476
16517,R,6.5787,-67.6219,44.8672
16518,R,6.6489,-70.0549,44.2036
16519,R,6.7834,-72.7885,43.8264
16520,R,8.9700,-73.9743,44.1635
16521,R,7.8600,-73.4144,42.3427
16522,R,10.2253,-72.3695,41.5133
16523,R,49.4095,-55.1921,44.7077
16524,R,49.0563,-56.7815,43.9391
16525,R,48.4400,-56.4594,45.2848
16526,R,47.6778,-57.7795,45.6376
16527,R,46.5179,-59.0813,45.6688
16528,R,38.1343,-59.2307,41.4077
16529,R,39.8771,-59.8246,42.5418
16530,R,37.9831,-61.0579,43.4532
16531,R,37.5896,-62.8550,45.9151
16532,R,37.1411,-65.1428,47.5719
16533,R,37.1878,-67.5074,46.9123
16534,R,35.8480,-66.4280,46.3785
16535,R,35.4471,-66.6432,43.9795
16536,R,34.9633,-66.5400,41.4350
16537,R,37.0640,-32.9964,38.0337
16538,R,39.0115,-34.2191,38.4396
16539,R,38.0000,-35.6232,37.9266
16540,R,38.6989,-37.6237,36.8767
16541,R,38.9374,-39.4690,35.9282
16542,R,38.9253,-47.8568,37.2905
16543,R,39.4229,-46.6381,35.9807
16544,R,41.0904,-48.6181,38.4602
16545,R,43.0552,-49.2345,39.5380
16546,R,44.9492,-49.6892,40.6937
16547,R,46.8669,-50.0537,41.4467
16548,R,46.9336,-51.4109,42.8553
16549,R,48.4013,-53.3512,44.4743
16550,R,53.0280,-13.1239,17.6592
16551,R,51.2360,-15.2191,19.6354
16552,R,53.1422,-14.8275,19.7650
16553,R,53.4278,-17.5606,19.1623
16554,R,53.2375,-19.7805,16.8391
16555,R,57.1206,-21.8366,22.6586
16556,R,55.8135,-21.7734,21.6950
16557,R,55.3527,-23.4817,23.6633
16558,R,53.7206,-24.5801,25.1211
16559,R,52.1897,-26.0495,26.4363
16560,R,50.8302,-27.6890,26.8290
16561,R,52.8294,-27.8826,27.6567
16562,R,53.5128,-29.1801,29.2607
16563,R,54.1788,-30.2440,31.1559
16564,R,37.3156,14.9818,-4.8232
16565,R,37.3532,12.3082,-6.1590
16566,R,37.0876,10.3293,-5.1270
16567,R,37.5620,4.4544,-6.1940
16568,R,37.1959,-0.3012,-8.5809
16569,R,40.3106,-11.4579,-13.2411
16570,R,39.8911,-9.8805,-13.9281
16571,R,43.3716,-9.8315,-15.3467
16572,R,46.0155,-6.5341,-16.4202
16573,R,47.9198,-1.6782,-17.2696
16574,R,48.9305,3.3303,-18.1818
16575,R,49.7074,2.6717,-16.4929
16576,R,50.8822,7.1169,-15.2832
16577,R,52.2653,10.5409,-14.3680
16578,R,8.4736,-8.6855,-14.1309
16579,R,11.8740,-12.7845,-17.1802
16580,R,11.1081,-9.3505,-14.2432
16581,R,13.6437,-9.9236,-14.0105
16582,R,15.9875,-10.1370,-13.2731
16583,R,19.5231,-1.5621,-11.2227
16584,R,19.9380,-4.3822,-11.1105
16585,R,21.9985,-4.1551,-10.7056
16586,R,24.5523,-6.2721,-10.9514
16587,R,28.0007,-8.7794,-12.5105
16588,R,31.7991,-11.0810,-15.2077
16589,R,30.5013,-8.6194,-14.5727
16590,R,32.1032,-8.3448,-16.8671
16591,R,33.2641,-7.6891,-19.4322
16592,R,15.5603,-68.4984,3.2765
16593,R,10.6111,-67.2277,5.3715
16594,R,13.0599,-65.7942,3.5175
16595,R,11.8292,-63.3547,3.8339
16596,R,11.4532,-61.1199,3.7596
16597,R,20.2373,-48.8494,-5.4778
16598,R,17.3181,-52.2628,-3.4974
16599,R,17.7547,-49.0051,-5.2908
16600,R,15.1157,-48.3925,-4.8735
16601,R,14.3324,-47.9451,-5.6579
16602,R,15.0028,-48.5373,-6.7780
16603,R,16.0181,-45.4976,-7.7370
16604,R,18.1281,-43.5799,-9.4188
16605,R,19.6720,-40.9030,-10.3312
16606,R,45.5439,-80.4018,5.0261
16607,R,46.3831,-80.3440,3.6334
16608,R,43.4168,-82.2406,2.9426
16609,R,42.4358,-84.3131,0.3902
16610,R,41.3523,-85.5648,-2.2363
16611,R,30.0165,-93.3592,-8.6680
16612,R,32.6774,-90.4133,-8.5143
16613,R,32.0080,-92.3520,-10.8565
16614,R,34.1336,-91.2282,-12.6781
16615,R,35.6551,-89.4259,-13.6355
16616,R,36.3813,-87.0023,-14.2013
16617,R,32.7088,-88.7645,-13.8210
16618,R,29.7085,-88.1563,-13.1915
16619,R,27.4354,-87.6981,-11.5031
16620,R,59.5453,-25.2170,0.2796
16621,R,57.3169,-24.6039,-0.8197
16622,R,55.4590,-26.2844,0.0622
16623,R,51.3443,-27.2431,-0.2037
16624,R,47.3647,-28.1699,-0.8462
16625,R,47.5816,-38.3530,-3.8510
16626,R,46.2045,-36.2041,-4.5229
16627,R,49.4370,-37.2488,-5.2760
16628,R,51.6543,-36.0567,-6.7467
16629,R,53.9567,-34.7250,-8.4825
16630,R,56.4004,-33.0765,-9.7007
16631,R,57.5615,-35.1503,-8.0503
16632,R,60.7340,-35.6154,-7.3233
16633,R,63.6400,-36.1580,-6.9541
16634,R,8.7714,22.1931,40.5709
16635,R,8.4415,25.0372,38.3129
16636,R,7.6635,24.5033,40.0272
16637,R,7.8150,27.1217,40.1837
16638,R,8.5587,29.6356,40.7621
16639,R,6.5973,33.1117,51.5277
16640,R,6.8773,33.9062,48.6234
16641,R,6.4684,36.3829,49.3103
16642,R,6.4601,39.5395,47.0041
16643,R,6.4576,42.8960,44.8336
16644,R,6.4745,45.9068,42.4547
16645,R,7.0649,44.8910,45.0471
16646,R,8.5508,45.8868,44.0164
16647,R,10.2214,45.9432,42.2041
16648,R,20.0203,18.9223,57.5130
16649,R,18.2040,20.4329,56.2589
16650,R,20.1889,21.3595,56.5795
16651,R,20.4785,24.0623,55.5411
16652,R,20.1631,26.7950,53.5249
16653,R,22.0843,28.0670,41.8985
16654,R,21.6325,29.2589,44.1043
16655,R,20.0778,30.7131,41.6645
16656,R,19.2414,34.1142,41.4759
16657,R,19.4767,37.5268,41.7535
16658,R,18.7655,40.5761,41.9878
16659,R,20.0600,39.1437,40.0199
16660,R,19.2626,41.0511,37.0701
16661,R,18.4785,42.7956,33.8359
16662,R,19.4576,45.0096,31.7910
16663,R,19.6377,41.5279,32.1449
16664,R,21.2158,40.4349,31.3820
16665,R,22.7381,39.0662,31.4427
16666,R,29.4315,32.2556,37.0128
16667,R,28.4321,33.4960,34.6924
16668,R,29.7226,32.9303,35.1648
16669,R,29.9572,33.0891,33.4213
16670,R,30.2828,32.9154,30.9881
16671,R,30.4378,32.7113,28.3713
16672,R,32.2665,32.7604,31.3990
16673,R,34.3265,32.8293,31.5334
16674,R,36.0173,32.9213,31.9925
16675,R,12.7258,-48.0438,53.7287
16676,R,12.5908,-47.7134,51.4813
16677,R,14.6818,-46.8050,52.8814
16678,R,16.1779,-45.0823,52.0500
16679,R,16.9718,-42.9877,51.2043
16680,R,9.9189,-33.5400,51.6094
16681,R,12.5891,-34.4925,50.7461
16682,R,11.7943,-32.6148,49.9311
16683,R,13.4788,-31.9394,47.9222
16684,R,14.9977,-31.2993,45.8000
16685,R,16.3245,-30.6962,43.7414
16686,R,14.8501,-28.9649,45.9741
16687,R,14.4048,-26.6458,46.0031
16688,R,13.9558,-24.2430,46.2420
16689,R,4.8685,-17.9009,66.6217
16690,R,6.0063,-20.2571,65.2315
16691,R,4.6391,-17.2848,64.6100
16692,R,4.8477,-16.6971,62.7005
16693,R,5.1897,-16.2014,60.6938
16694,R,8.1057,-4.1783,58.5856
16695,R,7.3446,-7.8254,57.1423
16696,R,7.0946,-6.6068,56.2124
16697,R,5.9689,-8.9534,53.9223
16698,R,6.8776,-11.7952,52.0206
16699,R,8.3463,-14.2634,50.2416
16700,R,8.4532,-10.8849,51.4130
16701,R,9.9634,-9.7911,50.4845
16702,R,11.0645,-8.8728,49.0724
16703,R,11.8819,-8.2085,47.6692
16704,R,10.5226,-6.2106,49.2776
16705,R,10.9369,-3.3403,49.2986
16706,R,11.1005,-0.5353,48.6395
16707,R,10.5805,11.8952,50.6580
16708,R,9.7947,9.7030,49.1418
16709,R,10.1701,12.5537,48.2552
16710,R,9.6642,13.3160,46.2461
16711,R,9.7274,14.0147,44.3119
16712,R,10.6156,14.6156,42.4303
16713,R,9.1670,16.5104,43.3507
16714,R,9.1210,19.3148,42.2415
16715,R,33.8296,-43.5583,52.0252
16716,R,35.0108,-45.0869,53.6130
16717,R,34.4271,-43.7319,54.0784
16718,R,34.6788,-44.2974,55.9136
16719,R,34.5334,-44.9949,57.6216
16720,R,23.9107,-43.0983,58.4026
16721,R,26.7089,-43.7808,59.9915
16722,R,25.9019,-44.1234,61.0017
16723,R,27.2006,-45.0120,63.3182
16724,R,28.0294,-46.7142,64.2048
16725,R,28.4390,-48.6714,62.9940
16726,R,26.6455,-47.3897,62.6085
16727,R,24.7186,-48.4358,60.8911
16728,R,22.1654,-49.4423,59.4861
16729,R,18.8740,-31.0863,68.4907
16730,R,20.7819,-30.8776,71.9011
16731,R,18.7493,-30.9094,71.9848
16732,R,18.2246,-31.8795,73.7629
16733,R,16.8541,-33.2433,73.3016
16734,R,12.7400,-40.1004,76.0166
16735,R,14.2089,-39.7761,75.3863
16736,R,14.4817,-42.4128,74.7139
16737,R,15.0486,-44.7702,72.3433
16738,R,15.4687,-47.2298,69.1202
16739,R,16.7025,-48.6485,67.0784
16740,R,15.2107,-49.4184,68.9053
16741,R,14.3232,-50.8059,68.1543
16742,R,12.9608,-51.6827,65.9612
16743,R,12.0138,-52.5817,63.3479
16744,R,11.5573,-52.2342,66.6185
16745,R,9.9210,-52.4670,66.7063
16746,R,8.3648,-52.1349,66.1617
16747,R,13.7423,-44.4509,63.9695
16748,R,11.5307,-47.3573,64.1856
16749,R,12.6981,-46.6288,62.5182
16750,R,11.1692,-48.0252,60.8802
16751,R,9.6756,-48.9833,59.1366
16752,R,8.1876,-49.3789,57.6166
16753,R,10.9263,-48.7012,57.3945
16754,R,11.9282,-48.4010,55.5898
16755,R,52.3122,-11.4296,27.4627
16756,R,55.5111,-11.2233,30.7415
16757,R,52.9065,-12.2333,30.0059
16758,R,53.5661,-12.8041,32.7293
16759,R,53.5983,-12.8904,35.4753
16760,R,47.0407,-18.0206,39.0645
16761,R,49.2486,-16.6947,39.5415
16762,R,49.9456,-16.7478,42.8503
16763,R,52.5485,-15.1287,46.0078
16764,R,54.6190,-15.1720,47.5278
16765,R,54.5736,-17.2087,47.4112
16766,R,54.3381,-16.3207,49.0969
16767,R,53.6109,-17.9716,50.1023
16768,R,52.4526,-19.8541,50.5400
16769,R,32.4720,-19.3440,46.1658
16770,R,32.0146,-19.4671,43.5785
16771,R,33.4405,-21.8477,44.0178
16772,R,36.8004,-23.1067,43.6490
16773,R,39.7231,-23.0796,46.4675
16774,R,42.9985,-26.5853,62.1439
16775,R,43.4331,-24.3725,60.2652
16776,R,44.8453,-25.6552,61.3117
16777,R,46.5904,-24.8962,59.8366
16778,R,47.8068,-24.5789,57.8748
16779,R,48.2882,-24.2721,55.5554
16780,R,46.8489,-27.0573,55.3386
16781,R,44.5819,-28.4935,52.4114
16782,R,42.2367,-29.4921,49.4003
16783,R,40.1990,-29.6994,46.3439
16784,R,40.2224,-30.7460,48.8981
16785,R,38.3075,-31.9610,48.1934
16786,R,36.1694,-32.8754,47.5492
16787,R,30.4100,-35.6557,52.4369
16788,R,31.1912,-36.0160,50.7464
16789,R,29.1346,-36.8572,50.4225
16790,R,28.7741,-38.5404,48.9902
16791,R,29.4437,-40.2971,47.6611
16792,R,30.7959,-41.5234,46.6680
16793,R,30.7949,-41.8891,48.9006
16794,R,32.3894,-42.7941,50.3789
16795,R,38.1894,33.4155,31.6692
16796,R,37.0888,31.4492,31.7878
16797,R,38.1295,29.5996,31.5278
16798,R,39.4624,27.9522,31.5312
16799,R,38.3622,22.3929,38.4986
16800,R,39.2621,23.3810,36.4958
16801,R,39.7064,21.8717,37.2137
16802,R,39.4522,20.6195,35.4829
16803,R,38.5460,19.3841,33.7294
16804,R,37.2134,18.1959,31.7369
16805,R,36.3265,17.5006,33.7589
16806,R,34.8321,15.1431,33.6040
16807,R,34.0126,12.4577,33.0553
16808,R,38.0731,7.1013,56.2671
16809,R,38.9832,10.4055,54.5346
16810,R,39.2716,7.5930,54.3582
16811,R,39.6203,7.8647,51.5997
16812,R,39.3637,7.4455,48.8067
16813,R,46.3912,1.5663,42.3396
16814,R,42.7851,2.3703,42.0662
16815,R,44.0902,0.8673,40.2223
16816,R,41.6841,0.6555,38.3095
16817,R,39.7429,1.1530,36.6977
16818,R,38.2161,2.4139,35.6772
16819,R,40.9998,0.2250,34.9619
16820,R,42.6918,0.4048,33.4214
16821,R,44.5198,1.3931,32.0328
16822,R,45.6235,2.7094,30.8023
16823,R,48.0031,1.7247,31.7813
16824,R,51.6895,2.1928,31.5779
16825,R,54.7981,2.7237,32.5956
16826,R,50.3211,-5.6892,32.3112
16827,R,53.2494,-3.9294,32.3050
16828,R,50.1471,-5.1312,29.8136
16829,R,50.0495,-4.8466,27.1145
16830,R,50.2448,-5.1645,24.4832
16831,R,51.1673,-5.9970,22.5489
16832,R,49.6749,-7.7875,23.6899
16833,R,50.6780,-10.2352,24.8682
16834,R,33.2060,3.7294,9.5777
16835,R,34.4305,0.0185,10.2680
16836,R,33.0822,3.4685,11.2230
16837,R,33.4267,3.2050,12.6284
16838,R,34.1957,3.0142,13.8257
16839,R,40.6921,10.1094,9.9811
16840,R,39.4042,7.7890,11.7542
16841,R,40.8001,7.0137,10.8177
16842,R,41.0358,3.9330,12.5095
16843,R,41.8191,1.1710,14.9618
16844,R,42.1551,-1.2979,16.7316
16845,R,43.5234,0.8095,14.2628
16846,R,45.2487,0.3889,13.4140
16847,R,46.8569,-0.0706,12.1315
16848,R,54.9958,23.4843,15.2214
16849,R,54.6478,21.8219,14.2251
16850,R,55.5688,20.6760,16.5762
16851,R,55.6535,17.6580,16.2647
16852,R,55.4832,14.9248,13.6784
16853,R,49.6378,6.7769,9.6083
16854,R,50.1000,8.4626,8.4393
16855,R,52.1769,6.0430,6.2402
16856,R,54.4369,5.8555,3.3264
16857,R,54.5010,4.8981,1.9283
16858,R,53.1529,3.3857,2.7541
16859,R,54.6464,2.3709,3.5253
16860,R,53.9888,-0.4960,5.5263
16861,R,52.8843,-3.0855,7.6045
16862,R,52.1585,-5.6647,9.7242
16863,R,53.5540,-2.8120,8.8536
16864,R,54.1872,-2.7056,10.4333
16865,R,55.4501,-3.2136,11.7212
16866,R,59.3090,5.7410,17.3779
16867,R,59.8109,3.4593,14.9396
16868,R,60.2540,3.3852,16.5063
16869,R,60.4704,0.0707,15.4191
16870,R,60.8016,-3.1838,13.5662
16871,R,61.6479,-6.4389,12.7017
16872,R,59.5780,-3.7283,14.6412
16873,R,57.8329,-4.1500,15.7495
16874,R,56.4644,-4.7369,17.3661
16875,R,12.4074,36.8433,-25.9169
16876,R,12.8240,32.9088,-26.4705
16877,R,13.5375,35.5138,-26.4728
16878,R,16.0276,33.9049,-23.9803
16879,R,19.0651,32.5267,-20.7175
16880,R,25.5793,37.5447,-11.7032
16881,R,24.3528,35.8763,-12.2419
16882,R,25.3242,35.0510,-9.2364
16883,R,26.5052,31.9474,-8.8523
16884,R,28.8804,29.6104,-11.6736
16885,R,30.6304,28.8645,-16.0161
16886,R,32.2140,29.8256,-13.8981
16887,R,34.9327,30.0423,-15.7679
16888,R,37.4875,28.4545,-16.6213
16889,R,41.3066,50.2284,-5.6647
16890,R,41.1664,50.8515,-7.6602
16891,R,43.0465,47.9410,-7.6652
16892,R,44.0150,45.8365,-10.3122
16893,R,44.2373,43.6004,-12.5225
16894,R,47.4521,31.9644,-9.2085
16895,R,48.5628,33.0849,-11.4630
16896,R,46.6662,31.4514,-10.3348
16897,R,45.8274,30.3309,-11.3624
16898,R,45.2079,28.3929,-11.9068
16899,R,43.7452,26.5010,-12.0503
16900,R,41.6268,27.9110,-9.6188
16901,R,36.9933,28.4302,-7.0997
16902,R,32.3113,28.5836,-5.2108
16903,R,29.3997,26.7464,-3.8331
16904,R,30.2012,28.2696,-2.7915
16905,R,29.1968,26.9912,-0.3444
16906,R,29.3063,25.1860,1.5435
16907,R,31.3741,22.7164,9.9877
16908,R,30.2724,22.2019,8.3690
16909,R,30.7175,19.3769,9.7270
16910,R,30.8360,15.8354,8.7980
16911,R,31.5596,12.1074,7.4476
16912,R,33.1152,8.5202,6.1507
16913,R,32.2559,9.5537,8.1960
16914,R,33.0096,6.7016,8.9016
16915,R,9.7439,35.6043,29.7080
16916,R,12.4125,34.9981,27.7525
16917,R,10.7018,37.2785,27.6105
16918,R,11.5823,38.7155,25.2572
16919,R,12.2964,39.8168,22.5083
16920,R,8.7236,48.6013,16.5603
16921,R,10.3344,46.7815,16.7667
16922,R,10.2461,48.0386,13.8340
16923,R,12.9255,47.1153,11.9723
16924,R,15.1834,45.5175,9.9153
16925,R,15.8772,43.2991,7.8389
16926,R,15.6683,46.0759,7.6442
16927,R,15.2981,46.2457,4.8996
16928,R,14.4408,46.5782,2.2556
16929,R,17.3766,61.1592,12.4625
16930,R,14.6534,62.7091,13.1753
16931,R,15.9036,62.4371,10.5878
16932,R,13.1808,62.7812,8.8180
16933,R,11.1354,64.0784,6.8613
16934,R,8.1098,64.8451,-5.7108
16935,R,8.3630,65.1010,-2.5348
16936,R,8.0053,62.7227,-4.1782
16937,R,8.2809,58.4551,-3.3283
16938,R,9.3437,54.9467,-2.6952
16939,R,10.7663,51.9566,-2.5100
16940,R,8.1633,52.0046,-4.2047
16941,R,8.0169,49.6434,-6.2252
16942,R,8.6008,47.3723,-8.2008
16943,R,9.0369,45.0320,-9.9220
16944,R,11.2071,47.7156,-10.3446
16945,R,8.5856,48.6585,-13.0603
16946,R,7.6515,48.5486,-15.5917
16947,R,11.1676,51.8527,-22.2259
16948,R,8.9748,51.4858,-21.1529
16949,R,11.1417,49.0435,-22.7781
16950,R,11.3792,46.5748,-21.5817
16951,R,11.5437,44.0198,-20.0842
16952,R,11.1800,41.4126,-19.5776
16953,R,12.7196,41.8499,-21.6877
16954,R,12.5002,39.3955,-24.0506
16955,R,6.8887,-34.2439,8.2642
16956,R,9.1044,-34.5618,7.8323
16957,R,8.2125,-32.5551,9.6251
16958,R,8.8313,-30.5161,8.7746
16959,R,8.3474,-29.3289,7.2330
16960,R,2.8676,-17.6194,7.9174
16961,R,3.8575,-21.3181,6.8138
16962,R,2.8540,-19.5976,5.3843
16963,R,3.7687,-21.7678,2.7059
16964,R,4.5774,-23.8418,0.0506
16965,R,5.9751,-24.9277,-2.4488
16966,R,4.1845,-22.6822,-1.5597
16967,R,3.5800,-21.8209,-3.1322
16968,R,2.8488,-20.7628,-4.6114
16969,R,1.1706,8.2225,14.4832
16970,R,1.5658,4.3763,13.1684
16971,R,1.4241,7.3731,11.9521
16972,R,1.6800,6.6494,9.5940
16973,R,2.0475,5.7681,7.2779
16974,R,2.5655,12.5189,-1.0440
16975,R,2.5174,9.0859,0.2432
16976,R,3.2959,7.4592,-1.6287
16977,R,2.7054,2.4288,-2.8361
16978,R,3.4110,-1.8934,-3.7673
16979,R,3.9967,-6.6039,-5.0045
16980,R,3.8156,-3.7124,-5.7533
16981,R,3.6932,-5.4154,-7.9218
16982,R,3.1396,-6.7969,-10.0648
16983,R,2.4218,-7.9023,-11.7864
16984,R,3.7933,-3.4567,-10.2124
16985,R,5.1340,-0.5624,-9.4738
16986,R,6.2392,2.8990,-9.2966
16987,R,6.1740,23.5828,-16.1117
16988,R,7.0171,20.6806,-15.3886
16989,R,6.3226,23.5431,-18.3411
16990,R,5.4966,22.8637,-20.9976
16991,R,4.5702,21.5710,-23.1521
16992,R,4.9723,20.4254,-24.2341
16993,R,4.3881,24.4465,-25.3200
16994,R,4.5376,27.6090,-26.2373
16995,R,5.1331,30.8748,-26.3908
16996,R,9.3786,-44.3158,44.9714
16997,R,5.8981,-45.5554,44.7580
16998,R,7.2214,-44.2865,44.0037
16999,R,6.0002,-44.4887,42.7473
17000,R,5.7475,-44.4007,41.4559
17001,R,5.4965,-37.1008,40.8505
17002,R,6.5495,-38.7808,39.6654
17003,R,7.6974,-37.7412,38.1137
17004,R,9.6145,-38.7651,35.7635
17005,R,10.9609,-40.5780,33.4327
17006,R,11.3386,-43.0194,31.8433
17007,R,9.4446,-41.0804,32.1535
17008,R,7.4265,-41.7962,31.4804
17009,R,5.2939,-42.2978,30.9434
17010,R,4.3050,-12.8069,38.6897
17011,R,4.6608,-16.4510,39.1701
17012,R,4.2667,-15.2275,36.8301
17013,R,3.8722,-17.7262,34.8100
17014,R,3.8432,-20.1908,32.9412
17015,R,6.1508,-24.1543,27.9833
17016,R,8.0780,-24.5276,29.2400
17017,R,7.4539,-27.6571,28.1188
17018,R,8.6882,-30.9254,28.4463
17019,R,9.2336,-34.1077,28.6630
17020,R,8.9055,-36.8958,28.6425
17021,R,9.1698,-36.8389,27.2693
17022,R,8.8449,-39.4586,25.7326
17023,R,8.5251,-41.9402,23.8888
17024,R,8.6018,-44.2328,21.9508
17025,R,6.8609,-41.6393,22.6798
17026,R,5.0066,-41.5467,21.4865
17027,R,3.1576,-41.4910,19.9295
17028,R,1.4179,-30.2666,16.0093
17029,R,0.8976,-33.7276,15.7614
17030,R,1.4785,-32.7937,13.9994
17031,R,1.5731,-34.9647,11.1765
17032,R,1.6833,-37.0442,8.4942
17033,R,2.7431,-39.1318,7.0298
17034,R,2.8922,-35.4598,7.5670
17035,R,4.9017,-34.6467,7.6143
17036,R,14.0266,-93.6583,12.2680
17037,R,12.1564,-96.4178,12.3525
17038,R,12.0820,-93.6162,13.0480
17039,R,9.8139,-93.2136,13.2061
17040,R,7.6452,-92.5000,13.1986
17041,R,5.1408,-80.8174,22.5273
17042,R,5.9915,-83.4163,19.5766
17043,R,5.3924,-80.8741,19.4158
17044,R,6.9386,-81.0254,16.1630
17045,R,4.8323,-81.8141,12.4992
17046,R,4.2842,-82.1775,9.2993
17047,R,3.8039,-79.3668,12.7160
17048,R,3.3802,-77.0522,12.3240
17049,R,4.4475,-74.8302,12.6875
17050,R,18.4857,-66.4417,33.2733
17051,R,19.9304,-71.1729,30.2847
17052,R,19.7452,-67.4342,30.7729
17053,R,20.6436,-68.8177,28.0155
17054,R,20.9483,-70.1768,24.8034
17055,R,23.5080,-60.8334,21.7175
17056,R,23.6419,-64.3144,20.9018
17057,R,24.0918,-64.8632,17.7371
17058,R,21.1385,-66.7428,14.3256
17059,R,17.0411,-64.9058,14.0288
17060,R,13.1569,-64.1702,11.6720
17061,R,16.3597,-64.4601,11.1898
17062,R,17.0143,-64.6179,8.1161
17063,R,18.1029,-66.9742,8.1308
17064,R,19.4899,-69.2009,9.1703
17065,R,20.4457,-66.6725,7.3009
17066,R,22.2874,-66.0415,6.9809
17067,R,23.7661,-64.6792,7.0418
17068,R,13.7924,-54.4422,12.3426
17069,R,17.2622,-56.4367,11.1488
17070,R,14.7817,-55.3548,10.6186
17071,R,16.0580,-55.1686,8.8930
17072,R,17.3556,-54.1234,7.8956
17073,R,18.7296,-52.9549,6.7859
17074,R,14.5286,-52.5434,7.1961
17075,R,11.9176,-50.8101,5.9017
17076,R,9.7289,-48.1921,5.3966
17077,R,32.3660,-51.4799,54.2907
17078,R,30.3595,-51.5800,51.1566
17079,R,30.4276,-52.8721,52.8021
17080,R,28.7629,-53.7071,51.1568
17081,R,27.4046,-54.7133,49.4191
17082,R,24.0499,-58.2763,49.2643
17083,R,24.9860,-57.9185,48.2366
17084,R,25.9581,-59.2807,48.0168
17085,R,27.6857,-60.2777,47.2803
17086,R,28.7979,-61.3510,45.2675
17087,R,29.3943,-62.4696,42.6633
17088,R,28.4036,-61.7299,42.9299
17089,R,27.9648,-61.6013,40.4412
17090,R,27.8850,-60.9290,37.4124
17091,R,12.2895,-69.2657,54.0921
17092,R,13.6840,-67.6188,53.8817
17093,R,14.2255,-69.6383,53.2190
17094,R,16.8314,-69.5569,52.5899
17095,R,18.3273,-68.5806,50.5539
17096,R,24.0207,-73.1148,38.1995
17097,R,21.6032,-69.9805,39.2609
17098,R,24.0478,-70.9598,36.1421
17099,R,23.9687,-68.4601,34.4034
17100,R,24.1289,-65.7041,32.9184
17101,R,24.7273,-63.3911,31.5428
17102,R,26.1767,-66.6015,29.5322
17103,R,26.9094,-68.0967,26.5009
17104,R,27.3495,-69.9880,23.2437
17105,R,28.4964,-71.2735,20.6219
17106,R,26.8923,-73.5674,22.3105
17107,R,26.5117,-77.5846,21.4014
17108,R,24.5796,-81.1523,20.7431
17109,R,15.1234,-86.3523,24.9170
17110,R,16.6995,-86.6858,22.2356
17111,R,14.7208,-87.0241,21.0458
17112,R,15.6517,-89.5083,17.7189
17113,R,17.4411,-92.0787,16.9731
17114,R,18.7063,-94.0384,17.4895
17115,R,15.7716,-93.4259,15.7214
17116,R,15.3532,-93.1338,13.8945
17117,R,44.1432,-48.6048,14.8298
17118,R,45.5829,-50.0223,12.6106
17119,R,44.5299,-50.3901,14.4690
17120,R,45.6358,-52.1274,14.4527
17121,R,46.9423,-53.5884,14.7411
17122,R,48.2265,-58.0456,20.2954
17123,R,48.3825,-57.3244,18.6211
17124,R,50.0941,-58.8153,17.9970
17125,R,47.4581,-58.5843,16.4465
17126,R,44.7362,-57.6161,14.5477
17127,R,43.0478,-57.4630,12.0597
17128,R,42.2560,-57.8882,14.9391
17129,R,40.1554,-58.7487,15.3955
17130,R,38.4176,-60.5485,15.6437
17131,R,46.4210,-61.7753,35.9935
17132,R,47.4866,-62.0347,33.4565
17133,R,45.2644,-62.5023,33.5636
17134,R,44.5583,-63.5405,31.4723
17135,R,45.3477,-65.6696,30.1026
17136,R,40.6823,-74.2096,26.8295
17137,R,39.9848,-71.5275,27.6856
17138,R,40.7273,-72.9731,25.1060
17139,R,40.1918,-71.5192,23.4636
17140,R,39.8066,-70.1069,21.3905
17141,R,39.5115,-68.9070,19.2231
17142,R,41.2671,-71.6959,18.1931
17143,R,43.0693,-73.0469,15.8407
17144,R,45.1596,-74.0266,13.7666
17145,R,45.3411,-74.6280,11.8664
17146,R,43.6154,-74.8085,12.8485
17147,R,41.0582,-75.0842,12.3021
17148,R,38.3786,-76.2947,11.9937
17149,R,35.0697,-84.8354,14.2453
17150,R,35.7670,-85.2107,12.8862
17151,R,33.7889,-86.3972,12.8514
17152,R,32.4632,-88.0797,11.8332
17153,R,30.5280,-88.8474,10.5968
17154,R,28.0136,-89.2732,9.5759
17155,R,29.4869,-90.9537,11.8176
17156,R,28.1272,-92.2622,12.9249
17157,R,26.6169,-92.9321,13.9897
17158,R,56.1622,-15.9532,34.8699
17159,R,55.9587,-16.4173,32.8531
17160,R,54.5379,-17.9107,33.2034
17161,R,53.9970,-19.8877,32.1243
17162,R,54.7023,-22.4531,32.0702
17163,R,55.7851,-27.7279,41.0065
17164,R,56.4967,-26.1004,39.2199
17165,R,57.8708,-26.8725,41.3488
17166,R,59.6600,-26.7139,40.7773
17167,R,60.4205,-27.4605,39.4925
17168,R,59.7941,-28.6316,38.0080
17169,R,59.9900,-29.5058,40.1094
17170,R,59.3724,-31.7730,39.8738
17171,R,59.4113,-34.1489,38.8823
17172,R,45.7919,-37.8201,41.0559
17173,R,46.9265,-36.9119,43.2982
17174,R,47.7270,-38.2665,41.9603
17175,R,49.5705,-38.7289,42.7963
17176,R,51.2973,-39.8831,43.6074
17177,R,52.7073,-44.5134,36.5878
17178,R,53.9460,-43.7838,39.1736
17179,R,53.1733,-43.1958,36.6045
17180,R,53.8230,-41.7090,35.8584
17181,R,55.6892,-40.4789,35.2389
17182,R,58.3118,-40.2736,35.1956
17183,R,57.1420,-40.7388,32.4698
17184,R,58.2430,-40.8055,29.4283
17185,R,58.9606,-40.9280,26.2050
17186,R,60.1251,-41.0862,24.1325
17187,R,58.7645,-42.7749,24.6649
17188,R,58.3757,-43.9197,23.6881
17189,R,57.0869,-44.3693,22.8353
17190,R,51.1943,-48.2620,23.6806
17191,R,52.0014,-47.1580,22.8608
17192,R,50.8548,-47.3155,21.9045
17193,R,50.4117,-46.4586,20.1498
17194,R,49.6070,-45.5617,18.2720
17195,R,48.7370,-44.6724,16.9475
17196,R,46.8491,-45.9447,17.6199
17197,R,44.9306,-46.8062,16.4696
17198,R,37.1802,-14.0856,10.4499
17199,R,37.0929,-16.0556,8.6862
17200,R,37.1703,-16.4472,10.3893
17201,R,34.5256,-18.8456,9.3246
17202,R,33.2222,-21.6342,7.9612
17203,R,31.8307,-26.6061,13.6558
17204,R,32.3453,-26.5834,11.2792
17205,R,34.0497,-27.9371,11.3251
17206,R,37.7598,-26.9341,9.9047
17207,R,41.2876,-24.6002,9.0312
17208,R,44.9759,-22.6063,8.2279
17209,R,43.9776,-24.2684,9.0552
17210,R,46.1486,-24.3069,7.5012
17211,R,47.7086,-24.7239,5.3798
17212,R,43.1953,-23.5012,20.8292
17213,R,40.7098,-24.1564,21.0918
17214,R,40.8425,-26.3285,21.8699
17215,R,38.7836,-29.7090,22.0660
17216,R,37.7870,-33.1068,21.3583
17217,R,48.7184,-35.9504,15.6044
17218,R,45.9466,-36.2308,15.1426
17219,R,49.2612,-34.5952,13.1504
17220,R,49.8937,-32.8156,11.1865
17221,R,50.5428,-30.9252,9.3745
17222,R,51.2297,-29.0427,8.0466
17223,R,54.5626,-29.1698,8.1391
17224,R,58.5249,-27.0856,6.6117
17225,R,62.6078,-25.1952,5.5627
17226,R,65.4474,-24.4397,4.5178
17227,R,64.6320,-26.3822,5.2331
17228,R,66.0453,-27.9689,5.3073
17229,R,66.6005,-29.6296,5.3580
17230,R,64.3614,-36.4409,12.1686
17231,R,64.4747,-35.3576,10.1564
17232,R,62.6121,-36.4553,10.5301
17233,R,60.7510,-36.8470,9.1964
17234,R,58.3943,-36.9645,7.9635
17235,R,55.6323,-36.7848,7.2451
17236,R,56.5239,-37.7801,9.2596
17237,R,54.5746,-38.4843,10.7478
17238,R,52.6058,-39.5408,12.2691
17239,R,16.0285,19.5253,-24.1330
17240,R,14.7921,17.3413,-24.1242
17241,R,16.6535,16.4896,-23.4912
17242,R,18.0013,14.4116,-22.8711
17243,R,19.9343,12.6407,-21.9194
17244,R,27.5564,9.0578,-16.2000
17245,R,26.3446,9.0184,-15.9255
17246,R,28.7830,6.3192,-14.4274
17247,R,29.8837,3.5113,-13.3132
17248,R,30.9336,0.0338,-14.0154
17249,R,31.5862,-2.4613,-15.7327
17250,R,32.8088,-1.9049,-16.6712
17251,R,33.9442,-2.5084,-20.3972
17252,R,33.3956,-2.0013,-23.8442
17253,R,37.8938,2.2666,-14.6543
17254,R,36.9292,4.4765,-14.2883
17255,R,38.5483,1.6471,-18.0541
17256,R,38.9096,2.0564,-21.4590
17257,R,38.8512,3.5981,-24.4750
17258,R,35.6075,16.6544,-34.7594
17259,R,36.4259,13.3693,-33.6902
17260,R,32.9245,14.8229,-34.9894
17261,R,30.6182,12.8269,-34.7527
17262,R,29.3471,10.2518,-34.4599
17263,R,28.9685,6.9552,-33.7747
17264,R,27.3285,9.5535,-36.0894
17265,R,26.6223,7.6520,-37.5397
17266,R,26.9514,5.6879,-38.5042
17267,R,27.8834,3.7483,-38.2209
17268,R,28.2779,5.8862,-40.2270
17269,R,29.9436,4.9710,-41.5733
17270,R,31.4660,3.1560,-42.5481
17271,R,40.7830,-0.5593,-38.0666
17272,R,39.6052,-0.6990,-40.9718
17273,R,41.8937,-2.0224,-41.4972
17274,R,42.7096,-3.5043,-43.6753
17275,R,42.3753,-5.8433,-43.5289
17276,R,42.3150,-7.1857,-40.8222
17277,R,44.5719,-7.1701,-42.5651
17278,R,46.8196,-8.9542,-41.2793
17279,R,49.0444,-11.4482,-40.0914
17280,R,20.3689,-35.9385,5.0729
17281,R,21.5538,-37.7399,5.1342
17282,R,22.8780,-36.8069,5.2264
17283,R,25.1294,-37.6766,5.1291
17284,R,26.8721,-38.4194,4.3407
17285,R,33.1841,-35.7598,-0.5507
17286,R,32.5302,-37.6944,0.5705
17287,R,33.9754,-38.2887,-1.8039
17288,R,32.9233,-39.3733,-4.2300
17289,R,30.2018,-39.2473,-7.3608
17290,R,26.0269,-37.0008,-9.1609
17291,R,29.3149,-37.7018,-9.5266
17292,R,27.9317,-35.6826,-11.0688
17293,R,26.3440,-33.3746,-12.1979
17294,R,24.9850,-20.4467,-11.5252
17295,R,26.8285,-22.5248,-10.9061
17296,R,29.9596,-22.0605,-10.6072
17297,R,34.7338,-23.6647,-10.2291
17298,R,38.0770,-25.5387,-11.0404
17299,R,33.0020,-23.0668,-21.2380
17300,R,35.7772,-25.2008,-18.9270
17301,R,31.6585,-24.5521,-20.2691
17302,R,29.9117,-25.8842,-19.2820
17303,R,28.0809,-26.6763,-18.0169
17304,R,26.3751,-27.2708,-16.6001
17305,R,24.0149,-25.0442,-18.1340
17306,R,22.3328,-26.1989,-20.1366
17307,R,24.6018,-28.2703,-21.6840
17308,R,28.2274,-29.2392,-20.3563
17309,R,26.4649,-27.4818,-22.9791
17310,R,28.3110,-26.2175,-23.9850
17311,R,29.8422,-24.6990,-24.8465
17312,R,29.2380,-14.0195,-31.2566
17313,R,30.4520,-16.5702,-30.1565
17314,R,32.7118,-14.9471,-30.9623
17315,R,34.9237,-16.4908,-31.6131
17316,R,37.0778,-17.1864,-30.5251
17317,R,38.7114,-17.4760,-28.3734
17318,R,37.7988,-14.9103,-30.5608
17319,R,37.6315,-11.8313,-29.8808
17320,R,38.5020,-8.8578,-29.7441
17321,R,12.3726,-100.5060,3.8084
17322,R,13.8847,-101.5411,0.1411
17323,R,15.0084,-99.6189,1.0482
17324,R,17.0885,-98.3476,-2.1733
17325,R,17.7770,-97.0358,-5.8913
17326,R,6.5720,-93.9609,-9.0828
17327,R,8.4739,-95.2185,-8.9890
17328,R,8.4546,-93.0437,-10.6237
17329,R,11.0013,-91.1110,-9.3770
17330,R,14.5577,-90.0286,-7.8362
17331,R,17.5565,-89.1163,-7.1552
17332,R,16.9377,-88.1303,-9.7657
17333,R,19.5437,-86.2763,-11.0216
17334,R,21.4002,-83.9889,-11.0313
17335,R,5.3083,-69.3579,4.1643
17336,R,5.1764,-72.8656,3.8003
17337,R,7.6774,-71.6494,2.3999
17338,R,10.3148,-74.0851,-0.6933
17339,R,12.4387,-74.6840,-3.9964
17340,R,24.4941,-66.0248,-4.0873
17341,R,20.7672,-69.3367,-4.5867
17342,R,23.3832,-69.4941,-3.2324
17343,R,23.0485,-72.2006,-4.3147
17344,R,23.2753,-73.5193,-6.1732
17345,R,23.2305,-75.5061,-6.3396
17346,R,26.3167,-73.0795,-5.8147
17347,R,28.1903,-71.4803,-8.1166
17348,R,28.5057,-69.6344,-10.7886
17349,R,28.5917,-67.9628,-13.1925
17350,R,28.0641,-66.4773,-12.2022
17351,R,28.1818,-62.5239,-13.6914
17352,R,29.0726,-58.0699,-14.8786
17353,R,30.5622,-42.2522,-17.6476
17354,R,28.7632,-44.2476,-17.2513
17355,R,29.8621,-40.2437,-19.7184
17356,R,30.5557,-38.8905,-21.6218
17357,R,32.9682,-38.0813,-22.9051
17358,R,36.3359,-37.2494,-23.2735
17359,R,34.8217,-35.1154,-24.2965
17360,R,37.1413,-32.3614,-24.6604
17361,R,39.0834,-28.8371,-24.4624
17362,R,56.0887,-53.0150,7.8357
17363,R,56.4049,-50.9137,6.0890
17364,R,57.9670,-53.0722,6.7883
17365,R,59.3813,-53.1074,5.6706
17366,R,60.4811,-52.8977,4.1699
17367,R,55.6145,-55.8486,-0.8932
17368,R,58.0154,-54.6904,-0.2706
17369,R,57.2129,-52.9234,-2.7174
17370,R,58.7918,-50.5390,-4.2733
17371,R,60.2740,-47.5968,-5.2540
17372,R,61.9865,-44.7469,-6.4340
17373,R,58.7377,-46.5121,-6.4730
17374,R,57.0451,-45.3755,-7.7717
17375,R,55.2323,-44.7318,-9.3359
17376,R,42.9103,-75.4010,-1.6318
17377,R,41.4835,-71.9019,-0.7822
17378,R,40.9636,-73.1092,-3.2168
17379,R,41.1393,-69.3564,-4.6657
17380,R,42.5325,-65.6898,-5.4125
17381,R,45.3944,-59.9998,-9.6888
17382,R,46.6430,-59.9384,-8.6510
17383,R,48.9004,-57.9127,-10.2081
17384,R,52.3243,-57.4974,-12.1030
17385,R,55.0459,-57.7592,-13.8345
17386,R,56.8518,-55.8098,-14.6399
17387,R,55.8886,-56.4211,-16.5812
17388,R,56.6217,-53.8013,-18.8104
17389,R,57.4062,-50.3559,-20.8655
17390,R,57.5676,-47.1202,-21.8114
17391,R,55.5537,-49.7104,-21.3545
17392,R,53.7457,-48.4531,-20.2498
17393,R,52.1478,-46.6302,-19.0164
17394,R,41.4277,-49.6044,-14.1727
17395,R,43.6922,-46.6173,-13.4020
17396,R,42.4648,-46.0486,-14.8205
17397,R,43.9132,-42.8822,-16.1543
17398,R,45.7947,-39.4521,-17.8635
17399,R,47.5120,-36.4204,-19.9213
17400,R,44.6201,-38.6127,-18.7812
17401,R,43.6066,-38.3192,-19.8968
17402,R,42.7158,-37.6614,-20.8781
17403,R,41.2638,-23.3323,-2.5162
17404,R,41.5242,-21.9729,-4.2819
17405,R,44.1850,-21.3168,-3.2442
17406,R,46.9675,-18.4304,-3.6937
17407,R,49.6952,-14.8434,-4.1814
17408,R,60.3752,-2.3028,-3.0403
17409,R,58.8271,-1.6939,-3.6902
17410,R,59.9021,-0.0707,-4.9180
17411,R,59.1357,2.1463,-6.6235
17412,R,58.2382,4.1409,-8.2242
17413,R,57.2698,6.0516,-9.7897
17414,R,57.4775,3.6631,-10.3574
17415,R,55.1843,2.1003,-13.1891
17416,R,52.6487,0.3151,-16.7811
17417,R,49.6761,-20.5704,-4.9695
17418,R,51.9395,-18.1231,-5.1920
17419,R,48.4788,-19.3010,-6.9604
17420,R,47.6099,-18.0132,-9.2371
17421,R,47.2364,-16.8390,-11.7604
17422,R,59.2731,-14.7504,-17.3554
17423,R,54.7407,-15.5429,-18.8124
17424,R,57.4724,-12.7357,-19.9698
17425,R,55.3670,-10.6358,-21.8139
17426,R,53.4503,-8.7009,-23.0575
17427,R,51.7324,-6.5700,-23.9575
17428,R,56.2041,-5.6029,-24.1060
17429,R,58.2589,-2.3915,-25.0842
17430,R,58.4735,-0.6194,-26.9078
17431,R,57.1430,0.6043,-29.1172
17432,R,58.4106,-2.5386,-27.9546
17433,R,57.1175,-5.3964,-28.1650
17434,R,55.4732,-7.9677,-27.2085
17435,R,56.0440,-22.0807,-24.0193
17436,R,55.0984,-19.1283,-24.8895
17437,R,56.5122,-21.6008,-26.6344
17438,R,57.7044,-21.1358,-28.8461
17439,R,58.2580,-20.0586,-30.9752
17440,R,57.3966,-18.6744,-33.2223
17441,R,58.5969,-22.7204,-31.3711
17442,R,57.4449,-25.7494,-30.9697
17443,R,55.1077,-28.0037,-29.6503
17444,R,21.5407,-1.4243,63.6143
17445,R,23.3901,0.2962,62.8974
17446,R,22.2792,-1.7285,61.5934
17447,R,22.1671,-1.8202,58.7909
17448,R,21.8839,-2.0625,56.0758
17449,R,21.2786,-6.2743,55.9968
17450,R,21.5058,-4.5114,54.7278
17451,R,21.8384,-2.4654,53.2285
17452,R,22.0644,-2.6988,50.4651
17453,R,22.6808,-2.6999,47.9420
17454,R,23.7879,-2.5684,45.9324
17455,R,15.1047,-19.2943,71.4467
17456,R,13.7311,-18.4504,69.8915
17457,R,15.5422,-17.8242,68.6918
17458,R,15.4194,-16.1209,65.6368
17459,R,15.3858,-13.9473,62.5335
17460,R,19.0703,-15.0543,63.5691
17461,R,17.0988,-13.2901,61.7205
17462,R,16.1682,-10.4394,61.6394
17463,R,17.5251,-7.1267,62.3477
17464,R,19.2942,-4.1024,63.1895
17465,R,23.5445,-22.2530,59.9070
17466,R,20.9694,-23.7324,59.0942
17467,R,22.7533,-22.5587,62.2415
17468,R,21.8371,-22.7149,64.3237
17469,R,20.8873,-22.4825,66.5600
17470,R,24.4500,-20.1009,69.1740
17471,R,22.0149,-21.2204,68.7767
17472,R,19.5305,-21.9986,68.6069
17473,R,18.2612,-21.3277,70.5442
17474,R,16.7509,-20.2792,71.5728
17475,R,37.3096,-10.1718,61.4543
17476,R,38.8529,-11.8811,62.5331
17477,R,37.4258,-12.2632,63.1963
17478,R,37.2847,-15.0384,64.5870
17479,R,36.0994,-18.0520,65.2360
17480,R,33.6064,-15.5918,65.6866
17481,R,34.3133,-18.0022,66.4943
17482,R,33.8186,-20.2487,65.4526
17483,R,30.9608,-21.4906,64.2795
17484,R,27.2852,-21.6249,62.1509
17485,R,25.3295,-3.0247,45.1253
17486,R,24.5749,-6.3446,45.3369
17487,R,26.0303,-9.3561,45.8083
17488,R,28.2412,-11.2057,47.8848
17489,R,27.0706,-12.9258,50.8812
17490,R,28.8938,-12.4690,50.8344
17491,R,30.4924,-11.6702,51.2837
17492,R,32.6634,-11.1692,54.8048
17493,R,35.0244,-10.3529,58.3637
17494,R,36.8433,33.9611,10.6855
17495,R,38.8415,32.4717,11.5478
17496,R,36.6377,32.6581,13.6153
17497,R,37.8067,32.0333,16.5885
17498,R,40.9298,32.2461,18.8617
17499,R,41.3090,34.5784,20.6978
17500,R,43.2711,33.2617,20.5119
17501,R,44.5124,31.6574,20.7613
17502,R,47.0201,30.1682,23.2197
17503,R,47.1148,28.6187,26.2216
17504,R,46.6739,25.9736,28.9014
17505,R,35.6963,51.1421,9.1569
17506,R,37.9918,52.3579,8.5921
17507,R,38.2789,51.8708,10.5842
17508,R,38.8773,49.3669,11.3751
17509,R,38.2030,45.9077,11.1975
17510,R,39.5663,46.1308,14.7775
17511,R,39.0821,44.1913,12.7452
17512,R,37.9617,42.8443,10.7135
17513,R,36.7723,39.8139,10.4523
17514,R,35.6112,36.6229,10.4157
17515,R,23.6203,41.8971,20.4723
17516,R,23.2618,44.8317,18.9399
17517,R,24.6793,42.9370,17.7185
17518,R,26.4575,44.4037,15.8925
17519,R,28.9266,46.1174,14.9866
17520,R,31.6926,45.3028,18.4656
17521,R,31.4416,46.5117,15.9716
17522,R,30.6653,48.5143,14.3013
17523,R,32.2321,49.4263,12.5189
17524,R,33.7894,49.9776,10.7742
17525,R,7.3348,15.5293,26.9794
17526,R,8.0453,16.8076,24.9752
17527,R,6.7862,18.6111,25.3714
17528,R,6.7484,21.5116,23.6998
17529,R,6.6464,24.2044,22.0256
17530,R,5.8506,25.0845,25.7713
17531,R,5.9587,26.0930,23.0558
17532,R,6.5837,26.9349,20.6560
17533,R,6.1985,29.8730,19.2516
17534,R,5.8324,33.0395,17.9810
17535,R,6.7270,35.8769,16.7724
17536,R,11.7183,5.1390,38.8012
17537,R,9.9432,4.1200,38.7294
17538,R,10.0426,7.1770,37.7345
17539,R,8.5456,9.1253,36.8250
17540,R,6.7312,11.4301,35.9102
17541,R,8.8254,14.5269,34.2629
17542,R,6.7219,14.2387,34.6857
17543,R,5.5400,12.9430,34.0640
17544,R,5.5523,13.7327,31.1741
17545,R,5.2705,14.5097,28.4200
17546,R,5.7562,-66.4614,40.7266
17547,R,5.1986,-67.2876,39.4574
17548,R,5.7658,-64.1074,40.2303
17549,R,6.8654,-62.0200,39.4485
17550,R,7.9237,-59.8586,38.8879
17551,R,8.7468,-57.8286,41.8699
17552,R,8.5955,-57.8617,40.0346
17553,R,8.5119,-57.8112,38.2555
17554,R,10.1470,-56.2450,37.6368
17555,R,12.1442,-54.4540,37.0969
17556,R,14.0910,-52.5820,36.2730
17557,R,7.2152,-58.0227,55.4718
17558,R,5.8710,-60.1478,55.2611
17559,R,5.7635,-59.2605,53.8391
17560,R,5.4093,-60.2270,52.1470
17561,R,6.5523,-61.3099,50.2732
17562,R,6.1168,-58.1742,49.4276
17563,R,6.5643,-60.2031,48.9765
17564,R,8.4442,-62.3978,48.0517
17565,R,8.5311,-64.0543,45.0738
17566,R,6.7750,-65.0432,42.5823
17567,R,41.5197,-52.8731,41.9781
17568,R,43.4419,-54.4909,42.4087
17569,R,41.3239,-53.7724,40.8223
17570,R,40.5397,-54.8484,40.0391
17571,R,39.0473,-55.8165,39.8252
17572,R,35.2909,-53.3681,37.8539
17573,R,36.6045,-55.2169,38.6901
17574,R,37.6816,-57.1540,39.8600
17575,R,36.2536,-58.4384,40.6437
17576,R,34.8724,-59.6268,42.1695
17577,R,33.6247,-60.4403,43.8999
17578,R,32.7432,-38.9904,38.4091
17579,R,34.0085,-39.3674,36.7173
17580,R,33.0582,-40.9552,36.9515
17581,R,33.9058,-42.8541,35.8875
17582,R,35.1934,-45.0202,35.4734
17583,R,32.9640,-45.6508,37.8203
17584,R,34.5557,-46.4848,36.4916
17585,R,36.8475,-47.1793,36.5248
17586,R,38.6938,-49.1162,38.4031
17587,R,40.0174,-51.0365,40.4193
17588,R,61.4818,-12.2686,17.6474
17589,R,59.6201,-14.9409,19.3840
17590,R,61.4112,-15.4998,19.2353
17591,R,61.3066,-17.7541,18.9834
17592,R,60.4866,-19.0197,19.7668
17593,R,62.4561,-16.8900,22.0863
17594,R,61.0558,-18.5709,21.5578
17595,R,59.2246,-20.2595,21.7748
17596,R,57.8793,-21.7164,24.0207
17597,R,57.8090,-23.7488,26.0035
17598,R,58.9872,-25.0975,27.2092
17599,R,38.5445,3.3892,-1.6333
17600,R,38.3118,1.6822,-3.0374
17601,R,37.3730,-0.7208,-2.5164
17602,R,36.3770,-5.1421,-5.2794
17603,R,36.1966,-8.7915,-7.8240
17604,R,35.9344,-9.5919,-4.8253
17605,R,36.1137,-10.8782,-7.6939
17606,R,38.0146,-11.6232,-10.7374
17607,R,40.9655,-12.9237,-12.5996
17608,R,44.7031,-12.0405,-12.9480
17609,R,47.7811,-9.1960,-12.0412
17610,R,11.3349,1.5880,-12.9870
17611,R,12.7423,-1.3784,-13.1890
17612,R,12.6845,1.9680,-13.0195
17613,R,14.1727,1.9272,-12.9659
17614,R,15.6646,1.8597,-12.9497
17615,R,13.2734,9.8283,-15.1946
17616,R,15.2035,5.4110,-14.7326
17617,R,17.1684,1.7021,-12.8702
17618,R,18.8427,1.3643,-12.6141
17619,R,20.4730,0.9746,-12.4679
17620,R,22.0143,0.6421,-12.3933
17621,R,25.3779,-59.5193,0.3328
17622,R,22.4344,-60.0333,0.1874
17623,R,23.8968,-57.1533,-0.5117
17624,R,22.7541,-54.4173,-1.8006
17625,R,22.2067,-51.8575,-3.3778
17626,R,22.5612,-48.4043,-1.6594
17627,R,22.6689,-48.3549,-3.3006
17628,R,21.9288,-48.5634,-4.7153
17629,R,20.9439,-44.5992,-5.5356
17630,R,18.4152,-41.3137,-6.0042
17631,R,16.7734,-38.4556,-6.3330
17632,R,32.5694,-83.9361,-0.6563
17633,R,34.8772,-85.1968,-1.4568
17634,R,31.9189,-87.3543,-1.5299
17635,R,30.8291,-90.0653,-2.8524
17636,R,29.9372,-92.1761,-4.1794
17637,R,27.8344,-94.9535,-1.7253
17638,R,29.0857,-94.7929,-4.1002
17639,R,28.8988,-94.2449,-6.5433
17640,R,28.1549,-96.3911,-9.2433
17641,R,27.0304,-97.4268,-12.2076
17642,R,24.9552,-97.2495,-14.2785
17643,R,51.0908,-32.9257,1.9306
17644,R,49.1161,-31.6898,1.8380
17645,R,47.3949,-33.5662,2.1369
17646,R,44.7209,-34.9972,1.3077
17647,R,44.4016,-37.2778,-0.6598
17648,R,44.4728,-39.6298,1.6483
17649,R,45.0960,-39.7259,-0.4956
17650,R,46.1877,-39.2433,-2.4033
17651,R,49.3704,-40.5126,-3.3332
17652,R,53.0211,-41.2960,-3.9774
17653,R,57.0097,-42.0245,-4.1490
17654,R,7.6763,19.5725,49.6842
17655,R,7.7714,22.4433,47.8250
17656,R,7.5509,22.1552,50.6687
17657,R,7.4874,24.9023,51.9715
17658,R,7.0338,27.7368,52.9995
17659,R,6.6816,24.0099,56.7616
17660,R,6.5382,27.1956,55.5045
17661,R,6.5270,30.2296,53.7409
17662,R,7.1720,32.2051,53.9710
17663,R,8.3527,33.7813,52.8919
17664,R,9.7296,34.8275,51.2227
17665,R,22.4050,16.5426,48.3576
17666,R,21.0505,19.2997,49.2467
17667,R,20.9900,18.5176,46.5331
17668,R,20.1607,20.9780,44.7673
17669,R,20.6714,23.4298,42.9153
17670,R,23.5047,19.8479,41.0888
17671,R,22.0465,22.4458,40.9109
17672,R,21.8491,25.3453,41.6139
17673,R,22.4864,27.0705,39.6333
17674,R,21.9422,28.2725,37.1114
17675,R,22.0983,29.9004,35.2513
17676,R,22.4227,31.8331,33.8458
17677,R,24.0187,29.4053,34.7480
17678,R,26.0884,29.8650,35.6122
17679,R,27.6689,30.5014,36.9413
17680,R,29.0155,27.1749,39.6367
17681,R,29.1941,29.1762,38.7429
17682,R,29.1028,30.8196,37.9337
17683,R,30.4516,30.8170,38.5716
17684,R,31.8663,30.3838,38.7855
17685,R,33.2754,29.5547,38.0910
17686,R,14.5644,-40.1643,59.1980
17687,R,15.0488,-40.1088,56.9521
17688,R,13.1788,-38.3540,57.7399
17689,R,11.3115,-36.9814,56.2442
17690,R,9.5748,-36.1342,54.4169
17691,R,5.7430,-37.0595,56.6516
17692,R,6.5731,-35.9299,54.6414
17693,R,8.1236,-34.7277,52.9579
17694,R,7.0309,-32.6459,52.0004
17695,R,6.4377,-30.1936,51.4389
17696,R,6.3174,-27.6425,51.2518
17697,R,9.2502,-5.8934,66.0092
17698,R,8.7173,-7.9702,64.0007
17699,R,8.7290,-4.2185,64.8547
17700,R,7.8701,-3.1402,63.8421
17701,R,7.4777,-2.5268,62.4921
17702,R,6.1844,1.6922,66.1739
17703,R,6.3272,-0.2625,63.4402
17704,R,7.4181,-1.9582,60.9324
17705,R,7.8321,-0.8294,59.3641
17706,R,8.6406,0.3602,57.5023
17707,R,9.1161,1.0388,55.4590
17708,R,9.3941,1.2729,53.4888
17709,R,7.6142,3.0967,54.6009
17710,R,6.9315,5.7290,53.6659
17711,R,8.5941,8.2684,53.4673
17712,R,8.3371,9.9123,57.8362
17713,R,9.1614,10.3808,55.5008
17714,R,9.9873,11.1062,53.1341
17715,R,10.1728,14.6308,52.0719
17716,R,9.2345,17.3887,50.7823
17717,R,26.2209,-39.0416,52.5338
17718,R,27.1150,-41.8040,53.6771
17719,R,25.4610,-39.9370,53.2885
17720,R,24.5525,-40.6358,54.0392
17721,R,23.5022,-41.1620,55.0364
17722,R,23.7875,-36.6763,56.8478
17723,R,22.2709,-38.7868,55.6778
17724,R,22.4298,-41.4207,56.3369
17725,R,21.6165,-41.8284,57.5405
17726,R,21.0919,-42.3227,58.9789
17727,R,20.5217,-42.8514,59.9163
17728,R,10.9343,-35.7134,68.3583
17729,R,12.2458,-33.4472,72.5559
17730,R,10.3498,-34.9196,72.9291
17731,R,9.1759,-34.8229,75.6475
17732,R,8.9941,-36.3597,76.4800
17733,R,5.5117,-38.1509,74.3456
17734,R,7.3343,-37.9443,75.7062
17735,R,9.9913,-38.4388,76.1991
17736,R,11.3617,-40.0865,75.4526
17737,R,12.1972,-41.8337,73.8022
17738,R,11.9958,-44.2555,71.9712
17739,R,10.8914,-46.4830,70.7338
17740,R,12.6394,-43.5996,70.3631
17741,R,13.2146,-42.9166,68.6830
17742,R,13.5307,-42.4677,66.9443
17743,R,9.8280,-39.5264,66.9047
17744,R,12.3758,-39.7828,66.1180
17745,R,13.7886,-41.9268,65.1227
17746,R,14.0616,-41.2920,63.3306
17747,R,14.3495,-40.6189,61.3083
17748,R,43.8435,-9.8637,28.8018
17749,R,44.9729,-12.3427,28.8236
17750,R,42.9848,-11.9661,29.5292
17751,R,42.8688,-14.3206,30.8168
17752,R,43.3340,-16.5841,32.7118
17753,R,39.2362,-14.5835,32.5734
17754,R,41.1575,-17.0553,32.9441
17755,R,44.0286,-18.4158,35.3037
17756,R,44.8371,-19.1541,38.5905
17757,R,45.6634,-18.7834,42.3865
17758,R,46.4697,-17.7148,46.2645
17759,R,32.8310,-27.6157,47.3110
17760,R,35.2660,-27.2380,47.7481
17761,R,34.6017,-28.2322,50.1673
17762,R,37.2310,-28.2243,54.6642
17763,R,39.6805,-28.0313,58.8245
17764,R,36.6839,-30.0925,61.1455
17765,R,39.0755,-28.8378,61.7147
17766,R,41.1166,-27.5635,62.2082
17767,R,42.4169,-29.1943,62.9184
17768,R,42.7491,-31.5308,61.1288
17769,R,41.5156,-32.7765,58.1528
17770,R,39.7203,-33.1580,55.3243
17771,R,39.2582,-34.1209,57.6170
17772,R,36.9473,-34.9266,56.8223
17773,R,34.4906,-35.4112,56.0261
17774,R,34.6193,-35.1703,60.7910
17775,R,33.4300,-35.3103,57.8735
17776,R,31.8412,-35.2684,54.9763
17777,R,29.1417,-35.3284,53.6199
17778,R,27.0651,-36.6350,52.5654
17779,R,34.4413,28.4771,36.3538
17780,R,35.1818,29.1187,39.0649
17781,R,36.7258,28.1750,39.8093
17782,R,37.0309,25.9429,40.3679
17783,R,36.1966,26.7012,45.0163
17784,R,36.7963,25.3378,42.9367
17785,R,37.0485,23.2849,40.2315
17786,R,38.8173,21.2884,40.5877
17787,R,41.1911,19.9908,40.7853
17788,R,40.6414,17.3110,40.7298
17789,R,39.3928,-0.6108,44.7594
17790,R,40.2950,1.1180,47.7360
17791,R,41.9259,-0.1549,44.9924
17792,R,44.4431,0.8341,45.3275
17793,R,46.5713,1.7683,45.5723
17794,R,48.9237,-2.5234,48.4722
17795,R,48.9726,-0.0578,46.4106
17796,R,48.2931,1.9264,44.5163
17797,R,49.8125,1.0165,43.3022
17798,R,51.6718,0.1756,41.8479
17799,R,53.3823,-0.2857,39.8966
17800,R,54.5628,0.0094,38.1977
17801,R,55.3259,-1.2178,40.0872
17802,R,55.0637,-2.8920,39.0974
17803,R,52.7927,-4.4874,36.9238
17804,R,49.4391,-6.1268,38.8069
17805,R,49.7643,-6.0360,36.5158
17806,R,50.1507,-5.9710,34.3621
17807,R,47.4054,-7.0098,32.2650
17808,R,44.9331,-7.9351,30.2073
17809,R,34.1317,17.0280,12.6703
17810,R,34.5364,13.5179,12.9348
17811,R,35.8651,16.0623,12.3906
17812,R,37.4464,14.9447,11.6638
17813,R,39.0082,13.9278,10.8472
17814,R,40.7327,18.6325,9.5990
17815,R,40.3044,15.6842,9.3704
17816,R,40.5709,12.8961,9.7121
17817,R,41.9750,11.9933,8.2648
17818,R,43.3270,11.1705,6.5779
17819,R,44.8983,10.4977,4.8743
17820,R,48.2411,18.6583,19.0806
17821,R,50.4585,17.3901,19.5765
17822,R,48.2628,15.7002,20.4218
17823,R,48.5044,13.1472,19.4799
17824,R,47.8967,10.8517,16.1323
17825,R,45.0592,10.1567,19.0976
17826,R,46.6545,9.3659,16.2486
17827,R,47.9710,7.9829,12.9772
17828,R,49.6376,5.4078,11.1763
17829,R,52.6748,4.4124,10.6592
17830,R,56.0070,5.2533,10.5313
17831,R,57.9192,5.1057,10.0993
17832,R,55.8335,5.1423,12.6892
17833,R,55.6955,4.7564,14.4342
17834,R,56.0888,4.5728,16.3987
17835,R,51.5214,3.8102,19.5852
17836,R,54.1578,4.0260,19.3290
17837,R,56.8224,5.0044,18.4736
17838,R,57.5330,5.7821,20.3921
17839,R,58.1343,6.5469,22.4855
17840,R,58.7174,6.9181,24.5095
17841,R,15.7421,45.1787,-18.5700
17842,R,16.4975,41.6165,-18.3041
17843,R,17.7900,43.9211,-16.1604
17844,R,20.1146,42.8022,-14.3473
17845,R,22.0404,41.3555,-12.3280
17846,R,22.6684,46.8045,-11.1222
17847,R,23.3070,43.2577,-10.4830
17848,R,24.4385,40.1655,-11.2940
17849,R,26.9911,39.0970,-11.8595
17850,R,29.2817,38.4827,-10.0333
17851,R,31.2763,37.9971,-7.3678
17852,R,44.1200,37.8433,-4.3848
17853,R,43.8091,37.7634,-6.9059
17854,R,47.1962,36.5688,-5.4889
17855,R,49.6856,34.5792,-6.5384
17856,R,50.0873,32.8243,-7.4504
17857,R,49.6785,31.4888,-3.5757
17858,R,48.1874,32.0215,-4.8886
17859,R,47.6138,32.4502,-6.9397
17860,R,44.4941,32.3318,-6.0623
17861,R,40.8893,32.0105,-3.8945
17862,R,37.0638,31.5807,-1.2903
17863,R,33.7121,31.0586,0.9655
17864,R,35.1801,31.5703,1.9361
17865,R,33.9055,30.1144,4.8505
17866,R,33.2173,27.7274,7.1923
17867,R,37.4175,27.8856,6.0764
17868,R,35.0026,26.9308,7.8762
17869,R,32.9263,25.2692,9.3291
17870,R,32.9936,22.6274,11.0520
17871,R,33.5277,19.8905,12.2187
17872,R,8.5638,45.2882,29.4859
17873,R,7.0672,43.5032,27.4678
17874,R,7.4688,46.5141,26.8927
17875,R,8.0609,47.9085,24.5446
17876,R,9.2352,49.2021,22.0895
17877,R,8.9163,54.5751,25.1491
17878,R,9.6268,52.5651,21.7313
17879,R,9.4481,50.3243,19.0639
17880,R,7.7896,50.8070,16.3070
17881,R,7.8708,51.9832,13.5688
17882,R,9.8597,53.2305,11.8496
17883,R,21.9307,62.5148,2.2728
17884,R,18.3314,63.2486,1.8457
17885,R,19.1242,64.1869,-0.4817
17886,R,15.8724,63.5362,-2.0626
17887,R,12.5735,63.6165,-4.3307
17888,R,16.0706,60.5502,-5.7981
17889,R,13.1031,62.8299,-6.6803
17890,R,9.9498,64.5358,-6.9342
17891,R,7.3461,64.1992,-8.7411
17892,R,6.0339,61.9967,-10.3853
17893,R,5.7687,59.2663,-12.5054
17894,R,6.3098,56.7670,-14.2203
17895,R,6.0710,58.8810,-15.7226
17896,R,7.1860,58.1111,-18.7418
17897,R,9.1539,56.7378,-19.9443
17898,R,13.7241,58.5500,-16.6308
17899,R,11.8535,56.3412,-18.2480
17900,R,11.3563,54.3391,-20.2480
17901,R,12.9962,51.4762,-20.1403
17902,R,14.3516,48.1436,-19.4750
17903,R,5.1425,-25.4764,14.0404
17904,R,6.3062,-25.4050,12.6429
17905,R,5.4318,-22.9866,13.3212
17906,R,5.2152,-20.7934,12.3617
17907,R,4.0847,-18.5615,11.2737
17908,R,3.3712,-15.1538,13.7017
17909,R,3.4912,-15.3113,12.0206
17910,R,3.2014,-16.1028,10.1069
17911,R,2.5771,-13.8305,8.8786
17912,R,2.2291,-11.6283,7.4406
17913,R,2.2392,-9.5919,5.8206
17914,R,1.2564,21.0686,8.9736
17915,R,1.6976,17.8053,7.8970
17916,R,1.7858,20.9250,6.3296
17917,R,1.8570,20.0729,3.7785
17918,R,1.3638,18.1988,1.4942
17919,R,0.2883,23.8666,0.1065
17920,R,0.5391,20.3087,-0.0610
17921,R,1.3734,16.5682,-0.5862
17922,R,2.6400,15.3987,-2.6575
17923,R,4.0091,14.3860,-4.2730
17924,R,5.0099,13.2957,-5.6085
17925,R,5.7778,12.0885,-6.7397
17926,R,5.5025,16.3957,-6.9850
17927,R,6.1208,18.9592,-8.9666
17928,R,6.6977,21.4463,-11.5324
17929,R,6.1104,25.1031,-10.3467
17930,R,7.5513,24.3754,-11.8788
17931,R,7.4516,23.9673,-14.0909
17932,R,5.9327,26.9536,-16.0794
17933,R,5.3765,30.2561,-17.5581
17934,R,6.9827,33.9266,-18.7342
17935,R,15.5092,-37.9415,39.2990
17936,R,12.7516,-39.3160,40.4805
17937,R,13.3646,-37.2604,39.3478
17938,R,11.0932,-36.6300,39.9869
17939,R,8.7698,-36.2158,41.1548
17940,R,10.9495,-32.0166,38.7804
17941,R,8.9584,-34.0902,40.6699
17942,R,6.3479,-35.7181,42.4666
17943,R,4.8172,-35.2251,41.9621
17944,R,4.8513,-34.3612,39.8610
17945,R,5.3348,-33.3582,37.6110
17946,R,7.3723,-8.8593,32.7157
17947,R,7.2378,-12.5615,32.7401
17948,R,7.5176,-11.8450,31.6041
17949,R,7.0200,-14.7627,30.3905
17950,R,6.0144,-17.6641,29.1870
17951,R,2.1440,-13.5253,28.7438
17952,R,3.6428,-17.2132,28.4039
17953,R,4.9871,-20.7637,27.9997
17954,R,3.7609,-23.9219,27.1630
17955,R,2.0849,-27.3619,26.3475
17956,R,1.0728,-30.6827,25.4510
17957,R,0.6692,-33.4300,24.1593
17958,R,0.1528,-30.0901,23.7694
17959,R,0.1923,-29.3386,21.6566
17960,R,0.6309,-28.5302,19.6542
17961,R,0.7554,-22.3779,20.7505
17962,R,1.0580,-25.1363,19.3180
17963,R,1.2894,-27.7357,17.7047
17964,R,2.4438,-26.9390,16.1130
17965,R,3.8389,-26.0982,15.0591
17966,R,9.7943,-89.0388,24.5369
17967,R,9.3415,-88.3653,20.9384
17968,R,8.1336,-87.8054,24.5570
17969,R,6.8508,-85.8105,24.7633
17970,R,6.6673,-83.3807,25.4128
17971,R,5.1574,-83.0429,32.0847
17972,R,5.3580,-82.0292,28.7725
17973,R,5.4954,-80.8567,25.4324
17974,R,4.1628,-78.7803,25.4626
17975,R,4.2325,-76.2653,24.6105
17976,R,5.4293,-74.3546,22.6351
17977,R,11.0305,-64.6192,28.0992
17978,R,14.4811,-62.3015,28.6029
17979,R,13.3075,-62.8802,26.9230
17980,R,15.6158,-61.2057,25.7584
17981,R,17.8877,-59.7839,24.6937
17982,R,11.2138,-60.5921,24.2659
17983,R,15.8367,-59.2063,23.9094
17984,R,20.1390,-58.5532,23.5778
17985,R,22.1099,-58.2120,21.7376
17986,R,22.9885,-58.5057,19.2468
17987,R,22.9243,-59.0083,16.5340
17988,R,22.6670,-59.9842,13.8921
17989,R,20.8403,-56.8843,16.7744
17990,R,18.3124,-55.4143,16.4661
17991,R,15.5106,-54.4790,15.5137
17992,R,11.0763,-55.8818,16.9472
17993,R,11.6436,-54.8332,15.6071
17994,R,12.5442,-54.0710,14.0433
17995,R,9.9024,-54.2319,11.7264
17996,R,7.9273,-53.6151,9.2152
17997,R,7.1203,-50.8981,9.4127
17998,R,29.5358,-54.7675,60.4025
17999,R,28.7560,-54.4844,57.1379
18000,R,27.3046,-54.9303,58.7421
18001,R,25.1607,-55.4513,56.4806
18002,R,23.4215,-56.2754,54.0559
18003,R,22.5699,-58.2412,58.2338
18004,R,22.3025,-57.5710,55.0321
18005,R,22.6104,-57.5868,51.9230
18006,R,22.5585,-59.1123,50.0240
18007,R,23.0728,-60.2577,49.5042
18008,R,23.7682,-61.2787,49.5694
18009,R,13.9814,-73.5255,47.9435
18010,R,15.2507,-72.8326,48.3064
18011,R,15.8788,-73.2472,46.3600
18012,R,18.3795,-72.8414,44.6800
18013,R,21.2405,-73.0749,42.9142
18014,R,21.9361,-76.4706,44.1325
18015,R,23.2474,-75.6313,42.5582
18016,R,23.7798,-74.5770,40.4222
18017,R,24.8209,-76.9846,37.5266
18018,R,23.9656,-79.6639,34.6310
18019,R,23.7516,-82.2269,31.0464
18020,R,24.9556,-83.6774,28.0239
18021,R,23.6472,-85.9199,30.3377
18022,R,20.3760,-87.1617,29.4682
18023,R,17.4812,-87.3607,28.8600
18024,R,16.3778,-87.2901,34.6089
18025,R,15.5504,-87.5319,31.3074
18026,R,15.5177,-87.2984,28.3519
18027,R,12.7622,-86.0340,27.7880
18028,R,10.7355,-87.3726,26.4333
18029,R,44.7801,-50.1077,22.5072
18030,R,43.2927,-51.3537,20.8355
18031,R,43.4321,-51.9208,22.8542
18032,R,43.5524,-53.8693,22.7486
18033,R,44.5653,-55.5181,22.4663
18034,R,44.2736,-54.9569,26.5292
18035,R,44.8019,-56.2382,24.2119
18036,R,46.1457,-57.2089,22.3198
18037,R,48.2996,-58.7090,22.0551
18038,R,51.0844,-60.1739,21.3212
18039,R,50.0878,-61.8850,21.0766
18040,R,40.2947,-69.5352,39.0676
18041,R,41.7533,-69.7256,35.9716
18042,R,40.9981,-71.7687,36.8541
18043,R,40.6899,-73.2495,34.7896
18044,R,38.7063,-73.8493,32.1720
18045,R,37.1475,-77.8643,33.7200
18046,R,37.7123,-76.6762,30.9087
18047,R,39.0827,-75.4407,28.5897
18048,R,41.5193,-76.6202,26.3901
18049,R,42.4923,-77.6445,23.5773
18050,R,42.8310,-78.7383,20.7343
18051,R,42.2537,-79.3420,17.9858
18052,R,41.1730,-80.5130,19.5591
18053,R,39.4252,-82.5560,18.6034
18054,R,37.5687,-84.2421,18.0738
18055,R,37.0611,-83.1219,22.0859
18056,R,36.3596,-83.7186,19.4705
18057,R,35.8650,-83.8554,16.5926
18058,R,34.5198,-82.5973,14.4637
18059,R,31.5418,-82.0835,13.0515
18060,R,28.4349,-82.6000,12.6346
18061,R,51.1534,-19.9330,37.1969
18062,R,51.0405,-20.8674,34.8192
18063,R,50.0765,-21.9368,35.4933
18064,R,50.7459,-24.6141,35.8941
18065,R,52.2018,-26.5316,37.8876
18066,R,49.5734,-27.1142,37.6365
18067,R,51.5287,-27.6826,38.8194
18068,R,53.5087,-27.9771,40.0478
18069,R,54.6147,-28.9316,42.5049
18070,R,55.6855,-29.7001,44.5909
18071,R,56.2480,-31.2688,45.9400
18072,R,48.4719,-44.5849,36.8590
18073,R,49.3408,-43.4595,38.4184
18074,R,49.9288,-44.9887,37.2830
18075,R,51.2003,-45.4239,37.6125
18076,R,52.5709,-45.8500,37.5818
18077,R,54.0120,-49.2138,37.6787
18078,R,54.0254,-47.9783,36.9119
18079,R,53.2310,-46.2005,36.3537
18080,R,52.9462,-46.4977,34.4671
18081,R,53.0364,-46.7170,32.2695
18082,R,53.5976,-46.5687,30.1431
18083,R,54.3160,-46.4791,28.4022
18084,R,54.6354,-48.1987,28.9466
18085,R,54.2317,-48.8998,27.6320
18086,R,53.3914,-49.2840,26.3164
18087,R,53.7491,-51.2709,28.3094
18088,R,52.7886,-50.3518,26.5766
18089,R,51.9312,-49.3239,25.1602
18090,R,49.8325,-49.2679,24.1439
18091,R,47.3705,-49.6465,23.0937
18092,R,34.3303,-13.2609,17.0052
18093,R,35.4044,-16.4688,15.2369
18094,R,34.9604,-16.0992,16.9900
18095,R,34.2261,-18.9835,16.7247
18096,R,33.0498,-21.6696,16.4576
18097,R,35.0696,-18.3112,20.2970
18098,R,33.3263,-21.3141,18.4191
18099,R,32.0777,-24.2461,16.1807
18100,R,31.7104,-26.6136,15.9488
18101,R,32.6407,-28.6927,15.5303
18102,R,34.7082,-29.9376,14.8454
18103,R,43.4260,-30.0459,24.0793
18104,R,41.8471,-31.8254,23.7020
18105,R,42.8595,-33.1491,24.7044
18106,R,43.6256,-35.9991,23.3687
18107,R,45.6098,-37.3927,20.7440
18108,R,47.9265,-37.5932,23.4696
18109,R,48.0657,-37.5944,20.7090
18110,R,48.3400,-36.9748,18.1374
18111,R,51.6275,-35.6085,15.9401
18112,R,55.4609,-33.9548,13.7970
18113,R,59.3429,-32.6201,12.0451
18114,R,62.3990,-31.4691,10.7625
18115,R,61.7623,-32.5682,12.8360
18116,R,63.7691,-33.0115,13.5516
18117,R,64.7439,-34.2607,13.7713
18118,R,62.1424,-35.0086,16.6967
18119,R,64.2903,-35.1088,15.4358
18120,R,65.0290,-35.8639,13.8185
18121,R,64.2284,-37.8929,13.8396
18122,R,62.7918,-39.4334,14.0120
18123,R,61.0225,-40.5367,14.7984
18124,R,25.8641,21.0777,-21.2093
18125,R,24.2578,18.5048,-21.9547
18126,R,26.4209,18.8474,-22.1995
18127,R,25.9973,17.0425,-21.2580
18128,R,24.8617,15.2562,-18.6304
18129,R,25.7981,17.9997,-16.6202
18130,R,25.3871,15.4005,-16.7027
18131,R,26.4387,12.3039,-17.0203
18132,R,28.6242,9.2969,-16.2217
18133,R,30.4153,6.4005,-15.6423
18134,R,32.3822,3.7925,-16.3042
18135,R,44.7652,5.2289,-24.1909
18136,R,43.3479,6.0172,-25.5370
18137,R,43.6263,9.8587,-25.8775
18138,R,41.5236,13.6903,-27.6149
18139,R,39.7129,16.3461,-30.1703
18140,R,42.4488,18.0443,-28.9859
18141,R,40.2428,18.0857,-31.2565
18142,R,38.1413,17.8903,-33.3543
18143,R,36.1552,17.7675,-35.9519
18144,R,34.6745,16.1114,-37.4752
18145,R,33.7875,12.8670,-37.3743
18146,R,33.2875,8.8217,-36.4523
18147,R,36.0878,10.3734,-36.7847
18148,R,37.9128,7.5904,-36.4187
18149,R,39.2836,4.7397,-36.1282
18150,R,42.7082,8.6570,-38.2482
18151,R,41.6222,5.7246,-37.0427
18152,R,40.6041,2.3853,-36.0856
18153,R,42.0141,0.3251,-35.9438
18154,R,43.4923,-1.4893,-35.9896
18155,R,45.3746,-3.6392,-35.7290
18156,R,18.9840,-33.4822,-2.7545
18157,R,23.2782,-35.0694,-0.2766
18158,R,22.5288,-34.1686,-2.5038
18159,R,25.6935,-34.5327,-2.1803
18160,R,28.2250,-34.1874,-1.9739
18161,R,23.3189,-31.1679,-5.8917
18162,R,27.5723,-33.3120,-4.4695
18163,R,30.7332,-33.6903,-1.6516
18164,R,33.1937,-33.9850,-2.1938
18165,R,35.3379,-34.7935,-3.5463
18166,R,37.0658,-35.5822,-5.6716
18167,R,37.2694,-18.1848,-14.7163
18168,R,38.4559,-20.1929,-14.2889
18169,R,39.8950,-19.1187,-16.6945
18170,R,40.0065,-20.3800,-18.8868
18171,R,37.6211,-21.3153,-20.4741
18172,R,35.7637,-17.7873,-23.5253
18173,R,35.0532,-19.6912,-22.7692
18174,R,34.0824,-21.4509,-22.0295
18175,R,29.8086,-21.0491,-23.4744
18176,R,25.3619,-19.5911,-23.6935
18177,R,22.5696,-19.1695,-24.3034
18178,R,22.5263,-20.0311,-25.8132
18179,R,21.9355,-17.5669,-26.1866
18180,R,21.9734,-15.8581,-28.2967
18181,R,23.1891,-14.6199,-30.4661
18182,R,21.2795,-11.0108,-29.3931
18183,R,22.4505,-12.1820,-31.0799
18184,R,25.7141,-13.4388,-32.2245
18185,R,28.5058,-11.5507,-32.1478
18186,R,31.7404,-9.5625,-32.5394
18187,R,32.7157,-9.0335,-35.9726
18188,R,14.2192,-91.1904,4.9244
18189,R,16.2148,-91.6656,1.4858
18190,R,14.5934,-90.3669,1.5248
18191,R,12.1244,-90.9768,-1.6822
18192,R,8.9213,-92.3432,-3.6972
18193,R,9.3703,-88.7026,-0.4654
18194,R,7.6178,-91.3902,-2.4948
18195,R,6.4730,-93.0552,-6.2531
18196,R,5.3285,-92.2692,-9.6396
18197,R,5.7386,-90.3223,-11.4596
18198,R,8.1718,-87.7483,-11.9856
18199,R,16.6068,-63.5820,-3.5307
18200,R,14.4298,-65.8114,-5.1194
18201,R,17.7256,-63.4995,-6.8358
18202,R,20.4825,-62.8492,-7.8101
18203,R,23.0871,-62.3915,-6.6642
18204,R,26.2814,-56.8733,-5.8694
18205,R,26.0751,-59.6706,-5.5132
18206,R,25.4677,-62.7928,-4.9127
18207,R,28.4755,-62.9379,-4.1687
18208,R,30.7154,-62.9521,-5.6359
18209,R,31.2138,-61.8686,-8.5366
18210,R,30.2268,-60.1887,-10.9280
18211,R,31.4796,-57.5566,-10.7345
18212,R,31.2572,-52.6472,-12.6666
18213,R,31.4384,-48.1673,-14.0217
18214,R,34.8301,-47.9386,-11.6459
18215,R,33.7828,-46.3601,-13.8156
18216,R,32.0811,-44.2963,-15.8860
18217,R,33.0356,-40.7271,-18.0849
18218,R,34.6007,-37.0933,-19.9733
18219,R,36.2732,-33.3368,-21.5217
18220,R,51.8702,-58.9037,5.3093
18221,R,54.8806,-59.2514,4.8408
18222,R,53.2405,-60.6639,4.7375
18223,R,54.2438,-62.1148,3.9308
18224,R,54.2697,-60.9049,2.5179
18225,R,49.8760,-62.2986,3.5771
18226,R,51.9556,-60.7080,2.3160
18227,R,53.8852,-58.4666,1.1810
18228,R,53.4559,-56.4195,-1.0862
18229,R,53.2308,-56.1751,-3.0617
18230,R,53.3427,-56.5762,-4.0544
18231,R,44.1768,-76.7160,-11.2331
18232,R,44.3186,-73.6435,-9.6363
18233,R,44.6231,-73.6068,-11.6296
18234,R,45.5223,-70.1076,-12.2213
18235,R,45.5746,-66.2125,-12.4791
18236,R,45.3630,-69.1171,-15.9719
18237,R,45.3824,-65.2803,-14.0297
18238,R,44.6557,-62.9176,-11.8468
18239,R,44.4892,-60.2743,-10.5693
18240,R,45.3850,-57.8754,-10.5651
18241,R,46.2170,-55.9012,-11.9419
18242,R,47.3058,-54.2450,-13.6156
18243,R,44.6528,-55.1428,-11.1184
18244,R,42.8141,-54.4310,-11.0009
18245,R,41.0040,-53.7921,-11.9671
18246,R,39.6519,-60.1034,-13.7868
18247,R,40.1215,-56.8429,-14.0549
18248,R,40.4047,-53.1648,-14.0722
18249,R,40.8162,-52.4802,-16.1943
18250,R,41.4488,-51.7853,-18.1987
18251,R,41.6576,-50.8394,-19.9581
18252,R,48.7753,-15.8439,3.3349
18253,R,49.6414,-14.7569,1.2860
18254,R,51.5019,-12.4454,2.4042
18255,R,54.4890,-9.7742,1.0082
18256,R,58.1416,-6.7962,-0.3363
18257,R,60.5549,-9.0847,0.4829
18258,R,60.5996,-6.6319,-0.2000
18259,R,60.5721,-4.3297,-1.3958
18260,R,61.4508,-3.5223,-3.2222
18261,R,60.7285,-4.0142,-5.6824
18262,R,58.1316,-5.0065,-8.1833
18263,R,49.7254,-25.7220,-12.0783
18264,R,48.7774,-23.4728,-13.0892
18265,R,52.3919,-23.8165,-13.0494
18266,R,55.1026,-21.7735,-14.1422
18267,R,57.6763,-19.4406,-14.9443
18268,R,63.7094,-21.4545,-13.3341
18269,R,62.0431,-18.9418,-14.1210
18270,R,60.5784,-16.5383,-15.2283
18271,R,62.9267,-13.7602,-15.8898
18272,R,63.8641,-11.7067,-17.9276
18273,R,63.2968,-10.4432,-20.4772
18274,R,61.9147,-10.6898,-23.0739
18275,R,62.2751,-13.4938,-21.4601
18276,R,60.4921,-16.5283,-22.2190
18277,R,58.6595,-19.4510,-22.0085
18278,R,59.6442,-21.9543,-18.9577
18279,R,57.6770,-22.1640,-20.1596
18280,R,56.5085,-22.2074,-21.8057
18281,R,54.9118,-24.5288,-22.3316
18282,R,54.5031,-27.3730,-23.0453
18283,R,54.7117,-30.4385,-23.4650
18284,R,12.1694,12.9616,62.0968
18285,R,12.6773,15.4601,60.8553
18286,R,14.3572,13.8313,60.5974
18287,R,16.3948,14.8218,60.0159
18288,R,18.0463,16.0429,59.6505
18289,R,19.4425,11.7367,61.4018
18290,R,19.4711,14.4308,59.9583
18291,R,19.5811,16.8395,58.7583
18292,R,20.8110,16.7746,57.3449
18293,R,21.3208,16.3845,55.3191
18294,R,21.4630,15.7224,52.5314
18295,R,23.3727,3.2193,61.2782
18296,R,22.2401,5.5672,59.4030
18297,R,21.4388,7.4382,57.3718
18298,R,21.4154,5.1427,53.8428
18299,R,21.1538,7.3310,54.4449
18300,R,20.8523,9.6416,55.1924
18301,R,20.6655,11.6278,53.0056
18302,R,21.1092,13.5955,51.0818
18303,R,22.0229,14.9540,49.7221
18304,R,22.6071,14.3101,47.2060
18305,R,23.6205,13.7895,44.8770
18306,R,25.5651,13.6395,43.6717
18307,R,26.2463,9.8725,45.2504
18308,R,27.1689,11.8443,44.9778
18309,R,27.6469,13.9461,44.4199
18310,R,29.2422,14.8199,45.7582
18311,R,30.9525,15.8228,47.0476
18312,R,32.6207,16.9491,48.3233
18313,R,2.7700,-31.3261,67.2155
18314,R,3.5378,-30.2309,65.6064
18315,R,3.5515,-28.2892,67.8893
18316,R,4.5217,-25.4040,68.4960
18317,R,5.2187,-22.4740,68.5300
18318,R,6.0369,-21.5900,71.3480
18319,R,5.6630,-20.2468,69.7092
18320,R,5.2483,-18.8935,68.2120
18321,R,5.1238,-15.7649,67.8973
18322,R,5.9882,-12.7620,67.7633
18323,R,7.5467,-10.0245,67.3095
18324,R,12.2023,-17.4973,68.3817
18325,R,11.0014,-15.5116,67.3700
18326,R,10.1842,-13.2655,67.2988
18327,R,12.8605,-9.2138,65.1560
18328,R,11.2502,-10.4090,66.5291
18329,R,9.6425,-11.4394,67.9630
18330,R,9.2007,-9.8504,68.6640
18331,R,8.9605,-8.4911,68.5462
18332,R,9.0306,-7.2728,67.3929
18333,R,9.9839,-4.0461,67.9455
18334,R,10.3032,-1.0972,68.2856
18335,R,10.7582,1.4685,66.8325
18336,R,14.0060,1.1822,65.2246
18337,R,12.5813,2.5358,64.9229
18338,R,11.2863,4.0010,65.3611
18339,R,11.5695,6.9445,63.9781
18340,R,11.6936,9.9804,62.6720
18341,R,28.5409,-30.0776,67.8783
18342,R,27.5699,-30.9617,69.6928
18343,R,26.2164,-30.3012,67.2021
18344,R,23.9852,-30.7073,66.3676
18345,R,21.7882,-31.2851,65.6896
18346,R,20.4771,-32.1006,58.4443
18347,R,19.8988,-32.1174,61.5178
18348,R,19.3705,-31.7575,65.0118
18349,R,17.1021,-32.4979,64.4160
18350,R,15.0149,-33.4641,64.3554
18351,R,13.0289,-34.4810,64.6060
18352,R,18.7448,-25.1718,58.6975
18353,R,16.3490,-26.5982,58.5058
18354,R,14.3631,-28.2201,58.7641
18355,R,14.2943,-25.5707,63.7561
18356,R,13.2197,-27.5382,61.3022
18357,R,12.8541,-30.2015,59.3627
18358,R,11.8571,-32.3255,60.6416
18359,R,11.3082,-34.0655,62.4397
18360,R,11.0286,-35.2953,65.0664
18361,R,9.2125,-35.8057,65.9864
18362,R,7.4791,-35.9068,66.9677
18363,R,5.9538,-35.2350,68.2054
18364,R,7.4128,-29.7971,69.7735
18365,R,6.0377,-31.9314,69.4736
18366,R,4.8230,-33.7483,69.6001
18367,R,3.6952,-32.7885,70.0140
18368,R,2.8020,-32.0265,69.1551
18369,R,40.3805,-10.5404,45.3780
18370,R,37.7276,-11.5885,43.0939
18371,R,37.6073,-11.3684,45.8038
18372,R,35.3924,-13.0998,46.3352
18373,R,33.8704,-14.9971,47.2383
18374,R,36.4489,-13.0811,52.3665
18375,R,34.5002,-14.9796,50.0293
18376,R,33.1432,-16.9905,48.0157
18377,R,33.5053,-19.4823,48.2666
18378,R,34.4072,-21.9806,47.6406
18379,R,33.7682,-24.4557,47.0438
18380,R,39.6269,-14.4112,61.8618
18381,R,38.6428,-17.0779,59.9756
18382,R,37.3303,-19.3843,57.1096
18383,R,34.8543,-21.7876,58.9213
18384,R,35.8315,-21.8849,56.3672
18385,R,36.4105,-21.3876,53.8979
18386,R,34.8687,-23.3161,51.1766
18387,R,32.8669,-24.3625,48.7149
18388,R,32.0256,-26.0258,46.7721
18389,R,30.7118,-27.3414,47.3971
18390,R,29.7184,-28.4890,48.9561
18391,R,29.3258,-29.3112,51.8277
18392,R,25.7011,-27.1400,49.6006
18393,R,27.1843,-28.9284,51.7246
18394,R,29.1370,-29.7466,55.5532
18395,R,29.0194,-30.1188,59.5283
18396,R,28.8588,-30.1319,63.9813
18397,R,34.0536,17.3363,49.5140
18398,R,33.5945,14.8710,51.0000
18399,R,34.5885,12.6385,53.8564
18400,R,35.2692,9.8403,56.0426
18401,R,31.6926,6.2205,54.6030
18402,R,33.2790,6.2941,56.4024
18403,R,35.8532,6.7988,56.9486
18404,R,36.2436,4.7005,55.6665
18405,R,36.0653,2.9430,52.3253
18406,R,36.2601,1.3988,48.5791
18407,R,27.0054,-3.4036,45.1613
18408,R,28.6718,-3.1931,45.5273
18409,R,29.9786,-2.4544,45.5212
18410,R,31.6860,-7.5671,45.6291
18411,R,31.4682,-4.8443,44.4339
18412,R,31.6757,-1.5670,45.5232
18413,R,33.6029,-1.0113,45.5972
18414,R,35.4862,-0.8417,45.2942
18415,R,37.2831,-0.7255,44.9814
18416,R,39.3417,-3.2451,43.6424
18417,R,41.9147,-5.0386,45.7482
18418,R,44.0317,-5.2408,49.6398
18419,R,42.1978,-6.1923,52.5112
18420,R,44.0848,-5.8260,52.2878
18421,R,45.8022,-6.0304,51.9778
18422,R,45.3828,-8.0984,51.0239
18423,R,43.0848,-9.4715,48.3376
18424,R,51.4193,26.5826,3.8981
18425,R,51.0108,25.5777,6.1334
18426,R,53.0491,26.2593,5.8247
18427,R,54.2715,25.8705,7.7566
18428,R,54.5542,25.6480,9.9485
18429,R,51.7822,28.3593,8.4852
18430,R,52.9698,26.8092,10.4931
18431,R,53.9435,25.3330,12.9710
18432,R,53.6977,24.7142,16.0102
18433,R,52.8278,23.9196,18.3592
18434,R,50.8182,22.7661,18.8498
18435,R,41.0202,31.0141,12.3160
18436,R,42.5474,29.2310,13.0776
18437,R,44.2003,27.6286,14.2551
18438,R,41.4826,27.0859,18.3674
18439,R,43.5641,26.4881,16.8179
18440,R,46.3026,26.2547,16.0627
18441,R,48.1408,25.4790,18.4848
18442,R,48.7497,23.6670,19.0159
18443,R,48.3844,21.2449,18.5649
18444,R,45.8861,19.6206,18.8159
18445,R,43.5038,17.9547,19.4329
18446,R,41.2624,16.6359,20.2873
18447,R,39.0795,20.5323,20.4082
18448,R,39.0593,17.7242,20.6675
18449,R,39.4238,15.0086,21.2507
18450,R,38.1232,13.2291,22.1508
18451,R,36.8361,11.0806,22.8640
18452,R,35.8581,8.7291,23.7959
18453,R,28.8881,56.1125,-8.2052
18454,R,31.2871,57.1387,-9.1966
18455,R,31.8178,55.7062,-7.6068
18456,R,34.3751,54.9731,-6.6798
18457,R,37.2889,53.7099,-5.8673
18458,R,35.6206,51.8481,-2.0601
18459,R,37.5655,52.2035,-3.4349
18460,R,39.7447,51.8940,-4.3098
18461,R,40.0372,49.1999,-3.7096
18462,R,39.5537,45.7464,-3.8646
18463,R,39.6227,42.4210,-3.8348
18464,R,39.7350,51.9525,7.1390
18465,R,40.7489,50.3210,5.4833
18466,R,40.8112,48.1925,4.0997
18467,R,39.6211,43.8964,5.3020
18468,R,41.0183,45.0379,3.9278
18469,R,39.8100,46.2609,2.5088
18470,R,38.9926,43.8473,0.3327
18471,R,39.5677,41.5632,-1.7880
18472,R,41.5520,39.4825,-3.3653
18473,R,45.1910,38.5263,-2.4343
18474,R,48.1062,36.6576,-1.8625
18475,R,50.3005,34.6141,-0.6149
18476,R,47.5494,35.5068,2.5124
18477,R,50.5727,33.9913,1.5068
18478,R,52.2564,32.0214,0.1127
18479,R,52.5498,29.7499,0.8554
18480,R,52.2969,27.8170,2.3327
18481,R,14.6511,53.6473,25.2350
18482,R,13.2309,57.1546,24.6020
18483,R,15.1903,55.5245,23.3148
18484,R,15.4394,55.5001,20.0968
18485,R,16.8154,56.7501,16.6463
18486,R,21.0020,56.0544,20.5654
18487,R,19.6612,57.8693,17.9516
18488,R,18.4144,58.6152,14.6416
18489,R,19.8480,60.4845,12.7405
18490,R,21.4182,60.8672,10.4541
18491,R,22.7659,60.9008,7.7456
18492,R,23.8195,48.2185,18.2433
18493,R,23.4732,51.1255,16.7126
18494,R,22.5454,53.3751,14.5707
18495,R,24.5456,50.0149,11.5898
18496,R,23.4356,52.7799,11.8532
18497,R,23.1050,55.4203,12.5576
18498,R,24.1923,57.2361,10.0809
18499,R,25.0130,59.2128,8.0600
18500,R,23.3690,60.6647,4.9542
18501,R,22.8256,59.8525,2.4950
18502,R,22.0636,58.0117,0.6980
18503,R,22.0920,55.0999,-1.1117
18504,R,23.5969,50.5819,1.0506
18505,R,22.7773,51.5190,-1.2401
18506,R,21.6761,52.7634,-3.3278
18507,R,23.1919,51.9673,-5.6804
18508,R,26.1813,53.4748,-7.3633
18509,R,0.9734,-3.9318,22.0169
18510,R,1.1489,-3.6185,19.8588
18511,R,1.0572,-0.8287,20.9284
18512,R,1.1858,2.2177,19.5741
18513,R,1.2544,5.2924,18.1852
18514,R,0.5360,7.8939,21.1952
18515,R,1.0918,8.2375,19.1222
18516,R,1.1970,8.3639,16.8465
18517,R,1.0834,11.3221,15.3981
18518,R,0.9395,14.4755,14.0949
18519,R,0.9228,17.6097,12.8391
18520,R,6.9925,17.6228,22.9188
18521,R,5.1090,18.4109,21.3482
18522,R,2.5804,19.3202,19.9454
18523,R,5.8132,23.8190,17.5105
18524,R,3.0198,22.0497,17.8779
18525,R,0.6112,19.9048,18.1982
18526,R,-0.0008,20.1370,15.8195
18527,R,0.2973,20.3652,13.4014
18528,R,0.9049,20.7538,11.2140
18529,R,0.3180,23.8381,9.4361
18530,R,-0.1246,26.9822,7.5693
18531,R,0.0260,30.1158,5.2616
18532,R,3.9754,31.4549,7.6892
18533,R,2.7063,32.0250,5.3044
18534,R,2.4492,31.8990,2.6451
18535,R,6.4855,32.6887,0.3324
18536,R,6.7193,35.5838,-1.9103
18537,R,6.9576,37.8151,-3.7024
18538,R,13.1985,-15.5935,38.8463
18539,R,11.9138,-17.4606,38.2346
18540,R,11.2677,-14.5515,38.7253
18541,R,9.1913,-13.4650,39.1593
18542,R,7.1251,-12.4220,39.7790
18543,R,8.0282,-8.2364,41.0483
18544,R,6.7303,-9.6165,40.3840
18545,R,5.2958,-11.0345,39.7087
18546,R,4.3370,-9.7589,38.0795
18547,R,3.7848,-8.5240,35.4972
18548,R,4.0705,-7.4227,33.5701
18549,R,8.0042,3.2038,39.3119
18550,R,5.8170,2.1970,40.0526
18551,R,4.5527,0.9509,39.3570
18552,R,4.8595,5.5467,35.4948
18553,R,4.7882,2.3693,36.5907
18554,R,4.7468,-0.8592,37.2152
18555,R,3.9967,-2.3685,34.6844
18556,R,4.6500,-4.2254,33.3973
18557,R,6.3752,-6.4641,33.3185
18558,R,7.4397,-5.6885,32.3060
18559,R,6.3615,-5.0896,30.9802
18560,R,4.1961,-4.4492,30.1042
18561,R,4.7438,1.1697,29.4377
18562,R,2.7941,-1.2770,29.4156
18563,R,1.1409,-3.8225,28.9626
18564,R,0.1450,-3.6575,26.7056
18565,R,0.4914,-3.7990,24.3000
18566,R,19.9902,-77.8916,38.6090
18567,R,20.2839,-79.2223,35.2620
18568,R,20.0663,-75.8631,36.5249
18569,R,19.3798,-73.1018,35.2496
18570,R,18.9288,-69.8042,34.9470
18571,R,15.4926,-68.7595,37.7603
18572,R,16.2630,-67.9900,36.1704
18573,R,17.2681,-67.0947,34.8224
18574,R,15.3963,-65.5578,33.9315
18575,R,13.6210,-64.3899,33.2409
18576,R,11.3080,-64.5235,31.2935
18577,R,5.0920,-68.1819,37.6827
18578,R,5.3528,-68.5039,35.8376
18579,R,5.2680,-68.8098,34.0995
18580,R,6.2812,-62.4402,35.0802
18581,R,5.4452,-66.1324,33.6340
18582,R,5.8224,-68.9519,32.4434
18583,R,7.1321,-68.2712,31.1918
18584,R,8.4449,-67.1539,30.1569
18585,R,9.5273,-65.7905,29.1880
18586,R,7.4364,-66.0385,27.4237
18587,R,5.4868,-64.5675,26.1572
18588,R,4.4657,-62.2989,24.9984
18589,R,5.2902,-58.2583,28.5027
18590,R,4.6597,-58.6941,26.4492
18591,R,4.4141,-59.3829,24.4116
18592,R,5.8293,-57.2843,23.5788
18593,R,8.1114,-55.3429,22.5061
18594,R,8.8715,-52.6203,21.8901
18595,R,14.2681,-60.8627,63.3971
18596,R,15.1551,-62.7803,62.6622
18597,R,13.3357,-63.1746,62.5840
18598,R,12.4277,-64.8616,60.8273
18599,R,11.4866,-66.6872,58.5105
18600,R,9.3404,-65.0891,59.6735
18601,R,9.9712,-66.8283,58.0514
18602,R,11.0897,-68.5355,56.1445
18603,R,10.8532,-70.0364,53.9821
18604,R,10.8975,-71.7067,52.5399
18605,R,11.1326,-72.9094,51.3153
18606,R,5.4169,-62.4994,54.7358
18607,R,6.1075,-64.6551,53.6896
18608,R,7.4052,-66.5903,52.4235
18609,R,6.8979,-67.3002,48.5638
18610,R,7.0536,-68.3130,49.9439
18611,R,7.7298,-68.9221,51.3602
18612,R,8.2454,-71.3090,50.5291
18613,R,9.4297,-73.3698,50.2453
18614,R,11.6765,-73.6211,49.4921
18615,R,12.9903,-73.9193,47.3147
18616,R,14.2284,-74.4190,45.7417
18617,R,15.6133,-74.7607,44.5131
18618,R,12.5750,-73.8868,44.0464
18619,R,15.4317,-74.3779,43.5097
18620,R,16.8827,-75.7438,42.9635
18621,R,17.4148,-76.4660,42.0073
18622,R,18.4517,-76.7506,40.8614
18623,R,50.0982,-54.1544,37.7545
18624,R,47.5329,-55.4263,36.0930
18625,R,47.8015,-55.6997,38.1365
18626,R,47.3894,-57.7442,38.1567
18627,R,48.1203,-59.4246,38.1281
18628,R,48.4974,-58.4596,42.3053
18629,R,48.2752,-59.8438,40.2161
18630,R,47.5805,-60.9951,38.0060
18631,R,45.8428,-61.9985,38.0933
18632,R,43.1569,-62.7383,38.6577
18633,R,41.2507,-64.8287,39.5110
18634,R,44.5766,-56.6099,43.6879
18635,R,44.9479,-58.2203,45.1543
18636,R,44.7583,-60.1683,45.5758
18637,R,41.4337,-60.2718,43.9591
18638,R,42.6536,-61.0891,45.2191
18639,R,43.8875,-62.1935,44.8530
18640,R,42.4728,-63.4783,43.4954
18641,R,41.4096,-65.3794,42.3863
18642,R,40.5532,-67.5226,41.0502
18643,R,39.9418,-69.8364,42.0820
18644,R,38.4333,-72.0324,42.1551
18645,R,36.4176,-74.0514,41.5123
18646,R,36.8447,-70.0792,44.6485
18647,R,35.6658,-72.8159,42.0458
18648,R,34.8081,-74.9684,39.6790
18649,R,34.1330,-74.4367,37.3834
18650,R,34.2024,-73.2352,34.5432
18651,R,33.9851,-71.6937,31.5400
18652,R,42.4476,-28.6035,37.7304
18653,R,44.0719,-30.2311,38.1641
18654,R,42.6823,-31.2226,38.4205
18655,R,42.8135,-33.2395,40.3749
18656,R,43.4699,-35.4175,41.3482
18657,R,41.1007,-35.4046,39.2890
18658,R,42.7611,-36.3659,39.8194
18659,R,44.3159,-37.3113,40.4316
18660,R,44.7142,-38.7256,39.3484
18661,R,45.5492,-39.9504,37.9737
18662,R,46.4292,-42.0946,36.9478
18663,R,35.7754,-40.0191,35.6315
18664,R,37.6913,-40.6633,35.3393
18665,R,39.6497,-41.2685,35.1438
18666,R,39.9157,-45.1029,35.1381
18667,R,40.7899,-43.3393,34.7862
18668,R,41.7916,-41.8369,35.1130
18669,R,43.7190,-42.6718,35.3510
18670,R,45.5724,-43.6441,35.9434
18671,R,47.0600,-44.2226,36.4306
18672,R,47.9964,-46.2182,36.5203
18673,R,49.3036,-48.1026,37.8012
18674,R,50.5581,-49.3331,40.2456
18675,R,48.8013,-50.2554,42.0201
18676,R,50.5671,-50.3160,42.2128
18677,R,52.0742,-50.7404,41.8869
18678,R,53.0442,-52.1869,41.2948
18679,R,52.4742,-53.2438,40.0597
18680,R,46.2319,-12.7640,19.8427
18681,R,44.3778,-15.2812,21.1497
18682,R,46.0755,-15.4480,20.3142
18683,R,45.5636,-17.9351,19.2918
18684,R,44.9042,-19.7642,18.0231
18685,R,49.1795,-17.7336,19.5113
18686,R,46.8647,-19.6475,18.0721
18687,R,44.8155,-21.7394,18.8783
18688,R,45.1470,-23.3688,20.4733
18689,R,45.1261,-25.5318,20.6610
18690,R,44.9883,-27.6805,20.0531
18691,R,57.5779,-17.7014,18.1972
18692,R,55.4586,-19.7723,16.7151
18693,R,52.9948,-21.8059,17.2521
18694,R,54.2408,-21.8850,20.7868
18695,R,52.5912,-22.3483,19.9045
18696,R,50.7705,-23.0316,19.1715
18697,R,48.8191,-24.9409,19.9881
18698,R,46.9437,-27.1805,20.1359
18699,R,45.0844,-28.7739,21.8548
18700,R,45.2244,-28.9024,24.4487
18701,R,45.7094,-30.4036,26.2386
18702,R,46.6002,-32.0576,27.7225
18703,R,49.4115,-29.3805,27.6204
18704,R,48.2449,-31.4274,28.6415
18705,R,47.7224,-33.9493,29.1611
18706,R,49.2739,-35.8416,30.2357
18707,R,51.6330,-37.3441,30.5942
18708,R,54.3603,-38.0819,30.4083
18709,R,28.6507,19.1095,-7.0441
18710,R,29.5116,17.1875,-8.2459
18711,R,31.2302,15.8736,-7.1758
18712,R,34.3378,12.9590,-8.4346
18713,R,36.0589,9.0474,-9.6092
18714,R,36.9736,9.7928,-7.3129
18715,R,36.7030,6.8841,-9.0638
18716,R,37.3236,4.2590,-11.6902
18717,R,38.4053,0.2672,-15.1201
18718,R,39.7621,-1.7311,-18.9926
18719,R,41.9593,-1.5388,-21.6227
18720,R,36.7872,-0.3208,-5.1941
18721,R,36.9962,-2.4224,-8.2299
18722,R,37.9109,-4.2913,-11.7295
18723,R,39.6057,-8.3153,-14.4633
18724,R,39.3799,-6.6867,-15.0218
18725,R,39.0785,-5.0409,-15.4033
18726,R,40.8010,-4.5982,-18.6172
18727,R,43.0083,-2.4262,-21.1049
18728,R,44.5871,1.0749,-22.8280
18729,R,45.9461,4.9372,-22.9223
18730,R,46.3360,9.3601,-22.6589
18731,R,46.5378,14.0162,-21.9218
18732,R,48.8171,8.9499,-19.2356
18733,R,48.1272,13.7234,-20.0789
18734,R,47.6147,16.0438,-21.7709
18735,R,48.8194,15.3336,-22.3968
18736,R,48.8966,12.6564,-23.5091
18737,R,48.1463,9.1689,-24.5394
18738,R,10.2078,-21.9769,-19.0717
18739,R,14.0350,-23.9602,-16.5968
18740,R,14.1505,-22.6223,-19.0629
18741,R,16.9429,-22.2017,-17.7038
18742,R,18.7499,-21.0932,-15.8960
18743,R,15.0329,-15.7974,-17.9232
18744,R,17.8874,-18.2434,-16.4049
18745,R,20.6844,-19.5560,-13.6705
18746,R,23.6024,-18.6345,-11.8107
18747,R,27.0482,-18.1255,-11.2608
18748,R,30.4890,-17.7695,-11.7657
18749,R,14.3498,-4.3301,-13.7563
18750,R,16.0404,-7.2669,-13.3136
18751,R,18.3284,-9.9445,-12.3781
18752,R,20.1525,-7.2271,-11.4726
18753,R,20.7315,-9.7759,-11.6133
18754,R,21.2944,-12.2902,-11.6743
18755,R,24.9218,-14.2019,-11.2664
18756,R,29.0145,-15.8406,-11.8431
18757,R,33.6860,-17.3494,-13.2681
18758,R,36.3083,-16.6654,-15.2530
18759,R,37.9806,-15.4466,-17.4011
18760,R,38.9684,-14.0194,-19.8231
18761,R,35.6398,-12.1877,-18.1238
18762,R,38.1345,-12.2425,-20.2169
18763,R,38.7597,-12.8499,-22.5387
18764,R,37.3341,-11.7536,-25.3032
18765,R,35.2963,-10.5994,-27.5447
18766,R,32.6944,-9.0175,-29.0156
18767,R,11.7998,-75.4333,4.8889
18768,R,8.7312,-76.7358,4.5517
18769,R,7.8925,-74.3015,6.4458
18770,R,4.6742,-72.5391,7.7803
18771,R,3.1620,-70.1571,7.8178
18772,R,6.3878,-66.6660,7.9485
18773,R,3.8546,-66.7811,8.0192
18774,R,3.6179,-67.8617,6.2562
18775,R,5.6909,-66.7749,3.9243
18776,R,7.9718,-66.3472,1.4183
18777,R,10.7523,-65.5399,-0.0538
18778,R,18.8538,-59.9619,0.7363
18779,R,14.7200,-59.9693,1.5676
18780,R,10.7324,-59.3697,2.4569
18781,R,14.0458,-54.7481,-1.1953
18782,R,10.8173,-57.1614,0.4692
18783,R,8.5645,-59.1514,1.6947
18784,R,8.8867,-59.9930,-0.2913
18785,R,10.9885,-61.5689,-1.5359
18786,R,13.9237,-62.7426,-1.9783
18787,R,16.7294,-59.8285,-4.1109
18788,R,18.4555,-57.5613,-7.1026
18789,R,20.6971,-55.0975,-8.3263
18790,R,17.6328,-50.3097,-7.7619
18791,R,20.3815,-52.0146,-8.5508
18792,R,22.8537,-52.0724,-7.5130
18793,R,25.0878,-48.6225,-6.7389
18794,R,26.8025,-44.9412,-7.3172
18795,R,28.2441,-41.9862,-8.9583
18796,R,45.7402,-71.2639,6.0548
18797,R,44.4365,-70.2701,4.1413
18798,R,46.2690,-72.6208,3.6627
18799,R,45.5399,-73.9111,2.1574
18800,R,44.9559,-75.0756,1.3072
18801,R,46.7011,-79.4050,1.9190
18802,R,46.0296,-77.9819,0.8622
18803,R,44.5418,-76.8628,-0.3831
18804,R,43.8867,-78.0161,-2.7184
18805,R,43.4954,-78.7671,-5.6405
18806,R,44.5112,-78.5264,-8.3999
18807,R,37.0532,-86.5789,-1.8553
18808,R,38.8841,-87.0056,-2.8895
18809,R,39.7123,-85.4877,-4.5419
18810,R,35.4575,-87.5159,-7.8535
18811,R,38.5358,-85.5029,-7.3110
18812,R,41.1465,-83.6399,-6.4553
18813,R,43.4069,-82.7360,-8.3168
18814,R,44.8435,-80.8930,-9.8516
18815,R,44.8510,-78.8389,-10.9241
18816,R,43.7541,-79.2091,-12.7999
18817,R,42.1623,-79.3237,-13.8445
18818,R,40.1978,-78.9391,-14.3090
18819,R,36.7707,-84.4114,-13.7804
18820,R,37.5640,-81.1495,-13.2372
18821,R,37.9791,-78.5454,-14.2189
18822,R,35.6440,-78.4474,-13.5759
18823,R,34.3697,-77.9771,-12.7026
18824,R,33.5015,-77.1263,-11.6854
18825,R,65.3852,-17.6522,1.7714
18826,R,64.7825,-16.4152,0.3021
18827,R,63.5452,-18.3886,-0.5632
18828,R,59.4931,-19.5793,-1.5538
18829,R,55.3758,-20.5960,-2.1298
18830,R,55.2634,-23.9196,-1.9523
18831,R,53.3317,-22.7321,-2.3894
18832,R,51.4377,-21.5721,-3.3070
18833,R,47.8904,-22.5327,-4.7870
18834,R,45.5455,-23.6535,-6.7247
18835,R,45.4291,-25.3584,-9.2649
18836,R,47.2620,-30.7168,1.0851
18837,R,45.7314,-30.0508,-0.3454
18838,R,44.7438,-29.4267,-2.2495
18839,R,45.1943,-33.8906,-4.8705
18840,R,44.4640,-31.3969,-4.8636
18841,R,44.2711,-28.8585,-4.7272
18842,R,44.7996,-28.3390,-7.1236
18843,R,46.0680,-27.7763,-9.1987
18844,R,47.7420,-26.8931,-10.8679
18845,R,51.4079,-27.6024,-11.8014
18846,R,55.7172,-27.7637,-12.1347
18847,R,60.0889,-27.9237,-11.8131
18848,R,58.9010,-31.3514,-10.3335
18849,R,61.5590,-29.5520,-10.6647
18850,R,64.1573,-27.9193,-10.9378
18851,R,65.9541,-28.8071,-11.2986
18852,R,65.7406,-30.9244,-12.6143
18853,R,64.2645,-34.0632,-14.5388
18854,R,13.6130,23.6588,32.5511
18855,R,14.1681,26.0459,30.1351
18856,R,13.0683,26.2492,32.6145
18857,R,11.9923,28.6346,32.4252
18858,R,10.6882,30.7651,32.1866
18859,R,8.7452,27.9539,36.2819
18860,R,8.9901,30.3058,33.9953
18861,R,9.3406,32.9866,31.8352
18862,R,8.6485,35.5791,31.7788
18863,R,9.2724,37.8529,31.8959
18864,R,9.2904,40.4605,32.1194
18865,R,8.7878,25.9292,45.9958
18866,R,8.8133,29.1901,43.7113
18867,R,8.5830,32.3399,41.5198
18868,R,7.3020,34.5304,45.4934
18869,R,7.9176,34.8955,42.3729
18870,R,8.2965,35.0841,39.2674
18871,R,8.4508,37.9043,37.0300
18872,R,8.6890,40.6810,34.8350
18873,R,9.0853,43.2307,32.4356
18874,R,8.7287,46.0204,32.7868
18875,R,8.0598,48.9464,33.4085
18876,R,7.0910,51.6524,33.8884
18877,R,6.9004,48.7180,39.9450
18878,R,7.0917,51.3528,37.1826
18879,R,7.0568,53.6814,33.8767
18880,R,8.2054,54.5764,33.2016
18881,R,9.9280,54.3418,31.6024
18882,R,11.7496,53.3820,29.6156
18883,R,12.4326,17.9184,58.9798
18884,R,12.0873,20.6219,57.1401
18885,R,11.6027,23.5315,55.3815
18886,R,16.1218,21.9512,54.5135
18887,R,13.6469,24.2438,53.6292
18888,R,11.7287,26.9728,54.4700
18889,R,12.1928,29.8318,53.7724
18890,R,11.7861,32.2012,51.5329
18891,R,11.5025,35.3173,49.5681
18892,R,19.8644,22.4425,50.1674
18893,R,19.4419,26.0353,50.7353
18894,R,19.4550,29.4803,51.0826
18895,R,21.0644,30.5295,46.3128
18896,R,19.8846,32.0311,48.9375
18897,R,18.0633,32.3640,51.0719
18898,R,15.9683,34.0034,49.8163
18899,R,13.9429,36.0566,48.5076
18900,R,11.9318,38.6933,48.1599
18901,R,11.5421,40.5330,45.5299
18902,R,11.4212,42.5888,42.3386
18903,R,12.3859,45.5141,40.1225
18904,R,16.7721,42.9838,40.4661
18905,R,14.8502,45.4782,39.0625
18906,R,13.1379,48.0294,37.7899
18907,R,12.6159,48.9696,34.2457
18908,R,13.1989,50.3967,30.7183
18909,R,14.3320,51.7210,27.5044
18910,R,17.1092,50.8998,26.9895
18911,R,19.7967,51.9201,27.9142
18912,R,22.3158,52.8544,29.0813
18913,R,21.6344,47.2234,31.5731
18914,R,23.7500,49.3182,31.2923
18915,R,24.5556,51.0567,29.0339
18916,R,25.0141,48.1879,28.2423
18917,R,24.8947,45.8943,27.1202
18918,R,24.3354,43.3649,25.3472
18919,R,23.0928,33.8001,32.8002
18920,R,23.2912,35.7480,32.1815
18921,R,24.1716,37.6133,31.8444
18922,R,26.8911,34.3052,32.9411
18923,R,25.9096,36.4689,31.6613
18924,R,25.8736,39.2576,31.9568
18925,R,27.2081,40.5152,30.6266
18926,R,25.4381,40.7534,27.0216
18927,R,24.4210,41.0459,23.3725
18928,R,25.2958,38.9157,21.9603
18929,R,27.3200,37.6980,21.1361
18930,R,30.1343,37.9282,21.5205
18931,R,30.7690,33.4101,25.2997
18932,R,31.4659,35.5160,23.3817
18933,R,32.3912,38.1843,22.3671
18934,R,34.0094,38.5048,22.8615
18935,R,36.0365,38.6694,23.1441
18936,R,38.6807,38.4764,24.3356
18937,R,7.1930,-49.7617,49.2445
18938,R,8.0850,-49.5973,47.6383
18939,R,5.9559,-48.1156,48.4512
18940,R,6.1094,-46.3658,47.9724
18941,R,8.1755,-45.2397,47.5646
18942,R,12.0751,-46.8981,49.4532
18943,R,11.6370,-45.8003,47.7662
18944,R,10.6794,-44.8383,46.2763
18945,R,12.8526,-44.1216,44.9460
18946,R,14.8144,-43.0048,43.3424
18947,R,16.2542,-41.2833,41.8816
18948,R,15.7103,-40.2191,54.7391
18949,R,16.4414,-40.3772,52.5634
18950,R,17.2325,-40.5097,50.3078
18951,R,15.1951,-35.8679,50.0536
18952,R,17.0887,-37.9698,49.1724
18953,R,17.9490,-40.5352,47.7775
18954,R,18.2744,-40.3350,45.2266
18955,R,18.0401,-39.8301,42.7108
18956,R,17.1446,-38.9808,40.6337
18957,R,17.3379,-36.5113,39.4903
18958,R,17.2489,-33.9450,38.4480
18959,R,16.9286,-31.2047,37.5452
18960,R,17.2458,-29.9725,41.5261
18961,R,17.4068,-29.2460,39.1982
18962,R,16.6201,-28.2902,37.3993
18963,R,16.2254,-25.4088,37.7194
18964,R,15.7072,-22.5971,38.4578
18965,R,15.2447,-19.7465,39.1954
18966,R,4.7185,-29.5527,63.8067
18967,R,6.0438,-28.8533,61.9196
18968,R,7.0295,-28.1408,59.6741
18969,R,6.8736,-22.9725,63.1548
18970,R,6.8760,-25.1636,60.2731
18971,R,7.2229,-27.3440,57.3036
18972,R,6.4214,-26.6491,55.2708
18973,R,6.0131,-25.9150,53.5023
18974,R,6.5954,-25.0765,51.7844
18975,R,8.2299,-10.4945,62.1806
18976,R,6.9896,-13.1945,60.4979
18977,R,5.7789,-15.5832,58.5401
18978,R,6.5258,-11.5071,56.1795
18979,R,5.6980,-15.0580,56.1812
18980,R,5.5666,-18.0918,56.5776
18981,R,6.0525,-20.2073,54.3720
18982,R,6.9624,-22.2167,52.3006
18983,R,8.0909,-24.1309,50.3008
18984,R,10.0890,-23.1646,49.4190
18985,R,11.9248,-22.2127,48.2335
18986,R,13.4648,-21.2571,46.8082
18987,R,10.2840,-16.2573,48.2558
18988,R,12.5070,-18.2771,46.7613
18989,R,14.6080,-20.1494,45.0360
18990,R,15.2056,-18.9163,43.1299
18991,R,15.2394,-17.6444,41.3427
18992,R,14.5241,-16.3282,39.8770
18993,R,13.8860,-13.4847,40.5574
18994,R,13.0963,-10.8921,41.6688
18995,R,12.2584,-8.4961,42.5734
18996,R,12.3437,-7.5179,46.0866
18997,R,12.3221,-6.8854,44.4530
18998,R,11.6024,-6.2933,42.9836
18999,R,11.0018,-3.8527,43.2146
19000,R,11.7537,-1.2050,42.5283
19001,R,12.6702,1.4105,41.2756
19002,R,9.7908,1.5010,51.4235
19003,R,10.0597,1.7342,49.5387
19004,R,10.5394,2.2804,47.9001
19005,R,9.2099,7.6350,47.8492
19006,R,10.0125,5.2604,46.9966
19007,R,11.6184,2.8439,46.1059
19008,R,12.6157,3.4756,44.2526
19009,R,13.2235,3.9368,42.2318
19010,R,12.9399,4.5020,40.2004
19011,R,13.2463,7.3818,39.3157
19012,R,13.3489,10.3430,38.4475
19013,R,13.3890,13.0133,37.5054
19014,R,11.8385,15.1511,40.7450
19015,R,12.8493,15.5317,38.7064
19016,R,13.4033,15.7812,36.3693
19017,R,13.7702,18.3382,34.9780
19018,R,13.7650,20.9794,33.7254
19019,R,33.4585,-47.2819,46.4962
19020,R,31.2782,-47.9130,46.6654
19021,R,33.6990,-47.7844,48.4666
19022,R,34.1155,-48.2439,50.4830
19023,R,34.6186,-48.9519,52.4520
19024,R,36.3374,-46.8967,54.1490
19025,R,36.4455,-48.4097,54.4129
19026,R,34.9199,-49.8642,54.4750
19027,R,34.8647,-50.9114,56.4118
19028,R,33.8987,-52.1773,58.0337
19029,R,33.0868,-53.0551,59.6413
19030,R,29.2689,-43.5664,55.6020
19031,R,31.6540,-44.8245,57.5462
19032,R,33.5762,-45.7929,59.5572
19033,R,29.4473,-44.5893,61.1640
19034,R,32.2877,-46.0155,61.6222
19035,R,34.9702,-46.9350,61.5030
19036,R,35.1166,-48.9477,62.0802
19037,R,33.8822,-51.2872,61.8666
19038,R,31.9633,-53.7376,61.2276
19039,R,30.1426,-54.3630,62.6665
19040,R,27.8461,-55.1055,63.7457
19041,R,25.7006,-55.5979,64.1036
19042,R,27.2075,-51.1430,62.5180
19043,R,25.2245,-53.7033,63.0623
19044,R,23.6081,-56.2010,63.8582
19045,R,21.6525,-56.8724,63.3618
19046,R,19.5274,-57.5693,62.9279
19047,R,17.5365,-58.3065,62.4632
19048,R,26.4600,-32.4620,69.8739
19049,R,24.6529,-33.6760,68.3196
19050,R,22.3906,-34.5796,66.0205
19051,R,21.5748,-32.8393,71.2406
19052,R,21.1413,-34.4959,67.8698
19053,R,20.1441,-35.8735,63.7538
19054,R,18.9892,-38.1698,62.3782
19055,R,19.2195,-40.8828,61.8211
19056,R,19.4838,-43.1678,61.0188
19057,R,13.5348,-31.8882,75.1700
19058,R,14.8461,-32.9670,75.0395
19059,R,15.0465,-35.2851,71.9913
19060,R,14.9037,-39.2568,73.4625
19061,R,15.0341,-38.8191,70.9334
19062,R,15.8927,-38.7144,68.3096
19063,R,17.3860,-41.6103,65.4986
19064,R,18.3234,-43.4641,62.5358
19065,R,19.6364,-45.3471,60.4304
19066,R,20.1574,-47.0628,60.7467
19067,R,20.0186,-48.4502,60.4009
19068,R,18.9867,-49.8445,59.4957
19069,R,16.9440,-49.2766,64.5133
19070,R,17.0812,-49.9373,61.0716
19071,R,18.2119,-51.4443,58.7925
19072,R,17.5595,-53.8752,58.9399
19073,R,16.6404,-56.4766,60.3920
19074,R,15.3765,-58.8181,62.1299
19075,R,13.7556,-58.9479,62.2575
19076,R,12.3772,-59.2385,62.1384
19077,R,11.1984,-59.1852,61.3899
19078,R,11.4793,-54.0209,60.6613
19079,R,11.2865,-56.6010,59.9408
19080,R,10.4292,-58.6824,60.4592
19081,R,9.8538,-58.1872,59.1994
19082,R,9.3780,-57.6795,58.1750
19083,R,8.8714,-57.1746,57.4829
19084,R,9.2423,-48.5779,69.2614
19085,R,7.9282,-50.3016,67.4620
19086,R,7.1760,-51.5101,65.4357
19087,R,8.3730,-49.0426,64.3322
19088,R,6.5522,-50.7208,64.2269
19089,R,7.2598,-52.3195,62.9217
19090,R,8.1595,-53.0805,60.4879
19091,R,9.3409,-54.1018,58.2216
19092,R,8.8097,-56.2204,56.5587
19093,R,9.0401,-55.1767,55.7073
19094,R,8.8026,-53.9623,54.8893
19095,R,8.2133,-52.9809,53.9157
19096,R,6.7718,-49.7612,56.2318
19097,R,6.2747,-50.8401,54.6909
19098,R,7.5494,-52.0818,52.9850
19099,R,7.1888,-51.2852,51.7716
19100,R,7.1732,-50.4592,50.5286
19101,R,62.1297,-8.0673,28.9794
19102,R,62.0026,-10.2160,30.3615
19103,R,61.6463,-9.0892,31.4709
19104,R,60.9678,-10.3512,33.6689
19105,R,59.9340,-11.7663,35.4373
19106,R,58.3551,-10.0749,34.6249
19107,R,59.3906,-10.9464,36.6543
19108,R,58.6575,-13.3751,36.6278
19109,R,57.1450,-14.9008,37.0166
19110,R,55.8929,-16.1239,37.4715
19111,R,54.6026,-17.1883,38.1119
19112,R,47.7924,-14.1848,30.8687
19113,R,50.9828,-14.2270,34.4929
19114,R,53.3567,-13.0717,38.0266
19115,R,51.4777,-15.1841,40.0459
19116,R,53.6563,-13.6027,40.6223
19117,R,55.8609,-12.7045,41.2220
19118,R,57.0401,-14.1278,41.8388
19119,R,55.7294,-16.4127,40.7006
19120,R,53.2781,-18.3626,39.0759
19121,R,52.1725,-19.4121,39.8740
19122,R,50.8352,-20.4732,40.5389
19123,R,49.4092,-21.4358,40.7034
19124,R,52.5788,-19.3266,45.8517
19125,R,50.2099,-20.8919,43.3810
19126,R,47.9454,-22.3195,40.5395
19127,R,46.5292,-23.3772,40.2045
19128,R,45.1447,-24.3893,39.7947
19129,R,44.0220,-25.2509,39.6568
19130,R,35.2991,-13.2971,40.5584
19131,R,34.0498,-15.7642,38.3841
19132,R,34.6171,-18.2446,37.4878
19133,R,32.6986,-19.3466,41.1710
19134,R,34.4602,-19.5136,39.2801
19135,R,36.9755,-20.1171,38.2112
19136,R,40.3512,-19.9002,41.0366
19137,R,43.7886,-18.4399,45.4558
19138,R,46.7811,-16.9833,49.7130
19139,R,37.6925,-26.1242,48.4761
19140,R,40.2299,-24.5622,49.5610
19141,R,42.6790,-22.3775,50.7151
19142,R,44.0933,-22.8458,57.9060
19143,R,44.6936,-21.2430,55.1905
19144,R,43.9579,-19.9131,51.5373
19145,R,44.9763,-17.9145,52.2302
19146,R,46.9797,-16.6205,52.8196
19147,R,49.5015,-15.9060,52.4305
19148,R,51.4524,-16.6408,53.3745
19149,R,51.8972,-19.0600,52.6447
19150,R,50.3548,-21.7276,50.4582
19151,R,48.2805,-23.7595,53.1001
19152,R,48.0928,-23.5072,50.4681
19153,R,47.9410,-23.4515,47.7715
19154,R,45.6402,-24.5213,44.7606
19155,R,43.7622,-25.2441,41.9736
19156,R,42.4998,-26.4325,39.3860
19157,R,40.9216,-27.5178,38.9774
19158,R,39.3196,-28.6839,38.8205
19159,R,37.8779,-29.9316,38.8004
19160,R,38.0772,-29.5407,43.2817
19161,R,36.6145,-29.8683,40.5981
19162,R,36.4031,-31.1123,38.7308
19163,R,35.1079,-32.5714,38.7955
19164,R,34.0323,-34.3179,38.9859
19165,R,33.1873,-36.0772,39.4172
19166,R,37.6866,-33.2465,52.3526
19167,R,35.9879,-33.5790,49.9084
19168,R,34.0375,-33.6468,47.1521
19169,R,31.9172,-35.4519,48.9509
19170,R,32.1361,-34.7742,46.9164
19171,R,32.4437,-34.0112,44.6656
19172,R,31.5984,-35.0591,42.5876
19173,R,31.8384,-36.4572,41.0142
19174,R,32.4375,-37.9010,40.0115
19175,R,31.3711,-39.5616,40.4434
19176,R,30.9877,-41.4431,41.1701
19177,R,31.3543,-42.9292,42.3271
19178,R,31.3442,-42.7444,45.9814
19179,R,31.5675,-43.5455,45.0135
19180,R,32.2489,-44.0316,43.7305
19181,R,33.1663,-45.0759,44.7670
19182,R,33.9125,-46.2357,45.6895
19183,R,40.6997,37.5199,26.1021
19184,R,42.2887,35.7839,27.0397
19185,R,44.1856,33.7046,27.8557
19186,R,40.7361,32.8453,31.1960
19187,R,43.1484,31.9679,30.0307
19188,R,45.9492,31.5200,28.6445
19189,R,47.6074,28.9064,29.6846
19190,R,48.0458,26.4672,30.6041
19191,R,46.8830,24.1789,30.6651
19192,R,35.7458,27.1065,34.5064
19193,R,37.8344,26.5180,32.7128
19194,R,40.9947,26.3039,32.0458
19195,R,40.8256,24.0948,34.8181
19196,R,42.3444,24.8005,33.4070
19197,R,44.1237,25.7328,32.6349
19198,R,46.3578,24.3429,32.8398
19199,R,46.5192,22.6048,31.7241
19200,R,44.4670,22.4867,29.8452
19201,R,41.5862,21.3258,28.8909
19202,R,38.6671,19.9087,27.5808
19203,R,35.9907,18.1429,26.4550
19204,R,35.7673,17.4055,29.8304
19205,R,34.6328,16.5871,27.8265
19206,R,34.1803,15.6752,25.7811
19207,R,33.5409,12.8293,25.4499
19208,R,33.8393,9.5661,25.3492
19209,R,35.1632,6.7910,25.1249
19210,R,35.7217,18.0320,49.5019
19211,R,37.8381,18.6435,49.2784
19212,R,40.1125,18.8528,48.4076
19213,R,40.0804,13.2116,51.8787
19214,R,41.5240,15.6972,48.9991
19215,R,41.9658,18.6171,46.5835
19216,R,42.4216,17.3645,44.9391
19217,R,41.0417,15.9992,42.8299
19218,R,39.4206,14.5223,40.6283
19219,R,41.1526,3.5626,49.1979
19220,R,40.1309,5.3541,47.9052
19221,R,38.9726,6.6649,46.3397
19222,R,40.0738,3.8184,42.4590
19223,R,38.6187,5.7863,43.7070
19224,R,38.3100,8.4896,44.2734
19225,R,38.3968,9.9170,42.4098
19226,R,38.2199,11.4676,40.8693
19227,R,37.9283,13.0648,38.5040
19228,R,36.4381,11.6246,36.5440
19229,R,34.9877,10.4743,34.9228
19230,R,33.6578,8.8181,33.1319
19231,R,36.3300,3.7064,34.6154
19232,R,34.5498,5.1279,33.2134
19233,R,33.1149,6.9224,31.1018
19234,R,33.7931,5.4727,28.8740
19235,R,35.4271,4.6964,26.6499
19236,R,37.7355,4.4783,24.8947
19237,R,40.5799,3.7083,25.1158
19238,R,43.6990,3.9583,25.5883
19239,R,46.8135,4.9185,26.4992
19240,R,46.6678,4.1622,30.0656
19241,R,47.5402,5.6793,28.9306
19242,R,50.1388,6.3946,27.4882
19243,R,53.9213,7.4995,28.1122
19244,R,57.4415,7.5093,27.3321
19245,R,59.1846,5.6830,26.0548
19246,R,55.4788,0.6488,36.6283
19247,R,56.3369,1.4893,34.8784
19248,R,57.2970,2.3901,33.2836
19249,R,56.2166,-1.9579,32.3611
19250,R,57.9134,0.4482,32.1802
19251,R,58.1523,2.9812,31.6719
19252,R,58.6698,3.2527,29.6632
19253,R,59.1026,3.0984,27.2464
19254,R,59.4074,2.4866,24.5046
19255,R,58.1105,-0.2880,22.6008
19256,R,55.8729,-3.1893,19.6838
19257,R,55.6560,-6.7291,18.6756
19258,R,52.6459,-7.1386,21.2455
19259,R,54.6603,-8.5372,20.5781
19260,R,57.1400,-9.5809,20.4965
19261,R,59.0436,-9.4185,23.7062
19262,R,60.8171,-7.6672,26.5754
19263,R,62.8306,-7.6462,26.2493
19264,R,38.7125,-10.2888,3.4440
19265,R,38.2359,-12.8703,3.6721
19266,R,38.0476,-10.7542,5.0351
19267,R,37.1445,-11.2338,6.4677
19268,R,36.0783,-11.3707,7.9190
19269,R,36.1792,-3.0516,10.8470
19270,R,35.3125,-7.1460,10.0022
19271,R,35.0828,-11.5771,9.3641
19272,R,34.2328,-11.4067,11.0234
19273,R,33.7435,-11.1337,12.8269
19274,R,33.6313,-10.7585,14.6409
19275,R,34.8591,9.9307,13.0595
19276,R,35.1365,6.3299,13.5855
19277,R,35.3367,2.8795,14.6773
19278,R,38.0337,5.2385,13.3854
19279,R,36.8005,2.6867,15.1821
19280,R,35.7979,-0.2233,15.8559
19281,R,36.1014,-3.6588,16.2366
19282,R,35.1501,-7.1540,15.9107
19283,R,34.1894,-10.3931,16.3345
19284,R,35.1279,-9.9796,17.5118
19285,R,36.4070,-9.7727,18.3781
19286,R,37.7560,-9.8424,18.8265
19287,R,41.7491,-4.3673,17.7188
19288,R,40.3827,-7.6264,17.0851
19289,R,39.2925,-9.9931,18.9535
19290,R,40.8589,-10.2474,18.8829
19291,R,42.5483,-10.4649,18.6539
19292,R,44.1695,-10.5685,18.2529
19293,R,50.3321,23.3721,7.8133
19294,R,49.2830,21.1601,8.8745
19295,R,47.7512,18.8994,10.7426
19296,R,52.6539,20.2056,13.7075
19297,R,49.7681,17.8639,12.7194
19298,R,47.2907,15.3070,9.1338
19299,R,47.5761,13.8357,5.8416
19300,R,47.3699,12.5513,3.4108
19301,R,47.3057,10.4788,2.8819
19302,R,52.5590,15.8734,18.6118
19303,R,53.9145,14.3521,14.6341
19304,R,54.2016,12.9766,10.1062
19305,R,50.6867,10.2260,7.5713
19306,R,52.2269,11.5637,6.7166
19307,R,53.5372,12.6105,5.7791
19308,R,52.1928,11.8960,2.3001
19309,R,49.9735,10.3765,1.3576
19310,R,47.1005,7.4704,4.0193
19311,R,47.4128,4.7320,6.0903
19312,R,48.1461,2.2509,8.4943
19313,R,48.6142,-0.6560,10.3878
19314,R,51.4460,1.2907,5.4329
19315,R,49.6346,-1.6321,8.5380
19316,R,47.6766,-4.0483,11.6441
19317,R,46.3348,-7.0715,12.3723
19318,R,45.9185,-9.4334,14.5014
19319,R,46.3519,-10.6053,17.7076
19320,R,48.1421,-10.7420,17.0904
19321,R,49.8233,-11.0295,16.3926
19322,R,51.4406,-11.4367,15.6761
19323,R,52.7278,-8.2865,11.4317
19324,R,53.1510,-10.2946,13.1294
19325,R,53.1444,-11.8373,14.9980
19326,R,55.0354,-12.0130,14.7077
19327,R,57.1482,-11.7336,14.6552
19328,R,59.3780,-11.4936,14.6025
19329,R,57.7017,3.1298,10.2625
19330,R,56.4046,0.4168,11.9628
19331,R,57.2365,-3.3034,11.9506
19332,R,59.2037,0.2320,13.3662
19333,R,59.0668,-3.0990,11.5616
19334,R,58.9437,-5.9585,10.3913
19335,R,60.2663,-8.4564,10.5315
19336,R,61.1209,-10.3773,11.9578
19337,R,61.6385,-11.3112,14.4450
19338,R,63.2720,-11.3148,15.0243
19339,R,64.3093,-11.2261,16.4087
19340,R,64.7330,-10.8368,18.2270
19341,R,63.3115,-8.0356,14.9729
19342,R,64.3578,-8.5909,17.6767
19343,R,64.6535,-10.0356,20.2251
19344,R,64.3528,-9.0178,22.2140
19345,R,63.7034,-8.0944,24.2441
19346,R,14.9488,27.9817,-17.6944
19347,R,15.4954,24.8941,-17.7546
19348,R,14.8909,26.7851,-20.6057
19349,R,13.0314,24.9014,-24.3625
19350,R,13.3727,23.7933,-25.5587
19351,R,13.3988,29.4115,-26.3926
19352,R,14.0178,26.0959,-25.9239
19353,R,14.8141,22.8324,-25.1638
19354,R,17.4875,22.2721,-22.2473
19355,R,18.9981,21.6522,-18.6588
19356,R,21.3952,21.5599,-17.0288
19357,R,17.8602,37.9658,-18.0491
19358,R,20.2411,35.1383,-18.6389
19359,R,21.1557,32.4816,-18.1364
19360,R,22.8624,34.2592,-13.3403
19361,R,20.8488,32.2962,-14.3704
19362,R,19.7233,29.7270,-15.9153
19363,R,20.2662,26.5287,-14.6164
19364,R,22.0155,23.9513,-15.0638
19365,R,24.3421,22.6395,-17.7568
19366,R,26.8008,23.5177,-19.9406
19367,R,29.3086,23.0035,-20.8593
19368,R,31.0996,22.6640,-20.4028
19369,R,31.7214,26.9236,-18.9333
19370,R,32.5489,24.2996,-20.0501
19371,R,31.7932,22.3147,-18.5859
19372,R,31.0208,23.1486,-16.1354
19373,R,30.1091,23.7594,-13.6498
19374,R,29.1081,23.7355,-11.0830
19375,R,32.7028,55.8132,-10.6964
19376,R,33.2544,52.8540,-11.1874
19377,R,33.3957,49.5030,-11.1121
19378,R,39.0652,50.5165,-8.6306
19379,R,35.9229,48.6070,-9.3745
19380,R,33.6990,46.1313,-12.1047
19381,R,33.5783,42.7284,-10.9986
19382,R,33.6130,40.0572,-8.1539
19383,R,34.8232,36.7952,-6.9036
19384,R,44.5665,39.6206,-10.0190
19385,R,45.8398,41.0641,-12.2588
19386,R,44.7297,40.8042,-13.8922
19387,R,47.4162,34.8808,-13.2158
19388,R,45.3388,37.3222,-14.0953
19389,R,42.4164,39.2157,-13.4107
19390,R,40.4135,37.1635,-10.4884
19391,R,38.5548,35.0644,-8.9728
19392,R,36.3472,33.3430,-8.9082
19393,R,37.6935,30.7734,-12.7160
19394,R,39.2413,28.4823,-15.4815
19395,R,39.9305,25.7004,-16.0790
19396,R,41.8450,25.1615,-12.5192
19397,R,40.1177,24.6355,-13.5125
19398,R,38.2530,24.5101,-14.6115
19399,R,35.0423,24.8784,-12.6430
19400,R,30.9334,24.7800,-10.4634
19401,R,28.0669,22.4584,-8.1803
19402,R,28.3469,21.0226,-6.0555
19403,R,29.8295,19.4967,-4.3366
19404,R,32.5328,18.5435,-3.6658
19405,R,29.2402,23.3656,-2.5340
19406,R,32.0135,20.3390,-2.4816
19407,R,35.2474,17.7624,-3.7617
19408,R,36.6141,16.5541,-3.0978
19409,R,36.5423,14.5117,-2.0797
19410,R,35.3473,11.3795,-1.5815
19411,R,30.8390,29.6285,2.5551
19412,R,29.3897,26.5499,3.2848
19413,R,30.0572,22.7575,3.0959
19414,R,30.0167,21.3556,6.4903
19415,R,30.8017,20.1607,4.4281
19416,R,32.3172,19.0677,2.5569
19417,R,33.7947,15.7094,1.6127
19418,R,34.1300,12.2656,0.1227
19419,R,35.7476,7.4065,-0.6857
19420,R,36.9872,4.1699,-0.0286
19421,R,38.3329,1.5168,1.0314
19422,R,38.6650,-0.6026,2.0458
19423,R,34.6591,4.1369,4.7747
19424,R,37.3904,0.1523,3.8716
19425,R,38.1009,-3.3925,2.1717
19426,R,37.7556,-5.8165,2.4451
19427,R,37.9164,-8.2431,2.8483
19428,R,14.3952,27.4075,27.5467
19429,R,14.0430,28.7625,25.1664
19430,R,13.3357,30.2211,22.9472
19431,R,14.4763,33.8869,25.3546
19432,R,14.6827,32.3090,22.6156
19433,R,12.2496,31.6779,20.9019
19434,R,11.2955,33.3655,18.8987
19435,R,10.6541,34.7898,16.9541
19436,R,10.2867,36.2485,14.9909
19437,R,7.8428,42.1517,24.6014
19438,R,10.5758,42.1039,22.3255
19439,R,13.2650,41.5097,20.1969
19440,R,12.0316,45.0085,16.9849
19441,R,13.6476,42.8386,17.4446
19442,R,15.1545,40.0306,17.6058
19443,R,15.1368,38.2577,15.1228
19444,R,13.0696,37.1797,13.4208
19445,R,9.8309,37.8372,12.8386
19446,R,9.0930,39.2329,10.5525
19447,R,8.6665,40.5318,8.0537
19448,R,8.6078,41.2450,5.4218
19449,R,14.6335,41.3671,5.9189
19450,R,12.0645,40.6884,4.3859
19451,R,8.9124,40.5950,2.7186
19452,R,9.4787,39.7850,0.3471
19453,R,9.7751,38.8644,-1.9840
19454,R,10.1179,37.9570,-4.0859
19455,R,11.0118,59.8905,23.2493
19456,R,9.1683,61.3347,21.0166
19457,R,8.7893,61.3503,18.4359
19458,R,11.9355,64.0485,14.8307
19459,R,9.5916,63.8239,15.3813
19460,R,9.0098,60.6053,15.4848
19461,R,8.9152,58.8633,13.5495
19462,R,10.2367,56.9810,11.8107
19463,R,10.9736,54.9325,9.0189
19464,R,14.2711,63.6787,2.0018
19465,R,11.5564,64.6542,3.9657
19466,R,9.3518,64.1768,5.0748
19467,R,9.3072,64.1138,0.0477
19468,R,9.4300,62.5384,3.1944
19469,R,8.7987,61.6226,5.8597
19470,R,8.9585,58.7027,6.0512
19471,R,9.9263,55.4156,6.4382
19472,R,9.9421,53.0669,6.4849
19473,R,9.8757,50.9618,4.0180
19474,R,11.4787,48.8071,1.7252
19475,R,12.8848,46.8315,-0.5700
19476,R,11.2407,49.3390,-2.4675
19477,R,12.0328,46.8355,-2.4862
19478,R,13.5594,44.4081,-2.6686
19479,R,13.4723,41.7313,-4.3203
19480,R,12.5204,39.0753,-5.4489
19481,R,11.1922,36.8520,-6.6192
19482,R,11.4509,36.4990,-8.8949
19483,R,10.5687,36.6851,-11.0760
19484,R,8.5141,36.9432,-12.7410
19485,R,8.6208,42.5999,-11.6594
19486,R,6.9824,40.4134,-13.2864
19487,R,5.7008,37.3806,-14.3381
19488,R,6.7756,36.9908,-15.7814
19489,R,7.2082,37.1066,-18.1912
19490,R,5.7519,37.2604,-20.8134
19491,R,6.9538,54.1876,-16.0607
19492,R,6.5496,51.1644,-17.5970
19493,R,5.9276,48.2657,-18.4551
19494,R,6.2969,49.6330,-21.5771
19495,R,5.2418,47.6630,-21.0144
19496,R,5.3631,45.7284,-19.3998
19497,R,4.8857,43.1274,-21.0569
19498,R,4.5144,40.1676,-22.6407
19499,R,4.4016,36.9170,-23.8470
19500,R,4.5698,35.9280,-25.5631
19501,R,5.4049,34.7337,-25.8764
19502,R,7.4851,33.6225,-23.5976
19503,R,10.7587,38.7191,-19.5883
19504,R,10.2482,35.9747,-19.9938
19505,R,9.8023,32.8608,-20.3737
19506,R,11.6690,31.6581,-18.3376
19507,R,13.5067,29.9980,-17.4519
19508,R,12.7054,27.2143,-16.4287
19509,R,13.1870,-42.2229,4.0185
19510,R,14.6531,-41.7948,3.1733
19511,R,14.1653,-39.8031,4.4369
19512,R,15.4314,-38.1191,4.8595
19513,R,16.5327,-36.8447,5.6237
19514,R,11.7184,-34.9119,6.7576
19515,R,14.5788,-35.3632,5.7614
19516,R,17.3092,-35.6345,5.2148
19517,R,17.7039,-35.0761,3.9861
19518,R,17.1780,-34.9905,1.5427
19519,R,16.5512,-34.5374,-0.5033
19520,R,7.2576,-25.7178,10.7845
19521,R,7.3509,-26.5697,8.3872
19522,R,7.5046,-28.1055,5.6684
19523,R,5.4069,-24.2257,5.4412
19524,R,6.9021,-26.9498,4.1124
19525,R,8.4050,-30.1603,2.8458
19526,R,10.4642,-31.8093,0.5394
19527,R,12.9060,-32.7542,-1.2201
19528,R,15.6688,-33.1073,-2.3287
19529,R,14.9531,-31.1531,-3.7320
19530,R,14.3803,-28.9226,-4.6669
19531,R,13.8625,-26.8770,-5.4460
19532,R,8.1861,-25.4105,-4.4441
19533,R,10.7850,-25.8151,-5.9132
19534,R,12.8713,-25.7279,-7.1318
19535,R,11.4265,-24.7604,-9.4705
19536,R,9.3554,-23.5992,-12.5911
19537,R,6.6591,-22.7121,-15.8832
19538,R,1.3609,-3.9191,17.5214
19539,R,1.6691,-4.3476,15.1765
19540,R,1.5641,-4.9652,12.9523
19541,R,1.8691,1.1503,12.3501
19542,R,1.7478,-2.1916,11.3859
19543,R,2.3757,-5.1619,10.6197
19544,R,3.6761,-5.0194,8.7873
19545,R,3.7108,-5.4125,6.6962
19546,R,2.7836,-7.0625,4.4756
19547,R,1.5476,13.5285,6.8252
19548,R,1.8493,8.8860,5.9215
19549,R,2.3367,4.6922,4.9063
19550,R,2.5096,5.9264,1.3177
19551,R,2.5065,3.4045,2.6169
19552,R,2.5991,1.0963,3.9189
19553,R,3.8194,-1.7861,3.2215
19554,R,3.4674,-5.3079,2.8771
19555,R,2.3397,-10.1092,1.3888
19556,R,2.9505,-13.2121,-1.2400
19557,R,3.5206,-16.1104,-3.7253
19558,R,2.2981,-18.8891,-6.1783
19559,R,3.3412,-11.7007,-6.3792
19560,R,2.1522,-16.5842,-7.5532
19561,R,1.5451,-21.3360,-9.3632
19562,R,1.9950,-22.3203,-13.2310
19563,R,3.4248,-22.1180,-16.6210
19564,R,5.9324,-21.6788,-18.3819
19565,R,6.3071,-19.4767,-19.2921
19566,R,6.5923,-15.9721,-18.9264
19567,R,6.8793,-12.5244,-15.8450
19568,R,2.9624,-8.1131,-13.3367
19569,R,4.4435,-7.8301,-14.0909
19570,R,6.2318,-7.6647,-14.1469
19571,R,7.0168,-4.2745,-15.3684
19572,R,8.4375,-2.0385,-15.7989
19573,R,9.5755,-0.7042,-13.8324
19574,R,6.3698,10.9012,-7.9297
19575,R,6.6803,9.4502,-9.0784
19576,R,6.9854,7.9256,-10.1803
19577,R,7.4627,17.0932,-13.7980
19578,R,7.5523,12.7089,-12.2460
19579,R,7.3191,6.2731,-11.3027
19580,R,7.8094,5.0333,-12.3505
19581,R,8.6628,3.8039,-12.9429
19582,R,9.9870,2.5979,-13.1430
19583,R,9.4270,7.3122,-15.0056
19584,R,9.1635,11.8054,-17.3908
19585,R,9.0709,15.3906,-19.0728
19586,R,5.9919,19.3270,-24.0656
19587,R,7.5592,18.8895,-22.5946
19588,R,9.1910,19.0232,-19.2859
19589,R,9.8902,22.3254,-18.1735
19590,R,11.0219,25.0401,-16.9712
19591,R,9.4203,-49.8659,46.3452
19592,R,10.6302,-50.2139,44.7752
19593,R,11.5175,-50.4869,43.1428
19594,R,7.9565,-47.1903,43.3835
19595,R,10.7208,-48.4871,42.6108
19596,R,12.6654,-50.6958,41.6594
19597,R,13.9141,-50.7369,40.0772
19598,R,14.8655,-50.6247,38.2050
19599,R,15.3782,-50.3775,36.0346
19600,R,9.2806,-40.7295,41.7259
19601,R,6.0454,-42.1517,41.8014
19602,R,6.7121,-43.7963,40.0632
19603,R,7.3711,-40.9095,39.1702
19604,R,8.6190,-42.8123,38.8134
19605,R,10.3390,-44.5360,38.8462
19606,R,13.7052,-45.7253,37.4540
19607,R,15.6570,-47.7383,35.6750
19608,R,15.2919,-50.0701,33.8067
19609,R,14.3954,-49.9431,31.8036
19610,R,12.8052,-49.9966,30.2543
19611,R,11.1746,-50.2146,29.1110
19612,R,10.6072,-45.9399,31.0548
19613,R,9.7122,-48.5804,30.1394
19614,R,9.7501,-50.3830,27.8382
19615,R,8.5027,-50.5085,26.4083
19616,R,7.5413,-50.5840,24.6573
19617,R,6.7994,-50.6343,22.7746
19618,R,10.3680,-19.9680,38.2746
19619,R,8.7310,-22.6455,38.8237
19620,R,7.0211,-24.9221,39.9436
19621,R,5.0046,-20.0404,39.6058
19622,R,5.2582,-23.4833,39.9662
19623,R,5.2657,-26.9861,40.6446
19624,R,4.6224,-29.2301,39.6745
19625,R,5.0237,-30.8958,37.7834
19626,R,5.3613,-32.4611,35.0763
19627,R,6.4749,-16.0158,32.4266
19628,R,5.5540,-19.4354,31.9126
19629,R,4.7277,-22.7562,31.6264
19630,R,8.4509,-24.8645,30.6424
19631,R,6.4919,-25.2957,31.0464
19632,R,4.4250,-25.8497,31.8072
19633,R,4.3636,-28.8243,32.1579
19634,R,4.5036,-31.7342,32.5105
19635,R,4.8404,-34.5592,32.7561
19636,R,4.5572,-36.9573,31.3680
19637,R,4.2806,-39.5897,30.3950
19638,R,4.1052,-42.2089,29.4489
19639,R,7.2036,-39.5134,27.9435
19640,R,4.8729,-41.9393,27.4579
19641,R,4.2710,-45.0247,28.3536
19642,R,4.2466,-47.5635,26.0346
19643,R,4.4877,-49.4107,23.1796
19644,R,6.2429,-50.4157,20.4129
19645,R,6.2176,-50.3627,18.3823
19646,R,6.2068,-50.3466,16.6910
19647,R,6.2804,-50.1484,15.3073
19648,R,8.7426,-46.3143,19.7736
19649,R,7.8843,-48.0935,17.1656
19650,R,6.5697,-49.7878,14.1743
19651,R,7.1763,-49.3109,13.1433
19652,R,7.9447,-48.8301,12.0286
19653,R,8.5988,-48.2394,10.9299
19654,R,0.7276,-36.1092,22.2452
19655,R,1.1446,-38.7368,20.0880
19656,R,1.7382,-41.1954,17.8400
19657,R,0.7020,-37.2365,15.4388
19658,R,1.0582,-40.6089,15.4403
19659,R,3.0745,-43.2289,15.5588
19660,R,5.3352,-44.4945,13.4917
19661,R,8.1349,-45.6769,11.9038
19662,R,9.1143,-47.5792,9.7708
19663,R,9.4456,-46.9683,8.6653
19664,R,9.8233,-46.3041,7.5853
19665,R,10.2394,-45.6437,6.6308
19666,R,5.4494,-40.7522,6.8120
19667,R,8.8725,-42.5947,7.0065
19668,R,10.7869,-44.9233,5.7579
19669,R,11.4734,-44.1300,5.0452
19670,R,12.1602,-43.1641,4.4083
19671,R,11.7181,-44.2000,2.1452
19672,R,19.5509,-100.0425,7.3043
19673,R,18.5343,-100.6571,4.1354
19674,R,16.3277,-101.1809,7.8291
19675,R,13.4496,-101.9830,7.6711
19676,R,11.6357,-102.0373,7.3117
19677,R,10.4448,-98.7864,12.7264
19678,R,9.7068,-100.5046,10.8484
19679,R,10.7168,-101.1250,7.0781
19680,R,10.7118,-99.4880,7.0424
19681,R,11.7170,-97.2609,7.4976
19682,R,11.9214,-94.9639,7.0940
19683,R,8.7157,-87.9175,17.2495
19684,R,7.2395,-89.4500,14.8223
19685,R,5.7012,-91.1728,12.9884
19686,R,5.9299,-86.3947,15.7021
19687,R,5.2770,-89.3508,12.6913
19688,R,4.8823,-92.5851,10.6782
19689,R,5.3571,-93.7134,7.6489
19690,R,7.9567,-94.1151,6.1137
19691,R,11.4354,-92.7743,6.2293
19692,R,10.9928,-90.9464,6.4475
19693,R,10.9802,-89.4040,7.1087
19694,R,12.2173,-87.5405,8.3355
19695,R,7.6171,-83.4732,8.9639
19696,R,10.6569,-84.7582,9.8573
19697,R,14.1880,-85.2706,8.4302
19698,R,15.4881,-83.2103,7.7097
19699,R,15.7711,-81.0025,7.5695
19700,R,15.4994,-79.0703,7.4347
19701,R,17.9072,-79.7593,32.2721
19702,R,15.4663,-79.9037,30.1095
19703,R,13.3165,-80.0193,27.8585
19704,R,18.8146,-75.6061,27.1741
19705,R,15.7134,-78.8148,25.3959
19706,R,11.4319,-78.6644,25.7040
19707,R,9.9219,-76.8957,24.3321
19708,R,8.8456,-74.4646,22.8814
19709,R,7.0636,-72.8708,20.6673
19710,R,19.0319,-62.2039,28.6834
19711,R,21.5609,-66.3730,25.8918
19712,R,20.9571,-71.0076,21.4343
19713,R,22.5190,-67.8987,19.5065
19714,R,20.4477,-71.0216,18.1231
19715,R,17.5404,-73.0600,18.2741
19716,R,13.7457,-71.3345,19.6638
19717,R,8.8269,-70.9343,18.7587
19718,R,4.4665,-70.9379,18.6368
19719,R,3.1160,-69.8226,15.8174
19720,R,3.6859,-70.1352,13.5397
19721,R,5.8250,-71.7987,13.5276
19722,R,10.0944,-65.7086,10.4325
19723,R,8.5310,-69.4218,13.2258
19724,R,8.8156,-74.2803,14.8239
19725,R,12.2962,-76.5173,14.6565
19726,R,14.6543,-77.8248,11.3110
19727,R,14.7435,-77.1522,7.3364
19728,R,14.0581,-75.5352,7.8399
19729,R,14.9548,-73.5839,7.2462
19730,R,16.3674,-72.2570,5.3022
19731,R,20.4119,-70.9722,7.9943
19732,R,20.1320,-71.8081,5.7222
19733,R,18.3148,-70.8035,3.7965
19734,R,20.9443,-69.0653,2.7004
19735,R,23.6890,-66.8313,2.0432
19736,R,25.6417,-64.0005,1.5147
19737,R,22.5467,-61.2109,11.0690
19738,R,23.1730,-62.1642,8.4380
19739,R,24.5318,-62.6259,7.3136
19740,R,21.2539,-58.1241,8.8739
19741,R,24.3205,-60.2288,7.6301
19742,R,26.3245,-63.2039,6.5522
19743,R,27.6661,-63.0887,4.9344
19744,R,27.8043,-62.2227,2.8661
19745,R,26.8555,-60.7899,1.2505
19746,R,27.0767,-58.0483,1.4182
19747,R,26.1679,-55.0289,2.2729
19748,R,23.5103,-51.9573,3.1655
19749,R,19.7238,-51.9805,5.7162
19750,R,20.1761,-51.0008,4.4868
19751,R,20.2507,-49.9902,2.9768
19752,R,16.9306,-48.3016,2.3220
19753,R,13.7139,-46.4624,1.6525
19754,R,29.6224,-49.0230,45.1665
19755,R,28.4940,-50.5966,43.6387
19756,R,28.5371,-52.6235,42.3783
19757,R,28.6779,-52.0252,47.6953
19758,R,28.1896,-53.1182,44.3643
19759,R,29.4342,-54.9568,41.6748
19760,R,30.6665,-56.8154,42.0903
19761,R,31.5888,-58.7231,43.4746
19762,R,32.3535,-60.6210,45.2059
19763,R,27.4609,-54.5844,54.0520
19764,R,26.7093,-55.0029,50.9111
19765,R,26.5640,-56.2478,47.7349
19766,R,26.0143,-57.8339,47.5083
19767,R,26.8632,-57.9708,46.8636
19768,R,27.9512,-57.7619,45.9833
19769,R,29.6231,-58.9500,46.0790
19770,R,31.2631,-60.8258,46.4205
19771,R,32.4303,-62.7965,46.5993
19772,R,32.7559,-63.9039,44.7491
19773,R,33.5614,-64.7289,42.0326
19774,R,33.9157,-66.0662,39.9168
19775,R,30.8919,-63.5711,40.4030
19776,R,32.3762,-65.0753,38.8798
19777,R,33.7718,-66.9587,37.8374
19778,R,33.2797,-68.0396,35.3798
19779,R,33.7084,-68.8289,32.5092
19780,R,33.4718,-69.6494,29.4131
19781,R,16.4248,-63.5243,60.8038
19782,R,16.7361,-62.9256,58.2065
19783,R,17.0699,-62.2937,55.3743
19784,R,15.0324,-65.9274,53.5360
19785,R,16.6111,-64.1000,53.2573
19786,R,18.1369,-62.3837,52.8781
19787,R,20.0822,-62.4504,51.5039
19788,R,22.5607,-62.3843,50.4190
19789,R,24.2016,-62.9037,48.3319
19790,R,16.4352,-71.3542,48.2923
19791,R,17.5760,-69.3157,47.9746
19792,R,18.6999,-67.1923,47.4314
19793,R,20.2731,-67.4737,41.3875
19794,R,19.5492,-65.8649,44.0162
19795,R,19.7896,-65.1772,46.8782
19796,R,20.9294,-63.5278,46.0913
19797,R,22.4613,-62.3432,45.2862
19798,R,24.1095,-61.6100,44.5426
19799,R,24.5489,-60.3117,41.0371
19800,R,25.9070,-60.0421,37.1574
19801,R,27.9945,-60.6043,33.9148
19802,R,26.1117,-61.6885,30.6080
19803,R,28.2688,-61.2158,30.3989
19804,R,30.3147,-62.1236,31.0138
19805,R,32.0163,-64.5177,28.8846
19806,R,32.8626,-67.4897,27.3282
19807,R,34.0316,-70.6568,25.8977
19808,R,34.0276,-71.7377,23.0329
19809,R,33.6360,-72.7908,20.2153
19810,R,32.8881,-74.1275,17.5281
19811,R,29.3877,-72.6262,18.3556
19812,R,30.2060,-74.0676,16.4185
19813,R,31.1504,-76.0289,15.4867
19814,R,29.3790,-78.1295,13.7726
19815,R,27.1892,-81.1352,13.3137
19816,R,26.1112,-84.1326,13.5019
19817,R,24.9357,-84.5467,24.8948
19818,R,23.4793,-83.9878,22.7044
19819,R,21.7138,-83.3276,20.3334
19820,R,18.2371,-86.2803,20.5303
19821,R,19.6729,-85.1997,19.1181
19822,R,21.5155,-83.7153,17.6226
19823,R,22.7381,-84.8808,16.1669
19824,R,24.3473,-86.0162,15.4541
19825,R,25.7751,-87.0330,14.9037
19826,R,26.4627,-89.7796,16.7169
19827,R,26.2136,-93.0277,16.7547
19828,R,24.2409,-94.5818,14.6571
19829,R,20.8445,-95.5879,17.0601
19830,R,22.2738,-95.9457,14.7594
19831,R,23.3084,-95.9508,11.5145
19832,R,22.6163,-97.9575,9.8341
19833,R,21.3194,-99.4782,8.5696
19834,R,22.6113,-98.8262,5.3364
19835,R,46.1073,-44.8977,8.6854
19836,R,48.2590,-45.6179,6.6992
19837,R,47.9950,-46.6662,7.8789
19838,R,49.9861,-48.4588,7.7462
19839,R,51.8142,-50.3308,7.9019
19840,R,48.0298,-50.8170,10.8200
19841,R,50.7911,-51.4458,9.4033
19842,R,53.5419,-52.1507,8.5411
19843,R,54.7611,-54.1346,9.2687
19844,R,54.9687,-56.0234,9.4326
19845,R,53.7344,-57.0261,8.7680
19846,R,43.6706,-53.0845,18.7778
19847,R,45.6742,-54.0523,16.6998
19848,R,48.5290,-54.9391,15.0766
19849,R,49.0808,-56.6982,16.8524
19850,R,50.1469,-56.4334,15.2208
19851,R,51.4700,-56.3273,13.5918
19852,R,52.5861,-57.2764,11.8722
19853,R,51.8350,-57.0450,9.7273
19854,R,51.5577,-57.0733,7.0245
19855,R,49.3564,-57.9290,6.0818
19856,R,47.1639,-58.7217,6.3711
19857,R,45.0679,-59.4833,6.8714
19858,R,42.4309,-57.9314,9.8380
19859,R,42.5904,-59.1794,8.4622
19860,R,43.3203,-60.7136,7.3134
19861,R,42.1056,-62.3967,7.1533
19862,R,41.6631,-64.9341,7.2211
19863,R,42.4420,-67.4870,7.6981
19864,R,46.3788,-57.0136,33.9808
19865,R,46.4131,-58.5861,31.6748
19866,R,47.6444,-59.9810,29.0966
19867,R,48.8902,-62.1125,31.3469
19868,R,49.8768,-61.6880,29.0328
19869,R,49.6298,-60.9580,26.8555
19870,R,51.0100,-62.1008,25.1160
19871,R,50.3441,-63.1334,23.0503
19872,R,47.1042,-62.4185,22.2644
19873,R,43.5487,-69.1984,33.4380
19874,R,45.0872,-68.2674,31.3286
19875,R,45.8560,-67.6908,28.9116
19876,R,41.3486,-69.3377,28.3693
19877,R,43.7033,-68.2217,27.2611
19878,R,45.7281,-66.8789,26.5482
19879,R,45.0672,-65.2811,25.0399
19880,R,44.3755,-63.1932,23.5050
19881,R,43.5022,-61.5097,21.7791
19882,R,40.4944,-61.1489,20.4902
19883,R,38.2500,-61.8223,18.3785
19884,R,37.5442,-63.4712,15.6433
19885,R,39.0284,-67.9450,17.3375
19886,R,38.5727,-66.5689,15.3344
19887,R,38.7955,-65.0928,13.0330
19888,R,40.5288,-66.6718,10.9601
19889,R,42.3547,-68.5948,9.5611
19890,R,44.5884,-70.0879,8.0923
19891,R,46.8173,-71.9344,8.2034
19892,R,49.0384,-74.1080,8.0395
19893,R,49.0643,-76.7739,7.6748
19894,R,45.9557,-75.5094,10.2684
19895,R,46.6073,-77.2381,8.6515
19896,R,46.5494,-79.1119,6.7483
19897,R,42.6754,-79.8841,5.0191
19898,R,38.9483,-79.9657,3.1522
19899,R,35.6641,-80.6273,1.5587
19900,R,40.3549,-79.3792,15.8777
19901,R,38.0984,-78.9762,13.6771
19902,R,36.2626,-78.3771,11.2758
19903,R,35.2611,-83.2737,11.3767
19904,R,34.5494,-80.6791,10.1876
19905,R,34.8975,-78.2405,8.3012
19906,R,33.7164,-78.9032,5.7022
19907,R,32.7234,-80.0572,3.0362
19908,R,32.3723,-82.0185,0.9013
19909,R,29.6315,-84.3476,1.3703
19910,R,27.7544,-87.0971,2.4051
19911,R,27.0389,-90.0937,3.0959
19912,R,27.0596,-90.7508,7.6214
19913,R,27.2017,-91.4952,5.1673
19914,R,26.4114,-92.8463,3.2651
19915,R,25.6129,-95.3293,3.3719
19916,R,24.2873,-97.6264,3.9294
19917,R,60.4450,-12.4783,29.8851
19918,R,58.7269,-14.5758,28.9695
19919,R,57.5185,-17.0658,28.3871
19920,R,56.0874,-17.0432,30.9611
19921,R,56.6074,-18.2141,29.4880
19922,R,57.0337,-19.8544,28.3342
19923,R,57.6175,-22.4104,28.3952
19924,R,59.3432,-24.0415,28.3316
19925,R,59.9740,-25.5543,28.5807
19926,R,52.1078,-22.5098,33.7419
19927,R,54.0604,-23.6324,33.3660
19928,R,56.1454,-24.5163,33.2135
19929,R,57.0727,-25.4181,37.3179
19930,R,57.7602,-25.1830,35.0362
19931,R,58.0350,-24.7714,32.8407
19932,R,59.6925,-24.9799,31.7397
19933,R,60.5383,-25.8080,30.5084
19934,R,59.3040,-26.9770,29.7854
19935,R,58.1830,-28.0544,30.9542
19936,R,56.7535,-29.2594,32.3467
19937,R,55.1099,-30.5842,33.2873
19938,R,57.8651,-29.7568,36.6837
19939,R,55.8930,-31.1047,35.4534
19940,R,53.6976,-32.6732,34.4336
19941,R,53.7094,-35.3380,34.3947
19942,R,55.0571,-37.2414,32.8530
19943,R,56.9763,-38.0802,30.5030
19944,R,45.9543,-31.5292,39.6537
19945,R,47.5391,-32.5260,41.3675
19946,R,49.2108,-33.1197,43.3092
19947,R,47.7971,-35.8426,45.3608
19948,R,49.2341,-34.4665,45.9188
19949,R,50.9705,-33.4419,45.2077
19950,R,52.8353,-33.7441,46.8776
19951,R,54.6348,-33.8840,47.3145
19952,R,56.0811,-33.7992,46.4404
19953,R,50.2195,-42.8813,40.5969
19954,R,51.4067,-42.3038,42.7060
19955,R,52.7873,-41.4849,44.4999
19956,R,54.4433,-43.1750,41.6769
19957,R,54.3245,-42.0581,43.7000
19958,R,54.1033,-39.9461,45.6856
19959,R,55.3094,-38.1693,46.0149
19960,R,55.9651,-36.2592,45.4934
19961,R,57.0074,-34.0902,44.1978
19962,R,57.5448,-34.4813,41.4443
19963,R,59.0655,-35.4754,39.2108
19964,R,60.7524,-36.0046,37.2127
19965,R,60.3264,-39.5754,35.0946
19966,R,61.6944,-37.9817,34.9922
19967,R,61.3578,-36.5005,34.9107
19968,R,61.0233,-37.0672,32.5308
19969,R,60.5563,-37.6162,30.3131
19970,R,60.0595,-38.0951,27.6958
19971,R,61.7568,-37.5794,25.2962
19972,R,62.7120,-37.8136,23.1073
19973,R,63.1666,-38.5442,21.0171
19974,R,61.3164,-40.7866,22.3472
19975,R,62.2080,-40.2206,20.7741
19976,R,62.7709,-39.5616,19.1233
19977,R,61.6039,-40.5941,17.2944
19978,R,60.5632,-41.5714,16.1831
19979,R,59.1644,-41.6070,15.5971
19980,R,54.5116,-45.6587,26.7407
19981,R,54.6780,-44.8299,24.6544
19982,R,55.3874,-44.7964,22.2048
19983,R,52.6332,-46.0009,22.1537
19984,R,54.1740,-45.3034,21.3105
19985,R,56.1985,-44.4818,19.9593
19986,R,56.7709,-43.7404,17.9223
19987,R,57.2457,-42.6076,16.4189
19988,R,57.2033,-41.1550,15.0623
19989,R,55.1459,-41.1211,14.4599
19990,R,52.5981,-41.0820,13.9148
19991,R,49.8513,-41.0692,13.4862
19992,R,48.0117,-43.7556,15.8434
19993,R,47.6096,-42.6830,14.5038
19994,R,47.3703,-41.3509,12.9636
19995,R,45.5097,-42.0582,11.9580
19996,R,44.9467,-43.5484,10.4138
19997,R,44.9481,-42.4353,8.8775
19998,R,36.1242,-15.6926,0.4025
19999,R,36.1128,-15.3994,2.8410
20000,R,35.5956,-18.8085,1.1061
20001,R,36.0192,-21.9812,-0.2088
20002,R,34.7159,-18.2945,5.4852
20003,R,35.1679,-21.9766,1.8492
20004,R,37.5109,-23.7318,-0.9945
20005,R,39.9791,-24.5709,-0.8995
20006,R,42.3350,-24.1272,-0.0289
20007,R,44.3055,-22.5558,1.3905
20008,R,34.6856,-19.5698,12.7916
20009,R,33.0704,-21.8712,10.0605
20010,R,33.2344,-24.3540,7.0857
20011,R,33.3414,-26.5170,8.9608
20012,R,34.5680,-26.3758,6.8355
20013,R,35.9068,-26.2079,4.8232
20014,R,39.6625,-26.0860,3.4708
20015,R,42.9337,-23.6661,2.8912
20016,R,45.7925,-19.8765,3.1389
20017,R,47.8196,-17.4139,4.7386
20018,R,50.3527,-16.4602,5.1894
20019,R,52.5958,-16.0998,3.9890
20020,R,48.4369,-20.6735,6.7221
20021,R,51.4396,-18.4443,4.3598
20022,R,55.0322,-16.1506,2.1196
20023,R,58.0623,-16.6042,2.1189
20024,R,60.5526,-16.9471,2.9912
20025,R,62.8394,-17.1247,3.7796
20026,R,41.9565,-17.7377,21.4119
20027,R,39.3406,-20.4743,21.1544
20028,R,36.7369,-23.4262,20.9593
20029,R,38.4228,-25.1859,21.3505
20030,R,36.2717,-25.9828,21.4796
20031,R,34.2700,-26.5828,20.8970
20032,R,33.0904,-29.4692,19.3753
20033,R,34.3142,-31.0569,16.5420
20034,R,36.9138,-31.0645,13.4957
20035,R,40.5423,-33.5746,22.7976
20036,R,39.3199,-34.9067,21.0635
20037,R,38.4842,-35.5261,18.6295
20038,R,43.2359,-36.2986,14.9773
20039,R,40.5627,-35.9881,15.2553
20040,R,38.1893,-35.1716,15.9584
20041,R,38.4412,-33.9144,13.5977
20042,R,39.0942,-32.1011,11.7288
20043,R,40.0586,-29.9423,10.6365
20044,R,43.0561,-28.4158,7.9272
20045,R,46.5667,-26.8836,5.8101
20046,R,50.4597,-25.2405,5.2892
20047,R,51.9303,-26.9627,7.2789
20048,R,53.0257,-25.0364,6.5209
20049,R,54.2203,-23.1541,5.0986
20050,R,58.1790,-21.1717,4.8779
20051,R,62.1730,-19.1369,4.8185
20052,R,64.9195,-17.9816,3.7487
20053,R,65.6079,-19.2742,2.9405
20054,R,65.4293,-20.6916,1.5662
20055,R,64.3566,-22.5201,0.5905
20056,R,66.6229,-24.2936,2.7945
20057,R,65.7269,-24.4330,1.1523
20058,R,62.9775,-24.8371,0.5338
20059,R,61.2010,-26.9934,0.8984
20060,R,59.1766,-29.0564,0.8658
20061,R,56.9516,-30.9931,1.0680
20062,R,64.9092,-30.8846,9.5280
20063,R,66.3913,-31.0030,7.6639
20064,R,66.3035,-31.4253,5.5075
20065,R,64.7409,-34.5358,7.9955
20066,R,64.9590,-33.1039,6.0174
20067,R,64.6312,-31.6050,3.8196
20068,R,61.7835,-31.5383,2.8576
20069,R,58.3073,-31.9728,2.2920
20070,R,54.6626,-32.6567,2.0275
20071,R,52.6349,-33.6847,3.3000
20072,R,50.6606,-34.6211,4.6959
20073,R,48.8466,-35.8563,5.7071
20074,R,52.7846,-36.7451,7.0543
20075,R,49.9636,-36.9649,6.9557
20076,R,47.1901,-37.3760,6.6407
20077,R,45.8922,-38.8713,7.7180
20078,R,45.0657,-40.5478,8.4327
20079,R,15.8200,22.2046,-16.9170
20080,R,16.4143,19.4875,-16.2320
20081,R,17.2019,16.5466,-15.7622
20082,R,14.9685,16.4737,-22.0153
20083,R,17.3558,16.0738,-18.1548
20084,R,18.2497,12.7360,-15.6201
20085,R,19.3434,8.4861,-15.8295
20086,R,21.0685,4.5070,-14.1554
20087,R,23.0756,1.4175,-12.5584
20088,R,22.6861,15.6795,-21.9068
20089,R,21.7971,13.2235,-21.3618
20090,R,21.6827,11.4791,-18.9948
20091,R,25.0411,9.1757,-15.8507
20092,R,23.7821,9.1671,-16.0586
20093,R,22.4696,9.0312,-16.1326
20094,R,23.4885,5.5004,-14.0607
20095,R,24.3803,1.9740,-12.6247
20096,R,25.1344,-1.2636,-13.0249
20097,R,27.3591,-3.6813,-14.7272
20098,R,30.2467,-5.9477,-17.4706
20099,R,33.3847,-6.6186,-20.6225
20100,R,32.2780,-4.3437,-18.1979
20101,R,33.4754,-5.5695,-21.2822
20102,R,35.2775,-6.5408,-23.8082
20103,R,35.3181,-6.4510,-26.6974
20104,R,33.4188,-6.8981,-28.6877
20105,R,30.7392,-6.7335,-30.1366
20106,R,30.3329,15.5976,-9.9460
20107,R,31.3636,13.9325,-11.7569
20108,R,32.2370,11.8218,-13.5360
20109,R,35.7009,6.4996,-14.1768
20110,R,34.2049,8.1585,-14.3444
20111,R,32.6831,9.1820,-14.8608
20112,R,32.9217,6.3674,-16.0708
20113,R,33.2562,3.8993,-17.5839
20114,R,33.8277,2.1391,-19.5991
20115,R,41.6337,6.2717,-26.4674
20116,R,39.8817,6.3058,-26.9994
20117,R,38.2175,5.7796,-27.4007
20118,R,37.3742,9.7693,-32.4280
20119,R,37.4985,6.6211,-30.3114
20120,R,36.8056,4.5045,-27.2952
20121,R,35.1985,3.5426,-26.2434
20122,R,33.8067,2.5303,-24.2484
20123,R,34.0515,0.8235,-22.1458
20124,R,33.4133,0.2136,-23.9467
20125,R,32.0898,-0.2784,-25.2496
20126,R,30.8569,-0.9923,-26.3815
20127,R,28.8070,3.1135,-31.9760
20128,R,28.0683,0.6905,-28.1715
20129,R,29.9698,-1.9837,-27.6565
20130,R,29.3987,-2.9152,-29.2301
20131,R,28.5400,-4.1158,-30.6337
20132,R,27.5173,-5.6910,-31.4349
20133,R,24.7727,-4.4820,-32.0830
20134,R,24.2292,-4.0063,-33.5991
20135,R,25.7562,-3.9348,-34.7309
20136,R,28.8115,1.3633,-36.8727
20137,R,28.9763,-1.1238,-35.6027
20138,R,28.5761,-3.6402,-34.2704
20139,R,31.6290,-4.3213,-34.8764
20140,R,32.3252,-6.6774,-37.2792
20141,R,33.7867,-7.3634,-38.1565
20142,R,33.2222,5.1272,-38.8784
20143,R,33.2444,3.5354,-42.3717
20144,R,32.8186,1.2768,-43.6123
20145,R,37.8420,-0.3502,-43.6505
20146,R,35.4596,-0.6632,-44.3104
20147,R,33.2519,-1.6134,-42.8396
20148,R,34.0537,-3.0972,-40.3724
20149,R,34.7850,-4.3307,-38.0177
20150,R,35.3409,-6.3734,-35.9275
20151,R,36.7897,-5.9815,-34.2744
20152,R,38.6786,-6.3329,-32.5534
20153,R,40.7004,-7.7220,-31.0499
20154,R,42.5360,-8.0621,-37.4393
20155,R,42.6234,-8.9459,-33.5247
20156,R,42.4228,-10.0542,-29.8820
20157,R,44.0141,-12.4932,-29.0429
20158,R,45.5876,-15.0982,-28.5466
20159,R,44.6413,-16.3155,-25.3431
20160,R,46.9478,-18.1052,-28.8423
20161,R,15.5222,-41.6933,1.9569
20162,R,16.4152,-41.1742,0.7507
20163,R,17.1839,-40.6959,-0.5004
20164,R,21.3698,-39.7010,3.5107
20165,R,20.2429,-40.9526,0.8581
20166,R,17.8786,-40.0477,-1.6978
20167,R,18.2195,-39.3650,-2.9316
20168,R,18.2081,-38.3715,-4.2192
20169,R,17.9533,-37.2980,-5.6979
20170,R,26.3525,-35.2557,2.7153
20171,R,28.3996,-37.2942,4.3143
20172,R,28.0307,-39.2824,2.8314
20173,R,30.8395,-39.0856,0.8754
20174,R,29.0238,-40.0138,0.6501
20175,R,26.8535,-41.0003,-0.2460
20176,R,24.6719,-41.2006,-3.6820
20177,R,21.1129,-38.1196,-5.4616
20178,R,17.8942,-36.4694,-7.2102
20179,R,17.8731,-36.1861,-8.9395
20180,R,17.9592,-36.5391,-10.4634
20181,R,19.0241,-37.3628,-11.5470
20182,R,21.3545,-33.6943,-9.7869
20183,R,18.7930,-34.4257,-11.7930
20184,R,20.9135,-38.1691,-11.8185
20185,R,23.2386,-38.7567,-11.3691
20186,R,25.5989,-39.0781,-11.2125
20187,R,28.1837,-39.1483,-11.3195
20188,R,17.6329,-24.6631,-12.5069
20189,R,22.3461,-25.1140,-9.5627
20190,R,26.6662,-27.4539,-9.0761
20191,R,28.2988,-24.7235,-10.2469
20192,R,29.4892,-26.9147,-9.3841
20193,R,30.7398,-29.0243,-7.8249
20194,R,34.5623,-30.4034,-6.1967
20195,R,37.2334,-33.1434,-6.7244
20196,R,38.1571,-35.6357,-8.2537
20197,R,39.2458,-22.4859,-13.7462
20198,R,39.7387,-24.9326,-13.2249
20199,R,39.9955,-27.6249,-12.6648
20200,R,37.9419,-27.2697,-16.9880
20201,R,39.4694,-29.1196,-14.5302
20202,R,39.8647,-30.2853,-12.1057
20203,R,39.3164,-32.7825,-11.5088
20204,R,38.1713,-34.8441,-10.8935
20205,R,36.4142,-36.2858,-10.3648
20206,R,33.1789,-35.4224,-12.0277
20207,R,28.8443,-33.4697,-13.2396
20208,R,24.3984,-30.6573,-13.2047
20209,R,24.5507,-27.9581,-15.4693
20210,R,22.4746,-28.9556,-14.9503
20211,R,20.8588,-30.6920,-14.9644
20212,R,22.5148,-33.5429,-16.2831
20213,R,27.3157,-36.0238,-14.0497
20214,R,31.2291,-38.5896,-11.5779
20215,R,33.5414,-37.6721,-12.0159
20216,R,35.5115,-36.4388,-12.9681
20217,R,36.9419,-35.1375,-14.4526
20218,R,32.2255,-30.0916,-18.2506
20219,R,35.7196,-31.5181,-16.5936
20220,R,37.9049,-33.6356,-16.3412
20221,R,38.2323,-32.1825,-18.4061
20222,R,38.0012,-30.7163,-20.7181
20223,R,37.2133,-29.3440,-23.0583
20224,R,24.9780,-21.4309,-27.2944
20225,R,28.5100,-22.8016,-27.2976
20226,R,31.2506,-22.9234,-25.8216
20227,R,31.8118,-19.3325,-29.3243
20228,R,32.5949,-21.0013,-26.8276
20229,R,33.7933,-22.5268,-23.6023
20230,R,36.6679,-23.3777,-22.6580
20231,R,37.7588,-25.8119,-23.9821
20232,R,36.7311,-28.2576,-25.3626
20233,R,37.8621,-27.3269,-26.6610
20234,R,39.3342,-26.2203,-25.7320
20235,R,40.1391,-24.5573,-23.8243
20236,R,39.4050,-18.3555,-26.0930
20237,R,40.1001,-20.0349,-23.9359
20238,R,40.7289,-22.5659,-22.3360
20239,R,41.8434,-20.3086,-22.0622
20240,R,43.4048,-18.4252,-22.8596
20241,R,44.4072,-22.1937,-21.8269
20242,R,19.2463,-101.1937,0.9301
20243,R,19.5425,-100.3012,-2.5578
20244,R,19.5370,-99.9254,-6.2388
20245,R,15.6389,-101.9255,-3.5627
20246,R,17.7113,-101.3624,-6.7134
20247,R,20.3957,-100.7739,-9.3094
20248,R,21.2946,-100.5353,-11.9952
20249,R,21.7215,-99.3459,-14.1616
20250,R,22.2894,-97.3970,-14.5564
20251,R,16.7458,-92.6473,-2.1369
20252,R,16.7796,-94.1799,-5.2180
20253,R,16.5010,-95.7890,-8.6634
20254,R,11.1962,-96.2114,-9.0057
20255,R,13.5941,-96.4457,-9.9203
20256,R,15.7442,-97.1035,-11.3262
20257,R,16.8828,-97.4395,-13.5177
20258,R,19.5580,-97.0744,-13.5206
20259,R,23.0011,-95.4678,-12.7016
20260,R,23.9730,-93.3325,-10.2378
20261,R,25.1077,-90.2569,-8.8571
20262,R,25.6423,-87.4474,-9.5189
20263,R,20.9357,-88.0101,-6.2672
20264,R,24.2098,-86.9041,-8.2125
20265,R,26.5346,-85.4562,-11.1152
20266,R,29.1733,-83.0704,-10.8331
20267,R,31.7225,-79.8827,-9.4712
20268,R,32.4008,-76.4814,-10.7223
20269,R,5.6232,-78.8398,3.6402
20270,R,3.5146,-79.9679,1.3754
20271,R,3.2094,-80.6931,-2.6759
20272,R,4.9752,-76.4811,0.4447
20273,R,4.5107,-78.7552,-3.3389
20274,R,4.2588,-82.0307,-6.1993
20275,R,6.2790,-84.9198,-6.9876
20276,R,8.8062,-86.6133,-8.7933
20277,R,11.1579,-84.7763,-12.7131
20278,R,12.2652,-68.1482,-6.7838
20279,R,12.8012,-71.6776,-6.5250
20280,R,13.5711,-74.3615,-6.2947
20281,R,17.8810,-72.2935,-5.7874
20282,R,15.8344,-74.8604,-7.5307
20283,R,13.1324,-77.7330,-7.4054
20284,R,13.0221,-79.8062,-9.3829
20285,R,12.9049,-81.1090,-12.3953
20286,R,14.8196,-84.2092,-14.5600
20287,R,18.0938,-83.3170,-13.5102
20288,R,20.5605,-82.3020,-11.2451
20289,R,22.6694,-81.6720,-8.7930
20290,R,23.9806,-77.6191,-6.3645
20291,R,24.9987,-79.1556,-7.0874
20292,R,26.2361,-80.2758,-7.5409
20293,R,29.6879,-78.0543,-8.0822
20294,R,31.2363,-75.6936,-10.8646
20295,R,32.9923,-73.4766,-12.6788
20296,R,33.3776,-70.6601,-13.8258
20297,R,34.2907,-67.3854,-15.0120
20298,R,35.8369,-63.4836,-16.0347
20299,R,30.6991,-65.4752,-14.5325
20300,R,34.1077,-61.9991,-15.2700
20301,R,37.3078,-59.8474,-17.2884
20302,R,38.4931,-56.0115,-18.3761
20303,R,39.6542,-52.3189,-19.4483
20304,R,40.0599,-48.9298,-20.5516
20305,R,28.7872,-58.4038,-12.7185
20306,R,28.1981,-56.2923,-14.5380
20307,R,29.7116,-53.5876,-15.9722
20308,R,28.4464,-46.7581,-17.1174
20309,R,29.8323,-49.0513,-17.1344
20310,R,32.4906,-50.6035,-16.7334
20311,R,35.5606,-48.4367,-17.8199
20312,R,38.0935,-47.2258,-20.3286
20313,R,40.3702,-45.7254,-21.4366
20314,R,40.9740,-42.8390,-21.9989
20315,R,41.3370,-39.7374,-21.7852
20316,R,42.1246,-36.7480,-21.2401
20317,R,39.2748,-36.3010,-23.0654
20318,R,41.3243,-35.2098,-21.7806
20319,R,43.0682,-33.7849,-20.5312
20320,R,43.7466,-30.1966,-20.1951
20321,R,44.2672,-26.3029,-20.6204
20322,R,46.1530,-25.8298,-22.1647
20323,R,49.7399,-45.4918,5.3863
20324,R,51.3084,-45.1477,4.1380
20325,R,52.9209,-44.5581,2.8521
20326,R,56.0961,-48.8926,4.2234
20327,R,55.5879,-46.3335,2.9594
20328,R,54.6593,-44.3929,1.2500
20329,R,56.3158,-44.4816,-0.5266
20330,R,58.1554,-44.0867,-1.9525
20331,R,60.3113,-43.1380,-3.1904
20332,R,58.0293,-58.1975,4.2787
20333,R,59.8753,-55.5522,3.2833
20334,R,61.8325,-52.3909,2.4482
20335,R,60.3805,-53.4091,-0.2098
20336,R,62.2850,-51.2860,0.6824
20337,R,63.2981,-48.9627,1.9451
20338,R,63.8144,-45.8557,0.2990
20339,R,63.3075,-43.7903,-2.0002
20340,R,62.4044,-41.8383,-4.0890
20341,R,63.8113,-40.3985,-4.8681
20342,R,64.8273,-38.7491,-5.9659
20343,R,65.0897,-37.5318,-7.2731
20344,R,63.6606,-42.3430,-7.6051
20345,R,64.3398,-39.5097,-8.4415
20346,R,64.7547,-36.6779,-8.9873
20347,R,63.9801,-35.7982,-10.9419
20348,R,63.3366,-36.5535,-13.5227
20349,R,62.1883,-37.0385,-15.1162
20350,R,42.7227,-68.2622,2.9761
20351,R,42.2868,-65.2572,2.0983
20352,R,43.6731,-62.1307,1.6726
20353,R,40.9640,-67.1946,-0.4359
20354,R,42.5468,-62.3498,0.0277
20355,R,46.2976,-59.6896,0.7388
20356,R,49.0356,-58.3354,-1.2368
20357,R,51.6334,-57.9168,-3.0719
20358,R,53.4371,-56.9939,-5.0216
20359,R,44.0019,-70.2797,-8.3544
20360,R,43.5450,-66.3407,-7.0062
20361,R,45.2507,-62.9905,-5.8412
20362,R,47.9613,-60.8213,-7.6864
20363,R,48.5847,-61.8924,-7.0009
20364,R,48.7158,-61.9371,-5.6870
20365,R,52.5778,-60.7821,-5.5837
20366,R,54.3343,-57.9445,-6.4445
20367,R,53.9600,-54.2296,-7.2489
20368,R,53.9989,-51.8324,-9.0851
20369,R,54.0660,-48.9305,-10.3987
20370,R,54.4157,-45.6520,-11.8768
20371,R,55.7290,-51.8554,-14.8163
20372,R,55.2726,-47.2651,-14.3589
20373,R,56.7332,-43.4090,-13.3957
20374,R,59.3612,-41.9547,-14.6232
20375,R,59.7146,-39.6637,-15.3628
20376,R,59.7162,-36.2903,-15.3355
20377,R,57.5650,-36.4343,-15.8150
20378,R,56.2507,-37.2738,-16.8900
20379,R,55.2444,-37.6772,-17.9891
20380,R,57.3702,-44.1891,-21.5954
20381,R,56.0523,-41.1909,-20.5281
20382,R,54.5409,-37.3198,-19.2714
20383,R,54.3764,-36.1236,-20.8015
20384,R,54.7509,-34.7874,-22.4908
20385,R,55.3518,-33.7180,-24.2564
20386,R,48.7921,-51.0962,-15.0846
20387,R,49.6783,-47.9056,-16.3576
20388,R,50.8032,-44.9975,-18.0364
20389,R,46.5089,-44.9935,-15.2073
20390,R,49.4286,-43.4655,-17.5227
20391,R,51.9704,-42.2775,-20.7401
20392,R,53.0670,-39.7355,-23.7939
20393,R,54.7280,-36.7701,-25.8317
20394,R,55.9726,-33.0518,-26.4684
20395,R,55.3398,-32.4438,-27.9509
20396,R,53.6586,-30.9762,-28.0646
20397,R,52.2178,-29.5272,-27.2326
20398,R,48.7764,-33.8058,-22.0560
20399,R,49.7897,-31.2551,-24.4706
20400,R,50.4292,-28.0155,-26.3585
20401,R,49.0422,-26.7997,-25.2272
20402,R,47.7038,-25.7217,-23.8346
20403,R,48.3460,-22.6277,-26.1549
20404,R,36.1292,-17.3992,-2.6987
20405,R,37.2449,-18.4851,-5.6463
20406,R,39.4571,-18.3892,-7.7106
20407,R,41.7693,-20.4094,-5.9634
20408,R,41.9447,-18.8619,-7.5777
20409,R,42.2773,-17.2097,-9.1970
20410,R,45.1372,-14.7741,-9.9311
20411,R,47.6591,-11.1815,-10.3809
20412,R,50.0799,-6.5417,-10.9255
20413,R,50.7042,-13.7276,-0.6792
20414,R,51.6395,-12.1997,-2.7043
20415,R,52.1252,-10.1780,-4.6011
20416,R,56.1371,-2.5501,-4.5828
20417,R,53.6056,-4.8645,-4.8014
20418,R,52.2946,-7.9536,-6.3434
20419,R,52.1342,-5.7269,-7.9518
20420,R,51.9388,-3.3938,-9.5073
20421,R,51.5293,-0.9465,-11.0475
20422,R,52.2838,4.5670,-11.3053
20423,R,53.0971,8.7872,-12.1826
20424,R,53.7437,10.4296,-13.8934
20425,R,55.9890,7.4789,-11.8827
20426,R,54.8253,8.8606,-14.0615
20427,R,53.6678,10.4086,-16.4891
20428,R,52.4433,9.1103,-19.4893
20429,R,50.2965,7.3949,-22.3250
20430,R,48.2856,6.1083,-25.1121
20431,R,63.6596,-15.0070,-1.1278
20432,R,62.1720,-13.4305,-2.5286
20433,R,60.5703,-11.7698,-3.4799
20434,R,54.2713,-15.4363,-5.0927
20435,R,56.6513,-12.8373,-4.9038
20436,R,58.8238,-10.1267,-4.7269
20437,R,57.3937,-8.9203,-7.0294
20438,R,56.4222,-7.8770,-9.5442
20439,R,54.7834,-6.4742,-10.9803
20440,R,47.9415,-20.9515,-13.8084
20441,R,47.3453,-18.3235,-14.3467
20442,R,47.3844,-15.6636,-14.6027
20443,R,50.5798,-15.3744,-18.9048
20444,R,48.0057,-14.4628,-17.2047
20445,R,48.0058,-13.0926,-14.5536
20446,R,49.4372,-10.4267,-14.5118
20447,R,51.3846,-7.6740,-14.1477
20448,R,53.1678,-5.0075,-12.8732
20449,R,51.7461,-3.6915,-15.3904
20450,R,50.6055,-2.5399,-18.0210
20451,R,49.6003,-0.9237,-20.4292
20452,R,50.0041,-4.3045,-24.3163
20453,R,48.9674,-1.7616,-23.9812
20454,R,49.4092,0.8425,-22.9730
20455,R,49.2997,2.5147,-25.2673
20456,R,49.4470,4.2655,-26.8626
20457,R,48.8854,5.6642,-28.8854
20458,R,51.1279,7.1910,-30.7447
20459,R,52.2753,7.2039,-32.4913
20460,R,51.7723,5.1381,-33.6990
20461,R,55.0743,1.4318,-31.1674
20462,R,52.5535,1.9247,-32.5117
20463,R,49.5249,2.3569,-32.8591
20464,R,47.0182,-0.3707,-31.6926
20465,R,45.7656,-3.6996,-32.5082
20466,R,46.9025,-6.2625,-35.1303
20467,R,60.0606,-11.3510,-25.5241
20468,R,57.2042,-11.0638,-26.2391
20469,R,53.8925,-10.7326,-26.5516
20470,R,53.9662,-16.4544,-25.9371
20471,R,52.2815,-13.7482,-26.9246
20472,R,50.6097,-10.7634,-27.8856
20473,R,48.8406,-10.1034,-30.5152
20474,R,48.4512,-9.1627,-33.8742
20475,R,49.0245,-7.8273,-37.2871
20476,R,50.9161,-9.4323,-38.9576
20477,R,51.5400,-11.6540,-39.5096
20478,R,50.7463,-13.9311,-38.3904
20479,R,55.3590,-17.7423,-34.9546
20480,R,52.4984,-16.9387,-35.8232
20481,R,49.7904,-16.1168,-35.6955
20482,R,49.1017,-18.3384,-32.5993
20483,R,48.7336,-20.1585,-29.5516
