,0
timestep,126.00661358304438
start_s,126.00661358304438
vertex_0,0.06616204206319934
vertex_1,0.13183143459635493
vertex_2,0.041362153853353435
vertex_3,0.08269348998757083
vertex_4,0.07312451784168705
vertex_5,0.06196402310026447
vertex_6,0.2704303869588126
vertex_7,0.09183489030673657
vertex_8,0.0336524080681364
vertex_9,0.058631744867286104
vertex_10,0.1447961131568879
vertex_11,0.05631534071795433
vertex_12,0.04718147375845253
vertex_13,0.11291225342454017
vertex_14,0.0499111478595911
vertex_15,0.04435231614058614
vertex_16,0.07704700913778692
vertex_17,0.046995837144398776
vertex_18,0.09260531664609507
vertex_19,0.042341158704282275
vertex_20,0.049020375683073776
vertex_21,0.08688125640585656
vertex_22,0.047365903094291624
vertex_23,0.039067667180991104
vertex_24,0.040052749642144336
vertex_25,0.01988479729500067
vertex_26,0.11159318767005731
vertex_27,0.06954522362255411
vertex_28,0.0370600019365459
vertex_29,0.09787728924911925
vertex_30,0.10551222076455229
vertex_31,0.0966711297403296
vertex_32,0.24173571783044986
vertex_33,0.13947278783747613
vertex_34,0.2835009852708914
vertex_35,0.03822903882041511
vertex_36,0.04562453228842951
vertex_37,0.06456488785431161
vertex_38,0.023794179622760567
vertex_39,0.07375212808939724
vertex_40,0.19394536266642395
vertex_41,0.07964425355789152
vertex_42,0.087819946621157
vertex_43,0.09794651469452101
vertex_44,0.14301278483547888
vertex_45,0.04178454235514126
vertex_46,0.04835382812800218
vertex_47,0.06183156085980935
vertex_48,0.062196370945972634
vertex_49,0.057218726052971916
vertex_50,0.052122749700524176
vertex_51,0.08670647783589788
vertex_52,0.024016873244230977
vertex_53,0.11267913154017997
vertex_54,0.03734900795133031
vertex_55,0.08548525359184561
vertex_56,0.053635784611138944
vertex_57,0.05266318530017295
vertex_58,0.054573384143652724
vertex_59,0.07308286456076604
vertex_60,0.046328117512461284
vertex_61,0.07689647281918742
vertex_62,0.04569432887422438
vertex_63,0.05459494897154325
vertex_64,0.04809605835447091
vertex_65,0.130393161514427
vertex_66,0.06227709852174301
vertex_67,0.07861617929383179
vertex_68,0.037297842036834526
vertex_69,0.08336557740786588
vertex_70,0.21188940323409108
vertex_71,0.1651975491111201
vertex_72,0.07868768724543897
vertex_73,0.08304132018392714
vertex_74,0.0708276333028077
vertex_75,0.0924092105004498
vertex_76,0.09953013265869105
vertex_77,0.031379831665088724
vertex_78,0.04021072061224836
vertex_79,0.03336691164046223
vertex_80,0.043377557981766034
vertex_81,0.05949917774016429
vertex_82,0.03903513750729474
vertex_83,0.15122384546914533
vertex_84,0.042355179756702326
vertex_85,0.08951495558412563
vertex_86,0.2725510745682186
vertex_87,0.3385725917206791
vertex_88,0.2404726989035114
vertex_89,0.05034239120769273
vertex_90,0.06005053757016431
vertex_91,0.11949382402228588
vertex_92,0.0634676567236563
vertex_93,0.08394657081481305
vertex_94,0.07829577875996088
vertex_95,0.03088119689088385
vertex_96,0.06579723670788523
vertex_97,0.13364940115902965
vertex_98,0.11677759050687014
vertex_99,0.07819025386940923
vertex_100,0.03552604354877359
vertex_101,0.076643343977765
vertex_102,0.12995604697761973
vertex_103,0.1398586743061432
vertex_104,0.13116351271134044
vertex_105,0.06252304229066302
vertex_106,0.08094758247307451
vertex_107,0.05302653097314602
vertex_108,0.05579274899498482
vertex_109,0.045510404620473593
vertex_110,0.06332180831207601
vertex_111,0.04422678514163338
vertex_112,0.05259718884897618
vertex_113,0.023694559082949283
vertex_114,0.03990589879248669
vertex_115,0.11947685332779033
vertex_116,0.09415950827656494
vertex_117,0.04290403957033723
vertex_118,0.05514390398287029
vertex_119,0.08449437400255415
vertex_120,0.13612207623649078
vertex_121,0.09029855789887947
vertex_122,0.08124917191547487
vertex_123,0.10609763205661507
vertex_124,0.13802969927585962
vertex_125,0.03928005529314644
vertex_126,0.055819203554390094
vertex_127,0.0780360026667519
vertex_128,0.0694092286793779
vertex_129,0.17524359160370379
vertex_130,0.14623145909539687
vertex_131,0.20375655391330402
vertex_132,0.2431823350061684
vertex_133,0.12694439855687528
vertex_134,0.11978106464940085
vertex_135,0.18379087753324802
vertex_136,0.24976464901148338
vertex_137,0.09139341697911715
vertex_138,0.16836222946096202
vertex_139,0.20554918698296643
vertex_140,0.22988080047729068
vertex_141,0.04509020595853269
vertex_142,0.05453824566698605
vertex_143,0.04199732477817664
vertex_144,0.013809856635473395
vertex_145,0.029766820376945582
vertex_146,0.03456737382306616
vertex_147,0.03567640253712286
vertex_148,0.050059128602365166
vertex_149,0.0691871356664892
vertex_150,0.04101712396210159
vertex_151,0.15762001067399947
vertex_152,0.10822986692827473
vertex_153,0.047044300391303036
vertex_154,0.17314378069210384
vertex_155,0.050152922781499465
vertex_156,0.14988078113890227
vertex_157,0.18179553909450627
vertex_158,0.23958459157478298
vertex_159,0.10165584670989346
vertex_160,0.07526247461851827
vertex_161,0.027246066966715783
vertex_162,0.06251683411639844
vertex_163,0.1389111203910664
vertex_164,0.06631637912954685
vertex_165,0.04574045670103032
vertex_166,0.050610834715488565
vertex_167,0.04855721268915319
vertex_168,0.044752729377738054
vertex_169,0.04799903743651156
vertex_170,0.07007221479661853
vertex_171,0.07261214802310899
vertex_172,0.041745172875689934
vertex_173,0.07980109950617757
vertex_174,0.037154047270464466
vertex_175,0.08761341522268118
vertex_176,0.0652402878780151
vertex_177,0.11433175309360352
vertex_178,0.09755336878669219
vertex_179,0.062179273582490195
vertex_180,0.04507957552971026
vertex_181,0.06606605030758847
vertex_182,0.045834868070420975
vertex_183,0.04650342629996454
vertex_184,0.06814797857674708
vertex_185,0.04755347300719048
vertex_186,0.05207735801129073
vertex_187,0.04486510267370877
vertex_188,0.06463921599363393
vertex_189,0.11340213088105751
vertex_190,0.123076856378333
vertex_191,0.13699177750891411
vertex_192,0.04837707305730754
vertex_193,0.08023936189172723
vertex_194,0.07116937910937336
vertex_195,0.032085210881814076
vertex_196,0.04837637380569132
vertex_197,0.04119954914687986
vertex_198,0.046430946988234564
vertex_199,0.04000460551288392
vertex_200,0.08144555497990257
vertex_201,0.02748300227024921
vertex_202,0.08101950516818307
vertex_203,0.13959744041910935
vertex_204,0.10282038766673555
vertex_205,0.1461459816740781
vertex_206,0.2701738448008528
vertex_207,0.17388838277537577
vertex_208,0.2572656327903646
vertex_209,0.060304845796195154
vertex_210,0.09896464172007922
vertex_211,0.1433756746293556
vertex_212,0.04475402835456691
vertex_213,0.09569088802250189
vertex_214,0.09990627945947575
vertex_215,0.06966460100333188
vertex_216,0.06905050924655412
vertex_217,0.058109075309275164
vertex_218,0.04725122970584936
vertex_219,0.08072386743638317
vertex_220,0.10569933718765397
vertex_221,0.11283691571548812
vertex_222,0.09450127493207587
vertex_223,0.0476447541106412
vertex_224,0.035119492002477395
vertex_225,0.044207287643037704
vertex_226,0.042458326369229984
vertex_227,0.06026111148707587
vertex_228,0.07404418049708221
vertex_229,0.05623911936386831
vertex_230,0.04619020246105066
vertex_231,0.13426668904095293
vertex_232,0.10115354689864747
vertex_233,0.1487033445692073
vertex_234,0.07310570576337279
vertex_235,0.04095971989934547
vertex_236,0.04096455091441775
vertex_237,0.03910560503815466
vertex_238,0.04181260425542003
vertex_239,0.04566296485283518
vertex_240,0.08458298445876522
vertex_241,0.056237674683608276
vertex_242,0.0679462038445517
vertex_243,0.09330068808590734
vertex_244,0.08637980232959755
vertex_245,0.04392281265873827
vertex_246,0.057456989408990154
vertex_247,0.08094733254157929
vertex_248,0.03940896635653356
vertex_249,0.0565595418693049
vertex_250,0.10318931412198502
vertex_251,0.045221420134501096
vertex_252,0.04499487503286544
vertex_253,0.05753512805630411
vertex_254,0.0551816912431524
vertex_255,0.07579826182081074
vertex_256,0.07436054845621896
vertex_257,0.03217777002421258
vertex_258,0.04302932717396204
vertex_259,0.020555717798965003
vertex_260,0.042385841399257294
vertex_261,0.06307935437352676
vertex_262,0.08401575955924331
vertex_263,0.0785389688176511
vertex_264,0.11461441526374631
vertex_265,0.06910539932740116
vertex_266,0.08954452993537096
vertex_267,0.08511671653839895
vertex_268,0.11040527061269609
vertex_269,0.11582912017805584
vertex_270,0.12213898607652938
vertex_271,0.05769381450906214
vertex_272,0.06108742632642271
vertex_273,0.04355201933479543
vertex_274,0.08193378557034293
vertex_275,0.09039881940507871
vertex_276,0.10030693194066309
vertex_277,0.08901948717738657
vertex_278,0.10849759563682906
vertex_279,0.10085814137560438
vertex_280,0.04827856284451052
vertex_281,0.10352411897318126
vertex_282,0.09013164447772964
vertex_283,0.09739213026906778
vertex_284,0.10612194518820393
vertex_285,0.1383550555264365
vertex_286,0.15507753784876108
vertex_287,0.1404437607687653
vertex_288,0.14496861962186808
vertex_289,0.13639440122434576
vertex_290,0.13588100581495147
vertex_291,0.11387445220146761
vertex_292,0.16826416714861364
vertex_293,0.07386933131042508
vertex_294,0.05212155765988678
vertex_295,0.09095691010614745
vertex_296,0.08592539202392586
vertex_297,0.0755841115746738
vertex_298,0.15307681229714684
vertex_299,0.12346147991630069
vertex_300,0.13260404441247176
vertex_301,0.12404333571955395
vertex_302,0.22148008231696054
vertex_303,0.14215980089809346
vertex_304,0.18163579039817604
vertex_305,0.3623163032143313
vertex_306,0.27326549411406115
vertex_307,0.061907115827629526
vertex_308,0.07529356304594433
vertex_309,0.07493295865478423
vertex_310,0.05780167646892687
vertex_311,0.09880400544136561
vertex_312,0.05578777120437184
vertex_313,0.06672940248854839
vertex_314,0.03256350259962646
vertex_315,0.02911234232598299
vertex_316,0.019000150218511265
vertex_317,0.1054406421414126
vertex_318,0.07687339520416743
vertex_319,0.057501421079595605
vertex_320,0.05721982462510456
vertex_321,0.03661997288416251
vertex_322,0.03806209263744476
vertex_323,0.06285487642494753
vertex_324,0.01652263004492347
vertex_325,0.07140829529697607
vertex_326,0.052864937087739816
vertex_327,0.035192538402136736
vertex_328,0.03610872330485166
vertex_329,0.0608199224252029
vertex_330,0.10531738324818103
vertex_331,0.13873281462137987
vertex_332,0.08554466164182455
vertex_333,0.11743659587029592
vertex_334,0.09269913778900689
vertex_335,0.026972282642224534
vertex_336,0.024229203026665817
vertex_337,0.040700085530344335
vertex_338,0.2781773938207032
vertex_339,0.275423776304063
vertex_340,0.12452074382629529
vertex_341,0.02537868961244726
vertex_342,0.03895637863990671
vertex_343,0.03992538499396953
vertex_344,0.021603956476839836
vertex_345,0.03948193838379394
vertex_346,0.14123481387945797
vertex_347,0.13572012708553358
vertex_348,0.26527739837675585
vertex_349,0.28746463656746385
vertex_350,0.27683196909736557
vertex_351,0.2642799756029982
vertex_352,0.15900538967297898
vertex_353,0.19255407522949672
vertex_354,0.027730520148781666
vertex_355,0.029643904639336496
vertex_356,0.12444773670483553
vertex_357,0.08470597913070199
vertex_358,0.034120077742244175
vertex_359,0.08510561701213867
vertex_360,0.08721399413430174
vertex_361,0.11348370831238731
vertex_362,0.0675663116263868
vertex_363,0.07454692980382573
vertex_364,0.08387608551098194
vertex_365,0.14581663893993008
vertex_366,0.06462773569363578
vertex_367,0.03717178214853711
vertex_368,0.03587148518755331
vertex_369,0.05657072113858761
vertex_370,0.09111422143567156
vertex_371,0.052195388665048935
vertex_372,0.07095123588374325
vertex_373,0.04336789864117942
vertex_374,0.034131262008313484
vertex_375,0.04657131107099849
vertex_376,0.045757046114858944
vertex_377,0.04088644741776706
vertex_378,0.05491396642420444
vertex_379,0.07268012904516401
vertex_380,0.11366730196312229
vertex_381,0.09825987480006293
vertex_382,0.060732006286136446
vertex_383,0.043811203513190025
vertex_384,0.08657102258025387
vertex_385,0.10237113466439311
vertex_386,0.09814020539182615
vertex_387,0.06861243189050076
vertex_388,0.03967735094997159
vertex_389,0.05139696824498188
vertex_390,0.0528073116610395
vertex_391,0.04154541398187351
vertex_392,0.08110266201025472
vertex_393,0.07159663635938698
vertex_394,0.06340064818851357
vertex_395,0.04269441822174358
vertex_396,0.031542289859878905
vertex_397,0.08413126456185804
vertex_398,0.0690127096278946
vertex_399,0.0698727911023757
vertex_400,0.04553105227402787
vertex_401,0.07583183338872083
vertex_402,0.04110629952627491
vertex_403,0.03851149162809507
vertex_404,0.07999652475535965
vertex_405,0.1516156176502685
vertex_406,0.07441641115125965
vertex_407,0.10446629124351521
vertex_408,0.12475967031561852
vertex_409,0.06368196432155347
vertex_410,0.041691130921334606
vertex_411,0.07291658587162135
vertex_412,0.048728832450992764
vertex_413,0.1113891019415483
vertex_414,0.10662582817633053
vertex_415,0.0915964154608538
vertex_416,0.15303739128403784
vertex_417,0.2647756595668201
vertex_418,0.05181302156988829
vertex_419,0.08900923630727524
vertex_420,0.08835587680623358
vertex_421,0.046441603854040024
vertex_422,0.05934290916573184
vertex_423,0.04267193052694525
vertex_424,0.05620635142740048
vertex_425,0.022983021190881962
vertex_426,0.033146432857676524
vertex_427,0.014307840986590676
vertex_428,0.027364040701780272
vertex_429,0.03576453836428766
vertex_430,0.04423471998888491
vertex_431,0.05873344381034406
vertex_432,0.0481736660280396
vertex_433,0.051975810616815825
vertex_434,0.042386824467069546
vertex_435,0.07722645971299218
vertex_436,0.06272259097820755
vertex_437,0.11941109899920477
vertex_438,0.037801397182382346
vertex_439,0.13613163534612766
vertex_440,0.061223433924605296
vertex_441,0.07414714409695836
vertex_442,0.3492446571603384
vertex_443,0.15699879640101289
vertex_444,0.13397548104081736
vertex_445,0.22011290073066936
vertex_446,0.17091743478151789
vertex_447,0.03813202825370592
vertex_448,0.041064728927286125
vertex_449,0.0644541733379653
vertex_450,0.09435760768042221
vertex_451,0.14846932474855057
vertex_452,0.03856397445675915
vertex_453,0.06146852923280864
vertex_454,0.0795141684906882
vertex_455,0.10021636254989726
vertex_456,0.05869353990047071
vertex_457,0.12977895519159674
vertex_458,0.08744097589180971
vertex_459,0.052620044558233645
vertex_460,0.06838028399645844
vertex_461,0.08516186867302884
vertex_462,0.08161504336769634
vertex_463,0.09232273723150267
vertex_464,0.06559712622498028
vertex_465,0.08820506438247014
vertex_466,0.10105946351907273
vertex_467,0.07686668840027126
vertex_468,0.03608998559153547
vertex_469,0.06020237426344495
vertex_470,0.0479787699575831
vertex_471,0.03398742838962189
vertex_472,0.04244271568142838
vertex_473,0.1048945563765701
vertex_474,0.19625395085530437
vertex_475,0.1929351118732067
vertex_476,0.16322720207922473
vertex_477,0.11508124310767928
vertex_478,0.09980561608588726
vertex_479,0.12727376662026635
vertex_480,0.0796102622452271
vertex_481,0.07704754171002803
vertex_482,0.057100628010046686
vertex_483,0.04447879662163352
vertex_484,0.06565293318920841
vertex_485,0.0438478271723378
vertex_486,0.034649497012728674
vertex_487,0.055447344920498576
vertex_488,0.06078723643851086
vertex_489,0.05599005053169661
vertex_490,0.04670187447760991
vertex_491,0.07638700147789416
vertex_492,0.090094545511469
vertex_493,0.07107801352577639
vertex_494,0.03264434472953574
vertex_495,0.09069708106796626
vertex_496,0.04185582774754248
vertex_497,0.031068940446582816
vertex_498,0.0644262058728295
vertex_499,0.08742402334450049
vertex_500,0.04872734523635829
vertex_501,0.0814757687004608
vertex_502,0.028229003370791
vertex_503,0.03950205362747553
vertex_504,0.03659665729776609
vertex_505,0.03899648143245325
vertex_506,0.0599812748715169
vertex_507,0.05300288102293925
vertex_508,0.06551557533690561
vertex_509,0.11591999049252975
vertex_510,0.05224842896965865
vertex_511,0.09665049919626577
vertex_512,0.03622879530503337
vertex_513,0.05137224056400988
vertex_514,0.0799214839419435
vertex_515,0.054544771906354976
vertex_516,0.03315409938999065
vertex_517,0.03444579878293019
vertex_518,0.0413236012729519
vertex_519,0.04333946397277289
vertex_520,0.044632943894548756
vertex_521,0.04476129346125179
vertex_522,0.05403328363135127
vertex_523,0.04609182030007168
vertex_524,0.06498935922665651
vertex_525,0.09869451618285122
vertex_526,0.09937317657236792
vertex_527,0.06851826752948917
vertex_528,0.04041157905229807
vertex_529,0.04812599080396511
vertex_530,0.07382229985058207
vertex_531,0.14106743973464747
vertex_532,0.14696602662638242
vertex_533,0.14088761195621186
vertex_534,0.09115652061689936
vertex_535,0.06292375354898988
vertex_536,0.030338245597407734
vertex_537,0.04560794186744289
vertex_538,0.04886103682509795
vertex_539,0.04956856117963638
vertex_540,0.09720571780928794
vertex_541,0.07285329069258961
vertex_542,0.06611005335947533
vertex_543,0.07203489863224506
vertex_544,0.10839705864430647
vertex_545,0.0959140728733526
vertex_546,0.07816064766675095
vertex_547,0.0728755412117844
vertex_548,0.07733286265749448
vertex_549,0.150074011385377
vertex_550,0.18448444415350865
vertex_551,0.33930411044685205
vertex_552,0.1709901598853956
vertex_553,0.24357980506327453
vertex_554,0.14135758519709105
vertex_555,0.1503426584094546
vertex_556,0.1259906917740431
vertex_557,0.16203303253582538
vertex_558,0.1338800382102597
vertex_559,0.13996875717217486
vertex_560,0.16713462840580962
vertex_561,0.14911518377883207
vertex_562,0.21438376511385276
vertex_563,0.063439690455538
vertex_564,0.11457038106069616
vertex_565,0.2269327005710004
vertex_566,0.2240133313201041
vertex_567,0.2217782773268546
vertex_568,0.3444030029293193
vertex_569,0.08486726541166771
vertex_570,0.14544779565365992
vertex_571,0.11399571531316648
vertex_572,0.1634142261448582
vertex_573,0.14102334633833488
vertex_574,0.12729259824873967
vertex_575,0.1208113613085607
vertex_576,0.17581279855474718
vertex_577,0.2977299877695723
vertex_578,0.3430376989040966
vertex_579,0.1238442397976743
vertex_580,0.069694856033979
vertex_581,0.03703559010567635
vertex_582,0.08081671400347462
vertex_583,0.08580512331110426
vertex_584,0.05321415734400321
vertex_585,0.03457266633825678
vertex_586,0.06790288642663742
vertex_587,0.049731010231035974
vertex_588,0.020871580974878495
vertex_589,0.03851308086318365
vertex_590,0.03679809623795798
vertex_591,0.04437336802805406
vertex_592,0.019225779525442386
vertex_593,0.02012572512747583
vertex_594,0.03320768923487138
vertex_595,0.07612596074129821
vertex_596,0.04722782201094345
vertex_597,0.04333804307827633
vertex_598,0.025556940129843313
vertex_599,0.04303871120482892
vertex_600,0.03662215802341379
vertex_601,0.06691801897725953
vertex_602,0.08336642487153016
vertex_603,0.030483323185863383
vertex_604,0.04209134506287534
vertex_605,0.06039583914663591
vertex_606,0.045271082670411814
vertex_607,0.1046216799224578
vertex_608,0.15103604464169493
vertex_609,0.10879728084765583
vertex_610,0.14567900845972812
vertex_611,0.14561004893553717
vertex_612,0.11916319399149886
vertex_613,0.061914416423291735
vertex_614,0.0368618677737636
vertex_615,0.06256192703638178
vertex_616,0.294351439275014
vertex_617,0.24942302083169166
vertex_618,0.19004470262320697
vertex_619,0.04918714645195092
vertex_620,0.12319630553139062
vertex_621,0.1773132604762218
vertex_622,0.09972889012017386
vertex_623,0.06579929512154664
vertex_624,0.03912154832324764
vertex_625,0.10297450516058383
vertex_626,0.07256891416074573
vertex_627,0.15463808254358147
vertex_628,0.27866494119573243
vertex_629,0.12997659859056845
vertex_630,0.17070771980795846
vertex_631,0.1899555535531173
vertex_632,0.11202224792438889
vertex_633,0.09575858847914559
vertex_634,0.042233702763189246
vertex_635,0.026934123600710843
vertex_636,0.036036193167747546
vertex_637,0.03854609648492045
vertex_638,0.07296793304698604
vertex_639,0.02170622018903717
vertex_640,0.03366252715044338
vertex_641,0.08013124448288342
vertex_642,0.06415284915513332
vertex_643,0.05925801790179494
vertex_644,0.028774801341892444
vertex_645,0.057999353504180166
vertex_646,0.04334205283983535
vertex_647,0.05237454575463123
vertex_648,0.05423065715466968
vertex_649,0.06224659944790035
vertex_650,0.0711161966287287
vertex_651,0.03025308738052489
vertex_652,0.0565649228420528
vertex_653,0.0699851241531337
vertex_654,0.10213872817555608
vertex_655,0.08223448422796147
vertex_656,0.059898888257642724
vertex_657,0.1136333110786651
vertex_658,0.07667291663508624
vertex_659,0.047937978027505726
vertex_660,0.05953395455864527
vertex_661,0.07597143450149757
vertex_662,0.04838733794656419
vertex_663,0.06301361514324708
vertex_664,0.046566544598760244
vertex_665,0.044599850033059475
vertex_666,0.04243178523155477
vertex_667,0.056013370676056856
vertex_668,0.07316772963472087
vertex_669,0.14405702593727296
vertex_670,0.1224798725713206
vertex_671,0.1184375241149136
vertex_672,0.09303607337781733
vertex_673,0.11349309288116831
vertex_674,0.046258448889347284
vertex_675,0.052060837221570906
vertex_676,0.031480787755945254
vertex_677,0.0637568055744701
vertex_678,0.04825928335039077
vertex_679,0.04388837150227622
vertex_680,0.061132123313935735
vertex_681,0.07682013617802527
vertex_682,0.08011300229114575
vertex_683,0.12167244107396782
vertex_684,0.16514512849360205
vertex_685,0.17700795755110235
vertex_686,0.2979178065898872
vertex_687,0.28144699122861144
vertex_688,0.26169421887897676
vertex_689,0.08770173142215665
vertex_690,0.13977522783727675
vertex_691,0.10134433814033074
vertex_692,0.05362494398793669
vertex_693,0.06412435989739039
vertex_694,0.06908062543388944
vertex_695,0.0302451443085293
vertex_696,0.06192196557554469
vertex_697,0.05851888748778028
vertex_698,0.08189062107756362
vertex_699,0.06097015111426748
vertex_700,0.08201969801718573
vertex_701,0.09225695335095527
vertex_702,0.051179472961411454
vertex_703,0.05950805945569572
vertex_704,0.04351001967843671
vertex_705,0.049336370993278346
vertex_706,0.0521129176283478
vertex_707,0.06208492239561651
vertex_708,0.054137249960382224
vertex_709,0.06673667126230624
vertex_710,0.05129430143488207
vertex_711,0.0723795552292496
vertex_712,0.0846545662740351
vertex_713,0.09804906914155677
vertex_714,0.07112101298825285
vertex_715,0.04488169481800756
vertex_716,0.03710126461736805
vertex_717,0.04810142227169859
vertex_718,0.04936758889008102
vertex_719,0.0678370908963407
vertex_720,0.04565582531999642
vertex_721,0.07784029523735389
vertex_722,0.04885781443368865
vertex_723,0.07311765526527711
vertex_724,0.062393027004436614
vertex_725,0.08749644978745406
vertex_726,0.08303361788587554
vertex_727,0.1171542946455748
vertex_728,0.06854454874452155
vertex_729,0.04532385542610963
vertex_730,0.09599454177446552
vertex_731,0.10207740891114082
vertex_732,0.04068044881863262
vertex_733,0.04492799822673921
vertex_734,0.07599293527031654
vertex_735,0.07428916115721318
vertex_736,0.05740866767612938
vertex_737,0.04971807134128872
vertex_738,0.04473520937582066
vertex_739,0.03176327148489512
vertex_740,0.03640779462764653
vertex_741,0.040583739377118774
vertex_742,0.08409130953321231
vertex_743,0.10522924127805952
vertex_744,0.12065597317961085
vertex_745,0.04602294093944972
vertex_746,0.04755518284293066
vertex_747,0.05388839095765426
vertex_748,0.06423388327918238
vertex_749,0.0797810286069555
vertex_750,0.06387147637095271
vertex_751,0.085772265415811
vertex_752,0.08500745353195763
vertex_753,0.06979695942475492
vertex_754,0.1015759465746029
vertex_755,0.11504972796603084
vertex_756,0.09711431393590117
vertex_757,0.08852722524944025
vertex_758,0.11329880105552692
vertex_759,0.0806875426922149
vertex_760,0.05574928291264383
vertex_761,0.06843661940701898
vertex_762,0.07627635938864454
vertex_763,0.10306163836685941
vertex_764,0.11918436891481127
vertex_765,0.07463968917039127
vertex_766,0.1478361055045395
vertex_767,0.14980583050542357
vertex_768,0.11478720020625333
vertex_769,0.1049729544420625
vertex_770,0.11005643709448376
vertex_771,0.08275785939509037
vertex_772,0.13232881595788784
vertex_773,0.029794587412771627
vertex_774,0.030087706847218412
vertex_775,0.09717677078238102
vertex_776,0.06334804982432302
vertex_777,0.06894952570376967
vertex_778,0.11512086417209372
vertex_779,0.16198821916279407
vertex_780,0.09474121248680366
vertex_781,0.0965029626684486
vertex_782,0.27897022080991285
vertex_783,0.16867862846186668
vertex_784,0.2597304558539294
vertex_785,0.2989827817113455
vertex_786,0.2514101511522876
vertex_787,0.07340659822053645
vertex_788,0.07777832379895049
vertex_789,0.08078487945536507
vertex_790,0.09678282138165496
vertex_791,0.07286357872828424
vertex_792,0.10940486607507571
vertex_793,0.12540432019377126
vertex_794,0.03393746785775076
vertex_795,0.0332502382789123
vertex_796,0.04402406033852225
vertex_797,0.10169944798498047
vertex_798,0.08170701579554678
vertex_799,0.06859036492297234
vertex_800,0.04918961987219968
vertex_801,0.04100965331254924
vertex_802,0.014613293943304888
vertex_803,0.023364704123358306
vertex_804,0.03278097117850386
vertex_805,0.03355331694098148
vertex_806,0.03951832401857089
vertex_807,0.04293256073078027
vertex_808,0.042195404522564754
vertex_809,0.039795980808586026
vertex_810,0.09104547179648885
vertex_811,0.09991751594445046
vertex_812,0.0979316432070214
vertex_813,0.08632510101168923
vertex_814,0.029411582122468072
vertex_815,0.03662921541050556
vertex_816,0.03324971878335098
vertex_817,0.03487059787486224
vertex_818,0.11390711593044053
vertex_819,0.18241366821107638
vertex_820,0.10067758863631053
vertex_821,0.05091665090200371
vertex_822,0.03141192280517302
vertex_823,0.031457862893719685
vertex_824,0.020672826285728273
vertex_825,0.058420104430114084
vertex_826,0.1809112942303504
vertex_827,0.21849532325991777
vertex_828,0.31014142886248863
vertex_829,0.20151585997435817
vertex_830,0.2545901848822019
vertex_831,0.24311668449878684
vertex_832,0.22637554985608424
vertex_833,0.21870462826891326
vertex_834,0.05898354219908408
vertex_835,0.06847923772210081
vertex_836,0.06594805577549624
vertex_837,0.08417702394321964
vertex_838,0.07280546138678985
vertex_839,0.08622116203591979
vertex_840,0.10436843537381
vertex_841,0.07910710440553738
vertex_842,0.08587736747666888
vertex_843,0.08094080771991212
vertex_844,0.08378517871547995
vertex_845,0.1596747211102755
vertex_846,0.11709343369714366
vertex_847,0.13645155017271085
vertex_848,0.11240763637896442
vertex_849,0.15701326334223348
vertex_850,0.040344347233883464
vertex_851,0.040069463654300246
vertex_852,0.038722019536931385
vertex_853,0.06940357312164258
vertex_854,0.06500177266587702
vertex_855,0.07953026304861528
vertex_856,0.07386397884293364
vertex_857,0.0724834194904445
vertex_858,0.03670790722895174
vertex_859,0.04757191369665919
vertex_860,0.042825035767340654
vertex_861,0.04664866142926173
vertex_862,0.044381839630312836
vertex_863,0.037079099972183664
vertex_864,0.0420477397760712
vertex_865,0.055319011841411386
vertex_866,0.04641355705942079
vertex_867,0.0665508608939163
vertex_868,0.08213912363198225
vertex_869,0.06932541788950201
vertex_870,0.05041718885384824
vertex_871,0.0776783011102093
vertex_872,0.1330647347086685
vertex_873,0.0772166848432332
vertex_874,0.09287733186163236
vertex_875,0.09315711136309215
vertex_876,0.06259631613739017
vertex_877,0.04990295454063215
vertex_878,0.09030349839724625
vertex_879,0.059649664701008645
vertex_880,0.07675388419666576
vertex_881,0.08072320769938658
vertex_882,0.07253572372283482
vertex_883,0.07468711403094025
vertex_884,0.07621434742335402
vertex_885,0.0742394184528731
vertex_886,0.054316726074227564
vertex_887,0.08847427537176306
vertex_888,0.037852033454307925
vertex_889,0.051698712862288485
vertex_890,0.04716391585898338
vertex_891,0.03871710296763441
vertex_892,0.05743697317978481
vertex_893,0.05993047547768103
vertex_894,0.0609915368457489
vertex_895,0.08072098392734331
vertex_896,0.09592879031356827
vertex_897,0.07730575750392706
vertex_898,0.08149659839595369
vertex_899,0.04725660972928771
vertex_900,0.07854308840078669
vertex_901,0.06868492718660313
vertex_902,0.07161262898874286
vertex_903,0.06593744428839203
vertex_904,0.0824363241860943
vertex_905,0.07005360982511291
vertex_906,0.06551217517095104
vertex_907,0.041771871671603046
vertex_908,0.03944248510402995
vertex_909,0.037999188276367515
vertex_910,0.06292539571182425
vertex_911,0.03818650795426987
vertex_912,0.05149717482937888
vertex_913,0.03783469946960912
vertex_914,0.05266547822730103
vertex_915,0.0955929551911732
vertex_916,0.05923079991954938
vertex_917,0.07388755589518767
vertex_918,0.08818011591588619
vertex_919,0.1097478648670352
vertex_920,0.12673759750044133
vertex_921,0.09811876584153148
vertex_922,0.07217674179694597
vertex_923,0.06609777547001139
vertex_924,0.10043346241903289
vertex_925,0.07926820458937274
vertex_926,0.05918286789285599
vertex_927,0.042626388426179294
vertex_928,0.07432788346661202
vertex_929,0.11078280834917588
vertex_930,0.10524724384502918
vertex_931,0.0971948824858108
vertex_932,0.18397112286911962
vertex_933,0.1758292019566877
vertex_934,0.17262192764123155
vertex_935,0.25324831157113414
vertex_936,0.1772364563953231
vertex_937,0.0952441414899258
vertex_938,0.09944866876739877
vertex_939,0.09571366528347793
vertex_940,0.07031871227048238
vertex_941,0.07519992454891491
vertex_942,0.08729325690545789
vertex_943,0.07901581730710364
vertex_944,0.06929510172622332
vertex_945,0.061639730120476036
vertex_946,0.04262642215208668
vertex_947,0.03896257112516464
vertex_948,0.043504380445613215
vertex_949,0.04084857725771076
vertex_950,0.042042356101732604
vertex_951,0.052823795877140145
vertex_952,0.030020558288930223
vertex_953,0.018702909566223763
vertex_954,0.02098904608269412
vertex_955,0.030375080459335742
vertex_956,0.037052217552423224
vertex_957,0.04295697145306897
vertex_958,0.03505150188498429
vertex_959,0.01848540059482423
vertex_960,0.044913008474785306
vertex_961,0.044570762766239176
vertex_962,0.04108788014459706
vertex_963,0.025793310544104407
vertex_964,0.03798482281594038
vertex_965,0.03499020108481388
vertex_966,0.07959631383365744
vertex_967,0.04638564482095647
vertex_968,0.1419291561479939
vertex_969,0.10824867989426051
vertex_970,0.16740606793133975
vertex_971,0.09958634179967382
vertex_972,0.07780309871577036
vertex_973,0.10316459175888525
vertex_974,0.06791631868563763
vertex_975,0.10628830792338738
vertex_976,0.23242299829423016
vertex_977,0.21215204977133037
vertex_978,0.19965419648416335
vertex_979,0.2243993566971564
vertex_980,0.17626503499477655
vertex_981,0.17162457891647637
vertex_982,0.21597003610719376
vertex_983,0.20422487076244528
vertex_984,0.04005555992123791
vertex_985,0.027899698066207693
vertex_986,0.06279507307425174
vertex_987,0.15807499388525767
vertex_988,0.11795802148034129
vertex_989,0.11402158882123072
vertex_990,0.07492631316766873
vertex_991,0.10815144139841874
vertex_992,0.045339734870305626
vertex_993,0.05676034307249741
vertex_994,0.05665494484411516
vertex_995,0.08858221313109249
vertex_996,0.12410139790147813
vertex_997,0.10713167034956708
vertex_998,0.11461915842949184
vertex_999,0.11797713190303168
vertex_1000,0.0920817614338654
vertex_1001,0.10501628576108388
vertex_1002,0.08513199757928182
vertex_1003,0.06494736292487144
vertex_1004,0.08374024570698271
vertex_1005,0.07328185046363891
vertex_1006,0.04151264584354206
vertex_1007,0.03344561140757428
vertex_1008,0.05115426526216302
vertex_1009,0.045244026057341506
vertex_1010,0.07959980299633838
vertex_1011,0.0783008921435312
vertex_1012,0.05301125738419033
vertex_1013,0.09439299587270236
vertex_1014,0.08210537053748794
vertex_1015,0.10833302950882617
vertex_1016,0.11452172397372898
vertex_1017,0.10007635949268864
vertex_1018,0.1087629054153564
vertex_1019,0.12502628944125552
vertex_1020,0.08777293061249739
vertex_1021,0.08541431899240667
vertex_1022,0.08748429218240676
vertex_1023,0.037422128895582156
vertex_1024,0.042748239894549546
vertex_1025,0.0349597072357697
vertex_1026,0.038390287098823944
vertex_1027,0.039801031832304254
vertex_1028,0.03719169312497213
vertex_1029,0.05036952468407423
vertex_1030,0.0361491323407514
vertex_1031,0.03098254923649629
vertex_1032,0.039279122235374594
vertex_1033,0.04240685393483174
vertex_1034,0.03685469414790763
vertex_1035,0.04448877309804763
vertex_1036,0.04370795172797701
vertex_1037,0.05830633243507409
vertex_1038,0.1084970607228357
vertex_1039,0.0926607306945382
vertex_1040,0.11355753426022912
vertex_1041,0.13516005348080298
vertex_1042,0.17037366811444882
vertex_1043,0.14417331783817866
vertex_1044,0.1325005625071911
vertex_1045,0.06094946490889517
vertex_1046,0.07244626286879127
vertex_1047,0.1175306833445302
vertex_1048,0.14476540950166483
vertex_1049,0.1660759231977962
vertex_1050,0.10919317004430969
vertex_1051,0.07340123007092492
vertex_1052,0.06556103536310656
vertex_1053,0.08393873389610075
vertex_1054,0.06894963225978781
vertex_1055,0.12578838377060997
vertex_1056,0.09999769588248493
vertex_1057,0.08784188594668099
vertex_1058,0.09737279888846462
vertex_1059,0.038970827476785104
vertex_1060,0.037812834662065524
vertex_1061,0.0319466488679208
vertex_1062,0.04986550598079471
vertex_1063,0.06100412022054677
vertex_1064,0.0563332444923702
vertex_1065,0.034304667313632985
vertex_1066,0.05138814720337047
vertex_1067,0.053697467015201665
vertex_1068,0.05391241565100538
vertex_1069,0.049176007813430914
vertex_1070,0.0650020614192119
vertex_1071,0.042264948259868484
vertex_1072,0.054434811308363834
vertex_1073,0.05452597188243437
vertex_1074,0.039820825840281855
vertex_1075,0.03459904354860441
vertex_1076,0.06155852091173082
vertex_1077,0.1002697442491926
vertex_1078,0.1153668879778774
vertex_1079,0.0762687498845231
vertex_1080,0.043919119341214646
vertex_1081,0.07247763558167272
vertex_1082,0.07532959618049649
vertex_1083,0.04577758888787063
vertex_1084,0.031903038416028685
vertex_1085,0.06434514782319976
vertex_1086,0.12362141134577492
vertex_1087,0.06882532187327102
vertex_1088,0.079554048370532
vertex_1089,0.06579057443908895
vertex_1090,0.0842325526428438
vertex_1091,0.0796756850853846
vertex_1092,0.08225801291376471
vertex_1093,0.046830553742931304
vertex_1094,0.04676177165711601
vertex_1095,0.049243955285459114
vertex_1096,0.10332761616792548
vertex_1097,0.055771515065866833
vertex_1098,0.0743367278919216
vertex_1099,0.048503484321040964
vertex_1100,0.05129825547253087
vertex_1101,0.043200349861542
vertex_1102,0.03404055857869944
vertex_1103,0.025943598646953496
vertex_1104,0.035824294890704794
vertex_1105,0.04131023128777409
vertex_1106,0.07261525090927785
vertex_1107,0.07041801397647296
vertex_1108,0.044718197187310633
vertex_1109,0.10673687067609855
vertex_1110,0.07457443968739613
vertex_1111,0.06869647726342924
vertex_1112,0.06342272916104659
vertex_1113,0.04220034109490723
vertex_1114,0.033186355958031495
vertex_1115,0.09630229124297991
vertex_1116,0.06597636667485095
vertex_1117,0.10597077510044253
vertex_1118,0.07667722749274905
vertex_1119,0.07071210711283671
vertex_1120,0.028991516025384145
vertex_1121,0.09257690922261078
vertex_1122,0.09066694480194469
vertex_1123,0.07951137920951967
vertex_1124,0.07266867214362704
vertex_1125,0.14549562167695948
vertex_1126,0.05296764446030331
vertex_1127,0.06859893484840117
vertex_1128,0.036212194255358
vertex_1129,0.05558176532489894
vertex_1130,0.0582841171716125
vertex_1131,0.05184189006653386
vertex_1132,0.0352214885701871
vertex_1133,0.06233772684240415
vertex_1134,0.053437444260738896
vertex_1135,0.043076794105796325
vertex_1136,0.052505091068898266
vertex_1137,0.02678775028451072
vertex_1138,0.022281949425577808
vertex_1139,0.027118705977839285
vertex_1140,0.05158378878951485
vertex_1141,0.03453051830789526
vertex_1142,0.05582412575329225
vertex_1143,0.04534149015897375
vertex_1144,0.03370927168225964
vertex_1145,0.04417795370539655
vertex_1146,0.02853412453110811
vertex_1147,0.07472281866218076
vertex_1148,0.042345308506385876
vertex_1149,0.05961690791941705
vertex_1150,0.07816936616902498
vertex_1151,0.052113034572119715
vertex_1152,0.11702815505767866
vertex_1153,0.059793130362039426
vertex_1154,0.09984049760608268
vertex_1155,0.08316636975921937
vertex_1156,0.08539589569897578
vertex_1157,0.08350988553011872
vertex_1158,0.08462670374015697
vertex_1159,0.06634436706107635
vertex_1160,0.06015568137070781
vertex_1161,0.07029669196244222
vertex_1162,0.04051742788717314
vertex_1163,0.05918567402346794
vertex_1164,0.05177101496224022
vertex_1165,0.10620533291443354
vertex_1166,0.0727666019738666
vertex_1167,0.10359498477736025
vertex_1168,0.04749812514548106
vertex_1169,0.15217083181927296
vertex_1170,0.15385833976854096
vertex_1171,0.1308482636584214
vertex_1172,0.07460367805734938
vertex_1173,0.11447765241458888
vertex_1174,0.0947009700486922
vertex_1175,0.08358881596005267
vertex_1176,0.055242046662590936
vertex_1177,0.06530760400504981
vertex_1178,0.03600801173092688
vertex_1179,0.05638805880694022
vertex_1180,0.05114465725472897
vertex_1181,0.026476709955181883
vertex_1182,0.03676281792971559
vertex_1183,0.06246217681983168
vertex_1184,0.041179125841645556
vertex_1185,0.04455981199209758
vertex_1186,0.051572422581034616
vertex_1187,0.10290338954897307
vertex_1188,0.09884601568775453
vertex_1189,0.0890255229804004
vertex_1190,0.06400379218056132
vertex_1191,0.09167847764612959
vertex_1192,0.11182412151221878
vertex_1193,0.09217034765892328
vertex_1194,0.1026688117999371
vertex_1195,0.07391895940187133
vertex_1196,0.06957149351841282
vertex_1197,0.06564092456325946
vertex_1198,0.05469545022259136
vertex_1199,0.06160048104423586
vertex_1200,0.06430001953105158
vertex_1201,0.08744789210488647
vertex_1202,0.08467788492565893
vertex_1203,0.09217231971819949
vertex_1204,0.12273056655064064
vertex_1205,0.07360934302859468
vertex_1206,0.051713585273278656
vertex_1207,0.09361826307698749
vertex_1208,0.08598056574880877
vertex_1209,0.06574135077543043
vertex_1210,0.10594831762558302
vertex_1211,0.05565688627428659
vertex_1212,0.09364702397614925
vertex_1213,0.11894999530038401
vertex_1214,0.1337550527843184
vertex_1215,0.13590870133812324
vertex_1216,0.15093350829803528
vertex_1217,0.20840387836332813
vertex_1218,0.17103231968601487
vertex_1219,0.2239874367305837
vertex_1220,0.20610242203265672
vertex_1221,0.19309439317662722
vertex_1222,0.15398121623979802
vertex_1223,0.19107778518251253
vertex_1224,0.166467769252441
vertex_1225,0.1325654860624939
vertex_1226,0.13002696138299955
vertex_1227,0.10613152363621348
vertex_1228,0.12058137148964342
vertex_1229,0.14516352591470696
vertex_1230,0.1437724844367799
vertex_1231,0.11969591162348148
vertex_1232,0.16551235621044846
vertex_1233,0.13527889115826108
vertex_1234,0.13610297815351727
vertex_1235,0.1322529082004797
vertex_1236,0.16635251259829897
vertex_1237,0.16808400866513665
vertex_1238,0.13929835166943455
vertex_1239,0.17427210841592874
vertex_1240,0.0906244779855255
vertex_1241,0.11096111968951763
vertex_1242,0.13262637418608864
vertex_1243,0.18300045193592376
vertex_1244,0.16834319807384823
vertex_1245,0.052535791221095605
vertex_1246,0.04325359857273375
vertex_1247,0.04628416726240258
vertex_1248,0.08937921602649636
vertex_1249,0.10433475332660576
vertex_1250,0.15780204309533655
vertex_1251,0.1873078127399239
vertex_1252,0.2370330070405817
vertex_1253,0.17787470169303993
vertex_1254,0.25112256426319807
vertex_1255,0.15764674209924465
vertex_1256,0.22036939627389027
vertex_1257,0.16812941871887604
vertex_1258,0.20395664893574453
vertex_1259,0.09897368272174796
vertex_1260,0.08973642715349224
vertex_1261,0.057975870447028746
vertex_1262,0.1289037153754404
vertex_1263,0.13728656656466973
vertex_1264,0.19304730191104522
vertex_1265,0.15315489451968245
vertex_1266,0.16857875486776056
vertex_1267,0.13934611462023064
vertex_1268,0.10273750110544025
vertex_1269,0.09368265607982747
vertex_1270,0.1874046602190392
vertex_1271,0.12432421430314164
vertex_1272,0.1781342193203294
vertex_1273,0.19862605244254583
vertex_1274,0.23189001416707286
vertex_1275,0.25323209227432786
vertex_1276,0.32027854587667964
vertex_1277,0.28526538927331024
vertex_1278,0.2821443797687874
vertex_1279,0.29023149224978595
vertex_1280,0.3536333050785186
vertex_1281,0.31571117701575174
vertex_1282,0.061904990564845365
vertex_1283,0.07379806169351277
vertex_1284,0.11138722155993203
vertex_1285,0.059611035201274296
vertex_1286,0.06782821532399935
vertex_1287,0.06696102054267028
vertex_1288,0.04880860503781695
vertex_1289,0.09011216940399115
vertex_1290,0.09569926462902598
vertex_1291,0.10259707726088228
vertex_1292,0.09018323772478339
vertex_1293,0.0693467617536837
vertex_1294,0.11016778401163677
vertex_1295,0.07518460785510968
vertex_1296,0.048939574684842606
vertex_1297,0.061604481519251034
vertex_1298,0.04695457039177392
vertex_1299,0.038100426087716174
vertex_1300,0.06799223388894395
vertex_1301,0.07152146672004198
vertex_1302,0.06040836798912712
vertex_1303,0.06448290108547254
vertex_1304,0.04770641020902489
vertex_1305,0.047167680704970946
vertex_1306,0.03138712463442378
vertex_1307,0.025879559642855397
vertex_1308,0.04272806948380392
vertex_1309,0.03998667068402048
vertex_1310,0.05802133825947265
vertex_1311,0.037523424785784604
vertex_1312,0.043572995716279844
vertex_1313,0.02580098938825033
vertex_1314,0.06580484076148932
vertex_1315,0.10213102787577005
vertex_1316,0.038010507064691515
vertex_1317,0.03235973518130277
vertex_1318,0.02527923241931713
vertex_1319,0.02509474553639743
vertex_1320,0.02244747354626262
vertex_1321,0.05255918530322451
vertex_1322,0.05775864006902973
vertex_1323,0.050429919876142405
vertex_1324,0.05584788106472673
vertex_1325,0.060708201938970405
vertex_1326,0.05690466404536822
vertex_1327,0.09615088195648631
vertex_1328,0.0372326242861629
vertex_1329,0.10015472511657941
vertex_1330,0.03950430424137432
vertex_1331,0.020430743342862816
vertex_1332,0.028594265646668574
vertex_1333,0.031164394987320976
vertex_1334,0.03601304310486445
vertex_1335,0.039205701182142366
vertex_1336,0.03420541074249485
vertex_1337,0.03834664537206503
vertex_1338,0.034875063166841955
vertex_1339,0.05264676778782264
vertex_1340,0.04399701246775506
vertex_1341,0.0703979074073652
vertex_1342,0.04531669815623995
vertex_1343,0.04256901427381207
vertex_1344,0.06086610977218885
vertex_1345,0.06448196180849244
vertex_1346,0.038717090386410365
vertex_1347,0.040845484580719855
vertex_1348,0.0412134542517382
vertex_1349,0.030342590321685327
vertex_1350,0.14061022147287028
vertex_1351,0.1249344731598842
vertex_1352,0.1623384062758481
vertex_1353,0.15056199539626122
vertex_1354,0.12730819739736077
vertex_1355,0.1456820814912258
vertex_1356,0.17157763160263667
vertex_1357,0.1523551118414706
vertex_1358,0.05632751237993146
vertex_1359,0.07226302775234215
vertex_1360,0.09892638695415415
vertex_1361,0.08845774368015709
vertex_1362,0.10787324839347555
vertex_1363,0.10894017034496939
vertex_1364,0.13198428427605866
vertex_1365,0.10889466699022536
vertex_1366,0.1001272645500011
vertex_1367,0.12067612052778523
vertex_1368,0.07429459491112937
vertex_1369,0.0544920071803993
vertex_1370,0.10766479653617918
vertex_1371,0.02105368342844934
vertex_1372,0.09481154897212334
vertex_1373,0.35398028173731505
vertex_1374,0.36142584491437363
vertex_1375,0.32352893027126345
vertex_1376,0.1574615391062217
vertex_1377,0.2534640562233843
vertex_1378,0.16790838971801478
vertex_1379,0.2335941270079622
vertex_1380,0.18343462907136507
vertex_1381,0.04152126814014237
vertex_1382,0.02795785180098247
vertex_1383,0.03403597489738089
vertex_1384,0.023076635065547937
vertex_1385,0.06323615649392272
vertex_1386,0.093649772360185
vertex_1387,0.12855705567902978
vertex_1388,0.1429674503174723
vertex_1389,0.17135805594371115
vertex_1390,0.06657066384053328
vertex_1391,0.024571879381229646
vertex_1392,0.03558246239937672
vertex_1393,0.06052458679889333
vertex_1394,0.08265856410291868
vertex_1395,0.062286497916083886
vertex_1396,0.1661330695867138
vertex_1397,0.13980162746822772
vertex_1398,0.12919832508277174
vertex_1399,0.2044020298277127
vertex_1400,0.12249092565792259
vertex_1401,0.1323313098285503
vertex_1402,0.1256764179192192
vertex_1403,0.14619392372599344
vertex_1404,0.33995850852850507
vertex_1405,0.14263392734248592
vertex_1406,0.2647430679047573
vertex_1407,0.23995708430635979
vertex_1408,0.17847419206285176
vertex_1409,0.17816111716844074
vertex_1410,0.1423857733171741
vertex_1411,0.24331377826539313
vertex_1412,0.2282087007306071
vertex_1413,0.24278030627544342
vertex_1414,0.19052913798082957
vertex_1415,0.14871783541244854
vertex_1416,0.14566815964703247
vertex_1417,0.11155706456414942
vertex_1418,0.11908495930528555
vertex_1419,0.02396380545532534
vertex_1420,0.022043604853238506
vertex_1421,0.02591570123061524
vertex_1422,0.06199232668285141
vertex_1423,0.03507039859905312
vertex_1424,0.03768912174984443
vertex_1425,0.04941757513974271
vertex_1426,0.05601980721408388
vertex_1427,0.026197076501375455
vertex_1428,0.04169990090803944
vertex_1429,0.018000214029711043
vertex_1430,0.04422756564699274
vertex_1431,0.03693986317225834
vertex_1432,0.037564212549472155
vertex_1433,0.034187097387499414
vertex_1434,0.03408431107747994
vertex_1435,0.04459244003323546
vertex_1436,0.02361980202835121
vertex_1437,0.11622840326207763
vertex_1438,0.09339976252743779
vertex_1439,0.11163322428643496
vertex_1440,0.0944920462136206
vertex_1441,0.09748304934274678
vertex_1442,0.07870970213601526
vertex_1443,0.0728178499712663
vertex_1444,0.06989146848719412
vertex_1445,0.11935526895063976
vertex_1446,0.11143234029382368
vertex_1447,0.035756662416240155
vertex_1448,0.03399343544046357
vertex_1449,0.04815738191244577
vertex_1450,0.055569360032714864
vertex_1451,0.042451007950448594
vertex_1452,0.03511936661607958
vertex_1453,0.046544851149584995
vertex_1454,0.039771312474672894
vertex_1455,0.048298076938463955
vertex_1456,0.06234997697257628
vertex_1457,0.0598264156725491
vertex_1458,0.06243920352059881
vertex_1459,0.13196162972718417
vertex_1460,0.0836703110152857
vertex_1461,0.05876500701922463
vertex_1462,0.04895222508392953
vertex_1463,0.07274318977329385
vertex_1464,0.055420974987187704
vertex_1465,0.06848273207878622
vertex_1466,0.052138238836243266
vertex_1467,0.08416139217431973
vertex_1468,0.0824319369562608
vertex_1469,0.054825962236737455
vertex_1470,0.06729936176229875
vertex_1471,0.1121489263192322
vertex_1472,0.10613687693486731
vertex_1473,0.09199474939853322
vertex_1474,0.09811077671931376
vertex_1475,0.05606867139969545
vertex_1476,0.051154016798555565
vertex_1477,0.04583658806002762
vertex_1478,0.05629636787362333
vertex_1479,0.053902799913424664
vertex_1480,0.05111943868643401
vertex_1481,0.056846885391165496
vertex_1482,0.0627911252438564
vertex_1483,0.05181459637545651
vertex_1484,0.06593609857431203
vertex_1485,0.044801427430567524
vertex_1486,0.07374915333402733
vertex_1487,0.07087188595845176
vertex_1488,0.04812120401821082
vertex_1489,0.048898952723427744
vertex_1490,0.07548633809951064
vertex_1491,0.03718056185370837
vertex_1492,0.0921422263895228
vertex_1493,0.08966147689341689
vertex_1494,0.11486932862290465
vertex_1495,0.15503916966651096
vertex_1496,0.1561239671927586
vertex_1497,0.16142355052660406
vertex_1498,0.08611764638693675
vertex_1499,0.08571102949788847
vertex_1500,0.10333979843042125
vertex_1501,0.06517052648607553
vertex_1502,0.06271487469028053
vertex_1503,0.060968011583925764
vertex_1504,0.05070393895603225
vertex_1505,0.044072172058226396
vertex_1506,0.0720781196662062
vertex_1507,0.036927938529555934
vertex_1508,0.023900877235995037
vertex_1509,0.033535277700082314
vertex_1510,0.05935470915741781
vertex_1511,0.04117070044534747
vertex_1512,0.038100326811384415
vertex_1513,0.03852529864315964
vertex_1514,0.043956167095385995
vertex_1515,0.05914250266569162
vertex_1516,0.06221169013648332
vertex_1517,0.12233665917262758
vertex_1518,0.10812000377295428
vertex_1519,0.13965172546783772
vertex_1520,0.14282899303803395
vertex_1521,0.14738070036116066
vertex_1522,0.24534375707509895
vertex_1523,0.21873727621025338
vertex_1524,0.3186875916428485
vertex_1525,0.29009708507440224
vertex_1526,0.2540147190962543
vertex_1527,0.05088299370620631
vertex_1528,0.054407085773228475
vertex_1529,0.06718171025190045
vertex_1530,0.11175620887339646
vertex_1531,0.1132559222489014
vertex_1532,0.054901282000247076
vertex_1533,0.0924432304112685
vertex_1534,0.06657413758251446
vertex_1535,0.10313983787766731
vertex_1536,0.09042897507565266
vertex_1537,0.06925642243076563
vertex_1538,0.06374620092822135
vertex_1539,0.04001363805752593
vertex_1540,0.04969716466338927
vertex_1541,0.03524619496404817
vertex_1542,0.031020675051849196
vertex_1543,0.04660000797376285
vertex_1544,0.06481937463859894
vertex_1545,0.0765188540813118
vertex_1546,0.14672742347888443
vertex_1547,0.1337443633178415
vertex_1548,0.14162125523229774
vertex_1549,0.12322185454336726
vertex_1550,0.10495911250890098
vertex_1551,0.04585282614527007
vertex_1552,0.04440844782783168
vertex_1553,0.03567743568617175
vertex_1554,0.03197106385976961
vertex_1555,0.03617734340103604
vertex_1556,0.030960993446225812
vertex_1557,0.036361398700076146
vertex_1558,0.04923873374866504
vertex_1559,0.07002899746236729
vertex_1560,0.10073152522011604
vertex_1561,0.057486091180569264
vertex_1562,0.04506710951795346
vertex_1563,0.09940934991804788
vertex_1564,0.049600298048972834
vertex_1565,0.12472775341066716
vertex_1566,0.08414567700723104
vertex_1567,0.10891451074224176
vertex_1568,0.1559290487776281
vertex_1569,0.1540131690354677
vertex_1570,0.15995828494069783
vertex_1571,0.13126084029803398
vertex_1572,0.06635650096268472
vertex_1573,0.05672239748113553
vertex_1574,0.04740809282356364
vertex_1575,0.04611950404975394
vertex_1576,0.04099862301039533
vertex_1577,0.03243296380994637
vertex_1578,0.034009982060543245
vertex_1579,0.03282602641995542
vertex_1580,0.037115622284505864
vertex_1581,0.034585501080826225
vertex_1582,0.05534012368987561
vertex_1583,0.07243684176608621
vertex_1584,0.09701520440276652
vertex_1585,0.06671018336001229
vertex_1586,0.07851461236406111
vertex_1587,0.08457559052589002
vertex_1588,0.06983558569630849
vertex_1589,0.0882269125822945
vertex_1590,0.10281208813293931
vertex_1591,0.08353759627507695
vertex_1592,0.05625747608108107
vertex_1593,0.06976256905634723
vertex_1594,0.04746033354152718
vertex_1595,0.07217488965586434
vertex_1596,0.0937077814647799
vertex_1597,0.04214326467284968
vertex_1598,0.03129055814516402
vertex_1599,0.04669368221024923
vertex_1600,0.0411649179115916
vertex_1601,0.06527606859973643
vertex_1602,0.1407543309833232
vertex_1603,0.11703164959697776
vertex_1604,0.09001958199719091
vertex_1605,0.04309797369883184
vertex_1606,0.06053729542545633
vertex_1607,0.04787339132502675
vertex_1608,0.0457016015557122
vertex_1609,0.050654088856618734
vertex_1610,0.04400131927094713
vertex_1611,0.0634135258569077
vertex_1612,0.07514999360315662
vertex_1613,0.0813259569011909
vertex_1614,0.051086039146266846
vertex_1615,0.050508404758152395
vertex_1616,0.03811957451446115
vertex_1617,0.044621314188699406
vertex_1618,0.0497682922919588
vertex_1619,0.04995515547571193
vertex_1620,0.06970700032493941
vertex_1621,0.0680480085524617
vertex_1622,0.0778065372252914
vertex_1623,0.04573183475147691
vertex_1624,0.08797679730459518
vertex_1625,0.07744818453722141
vertex_1626,0.09039787253308168
vertex_1627,0.09860487524508152
vertex_1628,0.12612670480003024
vertex_1629,0.0619732091679221
vertex_1630,0.07428545634978827
vertex_1631,0.038476871201162784
vertex_1632,0.04835524371305554
vertex_1633,0.09499150537452568
vertex_1634,0.0860728510775252
vertex_1635,0.09706278542838276
vertex_1636,0.0916580128623285
vertex_1637,0.11655102176962612
vertex_1638,0.09873832348038243
vertex_1639,0.10259343472206668
vertex_1640,0.06111108446176917
vertex_1641,0.06052063660483571
vertex_1642,0.07065917299179555
vertex_1643,0.043538168739169616
vertex_1644,0.05379716710664595
vertex_1645,0.049471510444807146
vertex_1646,0.06053223717499816
vertex_1647,0.06050562101656551
vertex_1648,0.09227652163714935
vertex_1649,0.10419658721186643
vertex_1650,0.1090192485023561
vertex_1651,0.11478751220131761
vertex_1652,0.10009057357825028
vertex_1653,0.12490979539420077
vertex_1654,0.10404708101708138
vertex_1655,0.08618154615711304
vertex_1656,0.04877805424232984
vertex_1657,0.05083611475328971
vertex_1658,0.05323019380254221
vertex_1659,0.10967391949255238
vertex_1660,0.07524556913397737
vertex_1661,0.07256292968415415
vertex_1662,0.07915636115262119
vertex_1663,0.13013805494053454
vertex_1664,0.14285630395569243
vertex_1665,0.16337111329678597
vertex_1666,0.13495478217464532
vertex_1667,0.1900245817851851
vertex_1668,0.16659350052173238
vertex_1669,0.14370291469230986
vertex_1670,0.1586355761616474
vertex_1671,0.11371013519626658
vertex_1672,0.13985879923356268
vertex_1673,0.11197238630206192
vertex_1674,0.15135729619369795
vertex_1675,0.10434039668895845
vertex_1676,0.09128768301572003
vertex_1677,0.17816828319011144
vertex_1678,0.17682902798009947
vertex_1679,0.12436858132891887
vertex_1680,0.046556218412186885
vertex_1681,0.043499662790785015
vertex_1682,0.07636639850020176
vertex_1683,0.054235518379277876
vertex_1684,0.06029260396970533
vertex_1685,0.055026942040832104
vertex_1686,0.07330486833273755
vertex_1687,0.08920775842053887
vertex_1688,0.12864986027270447
vertex_1689,0.1305814286524943
vertex_1690,0.12867324720097745
vertex_1691,0.08089779256667674
vertex_1692,0.08231113241495917
vertex_1693,0.08993195378833076
vertex_1694,0.16863342576542456
vertex_1695,0.12495943607345865
vertex_1696,0.1365792950731719
vertex_1697,0.13545617959550352
vertex_1698,0.1617100814164455
vertex_1699,0.12295822238671829
vertex_1700,0.17857967572785433
vertex_1701,0.23593164755653914
vertex_1702,0.2867002306438441
vertex_1703,0.32909138216500583
vertex_1704,0.3254031035721837
vertex_1705,0.07993237487653915
vertex_1706,0.08538189027270517
vertex_1707,0.08422531043240312
vertex_1708,0.06741437474566458
vertex_1709,0.05107747072880426
vertex_1710,0.07131349333460792
vertex_1711,0.09966173159713144
vertex_1712,0.05023175271603524
vertex_1713,0.08628261621324916
vertex_1714,0.10587342218425341
vertex_1715,0.092379729010799
vertex_1716,0.04410490939234627
vertex_1717,0.07919967600787099
vertex_1718,0.02794504582156102
vertex_1719,0.03012670250196005
vertex_1720,0.04776050522958472
vertex_1721,0.04013006736318385
vertex_1722,0.036664739527633786
vertex_1723,0.09933745679725843
vertex_1724,0.08619835373756116
vertex_1725,0.10056922741561934
vertex_1726,0.07881680197369792
vertex_1727,0.07638500955289212
vertex_1728,0.04507271152515036
vertex_1729,0.04574784299193067
vertex_1730,0.056906809349168565
vertex_1731,0.03924283740057972
vertex_1732,0.04748968116328585
vertex_1733,0.053605905128366056
vertex_1734,0.07900191421270272
vertex_1735,0.052240072188785375
vertex_1736,0.05040361629929735
vertex_1737,0.08307040053052635
vertex_1738,0.06283752770785772
vertex_1739,0.0421971526811343
vertex_1740,0.027265066059646494
vertex_1741,0.04038799327342313
vertex_1742,0.05104587225505532
vertex_1743,0.04163552067202978
vertex_1744,0.052211168375138
vertex_1745,0.03898796412084266
vertex_1746,0.13056547320305872
vertex_1747,0.15477125957048657
vertex_1748,0.13480846855251696
vertex_1749,0.14857509871137373
vertex_1750,0.14485514269807132
vertex_1751,0.05954284814981545
vertex_1752,0.10958269828382175
vertex_1753,0.079767892481023
vertex_1754,0.06177190363207465
vertex_1755,0.07292820733551893
vertex_1756,0.11307038743194159
vertex_1757,0.045649091936272264
vertex_1758,0.04066115694426391
vertex_1759,0.05409295182402016
vertex_1760,0.30090442305831794
vertex_1761,0.26604361622100475
vertex_1762,0.35730023997152327
vertex_1763,0.21546545279141793
vertex_1764,0.11231301570339147
vertex_1765,0.041434432991408414
vertex_1766,0.05008986625895989
vertex_1767,0.030383914361979958
vertex_1768,0.014323708531793175
vertex_1769,0.031978417009695746
vertex_1770,0.04839685273588068
vertex_1771,0.020507980163197992
vertex_1772,0.019085302118110405
vertex_1773,0.02863652668774352
vertex_1774,0.12416837462982627
vertex_1775,0.12887985273853597
vertex_1776,0.1380799988771168
vertex_1777,0.1923049105851678
vertex_1778,0.14881701359548874
vertex_1779,0.33695954514867393
vertex_1780,0.34747058682732535
vertex_1781,0.3122316628106601
vertex_1782,0.2725504115317346
vertex_1783,0.24018602709465506
vertex_1784,0.22648234911728524
vertex_1785,0.18905316730718222
vertex_1786,0.2070265499134306
vertex_1787,0.18023689559249584
vertex_1788,0.02774239203654534
vertex_1789,0.04330461104799673
vertex_1790,0.0558066300424513
vertex_1791,0.061110096075092976
vertex_1792,0.10658746522581317
vertex_1793,0.08962499543533758
vertex_1794,0.047567464480262216
vertex_1795,0.05377174180407116
vertex_1796,0.05263610850363331
vertex_1797,0.07255139660087273
vertex_1798,0.06313083363488675
vertex_1799,0.07956668465421021
vertex_1800,0.11179685887139588
vertex_1801,0.13547306280478238
vertex_1802,0.05380003064269856
vertex_1803,0.07784007406552092
vertex_1804,0.06648655582294527
vertex_1805,0.06312239408494467
vertex_1806,0.07607065896567786
vertex_1807,0.08803785780643453
vertex_1808,0.11450316155638612
vertex_1809,0.13119695913412954
vertex_1810,0.10560263472700158
vertex_1811,0.04736107749965167
vertex_1812,0.07076011116411055
vertex_1813,0.04099681178001746
vertex_1814,0.04097073763914335
vertex_1815,0.039847211532199375
vertex_1816,0.05738064021000557
vertex_1817,0.06564807308240067
vertex_1818,0.05147055314255369
vertex_1819,0.059316205007467794
vertex_1820,0.04208466841462843
vertex_1821,0.06340224827453551
vertex_1822,0.057137871874174864
vertex_1823,0.047313312318014326
vertex_1824,0.07668962390894585
vertex_1825,0.06380909617101684
vertex_1826,0.04449372965290015
vertex_1827,0.03778765410865432
vertex_1828,0.04686026202508722
vertex_1829,0.038624662326432295
vertex_1830,0.0380161360543956
vertex_1831,0.05560649813984789
vertex_1832,0.04043697193115345
vertex_1833,0.0486898923613447
vertex_1834,0.03918588143860436
vertex_1835,0.039414332784230184
vertex_1836,0.04723096876677065
vertex_1837,0.061155312917539346
vertex_1838,0.07814326767378
vertex_1839,0.07186684768599659
vertex_1840,0.04865792806300579
vertex_1841,0.03433951327888475
vertex_1842,0.0407199483681921
vertex_1843,0.05054139734742882
vertex_1844,0.0854976828277147
vertex_1845,0.0837803965539522
vertex_1846,0.09285805991281863
vertex_1847,0.12587923961379002
vertex_1848,0.1291043897059997
vertex_1849,0.12288502499630154
vertex_1850,0.10484156393776574
vertex_1851,0.07422882330682173
vertex_1852,0.03970124445996722
vertex_1853,0.03613823635706229
vertex_1854,0.07596479018632354
vertex_1855,0.07065133634971593
vertex_1856,0.08629217121305373
vertex_1857,0.08151728132596729
vertex_1858,0.12382104849545396
vertex_1859,0.11662686666116821
vertex_1860,0.11820596782330137
vertex_1861,0.09554226399006202
vertex_1862,0.09522141042940499
vertex_1863,0.052994274652128574
vertex_1864,0.0427041768195969
vertex_1865,0.06142670065359953
vertex_1866,0.050128327186818956
vertex_1867,0.0810454651255292
vertex_1868,0.06489385762772582
vertex_1869,0.10052005688582813
vertex_1870,0.07076044181465778
vertex_1871,0.07173489579387089
vertex_1872,0.030322761274436828
vertex_1873,0.057885178843544806
vertex_1874,0.08385844978435794
vertex_1875,0.05073707329320769
vertex_1876,0.05993907010327644
vertex_1877,0.04694766664433618
vertex_1878,0.12623387447025392
vertex_1879,0.11251093712985065
vertex_1880,0.05791869364719966
vertex_1881,0.08892885083523096
vertex_1882,0.0428965792260696
vertex_1883,0.034775209089679
vertex_1884,0.045196111352171726
vertex_1885,0.03477183008675738
vertex_1886,0.06718266624687123
vertex_1887,0.05201206768492217
vertex_1888,0.030205234700380796
vertex_1889,0.05575316630198151
vertex_1890,0.06438677556074171
vertex_1891,0.052488519717472475
vertex_1892,0.08483492084382159
vertex_1893,0.08227741731823118
vertex_1894,0.06293497898921169
vertex_1895,0.06051295108587118
vertex_1896,0.06702725516665195
vertex_1897,0.04239774373353046
vertex_1898,0.0524630450498634
vertex_1899,0.034643751226198505
vertex_1900,0.04358908183132031
vertex_1901,0.05281165356885514
vertex_1902,0.057344451836994555
vertex_1903,0.04387038040911025
vertex_1904,0.11009931620669876
vertex_1905,0.1081631495612113
vertex_1906,0.14000035057566104
vertex_1907,0.12245153371528116
vertex_1908,0.09453381640128318
vertex_1909,0.08483424230638316
vertex_1910,0.15108797161163945
vertex_1911,0.12913731799632341
vertex_1912,0.12403647181971243
vertex_1913,0.13727064477422912
vertex_1914,0.13458910889707276
vertex_1915,0.05782871741949222
vertex_1916,0.03897508134900729
vertex_1917,0.05171079493640971
vertex_1918,0.06362706360302912
vertex_1919,0.05719120566056658
vertex_1920,0.09608332477998667
vertex_1921,0.05927332012507766
vertex_1922,0.038078200038785405
vertex_1923,0.07846712375133913
vertex_1924,0.08420398313387488
vertex_1925,0.11789595099528223
vertex_1926,0.13515953616026988
vertex_1927,0.1255572572742956
vertex_1928,0.1066470585559174
vertex_1929,0.17280691177018848
vertex_1930,0.1047110818521337
vertex_1931,0.1125486577933163
vertex_1932,0.2217368339530642
vertex_1933,0.25944963612925637
vertex_1934,0.2924289099309242
vertex_1935,0.2724098799193061
vertex_1936,0.04937829688465576
vertex_1937,0.07340869408869533
vertex_1938,0.0924485901851441
vertex_1939,0.08599921878604741
vertex_1940,0.07811613431425389
vertex_1941,0.07770043511395328
vertex_1942,0.06346457221065721
vertex_1943,0.09855947215435833
vertex_1944,0.0460849206153357
vertex_1945,0.06870467276104543
vertex_1946,0.052539335177916376
vertex_1947,0.044292790536568524
vertex_1948,0.05476716488933922
vertex_1949,0.03733705114676263
vertex_1950,0.03902470833552182
vertex_1951,0.03740015955582235
vertex_1952,0.050191868542802894
vertex_1953,0.06231262360837827
vertex_1954,0.08635717689097924
vertex_1955,0.0460825993267419
vertex_1956,0.040467493446349624
vertex_1957,0.03622207768229928
vertex_1958,0.031504918337429834
vertex_1959,0.023868463915973095
vertex_1960,0.02150715377880065
vertex_1961,0.025440739846127776
vertex_1962,0.02483907580124801
vertex_1963,0.02393080638657484
vertex_1964,0.0415564804114169
vertex_1965,0.04933422131068136
vertex_1966,0.05798803002171681
vertex_1967,0.028594269178089802
vertex_1968,0.02962467656561802
vertex_1969,0.04636577103493622
vertex_1970,0.03377018015208805
vertex_1971,0.034657990011478866
vertex_1972,0.05152362195877738
vertex_1973,0.04216969971378922
vertex_1974,0.042019643046912164
vertex_1975,0.07582004697424095
vertex_1976,0.0724318340453473
vertex_1977,0.0932352705813411
vertex_1978,0.07703119694782067
vertex_1979,0.11702199663644557
vertex_1980,0.06125910379865801
vertex_1981,0.04852333915483373
vertex_1982,0.06370322650027228
vertex_1983,0.03785518763939453
vertex_1984,0.09987559820262289
vertex_1985,0.110836633858483
vertex_1986,0.06547125210121837
vertex_1987,0.06231974595910139
vertex_1988,0.07151660318378744
vertex_1989,0.07283907669673916
vertex_1990,0.3081924908610924
vertex_1991,0.2932683179925892
vertex_1992,0.34478148189093744
vertex_1993,0.26191457840940735
vertex_1994,0.3715938684116118
vertex_1995,0.09784873332752325
vertex_1996,0.3682822516879182
vertex_1997,0.32971979184839784
vertex_1998,0.2851345743670715
vertex_1999,0.20800703193220108
vertex_2000,0.19364264426147137
vertex_2001,0.032419897598948144
vertex_2002,0.03504897478729358
vertex_2003,0.034957459876918284
vertex_2004,0.0327273926003213
vertex_2005,0.06035522140337941
vertex_2006,0.06642614466609569
vertex_2007,0.07485830139036048
vertex_2008,0.08985006815766688
vertex_2009,0.09863367745636545
vertex_2010,0.10263381862882381
vertex_2011,0.11362060782283558
vertex_2012,0.055844559620321255
vertex_2013,0.04422546807104888
vertex_2014,0.05159841611581731
vertex_2015,0.07377763218034923
vertex_2016,0.07262020532801586
vertex_2017,0.10435684453227094
vertex_2018,0.06956862776413887
vertex_2019,0.08234932114639454
vertex_2020,0.11357374345124453
vertex_2021,0.0720778735759726
vertex_2022,0.059766007718915534
vertex_2023,0.09197939942083654
vertex_2024,0.1108083085820722
vertex_2025,0.10756884226557571
vertex_2026,0.06862146685027559
vertex_2027,0.1085597447489888
vertex_2028,0.08774035917312951
vertex_2029,0.07014625352684987
vertex_2030,0.043602565416930916
vertex_2031,0.06728207376634524
vertex_2032,0.04606258660089009
vertex_2033,0.04474035659168873
vertex_2034,0.06161221308232139
vertex_2035,0.06945489674674737
vertex_2036,0.06385704026030238
vertex_2037,0.08888013370752695
vertex_2038,0.11092975337835842
vertex_2039,0.11791606315169624
vertex_2040,0.10655606093232507
vertex_2041,0.05290008094433719
vertex_2042,0.062208820069666236
vertex_2043,0.09980238464583326
vertex_2044,0.09746690611066235
vertex_2045,0.11629485569629407
vertex_2046,0.10844806025391962
vertex_2047,0.12935444030661963
vertex_2048,0.12605548418270784
vertex_2049,0.10385625538218571
vertex_2050,0.09819589725868651
vertex_2051,0.07378194703747426
vertex_2052,0.05876450096949012
vertex_2053,0.060998909778609875
vertex_2054,0.09626412629389892
vertex_2055,0.044049570457719824
vertex_2056,0.041084802805006204
vertex_2057,0.062144412891380035
vertex_2058,0.0609352234689727
vertex_2059,0.05043436907061035
vertex_2060,0.07152879163478704
vertex_2061,0.043443774434582784
vertex_2062,0.029202595662693127
vertex_2063,0.03919825267659322
vertex_2064,0.03644861911525911
vertex_2065,0.028662400228590852
vertex_2066,0.0461159060132815
vertex_2067,0.033609434706578324
vertex_2068,0.05349056157622613
vertex_2069,0.1173410770255335
vertex_2070,0.17888374220788672
vertex_2071,0.15936100465698544
vertex_2072,0.15908546057638545
vertex_2073,0.19878535629386265
vertex_2074,0.15969422253649584
vertex_2075,0.1817792042657602
vertex_2076,0.1881141739025537
vertex_2077,0.14994677995759798
vertex_2078,0.16160323324213124
vertex_2079,0.11787433175978061
vertex_2080,0.07292840041544585
vertex_2081,0.07657639540759234
vertex_2082,0.16386797212034418
vertex_2083,0.16191730838688778
vertex_2084,0.18415317401720444
vertex_2085,0.11886188324497045
vertex_2086,0.10700379927594493
vertex_2087,0.10819839246547291
vertex_2088,0.09542324101713068
vertex_2089,0.06706834737214341
vertex_2090,0.06525733015152549
vertex_2091,0.07286875312479246
vertex_2092,0.09404194722922375
vertex_2093,0.0502173743299532
vertex_2094,0.05116444030167919
vertex_2095,0.05549073504578889
vertex_2096,0.0721364965740748
vertex_2097,0.039334085216499566
vertex_2098,0.03799955182109836
vertex_2099,0.04369804522413419
vertex_2100,0.04575955059726558
vertex_2101,0.038845451960874404
vertex_2102,0.04642515908172134
vertex_2103,0.05941249762221649
vertex_2104,0.04879013943193864
vertex_2105,0.0641252056979165
vertex_2106,0.058331121061455805
vertex_2107,0.06047324738833553
vertex_2108,0.04623076106347539
vertex_2109,0.05045058798939084
vertex_2110,0.053783380585364415
vertex_2111,0.04265968472658227
vertex_2112,0.07686934925087212
vertex_2113,0.06476476485368651
vertex_2114,0.059342734029989026
vertex_2115,0.05419005887393416
vertex_2116,0.035877311489179574
vertex_2117,0.02910949586775933
vertex_2118,0.06709616289529917
vertex_2119,0.06633569339336325
vertex_2120,0.11631720510467973
vertex_2121,0.1020932296810701
vertex_2122,0.0759987098582283
vertex_2123,0.05852793968261143
vertex_2124,0.06677359361816407
vertex_2125,0.08762678010316471
vertex_2126,0.057566094255127966
vertex_2127,0.038508005847645105
vertex_2128,0.05031531136148147
vertex_2129,0.04069870544289573
vertex_2130,0.034615714972651083
vertex_2131,0.09862278498570086
vertex_2132,0.089108092431909
vertex_2133,0.09389463099148496
vertex_2134,0.052322279776958046
vertex_2135,0.04604537661628592
vertex_2136,0.057029130424670574
vertex_2137,0.07032250096053799
vertex_2138,0.04500326472461116
vertex_2139,0.061721996024425095
vertex_2140,0.04645180901187683
vertex_2141,0.04185453992904116
vertex_2142,0.07272721874517724
vertex_2143,0.07650458165423124
vertex_2144,0.10415190781918503
vertex_2145,0.059275546599320834
vertex_2146,0.06435178487485176
vertex_2147,0.06073251739123273
vertex_2148,0.04979991624751037
vertex_2149,0.051954827438098095
vertex_2150,0.06011919321718732
vertex_2151,0.062262735962668986
vertex_2152,0.038411209494935455
vertex_2153,0.030933392319694494
vertex_2154,0.024726136163637943
vertex_2155,0.015117028063424113
vertex_2156,0.021032535524604663
vertex_2157,0.032104876606839215
vertex_2158,0.03114170053091651
vertex_2159,0.018409911951237718
vertex_2160,0.03445603590806149
vertex_2161,0.04827776936692556
vertex_2162,0.0474471752699175
vertex_2163,0.07614651573520341
vertex_2164,0.058332656922353704
vertex_2165,0.05160951857279775
vertex_2166,0.041777252280353644
vertex_2167,0.04474023378075012
vertex_2168,0.041378136626791566
vertex_2169,0.09999047822293872
vertex_2170,0.10265539025577496
vertex_2171,0.08151845403888136
vertex_2172,0.07187770371191704
vertex_2173,0.053887639838792675
vertex_2174,0.07022819894235485
vertex_2175,0.07620559216061432
vertex_2176,0.09875461722070471
vertex_2177,0.08302645473470413
vertex_2178,0.08246622500812999
vertex_2179,0.08072626410005436
vertex_2180,0.03954243159863459
vertex_2181,0.04680575877412969
vertex_2182,0.03931342059416294
vertex_2183,0.09516346560350177
vertex_2184,0.04490879156770441
vertex_2185,0.07352981623127279
vertex_2186,0.0763905234119207
vertex_2187,0.045700602685961385
vertex_2188,0.041996458294845065
vertex_2189,0.03176287405392483
vertex_2190,0.022545633450182748
vertex_2191,0.029301379715114748
vertex_2192,0.05675507536048497
vertex_2193,0.039157492282725234
vertex_2194,0.027593964190826315
vertex_2195,0.026414069838760674
vertex_2196,0.04236860929081048
vertex_2197,0.027433507818952655
vertex_2198,0.020262546083710593
vertex_2199,0.024679410689558354
vertex_2200,0.020453930730464174
vertex_2201,0.01669278933630309
vertex_2202,0.024911556891350366
vertex_2203,0.055860067383447606
vertex_2204,0.04536090536244376
vertex_2205,0.031950875590432117
vertex_2206,0.054224889146703925
vertex_2207,0.03455663208020462
vertex_2208,0.0396746457047464
vertex_2209,0.048886206082618566
vertex_2210,0.05110830463385636
vertex_2211,0.048483056049762954
vertex_2212,0.036080349773961864
vertex_2213,0.03800801523445099
vertex_2214,0.046624184344825466
vertex_2215,0.0581501924946915
vertex_2216,0.05887624410997328
vertex_2217,0.10543056654913567
vertex_2218,0.11969096455454277
vertex_2219,0.08288473145377141
vertex_2220,0.10746632705489788
vertex_2221,0.08838096912428094
vertex_2222,0.10443913490923976
vertex_2223,0.07072556125732596
vertex_2224,0.05401989852535602
vertex_2225,0.06943790996741513
vertex_2226,0.08492496930849203
vertex_2227,0.08967521844291979
vertex_2228,0.07907064537976316
vertex_2229,0.055728406889250626
vertex_2230,0.04264162634599738
vertex_2231,0.06552234363954945
vertex_2232,0.06545598449737318
vertex_2233,0.06162714425262013
vertex_2234,0.05889169548746295
vertex_2235,0.13535832034692677
vertex_2236,0.14646636641406044
vertex_2237,0.16233658943366203
vertex_2238,0.1324779723325171
vertex_2239,0.12818199788697188
vertex_2240,0.1249107415812931
vertex_2241,0.16695969963992155
vertex_2242,0.12179952804679066
vertex_2243,0.10266711724415814
vertex_2244,0.07377786281521055
vertex_2245,0.039364661823806935
vertex_2246,0.0606191796282222
vertex_2247,0.0494522131052818
vertex_2248,0.037792571265178466
vertex_2249,0.04475653486582913
vertex_2250,0.033974699764034486
vertex_2251,0.036442317294943655
vertex_2252,0.06967238859394648
vertex_2253,0.06436909890495579
vertex_2254,0.04479680555467314
vertex_2255,0.044683702715779906
vertex_2256,0.043868136423437856
vertex_2257,0.040992242039868614
vertex_2258,0.06067498931047154
vertex_2259,0.06037302387564679
vertex_2260,0.04646720315067859
vertex_2261,0.08092186717018915
vertex_2262,0.05186353219916789
vertex_2263,0.07999149434761696
vertex_2264,0.08676051567927916
vertex_2265,0.06193549345079681
vertex_2266,0.09540188743592194
vertex_2267,0.07368596284330059
vertex_2268,0.06104560719428794
vertex_2269,0.07496429861027278
vertex_2270,0.08483500802724411
vertex_2271,0.08759774517227228
vertex_2272,0.0962593471939714
vertex_2273,0.12107931149826386
vertex_2274,0.0835653500208085
vertex_2275,0.092775463713326
vertex_2276,0.09746925845917555
vertex_2277,0.08267022927999666
vertex_2278,0.07673128262346357
vertex_2279,0.05380644821703536
vertex_2280,0.07399353595130775
vertex_2281,0.05489362469483101
vertex_2282,0.06299368262040207
vertex_2283,0.09600099454761277
vertex_2284,0.06987132890281043
vertex_2285,0.054056547981048496
vertex_2286,0.13799240991537562
vertex_2287,0.12429953641865633
vertex_2288,0.13028722248791508
vertex_2289,0.1461826353314315
vertex_2290,0.22500476568130207
vertex_2291,0.2737260596688088
vertex_2292,0.2194029825578752
vertex_2293,0.2564080486864155
vertex_2294,0.21805800963301575
vertex_2295,0.15072219071441417
vertex_2296,0.1991689727822765
vertex_2297,0.22205992694027604
vertex_2298,0.20564843467749325
vertex_2299,0.18966038324944245
vertex_2300,0.1527841383845578
vertex_2301,0.12704675578294222
vertex_2302,0.12640244217112773
vertex_2303,0.12816659871507974
vertex_2304,0.14028986950306943
vertex_2305,0.15818911688690782
vertex_2306,0.15324027152423306
vertex_2307,0.1646761855773927
vertex_2308,0.15413764338224747
vertex_2309,0.15903179573453108
vertex_2310,0.13631115016836795
vertex_2311,0.14113817194949732
vertex_2312,0.12641036817956958
vertex_2313,0.13258188184209932
vertex_2314,0.14700410524359128
vertex_2315,0.16672194277386385
vertex_2316,0.16158991053043065
vertex_2317,0.11416518870876718
vertex_2318,0.1252895458266992
vertex_2319,0.14156247018761942
vertex_2320,0.1651335583505998
vertex_2321,0.11306824445460822
vertex_2322,0.14958353802360502
vertex_2323,0.1693231973796903
vertex_2324,0.157859365919002
vertex_2325,0.2483089931507166
vertex_2326,0.2990929152285116
vertex_2327,0.04361910836331467
vertex_2328,0.05558787268195935
vertex_2329,0.10772215262454321
vertex_2330,0.07422012683517569
vertex_2331,0.08501864235458766
vertex_2332,0.13729682876587698
vertex_2333,0.17750173922641102
vertex_2334,0.2500918371641346
vertex_2335,0.19955823522588528
vertex_2336,0.19550551632837523
vertex_2337,0.24986954596238212
vertex_2338,0.22864504324848625
vertex_2339,0.19301863292020635
vertex_2340,0.2445176954438596
vertex_2341,0.3134219545086389
vertex_2342,0.27505925291343813
vertex_2343,0.2294141964023216
vertex_2344,0.29951768167467235
vertex_2345,0.07632729631351494
vertex_2346,0.12965274785742908
vertex_2347,0.13111838388651334
vertex_2348,0.12868829521225847
vertex_2349,0.16885896518744478
vertex_2350,0.11350049013689253
vertex_2351,0.09816863672302129
vertex_2352,0.1694273597632088
vertex_2353,0.14428426733792882
vertex_2354,0.16031400743338892
vertex_2355,0.24214718378732428
vertex_2356,0.09348888879053929
vertex_2357,0.1058013717611464
vertex_2358,0.13978434469867151
vertex_2359,0.12619827338826153
vertex_2360,0.1490139052854164
vertex_2361,0.16154193647781795
vertex_2362,0.13518155094759648
vertex_2363,0.13322672572833902
vertex_2364,0.2982163491405405
vertex_2365,0.253728325893716
vertex_2366,0.24777018695229605
vertex_2367,0.22768122172112262
vertex_2368,0.3303561256443865
vertex_2369,0.32705012031729785
vertex_2370,0.23904279426360986
vertex_2371,0.33361391859440886
vertex_2372,0.3826924058438856
vertex_2373,0.051626736472421456
vertex_2374,0.08219202978737145
vertex_2375,0.12428748773118825
vertex_2376,0.08059004246403971
vertex_2377,0.08555328270187648
vertex_2378,0.08451991800575
vertex_2379,0.047935644814895095
vertex_2380,0.04093091898915054
vertex_2381,0.03993197089541426
vertex_2382,0.06043881372302017
vertex_2383,0.05084617797972052
vertex_2384,0.0620729145596358
vertex_2385,0.09431938430083069
vertex_2386,0.08829277232138265
vertex_2387,0.045317578403031356
vertex_2388,0.03614410856640282
vertex_2389,0.04242467571082992
vertex_2390,0.04547877766472398
vertex_2391,0.0410724230203231
vertex_2392,0.04028279618902041
vertex_2393,0.030686518438520098
vertex_2394,0.07043788245008994
vertex_2395,0.0733492167419015
vertex_2396,0.08843507314424368
vertex_2397,0.053475500176868605
vertex_2398,0.05886082633902922
vertex_2399,0.06131585125970206
vertex_2400,0.03060912573482139
vertex_2401,0.02306524385627075
vertex_2402,0.021157099736498992
vertex_2403,0.0185000647933649
vertex_2404,0.05019088517544953
vertex_2405,0.04084409650080897
vertex_2406,0.02459257983077707
vertex_2407,0.03254086838387004
vertex_2408,0.05036146700158049
vertex_2409,0.033641789034205234
vertex_2410,0.029652683530058413
vertex_2411,0.02154918507581273
vertex_2412,0.05364633228778763
vertex_2413,0.0487414004758037
vertex_2414,0.024213297272778236
vertex_2415,0.028649028766005124
vertex_2416,0.020853294150494008
vertex_2417,0.032101473816895224
vertex_2418,0.044958204860800904
vertex_2419,0.025105709549312873
vertex_2420,0.04632801652694428
vertex_2421,0.04218383715575716
vertex_2422,0.041446108070097916
vertex_2423,0.03687171762904079
vertex_2424,0.056483269441993826
vertex_2425,0.060347718533069965
vertex_2426,0.06121616677421946
vertex_2427,0.0525580531659093
vertex_2428,0.05369098258559303
vertex_2429,0.034741596527020656
vertex_2430,0.05324046669903045
vertex_2431,0.03266398953234397
vertex_2432,0.03356973020955189
vertex_2433,0.04199438390999175
vertex_2434,0.043329737853122365
vertex_2435,0.04088266370511232
vertex_2436,0.030373612468505718
vertex_2437,0.02821150825361578
vertex_2438,0.03894583393310145
vertex_2439,0.0685449189087998
vertex_2440,0.07140626839213522
vertex_2441,0.04334895911589196
vertex_2442,0.05524903047328145
vertex_2443,0.0617129464783937
vertex_2444,0.057444236412862275
vertex_2445,0.02637638627470783
vertex_2446,0.03078910759065229
vertex_2447,0.03840644103200188
vertex_2448,0.048593844179911076
vertex_2449,0.0361880623762528
vertex_2450,0.06001083986421251
vertex_2451,0.06335239900743984
vertex_2452,0.05137867888742285
vertex_2453,0.02398010134769984
vertex_2454,0.06438924779430343
vertex_2455,0.12235206830512199
vertex_2456,0.08748965406639157
vertex_2457,0.09532229054934736
vertex_2458,0.10403152379271835
vertex_2459,0.10858249061944417
vertex_2460,0.1395327761386556
vertex_2461,0.12388498488907679
vertex_2462,0.11680009858884231
vertex_2463,0.06064118603589392
vertex_2464,0.05714410910432629
vertex_2465,0.11215209890551864
vertex_2466,0.1399876017624485
vertex_2467,0.12761814654354678
vertex_2468,0.09740492626069555
vertex_2469,0.15643925797756586
vertex_2470,0.13531916995776402
vertex_2471,0.11033908758619196
vertex_2472,0.1041532915640216
vertex_2473,0.09818681109978192
vertex_2474,0.028168894608554724
vertex_2475,0.04588546935546562
vertex_2476,0.05523583238821133
vertex_2477,0.020799647765765185
vertex_2478,0.07377349282352763
vertex_2479,0.07524737275008288
vertex_2480,0.05278889273781948
vertex_2481,0.037660953139487745
vertex_2482,0.31810675342562483
vertex_2483,0.24637888883861253
vertex_2484,0.25995172680937234
vertex_2485,0.2960981616218482
vertex_2486,0.36169852773700517
vertex_2487,0.2774122108093311
vertex_2488,0.24169776799041592
vertex_2489,0.19399325881918705
vertex_2490,0.23627239711189488
vertex_2491,0.04073157017683814
vertex_2492,0.07520619440347945
vertex_2493,0.09374521043198922
vertex_2494,0.036924192234582744
vertex_2495,0.107204351639677
vertex_2496,0.10534094695806882
vertex_2497,0.12692859167342832
vertex_2498,0.17161734691653782
vertex_2499,0.2240723601252327
vertex_2500,0.16960542229968895
vertex_2501,0.16934816088566285
vertex_2502,0.12604424353173363
vertex_2503,0.07538349106727274
vertex_2504,0.11619527840768389
vertex_2505,0.1263527136121751
vertex_2506,0.08566667912968647
vertex_2507,0.07100903976071164
vertex_2508,0.04541641494253128
vertex_2509,0.11503241070871169
vertex_2510,0.11411453837397978
vertex_2511,0.15471000822976005
vertex_2512,0.13801277370599882
vertex_2513,0.12257150471532698
vertex_2514,0.12389086961211002
vertex_2515,0.08248702628574157
vertex_2516,0.15945435660069895
vertex_2517,0.10660907705894827
vertex_2518,0.22862905909460032
vertex_2519,0.1544663180217573
vertex_2520,0.2473769903787122
vertex_2521,0.23926596547839016
vertex_2522,0.23369779527194745
vertex_2523,0.19153205322527184
vertex_2524,0.10073797213780229
vertex_2525,0.10936130035372889
vertex_2526,0.08767486636251343
vertex_2527,0.1593102142940055
vertex_2528,0.19601302684881552
vertex_2529,0.1682199080367161
vertex_2530,0.18333239626774628
vertex_2531,0.12526644152278482
vertex_2532,0.1280924367540445
vertex_2533,0.10620394751380252
vertex_2534,0.07356115752501488
vertex_2535,0.10944820807862901
vertex_2536,0.02243500733792449
vertex_2537,0.0432300211389112
vertex_2538,0.040321402473069694
vertex_2539,0.02596242527579542
vertex_2540,0.027674926087400416
vertex_2541,0.022530864178376724
vertex_2542,0.03952232949763306
vertex_2543,0.03624402423112834
vertex_2544,0.027501590623941797
vertex_2545,0.039075396823193366
vertex_2546,0.042058541952596756
vertex_2547,0.055847424336994266
vertex_2548,0.03000753314148964
vertex_2549,0.03331108288165482
vertex_2550,0.037774592018334406
vertex_2551,0.044547634236525975
vertex_2552,0.06648910604847298
vertex_2553,0.057097482329682966
vertex_2554,0.03501460585447896
vertex_2555,0.03689930091287075
vertex_2556,0.0352337067154071
vertex_2557,0.038832010932009504
vertex_2558,0.045769838980680155
vertex_2559,0.03843615687713469
vertex_2560,0.06867426780056969
vertex_2561,0.11627067893684141
vertex_2562,0.06845427635394252
vertex_2563,0.045692079886212225
vertex_2564,0.05370085453809053
vertex_2565,0.06211739726250567
vertex_2566,0.06403220562839171
vertex_2567,0.05444658549481525
vertex_2568,0.055826992335990776
vertex_2569,0.0670986174997982
vertex_2570,0.07428069324654862
vertex_2571,0.05709717524917761
vertex_2572,0.08114774464085536
vertex_2573,0.08814887375544801
vertex_2574,0.10000287249045303
vertex_2575,0.08238924349605897
vertex_2576,0.08071436945822635
vertex_2577,0.09248879852545772
vertex_2578,0.06903764420650071
vertex_2579,0.06461884062760832
vertex_2580,0.05421236364816897
vertex_2581,0.08240112589930719
vertex_2582,0.07131914688414355
vertex_2583,0.0615621895682256
vertex_2584,0.04581563023204075
vertex_2585,0.04152513072919967
vertex_2586,0.04558088453867499
vertex_2587,0.06130649013918474
vertex_2588,0.07527383486771123
vertex_2589,0.11892135067117733
vertex_2590,0.13017020096595872
vertex_2591,0.14882598999908742
vertex_2592,0.10457882206614914
vertex_2593,0.09869522283039799
vertex_2594,0.04516113272257568
vertex_2595,0.05275224204042413
vertex_2596,0.04216680153183819
vertex_2597,0.056023947898707405
vertex_2598,0.042030712153572104
vertex_2599,0.041883141040921106
vertex_2600,0.06730702944723219
vertex_2601,0.07370180752599874
vertex_2602,0.0710745903879858
vertex_2603,0.11667853411355512
vertex_2604,0.147761981923485
vertex_2605,0.14236942935788266
vertex_2606,0.3342456190691289
vertex_2607,0.270374737367083
vertex_2608,0.26972821900197924
vertex_2609,0.08403257598716359
vertex_2610,0.1454644444101752
vertex_2611,0.13113250855892855
vertex_2612,0.05245871733439406
vertex_2613,0.055607389630298355
vertex_2614,0.05590734740061439
vertex_2615,0.041741135327678
vertex_2616,0.04568479674530082
vertex_2617,0.05954864041805775
vertex_2618,0.052755327807170654
vertex_2619,0.05435806708054733
vertex_2620,0.056732029737785274
vertex_2621,0.076626323658218
vertex_2622,0.04643567723669589
vertex_2623,0.05135353400389246
vertex_2624,0.050097327668575845
vertex_2625,0.04950813250262612
vertex_2626,0.04218023342589359
vertex_2627,0.043905424861844566
vertex_2628,0.06593667324965032
vertex_2629,0.059996731274700225
vertex_2630,0.05040658896057418
vertex_2631,0.0651223773023438
vertex_2632,0.056595800486859575
vertex_2633,0.08553053655203335
vertex_2634,0.06143456302785965
vertex_2635,0.054188669362751817
vertex_2636,0.05467728150385303
vertex_2637,0.058176145493134185
vertex_2638,0.05511503261347457
vertex_2639,0.05237981721148003
vertex_2640,0.046394219581294756
vertex_2641,0.060955047920718784
vertex_2642,0.05008509186590192
vertex_2643,0.07212377195350753
vertex_2644,0.0956623036184614
vertex_2645,0.08004384131397338
vertex_2646,0.08039629076016329
vertex_2647,0.08323880096810223
vertex_2648,0.08151054647124804
vertex_2649,0.06452955515840422
vertex_2650,0.07175395895703768
vertex_2651,0.06749888126180222
vertex_2652,0.04761027898407761
vertex_2653,0.05702914214867801
vertex_2654,0.09012814138472927
vertex_2655,0.039531255299932726
vertex_2656,0.05540283583845032
vertex_2657,0.040699864441550444
vertex_2658,0.05245941865820883
vertex_2659,0.032923472370075285
vertex_2660,0.05304505611544276
vertex_2661,0.07587123564069613
vertex_2662,0.07797687535229994
vertex_2663,0.11096169264038365
vertex_2664,0.1251803443349652
vertex_2665,0.02962540835758913
vertex_2666,0.036282625519766167
vertex_2667,0.037163263462678744
vertex_2668,0.04159007309826504
vertex_2669,0.08039162136085917
vertex_2670,0.0855830804715811
vertex_2671,0.08073580903394896
vertex_2672,0.11090978870634356
vertex_2673,0.09300268679409454
vertex_2674,0.11464464362006227
vertex_2675,0.12656500189870853
vertex_2676,0.11321616442174866
vertex_2677,0.0801381769493572
vertex_2678,0.08630380739157868
vertex_2679,0.07495722564786973
vertex_2680,0.06079132263415571
vertex_2681,0.06321123965253495
vertex_2682,0.06651792836024532
vertex_2683,0.07709712369225816
vertex_2684,0.11487055503133964
vertex_2685,0.12327725446052838
vertex_2686,0.13085067631135477
vertex_2687,0.1396859591822722
vertex_2688,0.15180278426474234
vertex_2689,0.13378884518606224
vertex_2690,0.12644041479270757
vertex_2691,0.09354826686012975
vertex_2692,0.10882946207180459
vertex_2693,0.08664046748331547
vertex_2694,0.08131476466301026
vertex_2695,0.10314357698545369
vertex_2696,0.07406800045435476
vertex_2697,0.10920299255121518
vertex_2698,0.1011915352491781
vertex_2699,0.15518270300914508
vertex_2700,0.13265126469869976
vertex_2701,0.12795531167273702
vertex_2702,0.25931430348206325
vertex_2703,0.25270953942378194
vertex_2704,0.26279336784509266
vertex_2705,0.2684375826802814
vertex_2706,0.24980305936377703
vertex_2707,0.058926828502911976
vertex_2708,0.06915419204346587
vertex_2709,0.07174710269143403
vertex_2710,0.12898743711529237
vertex_2711,0.09766698227440775
vertex_2712,0.13839026799998155
vertex_2713,0.13819395088364905
vertex_2714,0.03545445383660426
vertex_2715,0.04087046853820004
vertex_2716,0.047070956464684025
vertex_2717,0.08419370113996642
vertex_2718,0.0913292272822057
vertex_2719,0.09553233439172777
vertex_2720,0.08046012900079126
vertex_2721,0.03796686521078169
vertex_2722,0.019533668036448168
vertex_2723,0.027791482483224134
vertex_2724,0.01674844347294156
vertex_2725,0.03128551161830678
vertex_2726,0.04385789221667259
vertex_2727,0.02897660695216998
vertex_2728,0.05068263013339097
vertex_2729,0.04734232206147023
vertex_2730,0.06061825715723797
vertex_2731,0.09149080334811407
vertex_2732,0.07216339398727774
vertex_2733,0.07094158296545607
vertex_2734,0.05579498444595312
vertex_2735,0.040995609639900024
vertex_2736,0.030333695040622378
vertex_2737,0.03794827795998151
vertex_2738,0.09875835721047554
vertex_2739,0.11046755182728
vertex_2740,0.09433076687370646
vertex_2741,0.05068239552847662
vertex_2742,0.0417729454234683
vertex_2743,0.039363919284671756
vertex_2744,0.04221522234797764
vertex_2745,0.07392119087461901
vertex_2746,0.2991123902519505
vertex_2747,0.2876135237458356
vertex_2748,0.2756030731031776
vertex_2749,0.27100791835337024
vertex_2750,0.2765160578498516
vertex_2751,0.2376822926709313
vertex_2752,0.2258910215669851
vertex_2753,0.21788920155501385
vertex_2754,0.06068515127641813
vertex_2755,0.07691819344850313
vertex_2756,0.06435475839737619
vertex_2757,0.09741413364245405
vertex_2758,0.07726899080707975
vertex_2759,0.08697880141498454
vertex_2760,0.08803956533903452
vertex_2761,0.07618414086386262
vertex_2762,0.0975402713310076
vertex_2763,0.08970192302035022
vertex_2764,0.09100283827720819
vertex_2765,0.15905937964051403
vertex_2766,0.13430328784747983
vertex_2767,0.13078124435927524
vertex_2768,0.15129443323689895
vertex_2769,0.13169451790631564
vertex_2770,0.04218917028737099
vertex_2771,0.04037741299237413
vertex_2772,0.04281936455804445
vertex_2773,0.07800762858474568
vertex_2774,0.07450516574664726
vertex_2775,0.07798239635119933
vertex_2776,0.06795087097716376
vertex_2777,0.06914539784867292
vertex_2778,0.05663169479678635
vertex_2779,0.061620123752103316
vertex_2780,0.04209465136458694
vertex_2781,0.04584291792267327
vertex_2782,0.04761460587069246
vertex_2783,0.045246127429137264
vertex_2784,0.05395178072127106
vertex_2785,0.05157861060436098
vertex_2786,0.05496877170320766
vertex_2787,0.07621565099918426
vertex_2788,0.08566016055643912
vertex_2789,0.0743297991876468
vertex_2790,0.08017522024996866
vertex_2791,0.13467660076710763
vertex_2792,0.1304594690666438
vertex_2793,0.07854165002017659
vertex_2794,0.09251904512862925
vertex_2795,0.07237995792476754
vertex_2796,0.061512996120415345
vertex_2797,0.03388055432958365
vertex_2798,0.0360307598467301
vertex_2799,0.06785899434375359
vertex_2800,0.05749922972474672
vertex_2801,0.06697536087015796
vertex_2802,0.04528470471083846
vertex_2803,0.0643398742619285
vertex_2804,0.05748216188146297
vertex_2805,0.08194116421895414
vertex_2806,0.06580360039849142
vertex_2807,0.08489741843246741
vertex_2808,0.034915071323229616
vertex_2809,0.02965425169979123
vertex_2810,0.0398825398095164
vertex_2811,0.04652082948852811
vertex_2812,0.04792356275654713
vertex_2813,0.05077820792669711
vertex_2814,0.05661007809578481
vertex_2815,0.0703827627096218
vertex_2816,0.07992350837898927
vertex_2817,0.0667148211226418
vertex_2818,0.07191245904630734
vertex_2819,0.058850031882293645
vertex_2820,0.07966471047733326
vertex_2821,0.06722386567300236
vertex_2822,0.07599565524666127
vertex_2823,0.07234040952105333
vertex_2824,0.0884370702512048
vertex_2825,0.08381592186383359
vertex_2826,0.06609512449908436
vertex_2827,0.04053192776357831
vertex_2828,0.03514650428707178
vertex_2829,0.041056877641391744
vertex_2830,0.07272226912846147
vertex_2831,0.05756647069097427
vertex_2832,0.06067670911034597
vertex_2833,0.042240653612583216
vertex_2834,0.05486957422749618
vertex_2835,0.05117229350549621
vertex_2836,0.04730385066565365
vertex_2837,0.06957456211688284
vertex_2838,0.08406705572331209
vertex_2839,0.10195862420625805
vertex_2840,0.1071279431862665
vertex_2841,0.08285741640812895
vertex_2842,0.07641966201947432
vertex_2843,0.07995373599302935
vertex_2844,0.0913669030320124
vertex_2845,0.061270589026362975
vertex_2846,0.05620652309323061
vertex_2847,0.04455753601259331
vertex_2848,0.05704072911068236
vertex_2849,0.10686127556940117
vertex_2850,0.1035285341569221
vertex_2851,0.10623903680685151
vertex_2852,0.14769262896818114
vertex_2853,0.16253614709597886
vertex_2854,0.1875476126986396
vertex_2855,0.18669604808212273
vertex_2856,0.20409619088427006
vertex_2857,0.09118499342031038
vertex_2858,0.09033660561530019
vertex_2859,0.10505919481648061
vertex_2860,0.09019415163243802
vertex_2861,0.08423913907682692
vertex_2862,0.09534302526064078
vertex_2863,0.09867735709190895
vertex_2864,0.07042420068770915
vertex_2865,0.06548047308997479
vertex_2866,0.04519543889971398
vertex_2867,0.06455937085725616
vertex_2868,0.040945846535061454
vertex_2869,0.06645420577418909
vertex_2870,0.05411292164866703
vertex_2871,0.07554197959919022
vertex_2872,0.03436062539911063
vertex_2873,0.022947989403684997
vertex_2874,0.02921070262215529
vertex_2875,0.0376433820890874
vertex_2876,0.05887601632579188
vertex_2877,0.04580515314508801
vertex_2878,0.027269404302469793
vertex_2879,0.02977862720723833
vertex_2880,0.047811413893297273
vertex_2881,0.04039769136340438
vertex_2882,0.043047295770242994
vertex_2883,0.0342304519307178
vertex_2884,0.026055509193697715
vertex_2885,0.027795328452941827
vertex_2886,0.04567556579862988
vertex_2887,0.02843722712144076
vertex_2888,0.1506938035013836
vertex_2889,0.14936239529493664
vertex_2890,0.16476950247183417
vertex_2891,0.10143866102135976
vertex_2892,0.07451852430361441
vertex_2893,0.10268229732119978
vertex_2894,0.12708047475246825
vertex_2895,0.10216481606835665
vertex_2896,0.275297395806047
vertex_2897,0.2256418260335913
vertex_2898,0.21553746112848596
vertex_2899,0.23737274989859347
vertex_2900,0.21848262419471415
vertex_2901,0.22051636902198649
vertex_2902,0.12543912555120404
vertex_2903,0.1728935830113951
vertex_2904,0.033227662639612986
vertex_2905,0.036866578726033036
vertex_2906,0.0557541191464634
vertex_2907,0.14816391204919213
vertex_2908,0.1600683463223384
vertex_2909,0.11493360437867385
vertex_2910,0.09249959420307506
vertex_2911,0.11600416610189856
vertex_2912,0.052905230738508086
vertex_2913,0.04487349762005952
vertex_2914,0.0556616131694169
vertex_2915,0.0848401901192892
vertex_2916,0.10285029105284703
vertex_2917,0.08908819585114165
vertex_2918,0.1102727234792871
vertex_2919,0.08680880179017982
vertex_2920,0.087851056367649
vertex_2921,0.0902524337809388
vertex_2922,0.08334803376070575
vertex_2923,0.038796501851548135
vertex_2924,0.048683124574716394
vertex_2925,0.03241988810972347
vertex_2926,0.06493901342232541
vertex_2927,0.040014518905464425
vertex_2928,0.03709495514844076
vertex_2929,0.046310281285505156
vertex_2930,0.06876213613278875
vertex_2931,0.056476789161676866
vertex_2932,0.04213924227348399
vertex_2933,0.06299733525702361
vertex_2934,0.05834608484945021
vertex_2935,0.10590482124807102
vertex_2936,0.11589834463322869
vertex_2937,0.11102664839905518
vertex_2938,0.0908247712894244
vertex_2939,0.09618908214998749
vertex_2940,0.08589194644775748
vertex_2941,0.09467202828723267
vertex_2942,0.07418692214354697
vertex_2943,0.03938329796871522
vertex_2944,0.03438278487245732
vertex_2945,0.04093323686428811
vertex_2946,0.040861179549272125
vertex_2947,0.038362899219485366
vertex_2948,0.0394731757121236
vertex_2949,0.04256932060034138
vertex_2950,0.029239547020340043
vertex_2951,0.037250075520860015
vertex_2952,0.03681085397463351
vertex_2953,0.051529881956381085
vertex_2954,0.04532634705059218
vertex_2955,0.04869272246582718
vertex_2956,0.04512844845369479
vertex_2957,0.06067780659264838
vertex_2958,0.07882683331029097
vertex_2959,0.09498528692212461
vertex_2960,0.1654796648574303
vertex_2961,0.17312154629349263
vertex_2962,0.17231409535083567
vertex_2963,0.1576790191489015
vertex_2964,0.15148747371324375
vertex_2965,0.057651175276601664
vertex_2966,0.08666158829977108
vertex_2967,0.10013883640741983
vertex_2968,0.1617320589111691
vertex_2969,0.15843998447527005
vertex_2970,0.12501536591122828
vertex_2971,0.09151212354869816
vertex_2972,0.08105120725616674
vertex_2973,0.07117636045512622
vertex_2974,0.09337509191316257
vertex_2975,0.1308710505459722
vertex_2976,0.09595728360161336
vertex_2977,0.1115903582705388
vertex_2978,0.10142606819821105
vertex_2979,0.051182652586168165
vertex_2980,0.030596841309774126
vertex_2981,0.04817730972018704
vertex_2982,0.05140294278130207
vertex_2983,0.0634041849919057
vertex_2984,0.05652539599850729
vertex_2985,0.054929149455605106
vertex_2986,0.06169283676298061
vertex_2987,0.05798808776075461
vertex_2988,0.05602263014416485
vertex_2989,0.044263597904418854
vertex_2990,0.04801444874299506
vertex_2991,0.05885953179316615
vertex_2992,0.05484051605559288
vertex_2993,0.05908214737830097
vertex_2994,0.04966013518202045
vertex_2995,0.03712481513061327
vertex_2996,0.03299625644875282
vertex_2997,0.07923402988064163
vertex_2998,0.09594562136006939
vertex_2999,0.06663921189489279
vertex_3000,0.046304101861630455
vertex_3001,0.08559662042198804
vertex_3002,0.06460494894727407
vertex_3003,0.049010684836596236
vertex_3004,0.05247099032912102
vertex_3005,0.05348510391638334
vertex_3006,0.0717596437442594
vertex_3007,0.08328305496784587
vertex_3008,0.08209586308461864
vertex_3009,0.08197782997165542
vertex_3010,0.10034525181436933
vertex_3011,0.06203595294320805
vertex_3012,0.05805093147025812
vertex_3013,0.0511906835712754
vertex_3014,0.03930543128531667
vertex_3015,0.04960094547942631
vertex_3016,0.05320265338633947
vertex_3017,0.056492270421763295
vertex_3018,0.07461152181609831
vertex_3019,0.05842872150811883
vertex_3020,0.05979473811232735
vertex_3021,0.05575059480082033
vertex_3022,0.05723531586175192
vertex_3023,0.04127872434357485
vertex_3024,0.04233799184525839
vertex_3025,0.05240419885540254
vertex_3026,0.05444090421499536
vertex_3027,0.036371949552409535
vertex_3028,0.08676246322288188
vertex_3029,0.04141732163752955
vertex_3030,0.0852304211311979
vertex_3031,0.08204426020579199
vertex_3032,0.09457304729144159
vertex_3033,0.09029589948758049
vertex_3034,0.07806402925456685
vertex_3035,0.10679850244851687
vertex_3036,0.0946953315563032
vertex_3037,0.11067995036942024
vertex_3038,0.09931480382637746
vertex_3039,0.10630980881596694
vertex_3040,0.038427152488812594
vertex_3041,0.06201769458580668
vertex_3042,0.04934675008814755
vertex_3043,0.07940872630240095
vertex_3044,0.04409532905890172
vertex_3045,0.12387703847558143
vertex_3046,0.0940141852428849
vertex_3047,0.08181785934481896
vertex_3048,0.05212824266381345
vertex_3049,0.05060290740747852
vertex_3050,0.0442490801482698
vertex_3051,0.06021133177444944
vertex_3052,0.06288812398538772
vertex_3053,0.06542679895577519
vertex_3054,0.05219572582863022
vertex_3055,0.05177924189457171
vertex_3056,0.0472980513783881
vertex_3057,0.037342180446672396
vertex_3058,0.039714892544576386
vertex_3059,0.03144546515655637
vertex_3060,0.03524315859515609
vertex_3061,0.030989147436923447
vertex_3062,0.06741188551729962
vertex_3063,0.04770667426176714
vertex_3064,0.05069871771692268
vertex_3065,0.05151290685088224
vertex_3066,0.05707938001085857
vertex_3067,0.08709715669327245
vertex_3068,0.06750933573601833
vertex_3069,0.0785560490236613
vertex_3070,0.11589895552681401
vertex_3071,0.09585747602521542
vertex_3072,0.1234634040037603
vertex_3073,0.11358968578632239
vertex_3074,0.12386333209907911
vertex_3075,0.06991367061129666
vertex_3076,0.07511382212039266
vertex_3077,0.07324891638912238
vertex_3078,0.10757115656153533
vertex_3079,0.10083283937740964
vertex_3080,0.10003593474084627
vertex_3081,0.037424131610920064
vertex_3082,0.038640635850602116
vertex_3083,0.03268271022764662
vertex_3084,0.06521392085045861
vertex_3085,0.0976934989309092
vertex_3086,0.13592406508521598
vertex_3087,0.12799374834894695
vertex_3088,0.13470496645151941
vertex_3089,0.10615590095551398
vertex_3090,0.14262679868670466
vertex_3091,0.10917624129309954
vertex_3092,0.04296129366577392
vertex_3093,0.07755709945552536
vertex_3094,0.052192150723314214
vertex_3095,0.06302176687219742
vertex_3096,0.04527551517480876
vertex_3097,0.05823553537553061
vertex_3098,0.06301808653881132
vertex_3099,0.04686155709667457
vertex_3100,0.04716835180268886
vertex_3101,0.031658982082072275
vertex_3102,0.03899288688399505
vertex_3103,0.040473672916462984
vertex_3104,0.04832037636633148
vertex_3105,0.051942920611553825
vertex_3106,0.05658502881474378
vertex_3107,0.09041380990761123
vertex_3108,0.10607866938067487
vertex_3109,0.08661229812069923
vertex_3110,0.08169800428071995
vertex_3111,0.08344330371063677
vertex_3112,0.11357033772186759
vertex_3113,0.0959638397329511
vertex_3114,0.1095808970150665
vertex_3115,0.08677648296243126
vertex_3116,0.07561488850778454
vertex_3117,0.0719731741715236
vertex_3118,0.06753575461532264
vertex_3119,0.07373343334267257
vertex_3120,0.06488447636516348
vertex_3121,0.07500919916763603
vertex_3122,0.07687299387369419
vertex_3123,0.06641495954892221
vertex_3124,0.08270598152646857
vertex_3125,0.06721712892707239
vertex_3126,0.07131152938647042
vertex_3127,0.0758375569996001
vertex_3128,0.06879510543285292
vertex_3129,0.0755046002014597
vertex_3130,0.10384532778209041
vertex_3131,0.09082190117216205
vertex_3132,0.09103713698204208
vertex_3133,0.11412879372138776
vertex_3134,0.12528813187465784
vertex_3135,0.1340682468050959
vertex_3136,0.15523011750754395
vertex_3137,0.21138888964367233
vertex_3138,0.20603054479217414
vertex_3139,0.23015639356640583
vertex_3140,0.23397219619372306
vertex_3141,0.2310701662409903
vertex_3142,0.16213437610079023
vertex_3143,0.16567841120211688
vertex_3144,0.1497309063246832
vertex_3145,0.12171259891629144
vertex_3146,0.12119553834350495
vertex_3147,0.12437332385610954
vertex_3148,0.11665268871442638
vertex_3149,0.13641038493125052
vertex_3150,0.14107703930590543
vertex_3151,0.11934400471967996
vertex_3152,0.1850652367841508
vertex_3153,0.16508223101531036
vertex_3154,0.17755821499282695
vertex_3155,0.16855131805088922
vertex_3156,0.1659861100417191
vertex_3157,0.14576633531397418
vertex_3158,0.13933243407652526
vertex_3159,0.13067998008512838
vertex_3160,0.1080155977953577
vertex_3161,0.1030791385614477
vertex_3162,0.12565037635429183
vertex_3163,0.14835416357382275
vertex_3164,0.15503873724954417
vertex_3165,0.04236052078664919
vertex_3166,0.03752527505432453
vertex_3167,0.0398012468483237
vertex_3168,0.13655180162136582
vertex_3169,0.1245813141737995
vertex_3170,0.159886734016368
vertex_3171,0.16489983273694817
vertex_3172,0.22454172098895683
vertex_3173,0.21979425321603555
vertex_3174,0.23032281911705202
vertex_3175,0.15348755337854023
vertex_3176,0.13909465324067175
vertex_3177,0.12046056902094379
vertex_3178,0.1413089715871738
vertex_3179,0.10057332317509995
vertex_3180,0.08314830858928793
vertex_3181,0.08948039022353613
vertex_3182,0.162316178868517
vertex_3183,0.17900543789715082
vertex_3184,0.2251238338617393
vertex_3185,0.21980960477097522
vertex_3186,0.19690163849846087
vertex_3187,0.16299536441280285
vertex_3188,0.10161023255258736
vertex_3189,0.16506312581404284
vertex_3190,0.23101581109624303
vertex_3191,0.1784401272258722
vertex_3192,0.1909330228858144
vertex_3193,0.1835897857173265
vertex_3194,0.20701033233146765
vertex_3195,0.2803005349083537
vertex_3196,0.2788172418147559
vertex_3197,0.31821940290377054
vertex_3198,0.28029987796231587
vertex_3199,0.2720371843709225
vertex_3200,0.27759791954823854
vertex_3201,0.29320381766631776
vertex_3202,0.07243044156691551
vertex_3203,0.08294374781371322
vertex_3204,0.09196161370297426
vertex_3205,0.0621575281427629
vertex_3206,0.06289169224102636
vertex_3207,0.06189577221999665
vertex_3208,0.06390021346746183
vertex_3209,0.06023532299430423
vertex_3210,0.08933727018959946
vertex_3211,0.10617450741396488
vertex_3212,0.09471063599981601
vertex_3213,0.05345438653426641
vertex_3214,0.08167536642127499
vertex_3215,0.07174782115312944
vertex_3216,0.055645453730361505
vertex_3217,0.056186269274372376
vertex_3218,0.038743253358451295
vertex_3219,0.049685726954152756
vertex_3220,0.0750639064843505
vertex_3221,0.0651113806609367
vertex_3222,0.08172926132248516
vertex_3223,0.07849810456497941
vertex_3224,0.03320309505945168
vertex_3225,0.04898134143660393
vertex_3226,0.03611564500761514
vertex_3227,0.028534515193720984
vertex_3228,0.033841163438106586
vertex_3229,0.028307810889827714
vertex_3230,0.044062823748436425
vertex_3231,0.03333639253257025
vertex_3232,0.0544273196282691
vertex_3233,0.04249703023956343
vertex_3234,0.09084385559960363
vertex_3235,0.07282220054752944
vertex_3236,0.04461936064292798
vertex_3237,0.01701402059759498
vertex_3238,0.020661085488680873
vertex_3239,0.01891112210455309
vertex_3240,0.023496998425337912
vertex_3241,0.01802568320939118
vertex_3242,0.04676487111165397
vertex_3243,0.0417893144726405
vertex_3244,0.05381023204744711
vertex_3245,0.05595442128271204
vertex_3246,0.053971260414936856
vertex_3247,0.0773762462195451
vertex_3248,0.11488618480122678
vertex_3249,0.07463696213663187
vertex_3250,0.02801274694551848
vertex_3251,0.029522800495117543
vertex_3252,0.02867321181101403
vertex_3253,0.026963221702289188
vertex_3254,0.028853467661189597
vertex_3255,0.04297808161361638
vertex_3256,0.038783827726325285
vertex_3257,0.040830971738469925
vertex_3258,0.03553022094075413
vertex_3259,0.03514038342440908
vertex_3260,0.04940583483106421
vertex_3261,0.07463169824987718
vertex_3262,0.062117252968287996
vertex_3263,0.03148062903089793
vertex_3264,0.056832235168282126
vertex_3265,0.053174351902848506
vertex_3266,0.056209360137928245
vertex_3267,0.03802555254893919
vertex_3268,0.03413432320183949
vertex_3269,0.02466766989762666
vertex_3270,0.12990806549030526
vertex_3271,0.16397999918890427
vertex_3272,0.16340043969201878
vertex_3273,0.15784928822862104
vertex_3274,0.15132954070245547
vertex_3275,0.16599393031890247
vertex_3276,0.14525676841930982
vertex_3277,0.17561281089325337
vertex_3278,0.05134827100566648
vertex_3279,0.07623520290966489
vertex_3280,0.08517798715765172
vertex_3281,0.07592724720320433
vertex_3282,0.08976276811123446
vertex_3283,0.10109037943891602
vertex_3284,0.09321478609288099
vertex_3285,0.10760390639625392
vertex_3286,0.12254055941769955
vertex_3287,0.12250792990547917
vertex_3288,0.07995893402658864
vertex_3289,0.09154875218754278
vertex_3290,0.08411570428135792
vertex_3291,0.0948576559602027
vertex_3292,0.07792098215268356
vertex_3293,0.3359396905101203
vertex_3294,0.3619491586095788
vertex_3295,0.3083514464573651
vertex_3296,0.15338133980735327
vertex_3297,0.15570376174628145
vertex_3298,0.15599348879860495
vertex_3299,0.18287432595310482
vertex_3300,0.14418254706006645
vertex_3301,0.038634267084143054
vertex_3302,0.040242047682698345
vertex_3303,0.03746334439433403
vertex_3304,0.04020137124658257
vertex_3305,0.028456672730801474
vertex_3306,0.04611923493100508
vertex_3307,0.11678235155622932
vertex_3308,0.05652533968374814
vertex_3309,0.08258917406529741
vertex_3310,0.047259055954072135
vertex_3311,0.0289711849977517
vertex_3312,0.04308856114822411
vertex_3313,0.053816600304152286
vertex_3314,0.06779822610615151
vertex_3315,0.054139902144191024
vertex_3316,0.15461008997267534
vertex_3317,0.1540924451022715
vertex_3318,0.14463915363854649
vertex_3319,0.10679314854568511
vertex_3320,0.1508142190834823
vertex_3321,0.15631323794331548
vertex_3322,0.15401248673519508
vertex_3323,0.1638248840598782
vertex_3324,0.35392689114044357
vertex_3325,0.3199475322298188
vertex_3326,0.3877829149344495
vertex_3327,0.25067180859653637
vertex_3328,0.19698975379418449
vertex_3329,0.2242551951120216
vertex_3330,0.1865502196792558
vertex_3331,0.24213369711648575
vertex_3332,0.2409503688025997
vertex_3333,0.25292121153098635
vertex_3334,0.18929674485038966
vertex_3335,0.1919708329332985
vertex_3336,0.193408763683835
vertex_3337,0.14889371464036633
vertex_3338,0.13900401797686185
vertex_3339,0.022869599831859485
vertex_3340,0.023892596581725427
vertex_3341,0.026232719435547183
vertex_3342,0.06936949145279939
vertex_3343,0.04531984964831593
vertex_3344,0.057389032645369174
vertex_3345,0.07511462880271112
vertex_3346,0.06711532931569437
vertex_3347,0.04149217916420935
vertex_3348,0.021054564814174836
vertex_3349,0.028372033816413223
vertex_3350,0.023636914163984054
vertex_3351,0.03176677810590757
vertex_3352,0.030610901628656543
vertex_3353,0.036222744576689093
vertex_3354,0.033093639066263524
vertex_3355,0.034334719248657705
vertex_3356,0.029648117913176727
vertex_3357,0.10917553130000024
vertex_3358,0.12507405443584585
vertex_3359,0.10932533979860748
vertex_3360,0.09792399031353005
vertex_3361,0.10738450790294882
vertex_3362,0.06219162785128358
vertex_3363,0.04625316197229919
vertex_3364,0.03939205441274374
vertex_3365,0.0671094071577778
vertex_3366,0.101965213156294
vertex_3367,0.07219041961423377
vertex_3368,0.09860996028949293
vertex_3369,0.10474362854700257
vertex_3370,0.038000628212716554
vertex_3371,0.046161003025729244
vertex_3372,0.04552689449539036
vertex_3373,0.05880338646164524
vertex_3374,0.05668034077494513
vertex_3375,0.06375655461462082
vertex_3376,0.06827778713538547
vertex_3377,0.053765622459411896
vertex_3378,0.046225259832992464
vertex_3379,0.048258286677025496
vertex_3380,0.04415396013444317
vertex_3381,0.04404962260737656
vertex_3382,0.04263643861474549
vertex_3383,0.0418206637344247
vertex_3384,0.049716705544651026
vertex_3385,0.053154977475665284
vertex_3386,0.04951039873771639
vertex_3387,0.05063838192355859
vertex_3388,0.07020533913285083
vertex_3389,0.05594383520125994
vertex_3390,0.04672347657440492
vertex_3391,0.10660412030544444
vertex_3392,0.08174261553867371
vertex_3393,0.04389704529250306
vertex_3394,0.03383869724611741
vertex_3395,0.03945165629207707
vertex_3396,0.05089405056905959
vertex_3397,0.06407117245597202
vertex_3398,0.07388142472664355
vertex_3399,0.044219489351492225
vertex_3400,0.04202730703093381
vertex_3401,0.0326324603959295
vertex_3402,0.04967462314150978
vertex_3403,0.07467615323179237
vertex_3404,0.057432900661839925
vertex_3405,0.08685695821063467
vertex_3406,0.0753853837875126
vertex_3407,0.07373294738515195
vertex_3408,0.037699815542699404
vertex_3409,0.04250855841769938
vertex_3410,0.04850573648881763
vertex_3411,0.05388168015931717
vertex_3412,0.10896699408097947
vertex_3413,0.10609472101033858
vertex_3414,0.10407123048879321
vertex_3415,0.08972160176513284
vertex_3416,0.10784556978361183
vertex_3417,0.08023752791912162
vertex_3418,0.09546393465281085
vertex_3419,0.05911410510690534
vertex_3420,0.052039614022965995
vertex_3421,0.05131926276364503
vertex_3422,0.07034335334962012
vertex_3423,0.052278539138787807
vertex_3424,0.05501215169289028
vertex_3425,0.05510317530700897
vertex_3426,0.07317397421731298
vertex_3427,0.044269605174825914
vertex_3428,0.04290747027498115
vertex_3429,0.0549872448436007
vertex_3430,0.06302204396559313
vertex_3431,0.0627467904729547
vertex_3432,0.0592429749086281
vertex_3433,0.048178780617177834
vertex_3434,0.06408164919187341
vertex_3435,0.07324179566943168
vertex_3436,0.0606735580000194
vertex_3437,0.03791504004125394
vertex_3438,0.06025591902226476
vertex_3439,0.04861242554567052
vertex_3440,0.05802680519902131
vertex_3441,0.052654866148430776
vertex_3442,0.042573588064208356
vertex_3443,0.03645098184070502
vertex_3444,0.04244440032754475
vertex_3445,0.06836950555286253
vertex_3446,0.07917083743432052
vertex_3447,0.08404433443204849
vertex_3448,0.07626519007328886
vertex_3449,0.08390423956364347
vertex_3450,0.1200265246463479
vertex_3451,0.12639894731003237
vertex_3452,0.1368487870813583
vertex_3453,0.16595178090407042
vertex_3454,0.16195453428639017
vertex_3455,0.1670558708740898
vertex_3456,0.16121928067680052
vertex_3457,0.0711425433702196
vertex_3458,0.08075813444366964
vertex_3459,0.07600053204776427
vertex_3460,0.10235877507493711
vertex_3461,0.07603805064010051
vertex_3462,0.057679803967726644
vertex_3463,0.05161915756535815
vertex_3464,0.0726184475362054
vertex_3465,0.059505855728329685
vertex_3466,0.06410545529014205
vertex_3467,0.03431942331818678
vertex_3468,0.042900718175735215
vertex_3469,0.048944697128504196
vertex_3470,0.045226461903844654
vertex_3471,0.06166188003521456
vertex_3472,0.04729951271089893
vertex_3473,0.027843828060074093
vertex_3474,0.02663824645582343
vertex_3475,0.059063938881355575
vertex_3476,0.060479913309210986
vertex_3477,0.0404313106351916
vertex_3478,0.025707482144268646
vertex_3479,0.04180907140108226
vertex_3480,0.06807599046922089
vertex_3481,0.03571294735886245
vertex_3482,0.07541588923391353
vertex_3483,0.09377586811538666
vertex_3484,0.060678793412115586
vertex_3485,0.07963284551144434
vertex_3486,0.05724988949068592
vertex_3487,0.06699835951267165
vertex_3488,0.13600505823332387
vertex_3489,0.12242997393039763
vertex_3490,0.14365786126255498
vertex_3491,0.1625203317548498
vertex_3492,0.15299356545326476
vertex_3493,0.15545991416352964
vertex_3494,0.14345730583780678
vertex_3495,0.1429428800838807
vertex_3496,0.28553695421852515
vertex_3497,0.30314801429450344
vertex_3498,0.3215728892075969
vertex_3499,0.22204310904286434
vertex_3500,0.3006419867844076
vertex_3501,0.18735596305217903
vertex_3502,0.20429538499999592
vertex_3503,0.2344089478449303
vertex_3504,0.05277518225844651
vertex_3505,0.06086708323983256
vertex_3506,0.06300366161514785
vertex_3507,0.10802762643570024
vertex_3508,0.10869898973793918
vertex_3509,0.1381149378661904
vertex_3510,0.10270995494352282
vertex_3511,0.11394552786031126
vertex_3512,0.047630534730052895
vertex_3513,0.06885756496332358
vertex_3514,0.06481827025473672
vertex_3515,0.08290810963069307
vertex_3516,0.08266070908246455
vertex_3517,0.11085183884950457
vertex_3518,0.09434634149604186
vertex_3519,0.11126178345722203
vertex_3520,0.05627839519873181
vertex_3521,0.0419860973911553
vertex_3522,0.054168086109111106
vertex_3523,0.052605030040255685
vertex_3524,0.05125792298435859
vertex_3525,0.05958029554159712
vertex_3526,0.052848068600631126
vertex_3527,0.05408559553383161
vertex_3528,0.039977674412227916
vertex_3529,0.051862436331208774
vertex_3530,0.08741709428604975
vertex_3531,0.08020012487047873
vertex_3532,0.08117604696149593
vertex_3533,0.06929659051612548
vertex_3534,0.08904541382701267
vertex_3535,0.13699905751342634
vertex_3536,0.13844002535646238
vertex_3537,0.12390165263090076
vertex_3538,0.09308330474133829
vertex_3539,0.10732333568446073
vertex_3540,0.10547734817836159
vertex_3541,0.13001269553860073
vertex_3542,0.10628732168219909
vertex_3543,0.04044887959353356
vertex_3544,0.039982117140209765
vertex_3545,0.04129407404325568
vertex_3546,0.04569061998506441
vertex_3547,0.044148499159374396
vertex_3548,0.03525079100509771
vertex_3549,0.038685458546615835
vertex_3550,0.03971202413237196
vertex_3551,0.030573216012022862
vertex_3552,0.03860733164230217
vertex_3553,0.04109952394741916
vertex_3554,0.054491816242841155
vertex_3555,0.0412366920219791
vertex_3556,0.04883565573997859
vertex_3557,0.05487588185274027
vertex_3558,0.05935649066493789
vertex_3559,0.05024422532418377
vertex_3560,0.06103451338311972
vertex_3561,0.06014524900434991
vertex_3562,0.04726090819804904
vertex_3563,0.05981529448174681
vertex_3564,0.06578564519043861
vertex_3565,0.0398380983896067
vertex_3566,0.08435008427664768
vertex_3567,0.06828290290810872
vertex_3568,0.09214749077635355
vertex_3569,0.0794819325739647
vertex_3570,0.0958011113811634
vertex_3571,0.11618292184033556
vertex_3572,0.12291197922646095
vertex_3573,0.15387020979864957
vertex_3574,0.13183711533593986
vertex_3575,0.09794374139948546
vertex_3576,0.11766961999574874
vertex_3577,0.12647809912953806
vertex_3578,0.13897202402240738
vertex_3579,0.06779515223840844
vertex_3580,0.05855786113624409
vertex_3581,0.06534800098121396
vertex_3582,0.04010191862429408
vertex_3583,0.0385468787496879
vertex_3584,0.03712047248816439
vertex_3585,0.04031620782084868
vertex_3586,0.0417481312723652
vertex_3587,0.0390767691229325
vertex_3588,0.03439162313161134
vertex_3589,0.04652078272435403
vertex_3590,0.03439653999485358
vertex_3591,0.03611301378646406
vertex_3592,0.04263852787077924
vertex_3593,0.03732872639645446
vertex_3594,0.03973359223231857
vertex_3595,0.04518395513925502
vertex_3596,0.0406436356275868
vertex_3597,0.056441889365288045
vertex_3598,0.06808460840108933
vertex_3599,0.06705301440542501
vertex_3600,0.0839268844737693
vertex_3601,0.07261899009297362
vertex_3602,0.09409961174027898
vertex_3603,0.0692841773419947
vertex_3604,0.07096412196769233
vertex_3605,0.06459533949623479
vertex_3606,0.07127853910480265
vertex_3607,0.06622687706295545
vertex_3608,0.09970647838710447
vertex_3609,0.0748819851451495
vertex_3610,0.10873093512941673
vertex_3611,0.0512929884120556
vertex_3612,0.051910543830991904
vertex_3613,0.055948741551266105
vertex_3614,0.06553301662307956
vertex_3615,0.058966765773579635
vertex_3616,0.06113199012535749
vertex_3617,0.05670118105744368
vertex_3618,0.07126976563439286
vertex_3619,0.08612927542787628
vertex_3620,0.08084270894307623
vertex_3621,0.08935358331087603
vertex_3622,0.05462407574503421
vertex_3623,0.04411681649995982
vertex_3624,0.07225526656037155
vertex_3625,0.052091120674658285
vertex_3626,0.04044726942941778
vertex_3627,0.055047093612172575
vertex_3628,0.05838199699907952
vertex_3629,0.0637506771697624
vertex_3630,0.1442813782420977
vertex_3631,0.12845887737085301
vertex_3632,0.11866723262252585
vertex_3633,0.05189930566076601
vertex_3634,0.0657213960746597
vertex_3635,0.032249104279911095
vertex_3636,0.03134510518429051
vertex_3637,0.05324243731712824
vertex_3638,0.04724638328553789
vertex_3639,0.04186785074478977
vertex_3640,0.0460273168673949
vertex_3641,0.05046399533266581
vertex_3642,0.054102479350116084
vertex_3643,0.04328591530554971
vertex_3644,0.05790149235507227
vertex_3645,0.08422202376423141
vertex_3646,0.07011296306725365
vertex_3647,0.07958229492881447
vertex_3648,0.0520351683727521
vertex_3649,0.043333221170270254
vertex_3650,0.0354840049198362
vertex_3651,0.03203234904081816
vertex_3652,0.04907364304188596
vertex_3653,0.03953677775694268
vertex_3654,0.04322994120919163
vertex_3655,0.04624241905727356
vertex_3656,0.03849422051126778
vertex_3657,0.058799600951876044
vertex_3658,0.06678716713762323
vertex_3659,0.06980313082561707
vertex_3660,0.09118548392415977
vertex_3661,0.07983818892154651
vertex_3662,0.06843349433536575
vertex_3663,0.049704216426435646
vertex_3664,0.04219180000414745
vertex_3665,0.04250850919303941
vertex_3666,0.03884100935561159
vertex_3667,0.11053416342715744
vertex_3668,0.08061778838131965
vertex_3669,0.08505753426606448
vertex_3670,0.11062896275351917
vertex_3671,0.08712784422489779
vertex_3672,0.11833777386240771
vertex_3673,0.11583839911260228
vertex_3674,0.122835796484938
vertex_3675,0.08730225558608089
vertex_3676,0.05071040921496194
vertex_3677,0.05157632202218183
vertex_3678,0.06995661728174817
vertex_3679,0.05462470335416134
vertex_3680,0.07036221390232804
vertex_3681,0.06656921124790016
vertex_3682,0.0707209747383239
vertex_3683,0.09056889645521235
vertex_3684,0.08365814571141472
vertex_3685,0.08861873385691967
vertex_3686,0.08029141914322056
vertex_3687,0.09369824609326183
vertex_3688,0.08255254553845293
vertex_3689,0.12713362761407537
vertex_3690,0.1204931517948301
vertex_3691,0.10314850755203137
vertex_3692,0.056513534165231145
vertex_3693,0.06093023315452161
vertex_3694,0.04796502238733759
vertex_3695,0.04943838136737685
vertex_3696,0.05456190566625097
vertex_3697,0.05410552550466903
vertex_3698,0.061396246233550535
vertex_3699,0.0441796187400275
vertex_3700,0.0744485883132013
vertex_3701,0.05764285871517311
vertex_3702,0.06791200145227155
vertex_3703,0.05319681954521136
vertex_3704,0.06067492133820894
vertex_3705,0.07150575154346787
vertex_3706,0.08741317303630959
vertex_3707,0.10238583277821474
vertex_3708,0.09979268236185569
vertex_3709,0.09553622787704137
vertex_3710,0.10036611122662935
vertex_3711,0.09474545436014091
vertex_3712,0.11301360352795072
vertex_3713,0.10816464885473022
vertex_3714,0.11792054205833868
vertex_3715,0.098879240092375
vertex_3716,0.12083793253642308
vertex_3717,0.0883034432517238
vertex_3718,0.05528478144250856
vertex_3719,0.11323232195368207
vertex_3720,0.053648072176991815
vertex_3721,0.02637459619248392
vertex_3722,0.026360775571115498
vertex_3723,0.10353241729229105
vertex_3724,0.10298418449306347
vertex_3725,0.10350069906112672
vertex_3726,0.10090794805115319
vertex_3727,0.08028452035288837
vertex_3728,0.07459303320539165
vertex_3729,0.0830846188913135
vertex_3730,0.10520852027774974
vertex_3731,0.11114122995769699
vertex_3732,0.12286915801540818
vertex_3733,0.12716084712910364
vertex_3734,0.13200782579326054
vertex_3735,0.14135896034066742
vertex_3736,0.12005746964381468
vertex_3737,0.09060700747946121
vertex_3738,0.14320180511985106
vertex_3739,0.142845913800133
vertex_3740,0.20016398346554473
vertex_3741,0.14181823630293025
vertex_3742,0.12862343426217018
vertex_3743,0.1212320518956304
vertex_3744,0.11807725586980264
vertex_3745,0.1324688260252586
vertex_3746,0.13260582473547908
vertex_3747,0.13104185785498104
vertex_3748,0.1317838981824528
vertex_3749,0.11222526414095207
vertex_3750,0.09803954697765231
vertex_3751,0.12133971544323757
vertex_3752,0.11559531401977112
vertex_3753,0.1007984931127173
vertex_3754,0.12064575726001055
vertex_3755,0.1399133375830394
vertex_3756,0.14138437495187348
vertex_3757,0.1786740277887379
vertex_3758,0.10369954457589652
vertex_3759,0.10846776773206267
vertex_3760,0.027381995745513005
vertex_3761,0.03102903317687368
vertex_3762,0.04731224404448909
vertex_3763,0.05636750295200591
vertex_3764,0.04793639380816124
vertex_3765,0.08095804615337406
vertex_3766,0.08402450290025643
vertex_3767,0.056457471510967604
vertex_3768,0.058819599535260066
vertex_3769,0.07073128810244864
vertex_3770,0.06447327504174936
vertex_3771,0.07878018656132156
vertex_3772,0.09999056456988856
vertex_3773,0.11035883326457102
vertex_3774,0.11652191666540564
vertex_3775,0.12886626535267945
vertex_3776,0.14515303076116612
vertex_3777,0.13392157877525881
vertex_3778,0.1335092627778804
vertex_3779,0.09279069198460387
vertex_3780,0.0968272166212674
vertex_3781,0.0983195110509339
vertex_3782,0.09491005065132718
vertex_3783,0.11179139208137522
vertex_3784,0.14173430831196548
vertex_3785,0.16054179401013746
vertex_3786,0.15150541346155472
vertex_3787,0.17766457279267264
vertex_3788,0.15450801084580765
vertex_3789,0.1867038094888295
vertex_3790,0.1653177687108143
vertex_3791,0.156562922247943
vertex_3792,0.15351783577359973
vertex_3793,0.15938054536072926
vertex_3794,0.17758435069432463
vertex_3795,0.24261082003902942
vertex_3796,0.2430493100206963
vertex_3797,0.2780014462901568
vertex_3798,0.31136641441124113
vertex_3799,0.32523713451168723
vertex_3800,0.31629454765639176
vertex_3801,0.2886012615282038
vertex_3802,0.06180956191396833
vertex_3803,0.08075673076799444
vertex_3804,0.061716153069169964
vertex_3805,0.07590674584882615
vertex_3806,0.07198543520273695
vertex_3807,0.0679077223624154
vertex_3808,0.06324732240872148
vertex_3809,0.05981351935697614
vertex_3810,0.0415068177322285
vertex_3811,0.0787817232813236
vertex_3812,0.06030545282074365
vertex_3813,0.05665572868406091
vertex_3814,0.06774322082744473
vertex_3815,0.07668581133473605
vertex_3816,0.09504782206013392
vertex_3817,0.09049013225569648
vertex_3818,0.08456734511949414
vertex_3819,0.04367192396296522
vertex_3820,0.13560588842586863
vertex_3821,0.10837875432147355
vertex_3822,0.11414392187083382
vertex_3823,0.08410933536548758
vertex_3824,0.03336221861324369
vertex_3825,0.04425968949724418
vertex_3826,0.05089523813003264
vertex_3827,0.01723533844670451
vertex_3828,0.040258725256926364
vertex_3829,0.036377556703835946
vertex_3830,0.03424347583233384
vertex_3831,0.03302181030060581
vertex_3832,0.11041249929451391
vertex_3833,0.0846292253186649
vertex_3834,0.09047899589760969
vertex_3835,0.0860801985653564
vertex_3836,0.08796760871643922
vertex_3837,0.07020220692603661
vertex_3838,0.07856272347008787
vertex_3839,0.06007709207186745
vertex_3840,0.05870534321172033
vertex_3841,0.045093417405785756
vertex_3842,0.05349093718913997
vertex_3843,0.04473828846412532
vertex_3844,0.044699553305922464
vertex_3845,0.05826030631428076
vertex_3846,0.0430174868326978
vertex_3847,0.03740477213935493
vertex_3848,0.06224011895999678
vertex_3849,0.04251522160131996
vertex_3850,0.03147828099054471
vertex_3851,0.049169269832223375
vertex_3852,0.041068981971913554
vertex_3853,0.04363600230580961
vertex_3854,0.03183863194542237
vertex_3855,0.074839667857348
vertex_3856,0.02904382784483545
vertex_3857,0.054608184931101755
vertex_3858,0.033450211792421525
vertex_3859,0.03501029236711713
vertex_3860,0.036764511615393965
vertex_3861,0.037975298896007675
vertex_3862,0.030749489849167515
vertex_3863,0.053810967586105735
vertex_3864,0.05166497134207129
vertex_3865,0.043634534541508174
vertex_3866,0.0428374618622562
vertex_3867,0.0460891072239938
vertex_3868,0.04225472923226784
vertex_3869,0.038460706039303426
vertex_3870,0.11125275305983746
vertex_3871,0.14103975082762
vertex_3872,0.12100087427629354
vertex_3873,0.09750487340809241
vertex_3874,0.12917040662223495
vertex_3875,0.1240167633744477
vertex_3876,0.15782750964966344
vertex_3877,0.14192649707927385
vertex_3878,0.09675653084593423
vertex_3879,0.12277688931776036
vertex_3880,0.11895404852482341
vertex_3881,0.03599040828011891
vertex_3882,0.07821304165994034
vertex_3883,0.0377422985895529
vertex_3884,0.06859325393519496
vertex_3885,0.04084819612753807
vertex_3886,0.05942232038297554
vertex_3887,0.042100385655329454
vertex_3888,0.031009544916315756
vertex_3889,0.02964663979760965
vertex_3890,0.04028804562324948
vertex_3891,0.059002457896417795
vertex_3892,0.03532953744639646
vertex_3893,0.24947029397365802
vertex_3894,0.31275713723683307
vertex_3895,0.30778274595294897
vertex_3896,0.14468612739238912
vertex_3897,0.24405583416969898
vertex_3898,0.16601108389074082
vertex_3899,0.13361955512342835
vertex_3900,0.1346993646714703
vertex_3901,0.016688010838675323
vertex_3902,0.03517847281374727
vertex_3903,0.028900280314151334
vertex_3904,0.028890683539907088
vertex_3905,0.03277950805722348
vertex_3906,0.03339600518893184
vertex_3907,0.019330195892635953
vertex_3908,0.030196545208003744
vertex_3909,0.023538112353252982
vertex_3910,0.024594750133476978
vertex_3911,0.04134817965592935
vertex_3912,0.028249331631581318
vertex_3913,0.02777665882070718
vertex_3914,0.022870431744911837
vertex_3915,0.027420359180524326
vertex_3916,0.13325937866346435
vertex_3917,0.12899434090487358
vertex_3918,0.14503224650249327
vertex_3919,0.23010997330569288
vertex_3920,0.2037990030768494
vertex_3921,0.23727823062588121
vertex_3922,0.2610707485458341
vertex_3923,0.24699568111941583
vertex_3924,0.3484845121707384
vertex_3925,0.32903522197389223
vertex_3926,0.27941810196198164
vertex_3927,0.32806545743743304
vertex_3928,0.2798623361668268
vertex_3929,0.2906311829286754
vertex_3930,0.2819585806092975
vertex_3931,0.24966680781010422
vertex_3932,0.23396051278913374
vertex_3933,0.19556352472625002
vertex_3934,0.17174079250158308
vertex_3935,0.19479804498972403
vertex_3936,0.18842442385292574
vertex_3937,0.19102652721977803
vertex_3938,0.178814588311404
vertex_3939,0.026857479938954605
vertex_3940,0.021731148088844267
vertex_3941,0.03904359749111514
vertex_3942,0.10629348159870544
vertex_3943,0.06162732430441658
vertex_3944,0.12083929807418368
vertex_3945,0.1093566619137324
vertex_3946,0.10090275005516357
vertex_3947,0.10662768639712128
vertex_3948,0.07499016946541293
vertex_3949,0.07288554149521406
vertex_3950,0.08617822867220902
vertex_3951,0.06483578588732208
vertex_3952,0.0770207930525384
vertex_3953,0.05949685992569576
vertex_3954,0.0807723620203715
vertex_3955,0.077549286320391
vertex_3956,0.07999267402951271
vertex_3957,0.10361143011521166
vertex_3958,0.10741978231964429
vertex_3959,0.1139246844384584
vertex_3960,0.13036953015441824
vertex_3961,0.113859297788783
vertex_3962,0.055983314422670336
vertex_3963,0.054352071329931334
vertex_3964,0.06464708367891334
vertex_3965,0.07049585893578221
vertex_3966,0.0620955108141166
vertex_3967,0.06967913395958732
vertex_3968,0.060924789692805514
vertex_3969,0.08196654943996783
vertex_3970,0.11637552224013148
vertex_3971,0.09349870740474363
vertex_3972,0.11305145941739911
vertex_3973,0.1366555766090056
vertex_3974,0.11902871873712564
vertex_3975,0.13496389433040928
vertex_3976,0.1226274407504588
vertex_3977,0.15368395744791427
vertex_3978,0.14665902871337191
vertex_3979,0.15009878565183762
vertex_3980,0.09304461047316977
vertex_3981,0.08044152400472222
vertex_3982,0.05256610757567285
vertex_3983,0.06573264299946262
vertex_3984,0.06450067057036377
vertex_3985,0.037895289302531956
vertex_3986,0.03670902428980043
vertex_3987,0.039331716427678194
vertex_3988,0.048216985468480654
vertex_3989,0.05138365424221163
vertex_3990,0.0525626334075982
vertex_3991,0.061670953336786315
vertex_3992,0.06160782397328161
vertex_3993,0.04700550734534107
vertex_3994,0.040796356984318057
vertex_3995,0.05057017682532682
vertex_3996,0.07668921874764562
vertex_3997,0.059573843381912545
vertex_3998,0.07421917342538242
vertex_3999,0.0667042545848203
vertex_4000,0.08191112476268016
vertex_4001,0.06327023572804848
vertex_4002,0.0847299531758662
vertex_4003,0.07118803863962306
vertex_4004,0.06440516213725332
vertex_4005,0.0571225265009638
vertex_4006,0.050723666997716355
vertex_4007,0.06948145557850595
vertex_4008,0.039875295500090065
vertex_4009,0.06665228509464158
vertex_4010,0.04579525999525411
vertex_4011,0.05510628618009046
vertex_4012,0.05061017246767535
vertex_4013,0.03551197783043303
vertex_4014,0.03585742905655386
vertex_4015,0.03938735342528316
vertex_4016,0.04347135917161024
vertex_4017,0.04605982263508688
vertex_4018,0.035432506200253726
vertex_4019,0.042802680718187276
vertex_4020,0.03899911223558515
vertex_4021,0.03223940276391822
vertex_4022,0.03752241216740121
vertex_4023,0.05715306556913111
vertex_4024,0.037118180618683695
vertex_4025,0.038505354302596766
vertex_4026,0.04328720272326281
vertex_4027,0.04758393278174246
vertex_4028,0.04224936211299512
vertex_4029,0.05194858746897574
vertex_4030,0.04863506663642691
vertex_4031,0.05120034601704196
vertex_4032,0.04734176950173687
vertex_4033,0.04471785015212985
vertex_4034,0.054053691425626965
vertex_4035,0.05238641427866054
vertex_4036,0.057427335253537895
vertex_4037,0.05630269026726654
vertex_4038,0.05950617982814008
vertex_4039,0.07683657893750943
vertex_4040,0.06905463440971583
vertex_4041,0.07707213250014619
vertex_4042,0.06311905162900848
vertex_4043,0.06362512759825152
vertex_4044,0.05109902558062941
vertex_4045,0.03626442240727588
vertex_4046,0.03823946596746525
vertex_4047,0.05577192772988295
vertex_4048,0.03953926952186947
vertex_4049,0.0531863809567198
vertex_4050,0.055265713856812344
vertex_4051,0.08229957860252594
vertex_4052,0.06939099172721368
vertex_4053,0.09128603412048235
vertex_4054,0.07423555720038198
vertex_4055,0.09093467959374527
vertex_4056,0.09268349266990605
vertex_4057,0.10837458117575922
vertex_4058,0.09662411600058106
vertex_4059,0.12703906606661297
vertex_4060,0.09196350817057068
vertex_4061,0.09895777770862751
vertex_4062,0.12113176309246797
vertex_4063,0.1266993508599592
vertex_4064,0.12126495725152427
vertex_4065,0.1247610268654051
vertex_4066,0.11531756513525405
vertex_4067,0.10106730510273225
vertex_4068,0.055682428416505975
vertex_4069,0.06486771532194704
vertex_4070,0.06561876804210219
vertex_4071,0.06696111962007595
vertex_4072,0.06301234059297381
vertex_4073,0.04316294173656894
vertex_4074,0.07109931943874513
vertex_4075,0.06528379767671248
vertex_4076,0.08292719851122746
vertex_4077,0.09421407846656138
vertex_4078,0.07212305113982423
vertex_4079,0.0898657844758719
vertex_4080,0.06421047415104532
vertex_4081,0.06371977321469094
vertex_4082,0.07522016437317978
vertex_4083,0.08232145699810688
vertex_4084,0.0935088720775785
vertex_4085,0.11286226022389861
vertex_4086,0.13209774380884168
vertex_4087,0.11015832094132987
vertex_4088,0.12109883121819119
vertex_4089,0.10070187790852413
vertex_4090,0.06144106419437886
vertex_4091,0.08004209657646445
vertex_4092,0.05560810020660293
vertex_4093,0.08433672446429308
vertex_4094,0.10187795273392378
vertex_4095,0.05568988530531879
vertex_4096,0.03971726182556343
vertex_4097,0.05172900859334381
vertex_4098,0.06379576203255684
vertex_4099,0.05047218075901941
vertex_4100,0.05858562951277467
vertex_4101,0.05992285393865578
vertex_4102,0.06908739406271619
vertex_4103,0.07501923497339759
vertex_4104,0.06299227556613049
vertex_4105,0.07053627040740669
vertex_4106,0.04531875312638264
vertex_4107,0.07395643851692783
vertex_4108,0.06797372671271655
vertex_4109,0.07105575211388085
vertex_4110,0.05790116175278809
vertex_4111,0.05082956260324688
vertex_4112,0.06486225109278308
vertex_4113,0.05029927949289049
vertex_4114,0.03152917786296417
vertex_4115,0.039361696515749
vertex_4116,0.031098588115403277
vertex_4117,0.039746060310789144
vertex_4118,0.05156990693610121
vertex_4119,0.053897698981348545
vertex_4120,0.08708130347406441
vertex_4121,0.07687756904487363
vertex_4122,0.07392838063105445
vertex_4123,0.04825880854703759
vertex_4124,0.06741739022659153
vertex_4125,0.09792160890530398
vertex_4126,0.09574309845921147
vertex_4127,0.1060346959149521
vertex_4128,0.08161437896734905
vertex_4129,0.12530765780807548
vertex_4130,0.10886141033418101
vertex_4131,0.09485627143869971
vertex_4132,0.06330480279667965
vertex_4133,0.0660680727802783
vertex_4134,0.0713369030218571
vertex_4135,0.05690477618458205
vertex_4136,0.06568106075217245
vertex_4137,0.05018284937594802
vertex_4138,0.04520026241707189
vertex_4139,0.037996291042228646
vertex_4140,0.029374534110174187
vertex_4141,0.03805008244956066
vertex_4142,0.08861874040250087
vertex_4143,0.07397625206468282
vertex_4144,0.07198038018809713
vertex_4145,0.06661992023102384
vertex_4146,0.06548316478039896
vertex_4147,0.02387003823455237
vertex_4148,0.04275342677438512
vertex_4149,0.040388580203770334
vertex_4150,0.06730654258798609
vertex_4151,0.058694438333276144
vertex_4152,0.05565211320516448
vertex_4153,0.06087022717091612
vertex_4154,0.06431378668723091
vertex_4155,0.0631987257385165
vertex_4156,0.05226240431645428
vertex_4157,0.07392391497131734
vertex_4158,0.07236673145066658
vertex_4159,0.0795240032627218
vertex_4160,0.09973581403502202
vertex_4161,0.08033258711426798
vertex_4162,0.05330508418591682
vertex_4163,0.052003716371546986
vertex_4164,0.05609528802175728
vertex_4165,0.04182885575964654
vertex_4166,0.045684004449367724
vertex_4167,0.050197109551862434
vertex_4168,0.04944244342904243
vertex_4169,0.05356819716276517
vertex_4170,0.05089118048929512
vertex_4171,0.042328964586451516
vertex_4172,0.038300477142094676
vertex_4173,0.03340444745490929
vertex_4174,0.034186358799019455
vertex_4175,0.04125809202653742
vertex_4176,0.05251749928978343
vertex_4177,0.04375300746938506
vertex_4178,0.0566879983660056
vertex_4179,0.04261785038109014
vertex_4180,0.04368871494738729
vertex_4181,0.042330489086045274
vertex_4182,0.05114779991919878
vertex_4183,0.03635624630494842
vertex_4184,0.09026971261285203
vertex_4185,0.12262722509169906
vertex_4186,0.09880568694155867
vertex_4187,0.08207447939391743
vertex_4188,0.10218136472607692
vertex_4189,0.09749783739784175
vertex_4190,0.10514970458485745
vertex_4191,0.07591889063021141
vertex_4192,0.04075960887936739
vertex_4193,0.04189932243252341
vertex_4194,0.050376371354161675
vertex_4195,0.10385396690106402
vertex_4196,0.09728955400561928
vertex_4197,0.10986471123011865
vertex_4198,0.12994006579557132
vertex_4199,0.12116584082689295
vertex_4200,0.12704839824394984
vertex_4201,0.11489984096099617
vertex_4202,0.11897724898983743
vertex_4203,0.1367688200568062
vertex_4204,0.15235449126999392
vertex_4205,0.13957086477077518
vertex_4206,0.14077896535885867
vertex_4207,0.05396164814852099
vertex_4208,0.057579895972997744
vertex_4209,0.06485400616765963
vertex_4210,0.07916403536794837
vertex_4211,0.060432571095759356
vertex_4212,0.06751556168118475
vertex_4213,0.06032237948705978
vertex_4214,0.06826033761359633
vertex_4215,0.07614282337166839
vertex_4216,0.09881733433237684
vertex_4217,0.0878865625932779
vertex_4218,0.05404762149871494
vertex_4219,0.05186845208559254
vertex_4220,0.04971119837163839
vertex_4221,0.05249928551057957
vertex_4222,0.03675917274891103
vertex_4223,0.04364920019056248
vertex_4224,0.04650530467864211
vertex_4225,0.09202643223941646
vertex_4226,0.09888002780027823
vertex_4227,0.0875816666852354
vertex_4228,0.07499547653935439
vertex_4229,0.10603336560476315
vertex_4230,0.11581415962565357
vertex_4231,0.09088138406230638
vertex_4232,0.10347058531839551
vertex_4233,0.11703610057987557
vertex_4234,0.11062032104207183
vertex_4235,0.111739175537589
vertex_4236,0.10384619845104226
vertex_4237,0.12277115300743406
vertex_4238,0.1050569563369839
vertex_4239,0.11712633726137502
vertex_4240,0.15846476053107575
vertex_4241,0.11344940621646704
vertex_4242,0.15879569938023763
vertex_4243,0.18115872768345248
vertex_4244,0.18519522604442623
vertex_4245,0.23411017198460093
vertex_4246,0.23325875875307295
vertex_4247,0.26951697720164874
vertex_4248,0.3219135967368679
vertex_4249,0.3193044085069212
vertex_4250,0.27660154143717985
vertex_4251,0.28237135409922826
vertex_4252,0.04620754749118346
vertex_4253,0.05780865505408862
vertex_4254,0.07194053970783582
vertex_4255,0.09994278115730082
vertex_4256,0.09664998975075181
vertex_4257,0.09598095006180303
vertex_4258,0.0900354962402741
vertex_4259,0.08842264607818845
vertex_4260,0.09478565021692573
vertex_4261,0.08195578636613933
vertex_4262,0.06416726057821101
vertex_4263,0.07100330524739155
vertex_4264,0.06404193302702339
vertex_4265,0.08266190757401815
vertex_4266,0.07348506496807704
vertex_4267,0.08402393734550945
vertex_4268,0.06331695781162267
vertex_4269,0.04347722389694281
vertex_4270,0.09831969076675115
vertex_4271,0.07173426435644138
vertex_4272,0.10800792749972361
vertex_4273,0.1105373637540951
vertex_4274,0.06355231935345876
vertex_4275,0.05436507529525972
vertex_4276,0.06337528420513805
vertex_4277,0.055920274080759995
vertex_4278,0.054259514933142
vertex_4279,0.044060690933419515
vertex_4280,0.04609096427325065
vertex_4281,0.04407274968906678
vertex_4282,0.05404016029231019
vertex_4283,0.045564850731163606
vertex_4284,0.03874278777996254
vertex_4285,0.03278125907043861
vertex_4286,0.05736703578429571
vertex_4287,0.03750332968454207
vertex_4288,0.03473113687078671
vertex_4289,0.03435672589324474
vertex_4290,0.0717495550869255
vertex_4291,0.04059033242127512
vertex_4292,0.038640692135551595
vertex_4293,0.047475671962223985
vertex_4294,0.030194462682661682
vertex_4295,0.03368415193614056
vertex_4296,0.03272399608305823
vertex_4297,0.023792192509015517
vertex_4298,0.025004742358661725
vertex_4299,0.01640353187313513
vertex_4300,0.023090862281392014
vertex_4301,0.022176273741695268
vertex_4302,0.029780124781939768
vertex_4303,0.028532570072907378
vertex_4304,0.031710249943447705
vertex_4305,0.039410588978039
vertex_4306,0.04591435966500378
vertex_4307,0.03296468874883392
vertex_4308,0.034067001162831165
vertex_4309,0.03525192796289427
vertex_4310,0.03310069778846865
vertex_4311,0.0314247074587338
vertex_4312,0.03898744530240673
vertex_4313,0.05843034384100205
vertex_4314,0.04596859427183944
vertex_4315,0.03964498624980791
vertex_4316,0.037978566316522605
vertex_4317,0.05726836593760309
vertex_4318,0.03854227273957914
vertex_4319,0.039091370229886395
vertex_4320,0.03106785339131933
vertex_4321,0.03453293194094495
vertex_4322,0.03261786160103922
vertex_4323,0.04409860162829047
vertex_4324,0.03450841502545089
vertex_4325,0.03131105824643443
vertex_4326,0.028093219194147444
vertex_4327,0.03196256954518911
vertex_4328,0.03324415307886308
vertex_4329,0.042325843469717496
vertex_4330,0.03798996166041771
vertex_4331,0.06133412827455867
vertex_4332,0.049814310754746294
vertex_4333,0.05060440029106404
vertex_4334,0.058697059964062374
vertex_4335,0.07630093018722378
vertex_4336,0.06622951552181558
vertex_4337,0.07934886535688586
vertex_4338,0.07092980278702246
vertex_4339,0.07481923029768547
vertex_4340,0.07629487743083375
vertex_4341,0.07772343409233547
vertex_4342,0.07161838719946599
vertex_4343,0.09657709359830532
vertex_4344,0.0713918165221777
vertex_4345,0.07417022677897116
vertex_4346,0.10307833000031745
vertex_4347,0.08687761550936345
vertex_4348,0.08246636324359688
vertex_4349,0.038910647154021004
vertex_4350,0.05857488631854504
vertex_4351,0.10629901641725682
vertex_4352,0.09527574882549215
vertex_4353,0.09230004919188059
vertex_4354,0.0751001137491896
vertex_4355,0.08583449313325528
vertex_4356,0.1025922267585112
vertex_4357,0.061820396130136804
vertex_4358,0.06439426383077576
vertex_4359,0.03999281780984565
vertex_4360,0.09425828498821254
vertex_4361,0.10191790731981326
vertex_4362,0.09678067975992155
vertex_4363,0.06996686569938414
vertex_4364,0.07746430938569653
vertex_4365,0.06204266238175132
vertex_4366,0.35233747685418404
vertex_4367,0.28610738527180146
vertex_4368,0.3556887272501097
vertex_4369,0.19506614503132128
vertex_4370,0.23299765054129332
vertex_4371,0.21754673893355814
vertex_4372,0.3634851684889039
vertex_4373,0.3758848579402816
vertex_4374,0.23525889660125723
vertex_4375,0.19576244956019326
vertex_4376,0.168117690738418
vertex_4377,0.2326963408644625
vertex_4378,0.2650050835346092
vertex_4379,0.3515150194189668
vertex_4380,0.3623120080201536
vertex_4381,0.3617894322426487
vertex_4382,0.33970658501526835
vertex_4383,0.18780569074126618
vertex_4384,0.21589323062318863
vertex_4385,0.22449654651001139
vertex_4386,0.16648574549923928
vertex_4387,0.17649483102921815
vertex_4388,0.21174219180487497
vertex_4389,0.031257034377092784
vertex_4390,0.03203506953823086
vertex_4391,0.03514045692761631
vertex_4392,0.060357313939641624
vertex_4393,0.02386015950200578
vertex_4394,0.06552163677521938
vertex_4395,0.060332471508793506
vertex_4396,0.05982961728389136
vertex_4397,0.06492622001209791
vertex_4398,0.06098241039039871
vertex_4399,0.06069599297657207
vertex_4400,0.1038764491915187
vertex_4401,0.08579447511766534
vertex_4402,0.07868364373752817
vertex_4403,0.08327170227255942
vertex_4404,0.07891778195813295
vertex_4405,0.0881272363257688
vertex_4406,0.08318339627724003
vertex_4407,0.1012024178621241
vertex_4408,0.09697306482337412
vertex_4409,0.10809075422850033
vertex_4410,0.11353352838014946
vertex_4411,0.13021602489961012
vertex_4412,0.03030122457975508
vertex_4413,0.041126460847961066
vertex_4414,0.03496282368739488
vertex_4415,0.09031155072563384
vertex_4416,0.08312000542360357
vertex_4417,0.08348088732632557
vertex_4418,0.06224728783312542
vertex_4419,0.06480204323749579
vertex_4420,0.1341226113991791
vertex_4421,0.10134910896545589
vertex_4422,0.1129163673995994
vertex_4423,0.09983358204845355
vertex_4424,0.0874978876003552
vertex_4425,0.07496713269096489
vertex_4426,0.07632154823541991
vertex_4427,0.08546694755290878
vertex_4428,0.08779029227530272
vertex_4429,0.10492386285182477
vertex_4430,0.10595993861714566
vertex_4431,0.09730790101681461
vertex_4432,0.07113724458582302
vertex_4433,0.06915791568443874
vertex_4434,0.051404615928169466
vertex_4435,0.07950640925940386
vertex_4436,0.07920022568583594
vertex_4437,0.08161695579148341
vertex_4438,0.12266655713402688
vertex_4439,0.11069063268528301
vertex_4440,0.10100160922975812
vertex_4441,0.11155802561859433
vertex_4442,0.11400881949989847
vertex_4443,0.053428266524727805
vertex_4444,0.06170135668189202
vertex_4445,0.059686967571852746
vertex_4446,0.0795418535967526
vertex_4447,0.09992351782807421
vertex_4448,0.08053423752360768
vertex_4449,0.09587262276713589
vertex_4450,0.09210572628761578
vertex_4451,0.11707562775059537
vertex_4452,0.09814679894701218
vertex_4453,0.03830205932893735
vertex_4454,0.033769410986050685
vertex_4455,0.03927005358627512
vertex_4456,0.07365306410542975
vertex_4457,0.06542485232320072
vertex_4458,0.06755921699665837
vertex_4459,0.07544068075251975
vertex_4460,0.059984210977372845
vertex_4461,0.04201251835873298
vertex_4462,0.06529373082386142
vertex_4463,0.045740476938326356
vertex_4464,0.0712015691307077
vertex_4465,0.04053486132382944
vertex_4466,0.04695087537739528
vertex_4467,0.06918978860418176
vertex_4468,0.06850035746752696
vertex_4469,0.06077766023200762
vertex_4470,0.06510508624376661
vertex_4471,0.06641209884722653
vertex_4472,0.07081617778378348
vertex_4473,0.08220380177581088
vertex_4474,0.09540451538778999
vertex_4475,0.08171161017764637
vertex_4476,0.10625255786278844
vertex_4477,0.0986067775082171
vertex_4478,0.1377861111697564
vertex_4479,0.10774126913790262
vertex_4480,0.06574196051230101
vertex_4481,0.07315736875232431
vertex_4482,0.09858235040445622
vertex_4483,0.0970825354848447
vertex_4484,0.09898095845271455
vertex_4485,0.09011064228501676
vertex_4486,0.10598625144849423
vertex_4487,0.10249143759339378
vertex_4488,0.12677887127090112
vertex_4489,0.1158790387482748
vertex_4490,0.11186136317496588
vertex_4491,0.11119838982568284
vertex_4492,0.13093706232705862
vertex_4493,0.12184349291378205
vertex_4494,0.11669613630462769
vertex_4495,0.1047632838121376
vertex_4496,0.12525177983080815
vertex_4497,0.09296602434694184
vertex_4498,0.08806403719130772
vertex_4499,0.09539033977492037
vertex_4500,0.08125672047270237
vertex_4501,0.07276169818552104
vertex_4502,0.07180444902248076
vertex_4503,0.03271019801720247
vertex_4504,0.044118281020512524
vertex_4505,0.04355987192748022
vertex_4506,0.03677895459457951
vertex_4507,0.04456063368612493
vertex_4508,0.05438054220898309
vertex_4509,0.08462328937419307
vertex_4510,0.06214792854829001
vertex_4511,0.031911543043488665
vertex_4512,0.040657045345623706
vertex_4513,0.0337134914893965
vertex_4514,0.047428738817432765
vertex_4515,0.04313626857852839
vertex_4516,0.051622777700166204
vertex_4517,0.06691171241637268
vertex_4518,0.06279629288780149
vertex_4519,0.06645936336111655
vertex_4520,0.0658785741464167
vertex_4521,0.03658857712803866
vertex_4522,0.044656314435327124
vertex_4523,0.05810033173177272
vertex_4524,0.06644654860795775
vertex_4525,0.06444756168564376
vertex_4526,0.06151312403229893
vertex_4527,0.053074117788629596
vertex_4528,0.04092773180998773
vertex_4529,0.03494253530860706
vertex_4530,0.025231648220568986
vertex_4531,0.025441830889308844
vertex_4532,0.029964518427797345
vertex_4533,0.03346677266784974
vertex_4534,0.03456188855145405
vertex_4535,0.037290592313582976
vertex_4536,0.04484234973117897
vertex_4537,0.03220673157419139
vertex_4538,0.03611648155763486
vertex_4539,0.028733539529789222
vertex_4540,0.02991372981571724
vertex_4541,0.03398199581050082
vertex_4542,0.03974128955720558
vertex_4543,0.05058289886741364
vertex_4544,0.05846260115420053
vertex_4545,0.05289066629336633
vertex_4546,0.05232968160546605
vertex_4547,0.11241007505687071
vertex_4548,0.13697841283476908
vertex_4549,0.11696871892646851
vertex_4550,0.1510868379326952
vertex_4551,0.17957338530088596
vertex_4552,0.1933576233680287
vertex_4553,0.16035848580804868
vertex_4554,0.22143350055741903
vertex_4555,0.09183089181281234
vertex_4556,0.12682582036583975
vertex_4557,0.10102702751131791
vertex_4558,0.10875304893392826
vertex_4559,0.1488704373232259
vertex_4560,0.1682025278448922
vertex_4561,0.1861716726139699
vertex_4562,0.18568863373513375
vertex_4563,0.15439688708627167
vertex_4564,0.17670662798806472
vertex_4565,0.12797430659408016
vertex_4566,0.15871644123422213
vertex_4567,0.13907897162592922
vertex_4568,0.14851704147605224
vertex_4569,0.11523728239125243
vertex_4570,0.07144320345133393
vertex_4571,0.0685839176327076
vertex_4572,0.07598071254706443
vertex_4573,0.09185163341873771
vertex_4574,0.07986182809469819
vertex_4575,0.09283689766260707
vertex_4576,0.11105835313439369
vertex_4577,0.153201964622218
vertex_4578,0.12622351989746672
vertex_4579,0.13747190911088705
vertex_4580,0.15031035811282595
vertex_4581,0.16934102292305075
vertex_4582,0.1768820287779668
vertex_4583,0.15831882302618086
vertex_4584,0.12421734093949732
vertex_4585,0.10988579535004753
vertex_4586,0.11213316483103984
vertex_4587,0.08966928201313874
vertex_4588,0.06397097608030684
vertex_4589,0.07762888172029438
vertex_4590,0.08907627451498165
vertex_4591,0.10009453964698539
vertex_4592,0.07724543702049508
vertex_4593,0.07351705797821165
vertex_4594,0.07171630566906516
vertex_4595,0.07843595675134453
vertex_4596,0.07548412898731546
vertex_4597,0.07517853874361174
vertex_4598,0.07211504796520796
vertex_4599,0.06713071858072253
vertex_4600,0.15515543958460268
vertex_4601,0.14027370261774164
vertex_4602,0.14972869604126154
vertex_4603,0.07808329149963565
vertex_4604,0.06470654072354165
vertex_4605,0.053171018204328534
vertex_4606,0.04382603181023962
vertex_4607,0.049966201764227086
vertex_4608,0.05515729054007204
vertex_4609,0.051565738163589794
vertex_4610,0.09326715064293489
vertex_4611,0.0746935772980225
vertex_4612,0.07144522145225882
vertex_4613,0.06260152434163277
vertex_4614,0.05440472985608059
vertex_4615,0.03789510857544157
vertex_4616,0.03958479068710016
vertex_4617,0.04345209314823854
vertex_4618,0.04794906101574868
vertex_4619,0.04068559686709464
vertex_4620,0.05213566858898253
vertex_4621,0.04693778611389791
vertex_4622,0.05506374375750944
vertex_4623,0.043627853445731314
vertex_4624,0.03981534677902942
vertex_4625,0.049545691220449134
vertex_4626,0.06827674478629471
vertex_4627,0.04696735542491678
vertex_4628,0.048746813166030994
vertex_4629,0.04630205332097185
vertex_4630,0.050410922416821484
vertex_4631,0.053517993692471504
vertex_4632,0.05391492442339781
vertex_4633,0.05135804323795906
vertex_4634,0.05769579555123353
vertex_4635,0.06833467018422477
vertex_4636,0.06259051280235166
vertex_4637,0.03784035226239008
vertex_4638,0.027365081311251697
vertex_4639,0.047228040495768134
vertex_4640,0.05178690332317459
vertex_4641,0.04729663601382635
vertex_4642,0.05007125876143088
vertex_4643,0.05775731114706639
vertex_4644,0.06886687627073346
vertex_4645,0.02977025871488128
vertex_4646,0.03577609447585838
vertex_4647,0.04026273721186518
vertex_4648,0.06079355444489828
vertex_4649,0.08839766284162522
vertex_4650,0.06983814007965422
vertex_4651,0.0557212335835974
vertex_4652,0.05138033270195506
vertex_4653,0.053823876349993034
vertex_4654,0.046410603218654777
vertex_4655,0.057420827028117516
vertex_4656,0.06522594143920481
vertex_4657,0.06561393642111861
vertex_4658,0.05644432414824021
vertex_4659,0.04652910052491677
vertex_4660,0.031257580149519376
vertex_4661,0.028012505629601187
vertex_4662,0.048987028494815996
vertex_4663,0.031569292554492256
vertex_4664,0.07663992910040072
vertex_4665,0.080417248310192
vertex_4666,0.07531341794061701
vertex_4667,0.093486512651443
vertex_4668,0.07572543022807726
vertex_4669,0.09343662354685549
vertex_4670,0.09855227379924691
vertex_4671,0.10700220490428555
vertex_4672,0.09834401295205764
vertex_4673,0.08811136079286246
vertex_4674,0.08143673646612451
vertex_4675,0.07508285602793963
vertex_4676,0.0658850307712728
vertex_4677,0.06653660531930645
vertex_4678,0.057207232575442746
vertex_4679,0.08333675755557698
vertex_4680,0.08878127048724041
vertex_4681,0.10099126489711717
vertex_4682,0.0956401340127081
vertex_4683,0.07266620328089722
vertex_4684,0.07017992060504152
vertex_4685,0.05979211103790058
vertex_4686,0.04256929594504863
vertex_4687,0.05540928674126139
vertex_4688,0.06493744139836657
vertex_4689,0.061082288487702446
vertex_4690,0.061105277032236685
vertex_4691,0.038412406454186705
vertex_4692,0.025898122026042313
vertex_4693,0.030451664278141815
vertex_4694,0.04365566677626819
vertex_4695,0.045497187331047156
vertex_4696,0.09233449437707174
vertex_4697,0.08429525892352031
vertex_4698,0.10491271394788741
vertex_4699,0.09218507766792898
vertex_4700,0.10229225319207723
vertex_4701,0.08610018703647372
vertex_4702,0.08418916788995817
vertex_4703,0.06721985873429977
vertex_4704,0.04539472327536829
vertex_4705,0.04792251451336091
vertex_4706,0.05437684031858356
vertex_4707,0.053160054093043016
vertex_4708,0.04129972497327511
vertex_4709,0.04894140707831666
vertex_4710,0.043529491253910486
vertex_4711,0.09745854199138883
vertex_4712,0.08718065470015735
vertex_4713,0.08700201661694082
vertex_4714,0.03518948309499502
vertex_4715,0.040572712753740206
vertex_4716,0.04183530597783516
vertex_4717,0.06167853819211819
vertex_4718,0.029334006528218926
vertex_4719,0.048429669779556296
vertex_4720,0.05263446520005427
vertex_4721,0.05067056720792408
vertex_4722,0.05186543372515338
vertex_4723,0.05027286239041301
vertex_4724,0.06498536969042887
vertex_4725,0.07369615327441795
vertex_4726,0.08101361670955738
vertex_4727,0.06968693431256606
vertex_4728,0.10013754100387798
vertex_4729,0.11332785348474192
vertex_4730,0.10465851499989745
vertex_4731,0.07299005438906532
vertex_4732,0.08121878198471226
vertex_4733,0.041126459704099894
vertex_4734,0.04006471877406528
vertex_4735,0.05488389242080795
vertex_4736,0.05781375289453225
vertex_4737,0.059552621142873144
vertex_4738,0.052987549206717485
vertex_4739,0.047500861888586814
vertex_4740,0.042282294500813986
vertex_4741,0.057287457333963225
vertex_4742,0.03287467487728549
vertex_4743,0.05123927956419014
vertex_4744,0.04944759945245556
vertex_4745,0.05678359180294653
vertex_4746,0.058491341059001674
vertex_4747,0.02589349103880407
vertex_4748,0.03956335088405213
vertex_4749,0.022325633095194742
vertex_4750,0.031566077357876955
vertex_4751,0.020864371214278293
vertex_4752,0.025608402993487794
vertex_4753,0.025816558242900602
vertex_4754,0.01690891019135243
vertex_4755,0.03697993385236275
vertex_4756,0.03232043084672116
vertex_4757,0.041218573226413584
vertex_4758,0.03788904116193952
vertex_4759,0.03731177989229707
vertex_4760,0.04666055174303218
vertex_4761,0.04618939647727781
vertex_4762,0.03379995125592235
vertex_4763,0.014941625941628211
vertex_4764,0.03246269618902707
vertex_4765,0.05097212477765338
vertex_4766,0.0475842211499885
vertex_4767,0.053986691435538844
vertex_4768,0.041933353287667126
vertex_4769,0.05142535919951775
vertex_4770,0.05955257118250626
vertex_4771,0.05695371882287986
vertex_4772,0.04397641632435044
vertex_4773,0.05386357181656713
vertex_4774,0.056860666305786546
vertex_4775,0.047705433890014755
vertex_4776,0.04640486926092046
vertex_4777,0.03806554022944155
vertex_4778,0.08882319587210373
vertex_4779,0.06999656148422
vertex_4780,0.05277055332212389
vertex_4781,0.037566327894837576
vertex_4782,0.04100199465645145
vertex_4783,0.03614977877368738
vertex_4784,0.039932668811784845
vertex_4785,0.04311794848245187
vertex_4786,0.055137416381842774
vertex_4787,0.09529843335226436
vertex_4788,0.10588379711428526
vertex_4789,0.07848680224786865
vertex_4790,0.11100993217889298
vertex_4791,0.10113355741297805
vertex_4792,0.13026632571053512
vertex_4793,0.09087172886641134
vertex_4794,0.11448965690286214
vertex_4795,0.057393186429595386
vertex_4796,0.060502967452858415
vertex_4797,0.05394672109818035
vertex_4798,0.06249722790379948
vertex_4799,0.05348792051988282
vertex_4800,0.05054044544603375
vertex_4801,0.04822884199400796
vertex_4802,0.048202786821945016
vertex_4803,0.09490766889340808
vertex_4804,0.09522021975271318
vertex_4805,0.09130408908273392
vertex_4806,0.10605754162232833
vertex_4807,0.09473614579693401
vertex_4808,0.0811178747831525
vertex_4809,0.0893998641065518
vertex_4810,0.08052114790696387
vertex_4811,0.09110547986240432
vertex_4812,0.08747488786851441
vertex_4813,0.08041332154199317
vertex_4814,0.06758373456759229
vertex_4815,0.0523709470712539
vertex_4816,0.034794434082001086
vertex_4817,0.03808968089061799
vertex_4818,0.06610529877910931
vertex_4819,0.061687454764760355
vertex_4820,0.0691268428407585
vertex_4821,0.047391710170202286
vertex_4822,0.05557591758322654
vertex_4823,0.08849723303609482
vertex_4824,0.0766768404721585
vertex_4825,0.07974395763177716
vertex_4826,0.07058333918891845
vertex_4827,0.056697724006057826
vertex_4828,0.0583138193395844
vertex_4829,0.07041194477446584
vertex_4830,0.05783085047192206
vertex_4831,0.045826819627861726
vertex_4832,0.051906054265055866
vertex_4833,0.06466019313142506
vertex_4834,0.042951214641479246
vertex_4835,0.0354528258304542
vertex_4836,0.021930373753714795
vertex_4837,0.03580619771463191
vertex_4838,0.03609235969511946
vertex_4839,0.028096579202207293
vertex_4840,0.033349734386609556
vertex_4841,0.05011029355225208
vertex_4842,0.04163361800906282
vertex_4843,0.042495999945667336
vertex_4844,0.03378749514178668
vertex_4845,0.026063148983254306
vertex_4846,0.04190171356653185
vertex_4847,0.03237190513639234
vertex_4848,0.026808718099443744
vertex_4849,0.05684894408528845
vertex_4850,0.030711349371222125
vertex_4851,0.047353235337807914
vertex_4852,0.029321253192553624
vertex_4853,0.03224449961637796
vertex_4854,0.040195146387946856
vertex_4855,0.02808210845952588
vertex_4856,0.034483091816166454
vertex_4857,0.025681471333321746
vertex_4858,0.041566827811858255
vertex_4859,0.016570660795509846
vertex_4860,0.03575554808619606
vertex_4861,0.031672641123324075
vertex_4862,0.03678796428631256
vertex_4863,0.027119162136239654
vertex_4864,0.02056579881591233
vertex_4865,0.028898503671802668
vertex_4866,0.016675278252192272
vertex_4867,0.02437450066491325
vertex_4868,0.08230377511431208
vertex_4869,0.07795831143180552
vertex_4870,0.07099396667041503
vertex_4871,0.04906919704017653
vertex_4872,0.03238791926238335
vertex_4873,0.04556740142353631
vertex_4874,0.03184208747527425
vertex_4875,0.046654942546617686
vertex_4876,0.04346151368869137
vertex_4877,0.03600790710981291
vertex_4878,0.025033668423346145
vertex_4879,0.027396719193065494
vertex_4880,0.03598222540107323
vertex_4881,0.034869437705542086
vertex_4882,0.057319194243657196
vertex_4883,0.03446129080288508
vertex_4884,0.0458860866151904
vertex_4885,0.04667542876452431
vertex_4886,0.05450542675858178
vertex_4887,0.06257771141141406
vertex_4888,0.04975988349572394
vertex_4889,0.044170869053480465
vertex_4890,0.07810860612367176
vertex_4891,0.07289884829250207
vertex_4892,0.07525486446790279
vertex_4893,0.04404468913038649
vertex_4894,0.043032360790929966
vertex_4895,0.036624823285922405
vertex_4896,0.03434701617736172
vertex_4897,0.04190748259689076
vertex_4898,0.04614062738758848
vertex_4899,0.050477242280653055
vertex_4900,0.06750953659745347
vertex_4901,0.04721784969268671
vertex_4902,0.046843170369808534
vertex_4903,0.05846951257959119
vertex_4904,0.045032347094832975
vertex_4905,0.07421280509613089
vertex_4906,0.09378223848719813
vertex_4907,0.07515461628493306
vertex_4908,0.08199132993985513
vertex_4909,0.08209436077387457
vertex_4910,0.09306557533688095
vertex_4911,0.10553382576920116
vertex_4912,0.10885206220064564
vertex_4913,0.07260658892884309
vertex_4914,0.08740266128015182
vertex_4915,0.08078567554459645
vertex_4916,0.09472788572176488
vertex_4917,0.10613294358123636
vertex_4918,0.10683369144490339
vertex_4919,0.08829031416432327
vertex_4920,0.09601799175605612
vertex_4921,0.08990178878254486
vertex_4922,0.06049140384076402
vertex_4923,0.05557584064205138
vertex_4924,0.07150141873276211
vertex_4925,0.05591257953497062
vertex_4926,0.055528241636222865
vertex_4927,0.07027455559721903
vertex_4928,0.07031602328442711
vertex_4929,0.07138800851206946
vertex_4930,0.05020760407930774
vertex_4931,0.07958730149647832
vertex_4932,0.05672897214369666
vertex_4933,0.07533073597694977
vertex_4934,0.044827163640022774
vertex_4935,0.09088723065815375
vertex_4936,0.06519623546989421
vertex_4937,0.08149380344584821
vertex_4938,0.04062415307549479
vertex_4939,0.03525761076737117
vertex_4940,0.039133711602272
vertex_4941,0.03934643348015206
vertex_4942,0.048727335347123375
vertex_4943,0.06696281861308452
vertex_4944,0.051391059672081116
vertex_4945,0.041126459719548564
vertex_4946,0.04480669485184698
vertex_4947,0.044321213075881445
vertex_4948,0.05201976426801775
vertex_4949,0.13908665490473165
vertex_4950,0.14815313481863293
vertex_4951,0.13236704654005088
vertex_4952,0.12838105945675435
vertex_4953,0.18185462355607981
vertex_4954,0.16014240040626831
vertex_4955,0.15460036096111426
vertex_4956,0.13950353704300925
vertex_4957,0.11292871706662717
vertex_4958,0.10071442742046233
vertex_4959,0.12068317322856528
vertex_4960,0.12005890182237701
vertex_4961,0.16483353822731991
vertex_4962,0.13080000059443492
vertex_4963,0.1442564315613939
vertex_4964,0.10415540195659884
vertex_4965,0.10700139766742602
vertex_4966,0.07915658323455474
vertex_4967,0.07404436903571746
vertex_4968,0.07489025359224268
vertex_4969,0.05924535449811058
vertex_4970,0.05637614746110122
vertex_4971,0.05563992022035765
vertex_4972,0.03085917141284408
vertex_4973,0.05332416637554845
vertex_4974,0.03204763675770636
vertex_4975,0.03266921690622385
vertex_4976,0.037637655398784844
vertex_4977,0.040103207060075835
vertex_4978,0.04259430488871982
vertex_4979,0.03420335066082362
vertex_4980,0.044425895395434234
vertex_4981,0.05265479402247341
vertex_4982,0.05307150358086405
vertex_4983,0.04369904952899998
vertex_4984,0.038032224713840504
vertex_4985,0.04324095803573203
vertex_4986,0.032891950787572406
vertex_4987,0.04247044712040215
vertex_4988,0.05104847403319277
vertex_4989,0.06192084990058496
vertex_4990,0.05812852804427775
vertex_4991,0.0646879905649941
vertex_4992,0.056759749356784156
vertex_4993,0.04203294461232184
vertex_4994,0.05020053770334625
vertex_4995,0.037953309615715324
vertex_4996,0.049575211472898006
vertex_4997,0.051013927264829846
vertex_4998,0.04062757001872788
vertex_4999,0.04353453936688529
vertex_5000,0.041129719358984886
vertex_5001,0.048773381813492146
vertex_5002,0.08078741463000247
vertex_5003,0.06278053800115052
vertex_5004,0.06414805401381075
vertex_5005,0.09217355300519223
vertex_5006,0.06481466609185088
vertex_5007,0.06735632012676195
vertex_5008,0.051945065017069386
vertex_5009,0.07028443481089457
vertex_5010,0.06948020337614348
vertex_5011,0.09612387842137492
vertex_5012,0.07207717918747009
vertex_5013,0.0541391533816403
vertex_5014,0.06245100503344858
vertex_5015,0.06863536897861666
vertex_5016,0.060593345842773795
vertex_5017,0.06368329034901411
vertex_5018,0.05942978896309252
vertex_5019,0.0673472482012997
vertex_5020,0.09910704827895042
vertex_5021,0.09288589249687385
vertex_5022,0.08686596696172053
vertex_5023,0.06528231260170211
vertex_5024,0.06050971343944158
vertex_5025,0.10729528811376644
vertex_5026,0.09063111126558344
vertex_5027,0.0947681339017346
vertex_5028,0.0676303847984525
vertex_5029,0.061995935697907546
vertex_5030,0.07297668827274592
vertex_5031,0.07419850461931778
vertex_5032,0.0662623250591126
vertex_5033,0.07233930370316556
vertex_5034,0.07057958051459001
vertex_5035,0.06684725448213868
vertex_5036,0.07771090871901783
vertex_5037,0.07328782515276207
vertex_5038,0.08429991278561287
vertex_5039,0.07026425956870273
vertex_5040,0.07543265619250429
vertex_5041,0.07206127531226408
vertex_5042,0.06707550781811335
vertex_5043,0.10100902349843277
vertex_5044,0.11340972244024046
vertex_5045,0.11324291496937626
vertex_5046,0.1116544098168417
vertex_5047,0.10278554058834316
vertex_5048,0.07367672679121026
vertex_5049,0.07330704578662336
vertex_5050,0.10610701322464586
vertex_5051,0.12242760594121244
vertex_5052,0.11304607901774927
vertex_5053,0.11341257175565267
vertex_5054,0.09664436837798245
vertex_5055,0.08936754276254216
vertex_5056,0.07541786497532758
vertex_5057,0.07166537545621164
vertex_5058,0.06134230243150679
vertex_5059,0.050583269324800055
vertex_5060,0.05539786363061608
vertex_5061,0.05872898605531581
vertex_5062,0.06498500771476486
vertex_5063,0.06658507421043593
vertex_5064,0.06796164919066787
vertex_5065,0.07074488021859954
vertex_5066,0.07102143659689371
vertex_5067,0.05287216855071474
vertex_5068,0.07261511063517485
vertex_5069,0.05707358599045618
vertex_5070,0.07711224962664559
vertex_5071,0.061606027916902166
vertex_5072,0.061375494670690145
vertex_5073,0.06501400075477749
vertex_5074,0.06509255879589561
vertex_5075,0.05973976700616988
vertex_5076,0.07573937226426115
vertex_5077,0.0915501572736234
vertex_5078,0.13786804891996648
vertex_5079,0.07997811636586148
vertex_5080,0.13572088476890454
vertex_5081,0.12767917178915922
vertex_5082,0.11926126807682441
vertex_5083,0.1505417061761139
vertex_5084,0.2079118966278634
vertex_5085,0.2160080899432855
vertex_5086,0.1864354993188403
vertex_5087,0.1645014116938247
vertex_5088,0.21587876126849512
vertex_5089,0.22622411931019978
vertex_5090,0.2905142912458525
vertex_5091,0.18866506399594457
vertex_5092,0.1583823921656586
vertex_5093,0.15693592175898033
vertex_5094,0.15880350279059002
vertex_5095,0.20246785938818646
vertex_5096,0.19488675228151284
vertex_5097,0.21314170025782034
vertex_5098,0.2050569525431647
vertex_5099,0.2274365806638159
vertex_5100,0.24332425904316887
vertex_5101,0.22363857185182784
vertex_5102,0.166120793814581
vertex_5103,0.17381034804028703
vertex_5104,0.1619299037603357
vertex_5105,0.1382567437126994
vertex_5106,0.21123558733298886
vertex_5107,0.13275027505532871
vertex_5108,0.10750209502116082
vertex_5109,0.1442653703500946
vertex_5110,0.17779790312921415
vertex_5111,0.15585263596482793
vertex_5112,0.1378190281598012
vertex_5113,0.13313252481885574
vertex_5114,0.12062657286938842
vertex_5115,0.15300478187792127
vertex_5116,0.15677065780876828
vertex_5117,0.1302108802127577
vertex_5118,0.11921714229239627
vertex_5119,0.15323602959806826
vertex_5120,0.14069476842307244
vertex_5121,0.13849528905960096
vertex_5122,0.1544068072325908
vertex_5123,0.15681406211613882
vertex_5124,0.15039342992449134
vertex_5125,0.1736743040747442
vertex_5126,0.170678385021452
vertex_5127,0.15571062112583955
vertex_5128,0.16618506385448875
vertex_5129,0.14777069151238068
vertex_5130,0.11841673868212149
vertex_5131,0.13741028201984598
vertex_5132,0.15007488534440303
vertex_5133,0.15308924975270272
vertex_5134,0.1363606587500415
vertex_5135,0.12796395011162426
vertex_5136,0.11764546027415061
vertex_5137,0.1530253545445364
vertex_5138,0.12576860771209822
vertex_5139,0.14623031367764422
vertex_5140,0.12489919021499821
vertex_5141,0.13829216954902715
vertex_5142,0.13797576674784556
vertex_5143,0.15196786202260412
vertex_5144,0.15535661621241617
vertex_5145,0.1587034852409722
vertex_5146,0.15637575609905455
vertex_5147,0.1470534463038357
vertex_5148,0.118282958764355
vertex_5149,0.13437635466039508
vertex_5150,0.12910084946117759
vertex_5151,0.14913948283896597
vertex_5152,0.19827960612037435
vertex_5153,0.16139101335506661
vertex_5154,0.17800585966251278
vertex_5155,0.12923893906396272
vertex_5156,0.1297301046586585
vertex_5157,0.1462516341502298
vertex_5158,0.15883967209052077
vertex_5159,0.1609756844587906
vertex_5160,0.09250470884719028
vertex_5161,0.09953690456796462
vertex_5162,0.09244811681711453
vertex_5163,0.13160509119259473
vertex_5164,0.14087486539865793
vertex_5165,0.1583877728186425
vertex_5166,0.16971157542328447
vertex_5167,0.16140317477576493
vertex_5168,0.1547838442266588
vertex_5169,0.16095863990828113
vertex_5170,0.20490681227886065
vertex_5171,0.23081953632702507
vertex_5172,0.24251784162162615
vertex_5173,0.2869019461815427
vertex_5174,0.26256500527707244
vertex_5175,0.04540550726024847
vertex_5176,0.033756010638438784
vertex_5177,0.038802318130521034
vertex_5178,0.05044849633464485
vertex_5179,0.0374448749033185
vertex_5180,0.059574889602246606
vertex_5181,0.08293042592347512
vertex_5182,0.07152864950692372
vertex_5183,0.04617733206250004
vertex_5184,0.06847741842550428
vertex_5185,0.06252378020333678
vertex_5186,0.11482511421523482
vertex_5187,0.08598954017244409
vertex_5188,0.10312313096557317
vertex_5189,0.11863145792652732
vertex_5190,0.11648762695944045
vertex_5191,0.14309283557737063
vertex_5192,0.12528080059491298
vertex_5193,0.2033589394225599
vertex_5194,0.24418368258867387
vertex_5195,0.22722499701866375
vertex_5196,0.2391651477344079
vertex_5197,0.2078408705832257
vertex_5198,0.1937066405515179
vertex_5199,0.20088412709588466
vertex_5200,0.2041303740499354
vertex_5201,0.2124093281011543
vertex_5202,0.23744864521640674
vertex_5203,0.25046527639180477
vertex_5204,0.2300404677623668
vertex_5205,0.12290276916016911
vertex_5206,0.16620671365481646
vertex_5207,0.12640848887363484
vertex_5208,0.20386724977265688
vertex_5209,0.2273590402340929
vertex_5210,0.24772437468911737
vertex_5211,0.30287702534876176
vertex_5212,0.27468407361601865
vertex_5213,0.3076600505871496
vertex_5214,0.24686195098042701
vertex_5215,0.19112986474669894
vertex_5216,0.21010283870221427
vertex_5217,0.20128126594322943
vertex_5218,0.22114993649810272
vertex_5219,0.07250150529407207
vertex_5220,0.10731020972131759
vertex_5221,0.08895903718482323
vertex_5222,0.10153175061774604
vertex_5223,0.13442670907767643
vertex_5224,0.13385285433042052
vertex_5225,0.13762525298666617
vertex_5226,0.13423468834516428
vertex_5227,0.11405920216131768
vertex_5228,0.08768281544242838
vertex_5229,0.11998661850901617
vertex_5230,0.15952242682964832
vertex_5231,0.09783134708742473
vertex_5232,0.11681589545716847
vertex_5233,0.14941817035906743
vertex_5234,0.15168869698498222
vertex_5235,0.1729941051844633
vertex_5236,0.16808306993812208
vertex_5237,0.1567106912451264
vertex_5238,0.1542031545728583
vertex_5239,0.15678976852606097
vertex_5240,0.18478270518921674
vertex_5241,0.1841988326547419
vertex_5242,0.1280641295724942
vertex_5243,0.11272103550315254
vertex_5244,0.09887980847045069
vertex_5245,0.12982974309180403
vertex_5246,0.10581378131375209
vertex_5247,0.12886368816770594
vertex_5248,0.10644132409544076
vertex_5249,0.13551174666454494
vertex_5250,0.13171100363228047
vertex_5251,0.11731608162981216
vertex_5252,0.12145535941806744
vertex_5253,0.12120016373798927
vertex_5254,0.12199477300908633
vertex_5255,0.1238570433128036
vertex_5256,0.16555232032345468
vertex_5257,0.171789269694469
vertex_5258,0.2040464026255911
vertex_5259,0.14046918804080508
vertex_5260,0.23487327980600056
vertex_5261,0.1620208916397894
vertex_5262,0.16300650288418816
vertex_5263,0.19630304109701913
vertex_5264,0.20974084190337677
vertex_5265,0.31187956302308323
vertex_5266,0.24116850247809973
vertex_5267,0.2785901191571797
vertex_5268,0.27467862742819665
vertex_5269,0.2919469620547431
vertex_5270,0.24564212690748327
vertex_5271,0.2856487872401398
vertex_5272,0.3049898001501363
vertex_5273,0.2925966205952427
vertex_5274,0.31328877645838815
vertex_5275,0.26659363319517243
vertex_5276,0.3792898116013064
vertex_5277,0.30967761547022565
vertex_5278,0.27527741150736706
vertex_5279,0.2835145735437498
vertex_5280,0.2703512374234442
vertex_5281,0.3531821660150334
vertex_5282,0.33932985044571784
vertex_5283,0.34132430938877917
vertex_5284,0.34062077722522555
vertex_5285,0.36740226784469865
vertex_5286,0.3208938219757373
vertex_5287,0.048931829879852055
vertex_5288,0.048131505045258344
vertex_5289,0.06482357948618422
vertex_5290,0.11053870378620367
vertex_5291,0.07878820643592102
vertex_5292,0.11207062937459993
vertex_5293,0.1182404070620992
vertex_5294,0.11940704242041847
vertex_5295,0.08102325549202845
vertex_5296,0.09588672433027028
vertex_5297,0.08077352339655854
vertex_5298,0.07159999526007814
vertex_5299,0.0740611935022617
vertex_5300,0.07959666696308908
vertex_5301,0.09196021414656101
vertex_5302,0.08211225928786464
vertex_5303,0.05602928753680979
vertex_5304,0.06568660680457174
vertex_5305,0.07232542443358865
vertex_5306,0.04631388658932523
vertex_5307,0.05251004843506677
vertex_5308,0.041699467025049224
vertex_5309,0.03959940072254781
vertex_5310,0.07700844237095004
vertex_5311,0.07172875269983253
vertex_5312,0.08264042288811141
vertex_5313,0.10648705520397485
vertex_5314,0.07615329800233331
vertex_5315,0.07263615202274591
vertex_5316,0.06879306946452621
vertex_5317,0.05789597138976802
vertex_5318,0.09003284189387609
vertex_5319,0.1021425030970915
vertex_5320,0.1165942219126645
vertex_5321,0.10802501662703448
vertex_5322,0.10575702847916169
vertex_5323,0.1010888017629849
vertex_5324,0.05999378126945699
vertex_5325,0.061170625871658516
vertex_5326,0.03948810892303949
vertex_5327,0.05559634653707002
vertex_5328,0.05376956233670844
vertex_5329,0.044822736190598116
vertex_5330,0.04053390056675888
vertex_5331,0.03951998369386561
vertex_5332,0.03226638571532988
vertex_5333,0.039571919913763465
vertex_5334,0.05646644711854829
vertex_5335,0.03227341023003374
vertex_5336,0.042457209120382505
vertex_5337,0.039396824714923014
vertex_5338,0.03802765362279887
vertex_5339,0.02895355998212164
vertex_5340,0.045485707416826775
vertex_5341,0.07513093890881647
vertex_5342,0.040925550704252876
vertex_5343,0.07167936948704545
vertex_5344,0.044439590522602206
vertex_5345,0.04537328700559623
vertex_5346,0.08351014319161162
vertex_5347,0.053049356096432874
vertex_5348,0.06474490263441511
vertex_5349,0.056888362203413416
vertex_5350,0.07122756749229807
vertex_5351,0.063169415858545
vertex_5352,0.06899181790951095
vertex_5353,0.06655468490407725
vertex_5354,0.029374667171654035
vertex_5355,0.030609512715862316
vertex_5356,0.029657693445269355
vertex_5357,0.04561329192812719
vertex_5358,0.030691726915866756
vertex_5359,0.020869475889497686
vertex_5360,0.01626679181812629
vertex_5361,0.026334500726874037
vertex_5362,0.0327471717012229
vertex_5363,0.02994236712162557
vertex_5364,0.03436885662370835
vertex_5365,0.04299372726570845
vertex_5366,0.03599239557155553
vertex_5367,0.04246564657477804
vertex_5368,0.031029948780140273
vertex_5369,0.02991259340065836
vertex_5370,0.02359935413005686
vertex_5371,0.03696273651987277
vertex_5372,0.05406258089317084
vertex_5373,0.04966309339881698
vertex_5374,0.05578295727135544
vertex_5375,0.04107354205399335
vertex_5376,0.04702994217777988
vertex_5377,0.03659788586716946
vertex_5378,0.04460131707137276
vertex_5379,0.041070321381147905
vertex_5380,0.02067809763839796
vertex_5381,0.02081548889318471
vertex_5382,0.021077137206996974
vertex_5383,0.033873108124396326
vertex_5384,0.04702314729128043
vertex_5385,0.08545952714283339
vertex_5386,0.0672124573497467
vertex_5387,0.07354269378256426
vertex_5388,0.02011286294465748
vertex_5389,0.028748935133742107
vertex_5390,0.032136063294382046
vertex_5391,0.03437544686017621
vertex_5392,0.033809852831830065
vertex_5393,0.02122889329309018
vertex_5394,0.019780724495372826
vertex_5395,0.0392283788974503
vertex_5396,0.03244222806200661
vertex_5397,0.03833642103293531
vertex_5398,0.03875369929002364
vertex_5399,0.03685858389831253
vertex_5400,0.04711595202616161
vertex_5401,0.04287906087697265
vertex_5402,0.07975736564026004
vertex_5403,0.029686230501621384
vertex_5404,0.07014137550818365
vertex_5405,0.05668702570351949
vertex_5406,0.0511701675455693
vertex_5407,0.0603251763142659
vertex_5408,0.03681360494862211
vertex_5409,0.06751059538538438
vertex_5410,0.03621684046854571
vertex_5411,0.03462496575334373
vertex_5412,0.034231738687458234
vertex_5413,0.03032129450049317
vertex_5414,0.05220288396752946
vertex_5415,0.0493108447371637
vertex_5416,0.04911267270531321
vertex_5417,0.05111575354816448
vertex_5418,0.052280012417923925
vertex_5419,0.04479693867483711
vertex_5420,0.05873581586908074
vertex_5421,0.05082109296183494
vertex_5422,0.044089799576515314
vertex_5423,0.044013571563722924
vertex_5424,0.037021965460341304
vertex_5425,0.042672716420031245
vertex_5426,0.04590807630569537
vertex_5427,0.04090870199700959
vertex_5428,0.04751498890294607
vertex_5429,0.039149904536867855
vertex_5430,0.060208416976379436
vertex_5431,0.08469295103078706
vertex_5432,0.0941316301421617
vertex_5433,0.017975049315287532
vertex_5434,0.03728866165588228
vertex_5435,0.016876264760509324
vertex_5436,0.023985452793790274
vertex_5437,0.025631000428223902
vertex_5438,0.03599011225881059
vertex_5439,0.03585786000820522
vertex_5440,0.040639082999031254
vertex_5441,0.031597981632758294
vertex_5442,0.03550041011953841
vertex_5443,0.0473079592006486
vertex_5444,0.04218731589861454
vertex_5445,0.028771504665559285
vertex_5446,0.02895342865674067
vertex_5447,0.04236684124636689
vertex_5448,0.029292171788947188
vertex_5449,0.027176983109953538
vertex_5450,0.03030185683495586
vertex_5451,0.027743558023801324
vertex_5452,0.03327453924681579
vertex_5453,0.04001116625826306
vertex_5454,0.06767827419377871
vertex_5455,0.040999984257063596
vertex_5456,0.06007264848032915
vertex_5457,0.05791138489068701
vertex_5458,0.05853012629027729
vertex_5459,0.059947389816720036
vertex_5460,0.04493701633663518
vertex_5461,0.04440023933759242
vertex_5462,0.05876163348308015
vertex_5463,0.0702989854655543
vertex_5464,0.08041052671940496
vertex_5465,0.06688225572706578
vertex_5466,0.05657343011135005
vertex_5467,0.044000809547586714
vertex_5468,0.0364927095667482
vertex_5469,0.038827918776142833
vertex_5470,0.027483316356178265
vertex_5471,0.022660174716678222
vertex_5472,0.026253369095277534
vertex_5473,0.03367454882204637
vertex_5474,0.031205789550634553
vertex_5475,0.045743249620074714
vertex_5476,0.04292871114820229
vertex_5477,0.04866957519021242
vertex_5478,0.03352144710208306
vertex_5479,0.03622449000351121
vertex_5480,0.0448722358975254
vertex_5481,0.03140587894731789
vertex_5482,0.03454684379056641
vertex_5483,0.07093026380128215
vertex_5484,0.044681171382998104
vertex_5485,0.044824725920619625
vertex_5486,0.052843989174165364
vertex_5487,0.04601959836111752
vertex_5488,0.057728521826841815
vertex_5489,0.0616840442028264
vertex_5490,0.15225058703052577
vertex_5491,0.12820415564086352
vertex_5492,0.1274775665829226
vertex_5493,0.12238055483795666
vertex_5494,0.11593868654456325
vertex_5495,0.10188935713164818
vertex_5496,0.09299241723571419
vertex_5497,0.1086715995938482
vertex_5498,0.1415815504802363
vertex_5499,0.12562449338857176
vertex_5500,0.11731781326864252
vertex_5501,0.11802577916590505
vertex_5502,0.11547456606274455
vertex_5503,0.12829544184913427
vertex_5504,0.1376743744368825
vertex_5505,0.15187076060866617
vertex_5506,0.13699987705077768
vertex_5507,0.15561428412143422
vertex_5508,0.1306339243222127
vertex_5509,0.11636420727807385
vertex_5510,0.11516055060412235
vertex_5511,0.09848290863837679
vertex_5512,0.10749559622205712
vertex_5513,0.05425689579444191
vertex_5514,0.06346952148050473
vertex_5515,0.05993148397550025
vertex_5516,0.08273240020537219
vertex_5517,0.10888537850143266
vertex_5518,0.11138535403141744
vertex_5519,0.10753662040627571
vertex_5520,0.1334498265239497
vertex_5521,0.10564093830597493
vertex_5522,0.11096569877951476
vertex_5523,0.1129875063889388
vertex_5524,0.15042257537166095
vertex_5525,0.12488079276207385
vertex_5526,0.1403307874425291
vertex_5527,0.12624859695059304
vertex_5528,0.14242628408666216
vertex_5529,0.13451257924418225
vertex_5530,0.10797482431625326
vertex_5531,0.11292875680826077
vertex_5532,0.11037163769475654
vertex_5533,0.10639666371040843
vertex_5534,0.10864592774166343
vertex_5535,0.10473912659070109
vertex_5536,0.09930348698897563
vertex_5537,0.11032572706646618
vertex_5538,0.06925766372831177
vertex_5539,0.04998296217152812
vertex_5540,0.03952363505045741
vertex_5541,0.03361088241211305
vertex_5542,0.036465756702296986
vertex_5543,0.06468970441917396
vertex_5544,0.06821489299658381
vertex_5545,0.02576920173716823
vertex_5546,0.037393371036536525
vertex_5547,0.05492030866954951
vertex_5548,0.03540712390858278
vertex_5549,0.04120691827734367
vertex_5550,0.07956856315680674
vertex_5551,0.0835425096564056
vertex_5552,0.07923075282119782
vertex_5553,0.04130977618799714
vertex_5554,0.044036073701810494
vertex_5555,0.035417093761793736
vertex_5556,0.026300725014741802
vertex_5557,0.050281264524394714
vertex_5558,0.2878572387124098
vertex_5559,0.2924863613656007
vertex_5560,0.30785154806377724
vertex_5561,0.32732497171760544
vertex_5562,0.3024908126289266
vertex_5563,0.284538672699493
vertex_5564,0.2405444772591069
vertex_5565,0.2778416128060027
vertex_5566,0.2855307084886651
vertex_5567,0.24336193001534254
vertex_5568,0.22836885725226255
vertex_5569,0.2252079702743488
vertex_5570,0.32996852642103003
vertex_5571,0.3670000172397828
vertex_5572,0.38027727536740097
vertex_5573,0.314575985069508
vertex_5574,0.27806458673011997
vertex_5575,0.2876810690431048
vertex_5576,0.2083613355611604
vertex_5577,0.2195280232737073
vertex_5578,0.2345514641462543
vertex_5579,0.24215462297837934
vertex_5580,0.19314236330803322
vertex_5581,0.06280644540856632
vertex_5582,0.05098026486186127
vertex_5583,0.059067583707147736
vertex_5584,0.04197767861692276
vertex_5585,0.029735175631111183
vertex_5586,0.04846366651260581
vertex_5587,0.10743205903914925
vertex_5588,0.09220563829970367
vertex_5589,0.04681129648423679
vertex_5590,0.03425785147458044
vertex_5591,0.040473222823652344
vertex_5592,0.0913671837195728
vertex_5593,0.08930966782377495
vertex_5594,0.10848391660248129
vertex_5595,0.10468387121037467
vertex_5596,0.09457504822096645
vertex_5597,0.08654195563481086
vertex_5598,0.11724967876445225
vertex_5599,0.16035003900585718
vertex_5600,0.16759770380806038
vertex_5601,0.19022578832296608
vertex_5602,0.19475035935370136
vertex_5603,0.19191690447127002
vertex_5604,0.19702834067929625
vertex_5605,0.16186715341268712
vertex_5606,0.11472543191248066
vertex_5607,0.14300972387054778
vertex_5608,0.07420701937175375
vertex_5609,0.15452954103104508
vertex_5610,0.08953211331831015
vertex_5611,0.04461174467956407
vertex_5612,0.06563117080645672
vertex_5613,0.049645244744363215
vertex_5614,0.059719106433945034
vertex_5615,0.08497931888485416
vertex_5616,0.0821650616957512
vertex_5617,0.13273542944087563
vertex_5618,0.09148947323610167
vertex_5619,0.11191953832862707
vertex_5620,0.06569061634455255
vertex_5621,0.08500726453804477
vertex_5622,0.09497416525614413
vertex_5623,0.09342291735352153
vertex_5624,0.072495586612145
vertex_5625,0.0732073809709592
vertex_5626,0.13347856041406395
vertex_5627,0.10761394141518968
vertex_5628,0.11034812754686002
vertex_5629,0.10449683890942534
vertex_5630,0.12607709579575888
vertex_5631,0.09884159522956014
vertex_5632,0.11179514463182101
vertex_5633,0.1255279356488764
vertex_5634,0.11381522907144569
vertex_5635,0.15542350965971974
vertex_5636,0.13966757389766593
vertex_5637,0.09782127211044453
vertex_5638,0.12489221449954037
vertex_5639,0.10282595508605137
vertex_5640,0.10725049160432552
vertex_5641,0.10230489950270878
vertex_5642,0.08847819842850098
vertex_5643,0.0710227648867319
vertex_5644,0.14600864853874473
vertex_5645,0.16179117210286897
vertex_5646,0.14370609015625913
vertex_5647,0.1274811291131571
vertex_5648,0.12644233723821108
vertex_5649,0.3500629483145038
vertex_5650,0.3251712278740374
vertex_5651,0.22386704554413003
vertex_5652,0.20080141853283467
vertex_5653,0.1430811101809362
vertex_5654,0.2626082707302069
vertex_5655,0.19185895745272832
vertex_5656,0.2864486314743215
vertex_5657,0.3288034341876626
vertex_5658,0.313899817662316
vertex_5659,0.279041955173192
vertex_5660,0.14230473960561427
vertex_5661,0.16479429081073443
vertex_5662,0.1716484661374105
vertex_5663,0.21542261286525016
vertex_5664,0.16322529294421986
vertex_5665,0.13048431613465275
vertex_5666,0.1081020555578029
vertex_5667,0.1473092601408254
vertex_5668,0.10019202051396155
vertex_5669,0.10092522494738365
vertex_5670,0.10748727470044253
vertex_5671,0.11675998874646826
vertex_5672,0.12025655085259729
vertex_5673,0.1683763979705571
vertex_5674,0.20711559384170436
vertex_5675,0.2111735739273828
vertex_5676,0.19994843994438416
vertex_5677,0.1890598955413454
vertex_5678,0.18169025615399384
vertex_5679,0.1908435441880967
vertex_5680,0.21061130454725654
vertex_5681,0.17512105679203796
vertex_5682,0.11229263124664463
vertex_5683,0.13162989376185147
vertex_5684,0.10715453523719765
vertex_5685,0.1334078545885981
vertex_5686,0.11359598201507601
vertex_5687,0.10554952094085969
vertex_5688,0.09242947500586146
vertex_5689,0.07656648512494608
vertex_5690,0.10553865288959845
vertex_5691,0.0600382291834965
vertex_5692,0.06428008715661336
vertex_5693,0.047633676324647975
vertex_5694,0.021100867938220323
vertex_5695,0.025521124737573266
vertex_5696,0.017414331143291484
vertex_5697,0.01634476298571424
vertex_5698,0.01953539754311118
vertex_5699,0.03753494024062881
vertex_5700,0.045473709039885034
vertex_5701,0.040579852056528073
vertex_5702,0.03130845791394519
vertex_5703,0.020792966321651476
vertex_5704,0.02793804930144945
vertex_5705,0.024876300632465147
vertex_5706,0.025361921599962815
vertex_5707,0.01986757780697811
vertex_5708,0.019617747771917566
vertex_5709,0.028006007391600946
vertex_5710,0.02391813250651609
vertex_5711,0.02256146082539482
vertex_5712,0.047316028007442355
vertex_5713,0.050506080236009776
vertex_5714,0.030516086108765928
vertex_5715,0.03906293219509835
vertex_5716,0.03250045347225025
vertex_5717,0.043296552079251045
vertex_5718,0.03802234284577615
vertex_5719,0.05043636304916447
vertex_5720,0.0383962569792872
vertex_5721,0.05223568993238152
vertex_5722,0.042798693449275935
vertex_5723,0.05194392516713675
vertex_5724,0.04575201086641266
vertex_5725,0.04206478565909022
vertex_5726,0.026161640556196127
vertex_5727,0.029056003600392195
vertex_5728,0.02656387005507677
vertex_5729,0.040456519861558786
vertex_5730,0.06074399308229537
vertex_5731,0.05334355404343111
vertex_5732,0.09103131206070204
vertex_5733,0.050449324281463724
vertex_5734,0.09087071988765316
vertex_5735,0.021134005663821998
vertex_5736,0.07242000221872878
vertex_5737,0.0441658931881755
vertex_5738,0.06445976616933427
vertex_5739,0.032296850211120075
vertex_5740,0.03426805701588164
vertex_5741,0.025452959559636897
vertex_5742,0.0393560769725669
vertex_5743,0.04648959208958598
vertex_5744,0.047620929444373315
vertex_5745,0.03869961869556625
vertex_5746,0.034515873261342256
vertex_5747,0.10018875944139581
vertex_5748,0.05127512217959179
vertex_5749,0.09687950211489965
vertex_5750,0.08239496922713437
vertex_5751,0.08798610032826151
vertex_5752,0.07687154343811871
vertex_5753,0.0562781492905976
vertex_5754,0.07488670265808169
vertex_5755,0.0609689313000788
vertex_5756,0.0690783014941259
vertex_5757,0.08926097779305088
vertex_5758,0.09725277170474655
vertex_5759,0.08956615779840557
vertex_5760,0.1121453177519704
vertex_5761,0.08405731242289396
vertex_5762,0.06781534946096786
vertex_5763,0.039694131739817916
vertex_5764,0.034640651179629785
vertex_5765,0.034445288583222794
vertex_5766,0.05159268033769523
vertex_5767,0.051093561617940514
vertex_5768,0.03867669811067456
vertex_5769,0.05994050892265919
vertex_5770,0.05389497312945829
vertex_5771,0.05359364329204614
vertex_5772,0.06473009774175385
vertex_5773,0.05138529824974092
vertex_5774,0.05525357891045025
vertex_5775,0.054818051071629695
vertex_5776,0.049160953933913336
vertex_5777,0.06310283761995901
vertex_5778,0.05592696976544894
vertex_5779,0.07179337491689579
vertex_5780,0.032447971276583075
vertex_5781,0.05475598835679311
vertex_5782,0.03996739086493903
vertex_5783,0.05097028536943612
vertex_5784,0.04420418101838086
vertex_5785,0.07689290351083533
vertex_5786,0.06335823571913908
vertex_5787,0.09168139964835235
vertex_5788,0.08335122870196603
vertex_5789,0.08701013931777114
vertex_5790,0.05446999832700702
vertex_5791,0.11957931714447079
vertex_5792,0.10966508957861006
vertex_5793,0.06697609588606789
vertex_5794,0.07819431534672054
vertex_5795,0.06429764850441348
vertex_5796,0.0637314638058749
vertex_5797,0.056025575800247626
vertex_5798,0.06318808761921331
vertex_5799,0.06509722978978491
vertex_5800,0.045466435870528565
vertex_5801,0.04966384802564314
vertex_5802,0.04651008014849876
vertex_5803,0.059038721782755564
vertex_5804,0.05499015436454826
vertex_5805,0.05126247641686894
vertex_5806,0.045182620879147366
vertex_5807,0.03971880817470588
vertex_5808,0.05614161657235483
vertex_5809,0.04992342586137384
vertex_5810,0.049817774018437046
vertex_5811,0.05944231320171615
vertex_5812,0.06407850040688041
vertex_5813,0.10896476189115921
vertex_5814,0.1420713793718289
vertex_5815,0.1399178239130813
vertex_5816,0.1247939691957338
vertex_5817,0.11369711874543287
vertex_5818,0.0534017860272496
vertex_5819,0.08281042162382674
vertex_5820,0.09797817764116046
vertex_5821,0.13439048523880207
vertex_5822,0.05392888925485043
vertex_5823,0.054964052075836774
vertex_5824,0.04517423510670342
vertex_5825,0.036827280070993514
vertex_5826,0.0355154481790268
vertex_5827,0.05438236264648832
vertex_5828,0.02978667192626592
vertex_5829,0.05330769176815844
vertex_5830,0.05135225613400211
vertex_5831,0.046250926315739294
vertex_5832,0.0671736823885765
vertex_5833,0.08199801467193393
vertex_5834,0.06278114651393314
vertex_5835,0.09130659206899985
vertex_5836,0.08387678765065504
vertex_5837,0.1343058068222442
vertex_5838,0.15704128682781038
vertex_5839,0.1523893073929077
vertex_5840,0.17880058521846487
vertex_5841,0.17430465486312943
vertex_5842,0.30956066348749744
vertex_5843,0.25008320869958583
vertex_5844,0.2885954197699158
vertex_5845,0.287335722648839
vertex_5846,0.30992380467585834
vertex_5847,0.06754421732783668
vertex_5848,0.07530683607840441
vertex_5849,0.12174709414748439
vertex_5850,0.10714593059856603
vertex_5851,0.12397861732118111
vertex_5852,0.048915804119571825
vertex_5853,0.05927487120599422
vertex_5854,0.0518970246360051
vertex_5855,0.05937999018220265
vertex_5856,0.07419132891129125
vertex_5857,0.04806033113738453
vertex_5858,0.04150710473961434
vertex_5859,0.043961378032137545
vertex_5860,0.05000788853573892
vertex_5861,0.06849390060599574
vertex_5862,0.0744694038113335
vertex_5863,0.07850715061244454
vertex_5864,0.0671539997831381
vertex_5865,0.06520136479514707
vertex_5866,0.08849017669266669
vertex_5867,0.0929155377762013
vertex_5868,0.08471764229271225
vertex_5869,0.0739562427446231
vertex_5870,0.06184708598483936
vertex_5871,0.050451629312793574
vertex_5872,0.04944268518260595
vertex_5873,0.04263706416396997
vertex_5874,0.041660416918103564
vertex_5875,0.04571669868403771
vertex_5876,0.04298507843549476
vertex_5877,0.04631915063562671
vertex_5878,0.044743818933351755
vertex_5879,0.06847461498551449
vertex_5880,0.05352264769322878
vertex_5881,0.06973327771355493
vertex_5882,0.06077234439069468
vertex_5883,0.05202276255295628
vertex_5884,0.045565128673181965
vertex_5885,0.06414964612745
vertex_5886,0.06276214770612772
vertex_5887,0.07991240090996564
vertex_5888,0.09374793463917133
vertex_5889,0.09209464738507919
vertex_5890,0.09375812901822657
vertex_5891,0.10088283274762094
vertex_5892,0.07188558250024443
vertex_5893,0.06587503612574346
vertex_5894,0.057856950482166915
vertex_5895,0.03363877329949475
vertex_5896,0.030619210538643298
vertex_5897,0.03924031186885558
vertex_5898,0.03936507591935786
vertex_5899,0.03258755899946835
vertex_5900,0.0484999544159125
vertex_5901,0.05634272669401959
vertex_5902,0.03388498888270117
vertex_5903,0.03734716608347495
vertex_5904,0.05399095862307182
vertex_5905,0.08809042815365319
vertex_5906,0.06396766358854858
vertex_5907,0.06432159290689558
vertex_5908,0.06153367375085118
vertex_5909,0.07654110678670431
vertex_5910,0.08385603390780975
vertex_5911,0.06859288595283976
vertex_5912,0.0735655631581661
vertex_5913,0.06880296728504194
vertex_5914,0.07245297356409394
vertex_5915,0.08254153722851709
vertex_5916,0.08303799975299211
vertex_5917,0.10638016431872227
vertex_5918,0.11127585843192672
vertex_5919,0.10644284304775051
vertex_5920,0.059954151215444396
vertex_5921,0.03925392066083505
vertex_5922,0.09222293995891448
vertex_5923,0.09796619431841466
vertex_5924,0.11036318813468513
vertex_5925,0.05566146479396084
vertex_5926,0.03787657079416118
vertex_5927,0.04891875468826232
vertex_5928,0.05047404349160492
vertex_5929,0.048653706418314305
vertex_5930,0.06494644586845595
vertex_5931,0.06166926008056337
vertex_5932,0.06667143568564142
vertex_5933,0.06801535134002629
vertex_5934,0.042835693758847
vertex_5935,0.04354396524151244
vertex_5936,0.03664204439162429
vertex_5937,0.04296842360898088
vertex_5938,0.03967796963167365
vertex_5939,0.026961274602002868
vertex_5940,0.03138727886461056
vertex_5941,0.03465176604781798
vertex_5942,0.03531901982085268
vertex_5943,0.07021030597587898
vertex_5944,0.08823980237475383
vertex_5945,0.08789848672009623
vertex_5946,0.10710381838069027
vertex_5947,0.11694052151206491
vertex_5948,0.11200267797857474
vertex_5949,0.055935495856887285
vertex_5950,0.03267702559251927
vertex_5951,0.040662830648795736
vertex_5952,0.045842900471763835
vertex_5953,0.07880513127443217
vertex_5954,0.08559592218753208
vertex_5955,0.06526306167341275
vertex_5956,0.05539200019184979
vertex_5957,0.08788134300817799
vertex_5958,0.0878202205736026
vertex_5959,0.07226812036281745
vertex_5960,0.0721727902242303
vertex_5961,0.06915612040722782
vertex_5962,0.0985463302363283
vertex_5963,0.0704679322875904
vertex_5964,0.09673880394346164
vertex_5965,0.09153804106983497
vertex_5966,0.08942450385228456
vertex_5967,0.09786869197651894
vertex_5968,0.11839414716339294
vertex_5969,0.11382637151810283
vertex_5970,0.10052206536130374
vertex_5971,0.08127937390699462
vertex_5972,0.10600073844368949
vertex_5973,0.08963053273320089
vertex_5974,0.102244403752027
vertex_5975,0.1008562173965567
vertex_5976,0.04799836734299032
vertex_5977,0.044982820237256714
vertex_5978,0.05383154344420113
vertex_5979,0.0734509050431661
vertex_5980,0.09911615041782483
vertex_5981,0.0955231022100947
vertex_5982,0.09388722404436767
vertex_5983,0.09338422382236107
vertex_5984,0.0802894907648592
vertex_5985,0.08166843110315854
vertex_5986,0.09734087806817704
vertex_5987,0.1127747729626678
vertex_5988,0.1624783554915472
vertex_5989,0.1281953634291021
vertex_5990,0.13712705395602862
vertex_5991,0.12144404923957876
vertex_5992,0.10557699438254184
vertex_5993,0.11742492201674241
vertex_5994,0.12283497705675582
vertex_5995,0.10483730509776944
vertex_5996,0.12225316476501738
vertex_5997,0.08846676931600832
vertex_5998,0.15182465333508002
vertex_5999,0.1025304525879509
vertex_6000,0.10173455248075787
vertex_6001,0.035861211447525965
vertex_6002,0.027880589126872368
vertex_6003,0.09958615913329077
vertex_6004,0.0648416828253877
vertex_6005,0.06199973818190918
vertex_6006,0.057169779373995686
vertex_6007,0.06269130447908812
vertex_6008,0.09707462528702811
vertex_6009,0.08025344545770385
vertex_6010,0.09848861978664933
vertex_6011,0.14028947015247462
vertex_6012,0.11159114629834185
vertex_6013,0.13771964616952395
vertex_6014,0.08890913807513308
vertex_6015,0.08963124462790141
vertex_6016,0.2825943274891335
vertex_6017,0.1905887251796302
vertex_6018,0.2277299480387788
vertex_6019,0.21023143589287738
vertex_6020,0.2133849971479839
vertex_6021,0.27426208559744164
vertex_6022,0.26673447304490283
vertex_6023,0.2788960028651587
vertex_6024,0.2610664975031168
vertex_6025,0.07237231321372137
vertex_6026,0.06352168047545094
vertex_6027,0.07377703679780236
vertex_6028,0.08803186423778858
vertex_6029,0.08907626516010997
vertex_6030,0.0564984339961335
vertex_6031,0.08873936895554094
vertex_6032,0.06192770301931334
vertex_6033,0.0685003625164166
vertex_6034,0.08914791909346839
vertex_6035,0.0999012602951004
vertex_6036,0.11588448263979745
vertex_6037,0.15668667230111744
vertex_6038,0.02745239281008563
vertex_6039,0.038104950335678775
vertex_6040,0.0333345248444354
vertex_6041,0.03507907669204293
vertex_6042,0.02462478374933147
vertex_6043,0.09861090032645664
vertex_6044,0.08977788486082702
vertex_6045,0.08514609010202297
vertex_6046,0.08697935640764962
vertex_6047,0.061134877212225415
vertex_6048,0.04890318523952263
vertex_6049,0.05537508947578107
vertex_6050,0.0674500929755876
vertex_6051,0.03407167584064887
vertex_6052,0.028438600497142245
vertex_6053,0.03433914895430303
vertex_6054,0.024498049158383012
vertex_6055,0.02189646900979722
vertex_6056,0.018892877229753365
vertex_6057,0.037602635847930506
vertex_6058,0.03419674980053451
vertex_6059,0.02398718350087666
vertex_6060,0.0235787111450415
vertex_6061,0.049814446034464846
vertex_6062,0.030076450242115332
vertex_6063,0.04763663086798613
vertex_6064,0.02564328042987416
vertex_6065,0.029267423287372002
vertex_6066,0.09910794381418084
vertex_6067,0.10618112793264273
vertex_6068,0.09396019970258805
vertex_6069,0.09465105882976454
vertex_6070,0.06304860203855928
vertex_6071,0.09837554255654553
vertex_6072,0.09476669766333667
vertex_6073,0.04232216068710723
vertex_6074,0.03439476692375251
vertex_6075,0.029450293861339034
vertex_6076,0.022337970263784035
vertex_6077,0.019632009596327042
vertex_6078,0.03320741736176653
vertex_6079,0.025835343277444515
vertex_6080,0.15516924061691395
vertex_6081,0.25731418176660864
vertex_6082,0.1462118803064455
vertex_6083,0.13673789999752925
vertex_6084,0.09167451465898611
vertex_6085,0.05666737945490172
vertex_6086,0.03439288940949656
vertex_6087,0.027577397513232974
vertex_6088,0.028555730190482735
vertex_6089,0.04220469745445047
vertex_6090,0.029174313565865046
vertex_6091,0.039781589351808214
vertex_6092,0.04996527493818733
vertex_6093,0.04576635877713742
vertex_6094,0.15488256654885746
vertex_6095,0.1742867078272746
vertex_6096,0.1988344333206281
vertex_6097,0.2576613525012938
vertex_6098,0.2609855041040993
vertex_6099,0.2063601592908884
vertex_6100,0.22797155486431744
vertex_6101,0.19920541731173694
vertex_6102,0.3364523940244843
vertex_6103,0.21194600620203102
vertex_6104,0.19438091520961456
vertex_6105,0.228804186665389
vertex_6106,0.22867877607640708
vertex_6107,0.1852000009746778
vertex_6108,0.04597334777084289
vertex_6109,0.04297600828166833
vertex_6110,0.07214695484468259
vertex_6111,0.07897627131018636
vertex_6112,0.10600623736591626
vertex_6113,0.08932909686627029
vertex_6114,0.05638346076741718
vertex_6115,0.06912245904015463
vertex_6116,0.09112807998538502
vertex_6117,0.09448905392020986
vertex_6118,0.09167410605354785
vertex_6119,0.10038118555681924
vertex_6120,0.10719818345235435
vertex_6121,0.09883318026734435
vertex_6122,0.07373229376884662
vertex_6123,0.0801560465994619
vertex_6124,0.08339027158543652
vertex_6125,0.08919673575567633
vertex_6126,0.07087613741263278
vertex_6127,0.16713112869902208
vertex_6128,0.13014461445113343
vertex_6129,0.1369687218075885
vertex_6130,0.13434825740325257
vertex_6131,0.14681208677780153
vertex_6132,0.14504692360308602
vertex_6133,0.14068069692437662
vertex_6134,0.1359478501136586
vertex_6135,0.1037076120444446
vertex_6136,0.041009044835684585
vertex_6137,0.039703047190092856
vertex_6138,0.03726991800324028
vertex_6139,0.03491546334751637
vertex_6140,0.044141516709145796
vertex_6141,0.06097996270409192
vertex_6142,0.0559645610697725
vertex_6143,0.07588044739642885
vertex_6144,0.08291670724277297
vertex_6145,0.09428294307330583
vertex_6146,0.08191336489948933
vertex_6147,0.0737673442017424
vertex_6148,0.07075541424728382
vertex_6149,0.06712080705523313
vertex_6150,0.0451221303498854
vertex_6151,0.057775105947954014
vertex_6152,0.0497924705270598
vertex_6153,0.04404321144403645
vertex_6154,0.043121516666634156
vertex_6155,0.04953289774275391
vertex_6156,0.0519912866292093
vertex_6157,0.04179758779172974
vertex_6158,0.036035982760439365
vertex_6159,0.03253819642856264
vertex_6160,0.03925085905559828
vertex_6161,0.036379352495760756
vertex_6162,0.03848811778565125
vertex_6163,0.05445118429170394
vertex_6164,0.04384733035224729
vertex_6165,0.037928469540258025
vertex_6166,0.04099170883159773
vertex_6167,0.06219729995956145
vertex_6168,0.08261077893982517
vertex_6169,0.07606195086125916
vertex_6170,0.08378718741448088
vertex_6171,0.06487632427155371
vertex_6172,0.042282029898436754
vertex_6173,0.060782894959844264
vertex_6174,0.0637599997115046
vertex_6175,0.07529834111647221
vertex_6176,0.12167071531842959
vertex_6177,0.11577499722890792
vertex_6178,0.12730378169109322
vertex_6179,0.06329173248593435
vertex_6180,0.0760207238162071
vertex_6181,0.0757340526937114
vertex_6182,0.08797569097224749
vertex_6183,0.091969328113552
vertex_6184,0.08750809802525464
vertex_6185,0.0680701133596846
vertex_6186,0.046397665397842514
vertex_6187,0.07082736928810864
vertex_6188,0.062492376748793155
vertex_6189,0.06187563237904993
vertex_6190,0.05344352116319459
vertex_6191,0.06442823783086647
vertex_6192,0.10306688399888167
vertex_6193,0.10774361434650884
vertex_6194,0.09940876800631687
vertex_6195,0.08309942157025596
vertex_6196,0.08561407649115878
vertex_6197,0.09963668484878085
vertex_6198,0.0904842763458417
vertex_6199,0.07333479996473671
vertex_6200,0.09766013434605413
vertex_6201,0.06269610137588352
vertex_6202,0.043329991081994305
vertex_6203,0.0657847081667554
vertex_6204,0.07981317112905208
vertex_6205,0.0770896154689554
vertex_6206,0.046477184170616685
vertex_6207,0.06669240516408992
vertex_6208,0.04765941591878044
vertex_6209,0.03123352241771594
vertex_6210,0.041093217634380196
vertex_6211,0.05092270684782763
vertex_6212,0.04820633549260166
vertex_6213,0.042082668845894865
vertex_6214,0.052126195194557925
vertex_6215,0.038590641236336425
vertex_6216,0.05415685435939259
vertex_6217,0.061211898541101435
vertex_6218,0.07996996808444139
vertex_6219,0.09664117205284785
vertex_6220,0.08013231179372862
vertex_6221,0.08507270397417575
vertex_6222,0.06719166721411439
vertex_6223,0.07683134411427527
vertex_6224,0.09036367189533234
vertex_6225,0.07737410639516243
vertex_6226,0.08556718239799985
vertex_6227,0.04175138439141214
vertex_6228,0.0438850483035949
vertex_6229,0.07564218899642888
vertex_6230,0.09507732693575123
vertex_6231,0.07656317851890793
vertex_6232,0.05802278526934886
vertex_6233,0.05092288037277755
vertex_6234,0.06936474722579937
vertex_6235,0.0701539733841924
vertex_6236,0.0713197707986917
vertex_6237,0.06087933823274597
vertex_6238,0.0772294046665612
vertex_6239,0.06608464623592056
vertex_6240,0.06597697854759113
vertex_6241,0.04153818210322835
vertex_6242,0.04445291428901125
vertex_6243,0.03695238266413748
vertex_6244,0.03481871150826509
vertex_6245,0.034598286955370205
vertex_6246,0.05837991513636965
vertex_6247,0.045317442037127086
vertex_6248,0.05466862521548796
vertex_6249,0.05505453543063927
vertex_6250,0.03705568379932047
vertex_6251,0.03649514798860374
vertex_6252,0.040303099550103326
vertex_6253,0.036867600961138954
vertex_6254,0.0906631077061343
vertex_6255,0.08471799425166633
vertex_6256,0.06833617159714864
vertex_6257,0.061845709830762555
vertex_6258,0.05066803801321904
vertex_6259,0.059696904726725515
vertex_6260,0.06300524976705096
vertex_6261,0.07594743168313928
vertex_6262,0.09851561321979377
vertex_6263,0.11378998743785286
vertex_6264,0.11631927959639157
vertex_6265,0.12860619236341297
vertex_6266,0.11018508188214045
vertex_6267,0.11264794326923076
vertex_6268,0.0629229890706871
vertex_6269,0.06744825648155026
vertex_6270,0.07113953756589614
vertex_6271,0.07419186302091507
vertex_6272,0.08702543395111849
vertex_6273,0.0690330882208904
vertex_6274,0.06706049770353328
vertex_6275,0.08176737082268729
vertex_6276,0.05179858540565655
vertex_6277,0.04308090475463392
vertex_6278,0.0632179025773415
vertex_6279,0.0516054965606222
vertex_6280,0.07376534663967613
vertex_6281,0.11396501791216616
vertex_6282,0.09383074362248157
vertex_6283,0.0979669169833366
vertex_6284,0.09609523764559418
vertex_6285,0.09785585158202323
vertex_6286,0.14763857963916965
vertex_6287,0.15061907990676057
vertex_6288,0.2022319062825891
vertex_6289,0.16750513107274936
vertex_6290,0.18569581755955664
vertex_6291,0.20674800229717602
vertex_6292,0.17848669660727254
vertex_6293,0.19948585374391692
vertex_6294,0.21951139028920677
vertex_6295,0.0870091576086611
vertex_6296,0.08291929265081371
vertex_6297,0.09859006148880718
vertex_6298,0.10171786130466316
vertex_6299,0.0955660513144741
vertex_6300,0.10195648481193806
vertex_6301,0.08327845734283251
vertex_6302,0.09557645240931648
vertex_6303,0.06839037541849001
vertex_6304,0.0531103675559237
vertex_6305,0.05251581350776032
vertex_6306,0.09583175014256057
vertex_6307,0.09828123247540066
vertex_6308,0.08540161633677337
vertex_6309,0.07177449847577749
vertex_6310,0.07139227352720322
vertex_6311,0.051270292776755745
vertex_6312,0.03800601037497093
vertex_6313,0.0307795838997624
vertex_6314,0.03218692620816261
vertex_6315,0.036175602636301214
vertex_6316,0.036610120422005954
vertex_6317,0.025169423878235894
vertex_6318,0.03174425890326593
vertex_6319,0.03503426484496309
vertex_6320,0.05571495011806636
vertex_6321,0.04204188052354885
vertex_6322,0.018951779837879268
vertex_6323,0.019297385903460498
vertex_6324,0.02305475466062203
vertex_6325,0.011657570425381757
vertex_6326,0.02913811376005831
vertex_6327,0.03355718627111255
vertex_6328,0.03914600246481071
vertex_6329,0.023830285468220226
vertex_6330,0.03874968368502104
vertex_6331,0.046044211024008484
vertex_6332,0.04098135369660605
vertex_6333,0.03023497281743943
vertex_6334,0.026323596563786255
vertex_6335,0.034167257641667066
vertex_6336,0.05329033272939267
vertex_6337,0.0460403600204876
vertex_6338,0.05363845757061844
vertex_6339,0.04367544988349921
vertex_6340,0.04895223678300415
vertex_6341,0.023794164238024305
vertex_6342,0.03698388806977587
vertex_6343,0.03358899473398093
vertex_6344,0.032529235905131425
vertex_6345,0.06522627281839528
vertex_6346,0.07957658328615179
vertex_6347,0.05831042751014559
vertex_6348,0.05892867371275781
vertex_6349,0.050360245384198594
vertex_6350,0.1441063606894101
vertex_6351,0.11112232181368822
vertex_6352,0.15943279775975258
vertex_6353,0.13235311738465247
vertex_6354,0.13899890191722664
vertex_6355,0.10723651506500642
vertex_6356,0.09529026106954838
vertex_6357,0.08730152077012619
vertex_6358,0.05454255059648103
vertex_6359,0.10171512852566124
vertex_6360,0.08985635474436696
vertex_6361,0.10858803259748805
vertex_6362,0.11594789128365665
vertex_6363,0.11554427416044068
vertex_6364,0.2351357371465839
vertex_6365,0.27276987926262114
vertex_6366,0.2248616331850069
vertex_6367,0.2157563706073422
vertex_6368,0.1705132966689036
vertex_6369,0.24554817218335345
vertex_6370,0.15830771551252076
vertex_6371,0.21966398861439837
vertex_6372,0.1936551394374726
vertex_6373,0.1449123463078586
vertex_6374,0.18549156643514347
vertex_6375,0.13409580338333366
vertex_6376,0.1668896132778489
vertex_6377,0.19733086184311663
vertex_6378,0.05181892904410973
vertex_6379,0.04762422965623552
vertex_6380,0.035394226439874645
vertex_6381,0.056194031973579424
vertex_6382,0.06498115478955878
vertex_6383,0.13821371632759719
vertex_6384,0.11626581422954656
vertex_6385,0.14773727648175342
vertex_6386,0.13588664025810485
vertex_6387,0.11225689033241178
vertex_6388,0.09164446957779247
vertex_6389,0.08196342102718303
vertex_6390,0.10388895575267887
vertex_6391,0.10265461907669002
vertex_6392,0.03680473553659661
vertex_6393,0.03526496488762674
vertex_6394,0.036209102455307556
vertex_6395,0.06184967600839896
vertex_6396,0.09750738984881764
vertex_6397,0.07865894762270617
vertex_6398,0.09787570323650474
vertex_6399,0.1024542327719559
vertex_6400,0.1139218433124616
vertex_6401,0.11575107636518726
vertex_6402,0.11640861553651556
vertex_6403,0.12209412268339394
vertex_6404,0.11933790223988934
vertex_6405,0.10837921501918146
vertex_6406,0.08488017896222952
vertex_6407,0.10106620054187937
vertex_6408,0.08671920491989615
vertex_6409,0.10701473351326886
vertex_6410,0.10798383238431127
vertex_6411,0.0855923956979148
vertex_6412,0.08992069957335595
vertex_6413,0.06747835302864978
vertex_6414,0.06396091734962471
vertex_6415,0.06780281290611916
vertex_6416,0.0855407695616564
vertex_6417,0.08342844396860616
vertex_6418,0.038081520918908554
vertex_6419,0.03325414103171992
vertex_6420,0.05306861442033119
vertex_6421,0.030505269384991717
vertex_6422,0.043666369227865515
vertex_6423,0.05401605964289958
vertex_6424,0.061440786683169095
vertex_6425,0.07536490319012576
vertex_6426,0.07342986583631969
vertex_6427,0.06543114511119842
vertex_6428,0.09386982385574692
vertex_6429,0.10424520537880094
vertex_6430,0.07816643550003922
vertex_6431,0.07639900108724322
vertex_6432,0.07449010538533686
vertex_6433,0.10147615441443542
vertex_6434,0.10404971803758112
vertex_6435,0.11540718020717156
vertex_6436,0.11218631121477736
vertex_6437,0.09811785341204755
vertex_6438,0.1106116501377971
vertex_6439,0.0962907565293686
vertex_6440,0.08578148409610617
vertex_6441,0.09991879308059123
vertex_6442,0.09945799651830159
vertex_6443,0.09442304825851243
vertex_6444,0.09773855716346787
vertex_6445,0.0887164430620377
vertex_6446,0.0840781208912919
vertex_6447,0.038461530887293836
vertex_6448,0.04193470755539454
vertex_6449,0.03621246095839944
vertex_6450,0.03987616587748958
vertex_6451,0.038690721073441806
vertex_6452,0.03769921743437395
vertex_6453,0.03448389471909139
vertex_6454,0.04226698802826827
vertex_6455,0.047129155252798795
vertex_6456,0.04409398821882963
vertex_6457,0.049107103115121654
vertex_6458,0.038174211342273626
vertex_6459,0.039855185841427845
vertex_6460,0.03665326084906575
vertex_6461,0.03233725606011286
vertex_6462,0.029576238283593972
vertex_6463,0.04007563312488937
vertex_6464,0.03767623273158144
vertex_6465,0.04634465696666868
vertex_6466,0.04063681248625466
vertex_6467,0.0523168742882483
vertex_6468,0.0455513146874787
vertex_6469,0.04357231197269823
vertex_6470,0.0455918428670858
vertex_6471,0.04787452901193873
vertex_6472,0.047386316044951755
vertex_6473,0.07710528696094053
vertex_6474,0.11239763894546886
vertex_6475,0.09122600486818691
vertex_6476,0.08524912657382937
vertex_6477,0.1165050222915606
vertex_6478,0.059762718873888336
vertex_6479,0.13187226575625718
vertex_6480,0.13434447841381242
vertex_6481,0.14797344945911461
vertex_6482,0.12909858483075712
vertex_6483,0.1592678540718168
vertex_6484,0.13729191339020955
vertex_6485,0.1240637817684612
vertex_6486,0.12169876332054058
vertex_6487,0.07361923413182786
vertex_6488,0.07418875975792384
vertex_6489,0.08873463631300942
vertex_6490,0.08256906119351999
vertex_6491,0.10220215073328656
vertex_6492,0.13556099254398293
vertex_6493,0.15354270656483465
vertex_6494,0.15732502987380315
vertex_6495,0.1632339823652925
vertex_6496,0.12312678616138388
vertex_6497,0.09281191525339469
vertex_6498,0.0971141566973266
vertex_6499,0.0599242080774707
vertex_6500,0.07876120640186181
vertex_6501,0.07138815324888005
vertex_6502,0.07245158409604947
vertex_6503,0.07724083381226254
vertex_6504,0.057623358546211124
vertex_6505,0.13081598659934596
vertex_6506,0.12439539864581423
vertex_6507,0.1007121867016431
vertex_6508,0.08983242979679729
vertex_6509,0.08476568510025033
vertex_6510,0.0691946478654286
vertex_6511,0.08285785747977172
vertex_6512,0.09083118015458627
vertex_6513,0.04029066892972782
vertex_6514,0.036359656817429906
vertex_6515,0.03585508651041083
vertex_6516,0.034064401875770485
vertex_6517,0.03552437221285808
vertex_6518,0.04325338002922894
vertex_6519,0.0624069788210795
vertex_6520,0.05937376673698804
vertex_6521,0.05533382748653659
vertex_6522,0.04908196247290603
vertex_6523,0.038321510825124194
vertex_6524,0.04704573907339869
vertex_6525,0.03997317397443965
vertex_6526,0.055543284583663866
vertex_6527,0.050697200714321135
vertex_6528,0.036876412322900926
vertex_6529,0.0603620658279134
vertex_6530,0.05098088392597657
vertex_6531,0.0543593648736413
vertex_6532,0.06494199650162812
vertex_6533,0.04753379423798802
vertex_6534,0.06676228762702559
vertex_6535,0.051930378350019846
vertex_6536,0.048918884760439776
vertex_6537,0.05786998537565027
vertex_6538,0.06157101966130391
vertex_6539,0.047203185548017904
vertex_6540,0.04081752856940608
vertex_6541,0.021583225096134154
vertex_6542,0.03254149774980144
vertex_6543,0.046671448341815885
vertex_6544,0.08009820404991032
vertex_6545,0.10019574807080853
vertex_6546,0.11486926690374881
vertex_6547,0.10498188371682388
vertex_6548,0.09459833802262899
vertex_6549,0.08056178848475383
vertex_6550,0.057283018564531434
vertex_6551,0.044900314733870066
vertex_6552,0.04798395247716978
vertex_6553,0.09930048748290243
vertex_6554,0.07818183068641076
vertex_6555,0.08263588563734837
vertex_6556,0.074429062054778
vertex_6557,0.04921327673754544
vertex_6558,0.0505698899950033
vertex_6559,0.03452737302179781
vertex_6560,0.042899781580119874
vertex_6561,0.056736954432737574
vertex_6562,0.07873798994499667
vertex_6563,0.09014157836427304
vertex_6564,0.11684187767934066
vertex_6565,0.0826788944261906
vertex_6566,0.07974468622156153
vertex_6567,0.05993078655933723
vertex_6568,0.07611234310505474
vertex_6569,0.0639049184274226
vertex_6570,0.069388176435658
vertex_6571,0.08370866162989643
vertex_6572,0.07749376939676537
vertex_6573,0.07886951236641937
vertex_6574,0.05820307267593737
vertex_6575,0.03189386048871715
vertex_6576,0.04638893811648059
vertex_6577,0.033833352302562264
vertex_6578,0.04084387964812932
vertex_6579,0.06357368063062618
vertex_6580,0.10068754062500145
vertex_6581,0.07261174859199372
vertex_6582,0.06780680079871332
vertex_6583,0.06851688951208665
vertex_6584,0.057355390642119156
vertex_6585,0.057469898568362834
vertex_6586,0.06090768071689988
vertex_6587,0.05307681721475034
vertex_6588,0.050820240300684875
vertex_6589,0.04960299685416012
vertex_6590,0.05238765644331651
vertex_6591,0.05867564263420522
vertex_6592,0.035021961610075314
vertex_6593,0.03168574787682232
vertex_6594,0.03051960163953966
vertex_6595,0.03292578545173185
vertex_6596,0.029223228393339854
vertex_6597,0.044964509947222384
vertex_6598,0.08414437041155565
vertex_6599,0.0957492960239896
vertex_6600,0.071225724566866
vertex_6601,0.046397836819652226
vertex_6602,0.05020248834211958
vertex_6603,0.05536846119409934
vertex_6604,0.07389026410623488
vertex_6605,0.10334097023086292
vertex_6606,0.060234132477309923
vertex_6607,0.045925845132892565
vertex_6608,0.07235773084612993
vertex_6609,0.06172560823008684
vertex_6610,0.06002015489101566
vertex_6611,0.027349339080915688
vertex_6612,0.036784595392315676
vertex_6613,0.027884887282962494
vertex_6614,0.0582448251669633
vertex_6615,0.1004732877313343
vertex_6616,0.08650838266020942
vertex_6617,0.07474858279611998
vertex_6618,0.09482166253769496
vertex_6619,0.114251798395707
vertex_6620,0.10773143901640218
vertex_6621,0.09581373027133232
vertex_6622,0.06684272767005038
vertex_6623,0.06227541279070376
vertex_6624,0.036220533836880404
vertex_6625,0.05570789952689127
vertex_6626,0.05254413751162657
vertex_6627,0.08811549979828298
vertex_6628,0.0846720457738193
vertex_6629,0.08023320858397455
vertex_6630,0.07969914433834313
vertex_6631,0.08615095205708531
vertex_6632,0.07009075059337755
vertex_6633,0.0736563685783962
vertex_6634,0.03364816888012354
vertex_6635,0.09473187143138154
vertex_6636,0.06096568269064427
vertex_6637,0.06984172175693543
vertex_6638,0.06744598448178835
vertex_6639,0.05570880261820712
vertex_6640,0.05597620191173963
vertex_6641,0.06869394684683525
vertex_6642,0.06436110840819007
vertex_6643,0.05276080629604848
vertex_6644,0.06095092459573964
vertex_6645,0.03759903769506722
vertex_6646,0.04729179828337818
vertex_6647,0.06092094190468822
vertex_6648,0.03792092291272894
vertex_6649,0.06388247173252998
vertex_6650,0.06143600719626192
vertex_6651,0.04534714998246655
vertex_6652,0.03333865467524792
vertex_6653,0.020385252081876068
vertex_6654,0.024953279767296527
vertex_6655,0.020881992645486718
vertex_6656,0.03485194962236736
vertex_6657,0.01997426262556828
vertex_6658,0.035398415336735926
vertex_6659,0.0384686198366903
vertex_6660,0.04170244161265521
vertex_6661,0.038357085664993816
vertex_6662,0.032892221014461986
vertex_6663,0.01871853093181339
vertex_6664,0.046986318873026546
vertex_6665,0.0534230205044809
vertex_6666,0.04305017340892332
vertex_6667,0.0430154394419873
vertex_6668,0.039756806162418834
vertex_6669,0.04317285884256851
vertex_6670,0.032722190669421725
vertex_6671,0.03922042307481436
vertex_6672,0.028159962452236648
vertex_6673,0.07429072095732138
vertex_6674,0.04702555494870168
vertex_6675,0.06575220123806677
vertex_6676,0.050878453002721244
vertex_6677,0.04269368604408789
vertex_6678,0.08248339790816198
vertex_6679,0.05856234525613959
vertex_6680,0.059097704331684334
vertex_6681,0.06250766520285722
vertex_6682,0.08380890419036571
vertex_6683,0.04998289829280609
vertex_6684,0.0891811995141612
vertex_6685,0.10007649441565568
vertex_6686,0.07776820093401222
vertex_6687,0.09189004397191602
vertex_6688,0.08216893974767145
vertex_6689,0.08210690488744735
vertex_6690,0.08064204882686916
vertex_6691,0.1070898193746676
vertex_6692,0.07150032872405773
vertex_6693,0.058241587222717967
vertex_6694,0.06452975863516067
vertex_6695,0.08901452309768536
vertex_6696,0.052949308375785493
vertex_6697,0.04738392744588256
vertex_6698,0.04717068682761067
vertex_6699,0.052939412797287914
vertex_6700,0.05325533676653314
vertex_6701,0.06357138549738464
vertex_6702,0.035500310522866875
vertex_6703,0.026324715859057383
vertex_6704,0.03018349443287322
vertex_6705,0.11647162070294338
vertex_6706,0.10472998949349137
vertex_6707,0.12587487147631876
vertex_6708,0.08801460916749701
vertex_6709,0.05348756556072707
vertex_6710,0.04405053574846599
vertex_6711,0.08008340823875625
vertex_6712,0.08749297105568228
vertex_6713,0.14589897642095656
vertex_6714,0.1447567118680771
vertex_6715,0.13771658015942687
vertex_6716,0.12791821266321798
vertex_6717,0.14534256578775817
vertex_6718,0.09680743035437354
vertex_6719,0.10409717974095929
vertex_6720,0.09112543827497514
vertex_6721,0.09067656437127007
vertex_6722,0.08763649612308634
vertex_6723,0.0733500831374859
vertex_6724,0.10128302677305488
vertex_6725,0.0725902343256348
vertex_6726,0.05948049459148362
vertex_6727,0.05569603795237523
vertex_6728,0.03253062983257629
vertex_6729,0.04328243476511544
vertex_6730,0.035280383377540324
vertex_6731,0.03662480208253748
vertex_6732,0.04620449603581207
vertex_6733,0.05517944241794902
vertex_6734,0.039333445055588105
vertex_6735,0.02940700251975889
vertex_6736,0.04524881816483852
vertex_6737,0.05177749849893634
vertex_6738,0.06032195893068002
vertex_6739,0.06454898620528296
vertex_6740,0.05438420307838238
vertex_6741,0.048341039122780864
vertex_6742,0.0445690637924489
vertex_6743,0.05253266418644383
vertex_6744,0.04570712821795609
vertex_6745,0.102762994830643
vertex_6746,0.09069857634786127
vertex_6747,0.10178095348414147
vertex_6748,0.10527268684945312
vertex_6749,0.09782389666706262
vertex_6750,0.09054442350157947
vertex_6751,0.08051958842776372
vertex_6752,0.08446837177612808
vertex_6753,0.0801853273741887
vertex_6754,0.09663289804605694
vertex_6755,0.069847393411719
vertex_6756,0.07550191113291345
vertex_6757,0.08736401110894836
vertex_6758,0.08464798733052732
vertex_6759,0.08580689676191414
vertex_6760,0.08442717358500221
vertex_6761,0.07834827219114571
vertex_6762,0.06848431561710834
vertex_6763,0.06674017197013003
vertex_6764,0.05092255858541281
vertex_6765,0.057402206528171344
vertex_6766,0.05887313320475174
vertex_6767,0.061253500562852045
vertex_6768,0.06467221781011213
vertex_6769,0.048927398217943306
vertex_6770,0.04577094826887386
vertex_6771,0.08078342876156765
vertex_6772,0.09211386512356051
vertex_6773,0.10215590112730154
vertex_6774,0.11683584585972569
vertex_6775,0.11655795458958113
vertex_6776,0.11121551280501749
vertex_6777,0.08460494029695673
vertex_6778,0.06340723094657787
vertex_6779,0.060909213267119185
vertex_6780,0.0657379337935456
vertex_6781,0.09553649706446915
vertex_6782,0.08880911837987458
vertex_6783,0.09872874306990581
vertex_6784,0.07571218188963649
vertex_6785,0.07985231354943337
vertex_6786,0.10902405111588165
vertex_6787,0.06895427242925012
vertex_6788,0.07882718642792096
vertex_6789,0.06955160993572287
vertex_6790,0.08944270711930323
vertex_6791,0.11056962534167888
vertex_6792,0.11978879902275132
vertex_6793,0.14944133988297928
vertex_6794,0.16277742668142503
vertex_6795,0.1636089205678387
vertex_6796,0.12344611741029576
vertex_6797,0.14155857682887038
vertex_6798,0.16591559347014295
vertex_6799,0.14338981887057053
vertex_6800,0.13580050724697385
vertex_6801,0.16261583251433978
vertex_6802,0.16215072722292756
vertex_6803,0.24010092151391907
vertex_6804,0.24425566816280092
vertex_6805,0.27067793018746306
vertex_6806,0.21477658292071275
vertex_6807,0.13994942987500306
vertex_6808,0.1485624131502847
vertex_6809,0.1738362979130029
vertex_6810,0.17575802130272775
vertex_6811,0.1756371107387635
vertex_6812,0.16686057141188726
vertex_6813,0.1387361850032399
vertex_6814,0.12936288734934406
vertex_6815,0.12565174195315884
vertex_6816,0.11185897600398803
vertex_6817,0.08870711705510202
vertex_6818,0.09178570033754241
vertex_6819,0.10004501424645004
vertex_6820,0.128733267648976
vertex_6821,0.1626893546907488
vertex_6822,0.13068360144486116
vertex_6823,0.15910494699066055
vertex_6824,0.1413155951112408
vertex_6825,0.13466157907098963
vertex_6826,0.15436618763436302
vertex_6827,0.15247379128950608
vertex_6828,0.14488875233034595
vertex_6829,0.11349101200105423
vertex_6830,0.11116369919127124
vertex_6831,0.12871831413772197
vertex_6832,0.1310694340630356
vertex_6833,0.1490925882175604
vertex_6834,0.15446554936453838
vertex_6835,0.18638914686158994
vertex_6836,0.17903073962290691
vertex_6837,0.16701088873849507
vertex_6838,0.15980528516821835
vertex_6839,0.1190348464320286
vertex_6840,0.0735582380518702
vertex_6841,0.06507039182403561
vertex_6842,0.09188019667515958
vertex_6843,0.1249620541734385
vertex_6844,0.1374051644495118
vertex_6845,0.16019449506714595
vertex_6846,0.14906289614848528
vertex_6847,0.16626028934532674
vertex_6848,0.17869483345843012
vertex_6849,0.05717086561269508
vertex_6850,0.03905385615120247
vertex_6851,0.05121286893065555
vertex_6852,0.03769160197890249
vertex_6853,0.05500553887179422
vertex_6854,0.09618705805091288
vertex_6855,0.09958616949947777
vertex_6856,0.11349798699531974
vertex_6857,0.12533652564419598
vertex_6858,0.14292126886761405
vertex_6859,0.15725291145076548
vertex_6860,0.15950421095218684
vertex_6861,0.17644666306133602
vertex_6862,0.2226895468063351
vertex_6863,0.19445087133283948
vertex_6864,0.2089950303568153
vertex_6865,0.21291685465389487
vertex_6866,0.22859559286418318
vertex_6867,0.1664575441120444
vertex_6868,0.15651281257205749
vertex_6869,0.16874676981162873
vertex_6870,0.17912153523016772
vertex_6871,0.2085902887868153
vertex_6872,0.2147415840426584
vertex_6873,0.2102378093508508
vertex_6874,0.19753826659878676
vertex_6875,0.09326957254340405
vertex_6876,0.08271797568018563
vertex_6877,0.08805786022632214
vertex_6878,0.0744848469827471
vertex_6879,0.0862958286576092
vertex_6880,0.12580066352629696
vertex_6881,0.11796555478861294
vertex_6882,0.10846028171607176
vertex_6883,0.18789299899886774
vertex_6884,0.17474110165375337
vertex_6885,0.16138205754721474
vertex_6886,0.17867097444612437
vertex_6887,0.17200736569158104
vertex_6888,0.17487441756051983
vertex_6889,0.12864581740843908
vertex_6890,0.12352890742268077
vertex_6891,0.1212665167567534
vertex_6892,0.11950985601390834
vertex_6893,0.11381820428089955
vertex_6894,0.13677998771991176
vertex_6895,0.11272181940970083
vertex_6896,0.1324800174016448
vertex_6897,0.16052359973007302
vertex_6898,0.17557693567700786
vertex_6899,0.14259306414453254
vertex_6900,0.17915808273407716
vertex_6901,0.20237339892492667
vertex_6902,0.26649922948473265
vertex_6903,0.23814518463594644
vertex_6904,0.24165934577048256
vertex_6905,0.23975439917834687
vertex_6906,0.27375468796714875
vertex_6907,0.333818120533378
vertex_6908,0.33577689808284156
vertex_6909,0.3015921309747267
vertex_6910,0.26041475452122015
vertex_6911,0.3212964329734168
vertex_6912,0.36916139196622083
vertex_6913,0.3536570229553194
vertex_6914,0.33946640955179425
vertex_6915,0.359674559761556
vertex_6916,0.06500120077175699
vertex_6917,0.061001917686651155
vertex_6918,0.0697883335694317
vertex_6919,0.09208593641315578
vertex_6920,0.12420732488866174
vertex_6921,0.06627888279033985
vertex_6922,0.07039159181800833
vertex_6923,0.06460678548407785
vertex_6924,0.06894032189354585
vertex_6925,0.06551659564136836
vertex_6926,0.07546567679221088
vertex_6927,0.07050118090688938
vertex_6928,0.06182255537283566
vertex_6929,0.058566161619814594
vertex_6930,0.1046075783863962
vertex_6931,0.0815852681493282
vertex_6932,0.10644454080677435
vertex_6933,0.10179455607834437
vertex_6934,0.08794043709220417
vertex_6935,0.09693253284276183
vertex_6936,0.10636634126169871
vertex_6937,0.0874321880483865
vertex_6938,0.10096620977474934
vertex_6939,0.07733219249090294
vertex_6940,0.06486871096090381
vertex_6941,0.06847486318364415
vertex_6942,0.05833567527467826
vertex_6943,0.054901659328847024
vertex_6944,0.06409241447125169
vertex_6945,0.05261500309153497
vertex_6946,0.03431450658750772
vertex_6947,0.032411297201226034
vertex_6948,0.054679763729615014
vertex_6949,0.07176365275290421
vertex_6950,0.05923556030484687
vertex_6951,0.06037047517169275
vertex_6952,0.06847722646933929
vertex_6953,0.06387193834314478
vertex_6954,0.06464223542393124
vertex_6955,0.07312402207722683
vertex_6956,0.04431300558300562
vertex_6957,0.04320662207303791
vertex_6958,0.05832309064067542
vertex_6959,0.048501848270172565
vertex_6960,0.05185945462436591
vertex_6961,0.024050028315705223
vertex_6962,0.03803560801333153
vertex_6963,0.032472428540032225
vertex_6964,0.03914725675959565
vertex_6965,0.04603531733157451
vertex_6966,0.04562782626465147
vertex_6967,0.04929118227675003
vertex_6968,0.053012738869195775
vertex_6969,0.04613132363965618
vertex_6970,0.03605918540135978
vertex_6971,0.0357160178897357
vertex_6972,0.05217616551771876
vertex_6973,0.028388108114336674
vertex_6974,0.023801598893098495
vertex_6975,0.09040434410589863
vertex_6976,0.07919150068645275
vertex_6977,0.0756330954411982
vertex_6978,0.02816842289817269
vertex_6979,0.028499847250250003
vertex_6980,0.026432925940990296
vertex_6981,0.036939823842618257
vertex_6982,0.03161568517490669
vertex_6983,0.02799554469783773
vertex_6984,0.01708430372654062
vertex_6985,0.018452187501819234
vertex_6986,0.04840176101219041
vertex_6987,0.08356813289950073
vertex_6988,0.05908764296395987
vertex_6989,0.05837714568600726
vertex_6990,0.06366617115006554
vertex_6991,0.03684374087667242
vertex_6992,0.048890600991526784
vertex_6993,0.05112128063469875
vertex_6994,0.057814749969933986
vertex_6995,0.05851719932566225
vertex_6996,0.0557675420870525
vertex_6997,0.090217470029045
vertex_6998,0.048351967263923476
vertex_6999,0.08264961105357713
vertex_7000,0.07073146301345391
vertex_7001,0.05173996142618611
vertex_7002,0.05931969571450726
vertex_7003,0.058326685944775705
vertex_7004,0.028452042603925098
vertex_7005,0.024154924210457906
vertex_7006,0.020470871706065173
vertex_7007,0.030169890950682926
vertex_7008,0.0230868831999962
vertex_7009,0.030754228045858995
vertex_7010,0.04163726909981305
vertex_7011,0.02596644114921411
vertex_7012,0.026400139958659665
vertex_7013,0.03422113395135603
vertex_7014,0.027202142903162117
vertex_7015,0.03318353106061001
vertex_7016,0.05555390696986847
vertex_7017,0.054142107554271325
vertex_7018,0.054896398879375356
vertex_7019,0.04441719849403899
vertex_7020,0.06202424198172982
vertex_7021,0.0684910492573314
vertex_7022,0.055807716342117994
vertex_7023,0.06863204799051498
vertex_7024,0.04259187820984643
vertex_7025,0.0715845789365605
vertex_7026,0.029213193008527323
vertex_7027,0.0286070987840977
vertex_7028,0.055644407599057255
vertex_7029,0.052413139886021406
vertex_7030,0.05307622746858338
vertex_7031,0.05075624694788191
vertex_7032,0.04307742906065539
vertex_7033,0.03909088812315665
vertex_7034,0.029638132699822968
vertex_7035,0.040946469869837805
vertex_7036,0.029873106722187338
vertex_7037,0.026778712324634527
vertex_7038,0.15286876368751845
vertex_7039,0.12627312944222416
vertex_7040,0.15320836010270653
vertex_7041,0.14089627094102514
vertex_7042,0.12819843399988715
vertex_7043,0.1581875180832643
vertex_7044,0.1497222896274065
vertex_7045,0.135100429196737
vertex_7046,0.12060827781185883
vertex_7047,0.14597203445160242
vertex_7048,0.15188788103746895
vertex_7049,0.149978697883014
vertex_7050,0.170231031071762
vertex_7051,0.10669142759594828
vertex_7052,0.048946171160248644
vertex_7053,0.048479443427515714
vertex_7054,0.04980426937831923
vertex_7055,0.10746261694189786
vertex_7056,0.12542561828654847
vertex_7057,0.10054303034453209
vertex_7058,0.10456385637515055
vertex_7059,0.10439365962810826
vertex_7060,0.09058917732271503
vertex_7061,0.11594886788617127
vertex_7062,0.13064920531221755
vertex_7063,0.12313135299527984
vertex_7064,0.10734101482261618
vertex_7065,0.12052568988325404
vertex_7066,0.10813083356242882
vertex_7067,0.12684313763083696
vertex_7068,0.12934658194843882
vertex_7069,0.06613541017202583
vertex_7070,0.06961679705954524
vertex_7071,0.0325289341764819
vertex_7072,0.08912980852269616
vertex_7073,0.1029437545807735
vertex_7074,0.04878235282835268
vertex_7075,0.019709778277881645
vertex_7076,0.0579139500127656
vertex_7077,0.07474694235095787
vertex_7078,0.08843081701715079
vertex_7079,0.3743155645243514
vertex_7080,0.3742330301005467
vertex_7081,0.3748600601002629
vertex_7082,0.3656574551393543
vertex_7083,0.31483143279197134
vertex_7084,0.20062702828169748
vertex_7085,0.20741856692036809
vertex_7086,0.1734079390531335
vertex_7087,0.18419731692934463
vertex_7088,0.2174160855793904
vertex_7089,0.24641431636146913
vertex_7090,0.2061927895935584
vertex_7091,0.1960676468079618
vertex_7092,0.18559873658236536
vertex_7093,0.03343859215169594
vertex_7094,0.029461821873858825
vertex_7095,0.03357993127538743
vertex_7096,0.03906607327839752
vertex_7097,0.03816965124970566
vertex_7098,0.02392326596317409
vertex_7099,0.034060425555071626
vertex_7100,0.02250471456163636
vertex_7101,0.0646211746897754
vertex_7102,0.13511289722580577
vertex_7103,0.12328056005067702
vertex_7104,0.12372296641828408
vertex_7105,0.13798790409522335
vertex_7106,0.15600070530858867
vertex_7107,0.1624259318606469
vertex_7108,0.15321404156480034
vertex_7109,0.1380529809347026
vertex_7110,0.08890673445118387
vertex_7111,0.025108481479706866
vertex_7112,0.03430697253724197
vertex_7113,0.03403908331053301
vertex_7114,0.0481768683002382
vertex_7115,0.06047054870794235
vertex_7116,0.06565676338941424
vertex_7117,0.08599191996775192
vertex_7118,0.07399979760635171
vertex_7119,0.04956437884938838
vertex_7120,0.16084282446149406
vertex_7121,0.11633781529809846
vertex_7122,0.11753447729978175
vertex_7123,0.1327837069629585
vertex_7124,0.13281954888302935
vertex_7125,0.1515660175484674
vertex_7126,0.13986923393661158
vertex_7127,0.1475003368758789
vertex_7128,0.12287382214336658
vertex_7129,0.10022382253238898
vertex_7130,0.09053947264450445
vertex_7131,0.12033840450883167
vertex_7132,0.10667255210056054
vertex_7133,0.11538202134218802
vertex_7134,0.18052108741198786
vertex_7135,0.10065997826386976
vertex_7136,0.16619183572923962
vertex_7137,0.2113785817639887
vertex_7138,0.22967754424955794
vertex_7139,0.286562717230276
vertex_7140,0.2368789514697472
vertex_7141,0.20752368419589748
vertex_7142,0.14511367217377244
vertex_7143,0.13846695825386465
vertex_7144,0.153042206609385
vertex_7145,0.15096218116031535
vertex_7146,0.16982891189509494
vertex_7147,0.19561373789057904
vertex_7148,0.21252002790108537
vertex_7149,0.2431464061800506
vertex_7150,0.22606919400718717
vertex_7151,0.19176533298273715
vertex_7152,0.21337565173594714
vertex_7153,0.1434808772333169
vertex_7154,0.19452493494672254
vertex_7155,0.15799112989550082
vertex_7156,0.10473607314722311
vertex_7157,0.11919700691930513
vertex_7158,0.11765448810917352
vertex_7159,0.11811836943273901
vertex_7160,0.06599069303651316
vertex_7161,0.014868573324759715
vertex_7162,0.028032735214258326
vertex_7163,0.031143937538669196
vertex_7164,0.018185775530532813
vertex_7165,0.027783722729762133
vertex_7166,0.027792926120157845
vertex_7167,0.028565561895306756
vertex_7168,0.03416502545578802
vertex_7169,0.03771304352207159
vertex_7170,0.03696140691112206
vertex_7171,0.04527250545716622
vertex_7172,0.037548228317922365
vertex_7173,0.0802960413826886
vertex_7174,0.03932014880892875
vertex_7175,0.030893419399565726
vertex_7176,0.04657174855444596
vertex_7177,0.028110688764471176
vertex_7178,0.029238611936908094
vertex_7179,0.029199020080975798
vertex_7180,0.03163440446399833
vertex_7181,0.02985696737576519
vertex_7182,0.025241348811586038
vertex_7183,0.03401515682670839
vertex_7184,0.042827697144241825
vertex_7185,0.05562600434780718
vertex_7186,0.040151445331380736
vertex_7187,0.04106609180052877
vertex_7188,0.04290856410191757
vertex_7189,0.038020606040469536
vertex_7190,0.04635100564913571
vertex_7191,0.034618733310759965
vertex_7192,0.025564124344053724
vertex_7193,0.09496887778061135
vertex_7194,0.10586713769806273
vertex_7195,0.09107733482808954
vertex_7196,0.10627141056800178
vertex_7197,0.08792262555454362
vertex_7198,0.09002389558359605
vertex_7199,0.09330043940428943
vertex_7200,0.0897797770756247
vertex_7201,0.0931389616486681
vertex_7202,0.07713356361756697
vertex_7203,0.08436542653922637
vertex_7204,0.06747948824577439
vertex_7205,0.05248765958351036
vertex_7206,0.12621993715633117
vertex_7207,0.06471605863679275
vertex_7208,0.14258076541137718
vertex_7209,0.15501402789629926
vertex_7210,0.14350037542308655
vertex_7211,0.1261573624242098
vertex_7212,0.14096815237930754
vertex_7213,0.04011775142247779
vertex_7214,0.04260735377405131
vertex_7215,0.034682421255435594
vertex_7216,0.04345678507026769
vertex_7217,0.04951723675082086
vertex_7218,0.0432856484414287
vertex_7219,0.053965778636434716
vertex_7220,0.05440505883263946
vertex_7221,0.06588146575368288
vertex_7222,0.0734737891197263
vertex_7223,0.04226314402558502
vertex_7224,0.04094300866096903
vertex_7225,0.038725509628479614
vertex_7226,0.03748075468599984
vertex_7227,0.0346725953822289
vertex_7228,0.045461803623366624
vertex_7229,0.0430661653354082
vertex_7230,0.041376530778772444
vertex_7231,0.04272981925068739
vertex_7232,0.04026305142641434
vertex_7233,0.06788296590539272
vertex_7234,0.04293429308336148
vertex_7235,0.04421502252636059
vertex_7236,0.050720864084216485
vertex_7237,0.054471195736467956
vertex_7238,0.05813883492285232
vertex_7239,0.06144606699936433
vertex_7240,0.06326900446932901
vertex_7241,0.04952002302368409
vertex_7242,0.049708001530996464
vertex_7243,0.148042778593466
vertex_7244,0.130437763030164
vertex_7245,0.10204560811182449
vertex_7246,0.07207331629102
vertex_7247,0.056987281501525815
vertex_7248,0.05954887767314868
vertex_7249,0.0636430774909638
vertex_7250,0.06823699609105109
vertex_7251,0.0703911483442212
vertex_7252,0.042491440395095836
vertex_7253,0.062434017519344326
vertex_7254,0.07376802897950709
vertex_7255,0.058358702917422
vertex_7256,0.05566125855127589
vertex_7257,0.05421123988072704
vertex_7258,0.05018176625929834
vertex_7259,0.08627215119428817
vertex_7260,0.08241022661411093
vertex_7261,0.06240284565978874
vertex_7262,0.044555310257343564
vertex_7263,0.08608416740240618
vertex_7264,0.09544539343000497
vertex_7265,0.09009491737428837
vertex_7266,0.08955992880582452
vertex_7267,0.09127413974645389
vertex_7268,0.0551248148640618
vertex_7269,0.05751776842192992
vertex_7270,0.07210429776475996
vertex_7271,0.06262888725399016
vertex_7272,0.0288559952404721
vertex_7273,0.0666795069120568
vertex_7274,0.08067336463396643
vertex_7275,0.09683867081243328
vertex_7276,0.1219630338438823
vertex_7277,0.0941605068238534
vertex_7278,0.11642947219819128
vertex_7279,0.11505022354612662
vertex_7280,0.1094213263440554
vertex_7281,0.10319854778132405
vertex_7282,0.1011455735034789
vertex_7283,0.06534962296660027
vertex_7284,0.059847368054848506
vertex_7285,0.05746768629341427
vertex_7286,0.05243814054456755
vertex_7287,0.047049593243531806
vertex_7288,0.06655722983423826
vertex_7289,0.04311375987527105
vertex_7290,0.03259338747445202
vertex_7291,0.052026587038014535
vertex_7292,0.051631598091051674
vertex_7293,0.05271612368300849
vertex_7294,0.042965767364498676
vertex_7295,0.04865271089807585
vertex_7296,0.041384385038792326
vertex_7297,0.049887901906013186
vertex_7298,0.06705170512401451
vertex_7299,0.059924692476032826
vertex_7300,0.06589907076570774
vertex_7301,0.06386449004778182
vertex_7302,0.05839365515930096
vertex_7303,0.062177989104437024
vertex_7304,0.07100022195467039
vertex_7305,0.044824486608538536
vertex_7306,0.0682869306607367
vertex_7307,0.05827524697221494
vertex_7308,0.05442025170079631
vertex_7309,0.06453125137268728
vertex_7310,0.05871205094808409
vertex_7311,0.055886097939100876
vertex_7312,0.06774438609255645
vertex_7313,0.05497637337762009
vertex_7314,0.05386119090391249
vertex_7315,0.054979445176974624
vertex_7316,0.07392154302520662
vertex_7317,0.04575665660589695
vertex_7318,0.03679046972296232
vertex_7319,0.05770620612355306
vertex_7320,0.04727211625187164
vertex_7321,0.0557636025436755
vertex_7322,0.06726695820506948
vertex_7323,0.09115422761637595
vertex_7324,0.06658941848028646
vertex_7325,0.08962349718216411
vertex_7326,0.09870423057958935
vertex_7327,0.12131506946007442
vertex_7328,0.12036526360252015
vertex_7329,0.128418859087672
vertex_7330,0.17537118807777652
vertex_7331,0.17327457089832224
vertex_7332,0.12295954028613255
vertex_7333,0.14658383211401207
vertex_7334,0.17513313272449407
vertex_7335,0.16150369882194704
vertex_7336,0.08320925604998596
vertex_7337,0.08943685417974857
vertex_7338,0.08597400648751281
vertex_7339,0.10345755351716346
vertex_7340,0.09850360386486601
vertex_7341,0.11777361867404622
vertex_7342,0.0818776265838119
vertex_7343,0.08479627184085531
vertex_7344,0.05294609653206199
vertex_7345,0.06581564315597442
vertex_7346,0.06229806622414786
vertex_7347,0.05563398425622117
vertex_7348,0.05998121266364763
vertex_7349,0.05740820874001565
vertex_7350,0.040933334212088085
vertex_7351,0.04629920452483315
vertex_7352,0.042588174737437555
vertex_7353,0.0393754624245706
vertex_7354,0.03809014715868866
vertex_7355,0.058396923976681045
vertex_7356,0.09658204227817763
vertex_7357,0.017638368370302342
vertex_7358,0.01755005988860554
vertex_7359,0.02084427076901446
vertex_7360,0.02814565169371729
vertex_7361,0.04109187594990285
vertex_7362,0.035556398940609094
vertex_7363,0.06060254290544834
vertex_7364,0.05090090177093941
vertex_7365,0.03250800296628298
vertex_7366,0.04270759937395615
vertex_7367,0.036261350419857896
vertex_7368,0.0336827121474483
vertex_7369,0.039892845163029024
vertex_7370,0.037592368183534466
vertex_7371,0.04136519842732738
vertex_7372,0.04008254807436803
vertex_7373,0.05142261363112286
vertex_7374,0.049950455297694214
vertex_7375,0.04051196779792358
vertex_7376,0.04592398566862714
vertex_7377,0.034348415129965164
vertex_7378,0.04412898842295452
vertex_7379,0.12516014883795035
vertex_7380,0.1078745733668259
vertex_7381,0.09646444722308765
vertex_7382,0.11770271527692248
vertex_7383,0.12233337667614655
vertex_7384,0.15539945685789736
vertex_7385,0.13930722380249347
vertex_7386,0.12804679720281945
vertex_7387,0.11379685674557474
vertex_7388,0.12867859711697635
vertex_7389,0.12658870897843597
vertex_7390,0.22338795848722734
vertex_7391,0.1761553198233498
vertex_7392,0.2715610202408395
vertex_7393,0.27403350754789535
vertex_7394,0.2808911130724671
vertex_7395,0.29468559386450255
vertex_7396,0.2790729251300212
vertex_7397,0.25915854007315203
vertex_7398,0.2732599072799528
vertex_7399,0.20712938921822904
vertex_7400,0.2180471469467163
vertex_7401,0.05452085105215421
vertex_7402,0.06130024191551108
vertex_7403,0.0506459340850079
vertex_7404,0.06650458825581528
vertex_7405,0.07407925827584576
vertex_7406,0.11357053266412563
vertex_7407,0.11303365443908472
vertex_7408,0.1276694479885903
vertex_7409,0.13137019122867644
vertex_7410,0.12334839611731314
vertex_7411,0.13259073730564708
vertex_7412,0.06557608853211547
vertex_7413,0.06138506179225008
vertex_7414,0.07673775870484947
vertex_7415,0.09991352001943558
vertex_7416,0.10220812050577001
vertex_7417,0.05815457669639508
vertex_7418,0.09002933274371909
vertex_7419,0.09162391154730108
vertex_7420,0.08978046023956313
vertex_7421,0.08533530797731481
vertex_7422,0.0870110873322889
vertex_7423,0.09011139659649756
vertex_7424,0.08570350023170621
vertex_7425,0.060029574090274804
vertex_7426,0.03929791265323136
vertex_7427,0.04169157253472656
vertex_7428,0.05837826670409077
vertex_7429,0.06373915803613768
vertex_7430,0.06969470209037786
vertex_7431,0.03935300150882194
vertex_7432,0.04711525391873624
vertex_7433,0.031821362587201425
vertex_7434,0.03153088448026922
vertex_7435,0.03447396700317825
vertex_7436,0.04008708108199985
vertex_7437,0.0529349200605487
vertex_7438,0.07858591522999453
vertex_7439,0.060903055410242955
vertex_7440,0.05672887994894217
vertex_7441,0.05998803263093628
vertex_7442,0.07521794670016335
vertex_7443,0.07183716053220335
vertex_7444,0.1481637201400981
vertex_7445,0.13237058061400814
vertex_7446,0.14559067217216987
vertex_7447,0.14255249095660408
vertex_7448,0.13278002238025544
vertex_7449,0.1175512204498834
vertex_7450,0.1365996626352683
vertex_7451,0.13155855303867042
vertex_7452,0.13168054791155653
vertex_7453,0.11395518566254988
vertex_7454,0.08493846568146002
vertex_7455,0.0393549954024657
vertex_7456,0.046474828812628606
vertex_7457,0.040367974936825285
vertex_7458,0.03988250925344713
vertex_7459,0.03734255261969844
vertex_7460,0.041892284576088054
vertex_7461,0.03950291346937366
vertex_7462,0.028240955281395003
vertex_7463,0.036364693900027945
vertex_7464,0.04205780917408178
vertex_7465,0.03835241528228531
vertex_7466,0.03686038161906988
vertex_7467,0.029327629327909364
vertex_7468,0.030065191934861034
vertex_7469,0.03941241721947638
vertex_7470,0.04442916353114811
vertex_7471,0.05153310542894857
vertex_7472,0.04470965435968778
vertex_7473,0.039008237687301404
vertex_7474,0.044183954779330605
vertex_7475,0.08078110846336463
vertex_7476,0.0948551940233756
vertex_7477,0.08276649330229022
vertex_7478,0.07021195787228447
vertex_7479,0.05878341691149034
vertex_7480,0.05340615133381422
vertex_7481,0.056680608739107304
vertex_7482,0.04173805769184496
vertex_7483,0.06622111587254235
vertex_7484,0.09929653598958083
vertex_7485,0.1539446413456393
vertex_7486,0.056632520356426075
vertex_7487,0.12359832136127427
vertex_7488,0.1107323066653419
vertex_7489,0.09233183148794356
vertex_7490,0.09837226127847865
vertex_7491,0.08247675382770457
vertex_7492,0.09009420759838718
vertex_7493,0.11516286747347268
vertex_7494,0.12331201445580281
vertex_7495,0.14695917031559103
vertex_7496,0.17046496706808534
vertex_7497,0.1477264192521556
vertex_7498,0.1621571396669976
vertex_7499,0.16253287208143719
vertex_7500,0.1631723910057804
vertex_7501,0.11976090609595572
vertex_7502,0.1413559528560712
vertex_7503,0.14859381505164682
vertex_7504,0.1444060856573555
vertex_7505,0.1405154750935464
vertex_7506,0.06740073086224727
vertex_7507,0.06549155343316983
vertex_7508,0.06548148071942451
vertex_7509,0.06334329124392639
vertex_7510,0.04458891057775504
vertex_7511,0.03945720304441957
vertex_7512,0.03662645583239167
vertex_7513,0.05194046161948706
vertex_7514,0.04021156115958496
vertex_7515,0.04462190475563378
vertex_7516,0.04176488871703048
vertex_7517,0.04146666213901111
vertex_7518,0.04237809748064644
vertex_7519,0.033952158016997656
vertex_7520,0.03435954414946174
vertex_7521,0.02920954739313999
vertex_7522,0.03297272908071581
vertex_7523,0.03757139356400536
vertex_7524,0.04274873197510892
vertex_7525,0.038067932505242257
vertex_7526,0.042833330043993256
vertex_7527,0.0379904334308444
vertex_7528,0.03577709249142112
vertex_7529,0.04095680919117663
vertex_7530,0.0712793983030566
vertex_7531,0.08553000509917238
vertex_7532,0.060325610572062496
vertex_7533,0.0808813068157396
vertex_7534,0.08732548372314972
vertex_7535,0.09349435644660972
vertex_7536,0.08949249914276257
vertex_7537,0.06981208520611137
vertex_7538,0.06942050623794309
vertex_7539,0.06568362408329566
vertex_7540,0.0669243361347194
vertex_7541,0.09410423015943832
vertex_7542,0.08028331724771925
vertex_7543,0.06720399112573269
vertex_7544,0.07131485595632193
vertex_7545,0.05852936986264211
vertex_7546,0.06866962734083007
vertex_7547,0.07306175728613426
vertex_7548,0.10619638675932333
vertex_7549,0.08884656562347604
vertex_7550,0.10021402708305041
vertex_7551,0.08018325125213863
vertex_7552,0.07492066365305597
vertex_7553,0.06408987321038408
vertex_7554,0.07664739368766815
vertex_7555,0.0864822555234054
vertex_7556,0.093331758469611
vertex_7557,0.07298903536383601
vertex_7558,0.06663106780154775
vertex_7559,0.05981983868978129
vertex_7560,0.07219211441324214
vertex_7561,0.05151817103814348
vertex_7562,0.06376093544905617
vertex_7563,0.07417067994254356
vertex_7564,0.08882524088616159
vertex_7565,0.08948986509158752
vertex_7566,0.08664122340890991
vertex_7567,0.03850728410116901
vertex_7568,0.04130794212301707
vertex_7569,0.046598356899339825
vertex_7570,0.043646438466921365
vertex_7571,0.06648709218917856
vertex_7572,0.06928862535900922
vertex_7573,0.03846868037971238
vertex_7574,0.049714077817991795
vertex_7575,0.0474248992783188
vertex_7576,0.06007400920902973
vertex_7577,0.052678706804116814
vertex_7578,0.12068559905061
vertex_7579,0.14401563876177542
vertex_7580,0.12616016338612548
vertex_7581,0.11241599034657154
vertex_7582,0.07248852510438772
vertex_7583,0.08483708161926191
vertex_7584,0.053613626047582165
vertex_7585,0.03637275637421378
vertex_7586,0.04030006022638155
vertex_7587,0.048647935822566345
vertex_7588,0.0917702381681102
vertex_7589,0.09747515081342864
vertex_7590,0.05004917120346688
vertex_7591,0.04442099855731275
vertex_7592,0.060839101144338194
vertex_7593,0.0438957962928821
vertex_7594,0.04695236807756711
vertex_7595,0.05834209649402374
vertex_7596,0.03576257897858237
vertex_7597,0.03611753727844954
vertex_7598,0.04161362807400071
vertex_7599,0.07247946423919029
vertex_7600,0.07233625567992749
vertex_7601,0.07022561068936659
vertex_7602,0.08365166475901183
vertex_7603,0.0639928882486377
vertex_7604,0.058344250992182975
vertex_7605,0.04893741527276098
vertex_7606,0.06235906872373336
vertex_7607,0.05838714149182412
vertex_7608,0.03847572784677931
vertex_7609,0.05010051471199148
vertex_7610,0.05463131340347176
vertex_7611,0.05349271788842911
vertex_7612,0.03989103010447611
vertex_7613,0.05293634242134599
vertex_7614,0.04569996824144304
vertex_7615,0.05681870624011684
vertex_7616,0.06250058146171888
vertex_7617,0.03897448413651596
vertex_7618,0.04231247918268227
vertex_7619,0.05185949960323167
vertex_7620,0.07681773979656224
vertex_7621,0.07134803835878567
vertex_7622,0.07075264890836777
vertex_7623,0.07682470497796419
vertex_7624,0.06615322565417146
vertex_7625,0.051697182148542374
vertex_7626,0.05128224416184311
vertex_7627,0.05177633830967851
vertex_7628,0.034197578267489995
vertex_7629,0.03810053076065496
vertex_7630,0.08757565436413765
vertex_7631,0.08292031443723308
vertex_7632,0.08069665117294572
vertex_7633,0.0665132818804687
vertex_7634,0.08155921587600054
vertex_7635,0.0762699255702314
vertex_7636,0.10580404861988804
vertex_7637,0.08128132906545799
vertex_7638,0.09422364149679642
vertex_7639,0.11609099944716973
vertex_7640,0.12884245190008972
vertex_7641,0.051451081541817295
vertex_7642,0.06028555040481119
vertex_7643,0.05294088824501238
vertex_7644,0.07154341450202087
vertex_7645,0.06355710233627307
vertex_7646,0.026304823548572182
vertex_7647,0.05104774699523197
vertex_7648,0.08108535585919222
vertex_7649,0.08040680679603991
vertex_7650,0.09636010982572632
vertex_7651,0.09974237016140193
vertex_7652,0.09018333643457957
vertex_7653,0.0808635985497061
vertex_7654,0.08072178541020335
vertex_7655,0.0994789206295345
vertex_7656,0.07824519379152016
vertex_7657,0.09311999178227551
vertex_7658,0.10213321345725297
vertex_7659,0.08752754804250026
vertex_7660,0.08858697278470799
vertex_7661,0.11069919209997071
vertex_7662,0.09714159457956746
vertex_7663,0.10461394666876661
vertex_7664,0.11243855532303958
vertex_7665,0.11531388367233573
vertex_7666,0.08446551583759239
vertex_7667,0.08217603597709994
vertex_7668,0.09998132437270736
vertex_7669,0.06805118038515409
vertex_7670,0.0477745665812627
vertex_7671,0.05231637183207628
vertex_7672,0.06846941385665313
vertex_7673,0.04588479015813607
vertex_7674,0.07025749253405209
vertex_7675,0.07773476046421142
vertex_7676,0.07179566807611708
vertex_7677,0.05172753987558888
vertex_7678,0.046794206808121894
vertex_7679,0.06996308740708651
vertex_7680,0.061419531124720296
vertex_7681,0.04864564069462561
vertex_7682,0.04064032865439808
vertex_7683,0.043760615435506516
vertex_7684,0.054510293612852374
vertex_7685,0.08434167778085075
vertex_7686,0.09987524237562109
vertex_7687,0.10297024272377706
vertex_7688,0.08888508713411532
vertex_7689,0.10935023411113648
vertex_7690,0.09707477961613371
vertex_7691,0.0953876945809118
vertex_7692,0.0901956981702461
vertex_7693,0.1171823588434763
vertex_7694,0.11459985199020442
vertex_7695,0.10388177085593213
vertex_7696,0.10752965845467542
vertex_7697,0.1093398964733914
vertex_7698,0.11406177171003462
vertex_7699,0.12481181891456691
vertex_7700,0.11064365436208731
vertex_7701,0.0620091319633472
vertex_7702,0.06910015291687271
vertex_7703,0.08734702260532695
vertex_7704,0.04983910455390534
vertex_7705,0.042364538136752665
vertex_7706,0.031160758739982197
vertex_7707,0.04027237614913706
vertex_7708,0.07435893433353069
vertex_7709,0.05825700880349802
vertex_7710,0.09930665094674931
vertex_7711,0.10291537967696039
vertex_7712,0.09820945290861689
vertex_7713,0.08060189354276223
vertex_7714,0.07356444276112811
vertex_7715,0.08151693601003233
vertex_7716,0.07930505912896203
vertex_7717,0.0781655452987034
vertex_7718,0.09513144376074448
vertex_7719,0.08931220469813311
vertex_7720,0.1045674978584813
vertex_7721,0.1196399359128045
vertex_7722,0.11281337758823339
vertex_7723,0.1081758261527162
vertex_7724,0.15988651842776602
vertex_7725,0.1611284694606935
vertex_7726,0.15605393322577332
vertex_7727,0.15185258065384527
vertex_7728,0.14294063955871328
vertex_7729,0.10961571026345063
vertex_7730,0.13893583746056323
vertex_7731,0.13926297920822275
vertex_7732,0.19825253475766033
vertex_7733,0.21906488300141297
vertex_7734,0.2064962441643236
vertex_7735,0.11870016084456565
vertex_7736,0.11912969479718101
vertex_7737,0.12894628214128687
vertex_7738,0.1498394895718368
vertex_7739,0.1377816879497641
vertex_7740,0.1277328892424484
vertex_7741,0.14370478840671166
vertex_7742,0.14824592597023523
vertex_7743,0.1367414253678113
vertex_7744,0.12287245902609145
vertex_7745,0.11041325277585834
vertex_7746,0.12911162917166888
vertex_7747,0.12584113708387099
vertex_7748,0.13179198855641738
vertex_7749,0.11856309326076683
vertex_7750,0.12066975752754364
vertex_7751,0.12280257210420376
vertex_7752,0.12087461200328244
vertex_7753,0.1508768179318464
vertex_7754,0.18140695211670818
vertex_7755,0.20262742263196692
vertex_7756,0.1455006864300503
vertex_7757,0.13159819082497368
vertex_7758,0.12675142504655487
vertex_7759,0.09870049038218104
vertex_7760,0.04455896354661306
vertex_7761,0.038826015408822474
vertex_7762,0.03502673555048803
vertex_7763,0.050541284140395604
vertex_7764,0.07394065385487464
vertex_7765,0.08384798581457549
vertex_7766,0.09762844950418101
vertex_7767,0.03582651760291998
vertex_7768,0.048266466053653534
vertex_7769,0.04852715750096412
vertex_7770,0.04251183509731006
vertex_7771,0.0664421538187486
vertex_7772,0.05716130166210705
vertex_7773,0.0629309778360431
vertex_7774,0.08359726658343798
vertex_7775,0.08516598249437692
vertex_7776,0.08760495732307513
vertex_7777,0.12278796115615483
vertex_7778,0.17011932513708128
vertex_7779,0.10453382040809038
vertex_7780,0.11018509243168054
vertex_7781,0.12536203068837282
vertex_7782,0.13699549308132358
vertex_7783,0.1339539311873856
vertex_7784,0.1456088937950566
vertex_7785,0.16010588765095488
vertex_7786,0.15247396166963495
vertex_7787,0.08222733327426988
vertex_7788,0.08723327201210132
vertex_7789,0.09366216093228483
vertex_7790,0.09067789599005015
vertex_7791,0.1316008195481447
vertex_7792,0.0985990406580302
vertex_7793,0.13254558747240952
vertex_7794,0.15719343316795162
vertex_7795,0.1445227956897413
vertex_7796,0.146841966067309
vertex_7797,0.15939257842830695
vertex_7798,0.1389529837422075
vertex_7799,0.13853171188187402
vertex_7800,0.1392575279442553
vertex_7801,0.15136512002570318
vertex_7802,0.14689576233044122
vertex_7803,0.16204368189350277
vertex_7804,0.1488096255927819
vertex_7805,0.13880969570018983
vertex_7806,0.1361712693052136
vertex_7807,0.1962792194572596
vertex_7808,0.22178025721428632
vertex_7809,0.23888162833855509
vertex_7810,0.2244003447434654
vertex_7811,0.23602409112771713
vertex_7812,0.3091445648064067
vertex_7813,0.2897223866282039
vertex_7814,0.30936235406897605
vertex_7815,0.3056967924238943
vertex_7816,0.310815424105467
vertex_7817,0.32004324283661373
vertex_7818,0.27856787779023984
vertex_7819,0.07521142369827932
vertex_7820,0.0856883545359204
vertex_7821,0.08373922472334347
vertex_7822,0.08086167316077243
vertex_7823,0.08092712382605542
vertex_7824,0.07824598776883578
vertex_7825,0.07752885847909413
vertex_7826,0.0730833326400074
vertex_7827,0.06753822594711315
vertex_7828,0.06106436064032417
vertex_7829,0.04391079246724987
vertex_7830,0.08803805318560949
vertex_7831,0.10268512141657742
vertex_7832,0.09970954745583839
vertex_7833,0.1159786934619767
vertex_7834,0.08593046920124865
vertex_7835,0.08152616312388808
vertex_7836,0.04302950190537256
vertex_7837,0.09019289186941175
vertex_7838,0.0747431456457852
vertex_7839,0.06937645180542813
vertex_7840,0.08134040490321845
vertex_7841,0.07417530161850591
vertex_7842,0.10547412651492939
vertex_7843,0.06588394628497149
vertex_7844,0.056027484479972696
vertex_7845,0.08867769702494044
vertex_7846,0.06941225139130405
vertex_7847,0.057873008775345805
vertex_7848,0.06467308634270458
vertex_7849,0.0681324713576376
vertex_7850,0.03413269937029075
vertex_7851,0.03641439076559742
vertex_7852,0.03657055372955739
vertex_7853,0.03624548535420938
vertex_7854,0.044350314484418896
vertex_7855,0.05744371208246703
vertex_7856,0.04559191158923543
vertex_7857,0.03448131979798022
vertex_7858,0.023221327485773956
vertex_7859,0.027465908557944747
vertex_7860,0.03560990194574435
vertex_7861,0.10525333981346054
vertex_7862,0.11086386445605402
vertex_7863,0.10298903931725686
vertex_7864,0.09509065338243215
vertex_7865,0.07971001415472105
vertex_7866,0.0813675161018558
vertex_7867,0.07253108357149415
vertex_7868,0.08658906484214447
vertex_7869,0.09314330101037634
vertex_7870,0.0990361120239235
vertex_7871,0.06742033766394233
vertex_7872,0.03062908554083419
vertex_7873,0.06979135548701952
vertex_7874,0.059333734378240625
vertex_7875,0.05842739674376064
vertex_7876,0.045528748392788844
vertex_7877,0.04235452245239393
vertex_7878,0.05270595779970564
vertex_7879,0.06453524636639167
vertex_7880,0.04813175291124128
vertex_7881,0.03975827550433711
vertex_7882,0.05416208313600939
vertex_7883,0.05867046893734276
vertex_7884,0.05763548316178586
vertex_7885,0.0684917232257401
vertex_7886,0.05778266477661145
vertex_7887,0.049870014683968227
vertex_7888,0.072958221162462
vertex_7889,0.042861074282061574
vertex_7890,0.04591735341931603
vertex_7891,0.04112737520030499
vertex_7892,0.027751275536102602
vertex_7893,0.07631063867024722
vertex_7894,0.07365057944929071
vertex_7895,0.06664720869217583
vertex_7896,0.0580750342766515
vertex_7897,0.04907673973037133
vertex_7898,0.038386816144551944
vertex_7899,0.047237056466645874
vertex_7900,0.055855001756815334
vertex_7901,0.03156505136034043
vertex_7902,0.039704766493561396
vertex_7903,0.03652223346966607
vertex_7904,0.04658530721867
vertex_7905,0.03683406404712537
vertex_7906,0.026246562929025965
vertex_7907,0.03657139400699087
vertex_7908,0.05084669284989632
vertex_7909,0.05358197893159307
vertex_7910,0.04879060905795724
vertex_7911,0.046208075176175624
vertex_7912,0.04576261941384501
vertex_7913,0.03657920443741572
vertex_7914,0.14281678261000189
vertex_7915,0.1737633908783888
vertex_7916,0.15117373384720506
vertex_7917,0.13682437028754116
vertex_7918,0.13377812929023672
vertex_7919,0.12108590422636654
vertex_7920,0.1378481771011345
vertex_7921,0.14346526187588793
vertex_7922,0.1558428190012249
vertex_7923,0.14076247089907243
vertex_7924,0.14729037864524555
vertex_7925,0.058350656262283494
vertex_7926,0.07051858704611987
vertex_7927,0.09755383506777597
vertex_7928,0.09051962481046279
vertex_7929,0.0910143043585315
vertex_7930,0.045583456683389284
vertex_7931,0.06820627485730148
vertex_7932,0.10164818130927261
vertex_7933,0.06457444892783366
vertex_7934,0.0868753362343326
vertex_7935,0.08799538123629817
vertex_7936,0.11156706538716057
vertex_7937,0.10404975844758466
vertex_7938,0.08285324932307711
vertex_7939,0.041741135099574216
vertex_7940,0.02674812207978814
vertex_7941,0.032726938962765004
vertex_7942,0.04694453726178887
vertex_7943,0.0730615348183363
vertex_7944,0.06325065141129665
vertex_7945,0.06100478479638264
vertex_7946,0.2083583746101691
vertex_7947,0.24857945373542548
vertex_7948,0.2662555143174996
vertex_7949,0.31267159255392857
vertex_7950,0.3704406234689088
vertex_7951,0.28714237899723866
vertex_7952,0.3504688995680463
vertex_7953,0.2608331785664017
vertex_7954,0.16733636002638208
vertex_7955,0.13808391130849715
vertex_7956,0.14397310835044758
vertex_7957,0.039038857007621795
vertex_7958,0.03540237813182516
vertex_7959,0.059372295090648536
vertex_7960,0.055625065245618804
vertex_7961,0.05562719804780165
vertex_7962,0.028119820839574112
vertex_7963,0.023057681198999543
vertex_7964,0.02474851289493026
vertex_7965,0.013890469992209258
vertex_7966,0.027763880124497996
vertex_7967,0.037963531746497935
vertex_7968,0.05397918478515466
vertex_7969,0.04936542017339478
vertex_7970,0.023564875230031663
vertex_7971,0.024698819493830834
vertex_7972,0.020137450432060687
vertex_7973,0.01987831498727741
vertex_7974,0.024741269782912058
vertex_7975,0.026933606279725544
vertex_7976,0.01863641871778571
vertex_7977,0.019205170372363366
vertex_7978,0.16328211087393024
vertex_7979,0.16210240275511484
vertex_7980,0.1205865750924833
vertex_7981,0.11811536973477747
vertex_7982,0.1310646243048081
vertex_7983,0.16976713993316475
vertex_7984,0.1647623736622235
vertex_7985,0.14999585001922738
vertex_7986,0.1896465684704011
vertex_7987,0.16676437756599616
vertex_7988,0.13721153587620047
vertex_7989,0.3525579438395381
vertex_7990,0.37676327691000666
vertex_7991,0.333798958211826
vertex_7992,0.29983470451471816
vertex_7993,0.29720620635038414
vertex_7994,0.24080815767720382
vertex_7995,0.2547085162343356
vertex_7996,0.2693654869542123
vertex_7997,0.2728371179289479
vertex_7998,0.26535144584001
vertex_7999,0.22779678344023685
vertex_8000,0.2431950933030192
vertex_8001,0.21640597473599166
vertex_8002,0.21163080645917945
vertex_8003,0.16996267393803166
vertex_8004,0.21827844275106711
vertex_8005,0.20374278919700045
vertex_8006,0.21088200596146003
vertex_8007,0.2218005124120456
vertex_8008,0.17310101581339637
vertex_8009,0.18131155976605204
vertex_8010,0.01635612633597565
vertex_8011,0.017224087564753007
vertex_8012,0.019017749278641843
vertex_8013,0.03821188289309706
vertex_8014,0.04943758802135849
vertex_8015,0.044149396283938346
vertex_8016,0.04616781780041006
vertex_8017,0.03929504264934866
vertex_8018,0.0572680356497684
vertex_8019,0.09839169733636167
vertex_8020,0.10364790061078667
vertex_8021,0.09190230669353444
vertex_8022,0.058227808515003504
vertex_8023,0.07746179831147645
vertex_8024,0.06648792759554281
vertex_8025,0.05411657679361646
vertex_8026,0.04707709069714794
vertex_8027,0.04639575859672226
vertex_8028,0.04731452364259494
vertex_8029,0.03668586827413981
vertex_8030,0.03857483972571684
vertex_8031,0.038477469169968935
vertex_8032,0.043179710688842785
vertex_8033,0.07209899579491033
vertex_8034,0.09292887967252421
vertex_8035,0.07997007088426858
vertex_8036,0.08654693151837171
vertex_8037,0.0750054112345264
vertex_8038,0.08024880177068204
vertex_8039,0.11594907617185182
vertex_8040,0.1255436823429591
vertex_8041,0.13270081030216643
vertex_8042,0.052421770983869714
vertex_8043,0.045846535983081825
vertex_8044,0.05849453753952251
vertex_8045,0.059015577967595045
vertex_8046,0.07785396496136167
vertex_8047,0.07240196302520194
vertex_8048,0.06646058303153685
vertex_8049,0.08440375678803992
vertex_8050,0.06625376316397032
vertex_8051,0.11108976329539766
vertex_8052,0.11465510647955496
vertex_8053,0.07405202286615842
vertex_8054,0.07958245259688454
vertex_8055,0.0728344494598987
vertex_8056,0.10397369915780007
vertex_8057,0.08824395808950448
vertex_8058,0.0846271641867839
vertex_8059,0.09626450431980965
vertex_8060,0.10563070994450573
vertex_8061,0.11502467455935063
vertex_8062,0.11822885318465712
vertex_8063,0.08800699611421416
vertex_8064,0.08320196851028074
vertex_8065,0.11064660460800362
vertex_8066,0.07225110366298577
vertex_8067,0.060360230337509056
vertex_8068,0.07332291266727203
vertex_8069,0.04675145788432414
vertex_8070,0.043325541205391074
vertex_8071,0.044837790691469835
vertex_8072,0.043303772726550414
vertex_8073,0.045236276198119416
vertex_8074,0.03430804702378817
vertex_8075,0.04123706061249466
vertex_8076,0.04214359765450958
vertex_8077,0.04964830061897002
vertex_8078,0.04642547859445156
vertex_8079,0.05192236868795308
vertex_8080,0.04970750463294205
vertex_8081,0.05492148485487731
vertex_8082,0.039378911255439464
vertex_8083,0.04167869139170769
vertex_8084,0.05262915523959037
vertex_8085,0.04877230450237118
vertex_8086,0.045944699305171637
vertex_8087,0.05752488570512638
vertex_8088,0.05825662683950758
vertex_8089,0.044380648373398696
vertex_8090,0.040536531599644314
vertex_8091,0.04459376717041943
vertex_8092,0.05485416383133231
vertex_8093,0.046805176821236735
vertex_8094,0.06488029283195916
vertex_8095,0.06074714473010515
vertex_8096,0.04833817720116783
vertex_8097,0.0500268882392197
vertex_8098,0.05948685839388442
vertex_8099,0.05595274385632846
vertex_8100,0.06803954055905233
vertex_8101,0.04965853584802116
vertex_8102,0.06296166543698486
vertex_8103,0.07028181435657156
vertex_8104,0.05935788451208633
vertex_8105,0.08030703927098663
vertex_8106,0.0453813524918272
vertex_8107,0.04224751384023016
vertex_8108,0.045382334575223844
vertex_8109,0.033760109929445906
vertex_8110,0.04860300215188873
vertex_8111,0.040907295551644456
vertex_8112,0.045383056529824696
vertex_8113,0.0495800868110769
vertex_8114,0.04815130522538521
vertex_8115,0.04431285785902657
vertex_8116,0.03954485831014755
vertex_8117,0.04428788039756088
vertex_8118,0.044408540317312714
vertex_8119,0.052127190122863466
vertex_8120,0.05307492806413453
vertex_8121,0.03904668189387896
vertex_8122,0.035947678270145236
vertex_8123,0.04491913725233588
vertex_8124,0.0521647658793176
vertex_8125,0.05748293561492844
vertex_8126,0.04369193272683167
vertex_8127,0.046751110262580775
vertex_8128,0.046877425978122424
vertex_8129,0.03109924073087184
vertex_8130,0.037945978052910424
vertex_8131,0.026159512568831016
vertex_8132,0.04511541794260688
vertex_8133,0.03647178145919431
vertex_8134,0.050063496672874956
vertex_8135,0.058591396423530714
vertex_8136,0.05102604633975488
vertex_8137,0.04690716527265945
vertex_8138,0.04840243162302697
vertex_8139,0.044263682120926344
vertex_8140,0.06609885625973148
vertex_8141,0.0866123924737813
vertex_8142,0.07757342641667728
vertex_8143,0.0728685295312083
vertex_8144,0.07212866717113756
vertex_8145,0.06117163559988168
vertex_8146,0.05504678368296043
vertex_8147,0.04299891974957104
vertex_8148,0.03409287475527297
vertex_8149,0.029627345636640327
vertex_8150,0.03670832369177462
vertex_8151,0.03112435535673619
vertex_8152,0.04029106031158261
vertex_8153,0.05242921539930326
vertex_8154,0.05688904566615064
vertex_8155,0.04806277216359681
vertex_8156,0.0671492570703803
vertex_8157,0.07864060712565737
vertex_8158,0.0831194286039856
vertex_8159,0.07222967967805455
vertex_8160,0.07820212435923153
vertex_8161,0.07773564981447043
vertex_8162,0.08595597664750391
vertex_8163,0.0790996291489557
vertex_8164,0.0743488243076651
vertex_8165,0.14852985137527927
vertex_8166,0.14807067819224584
vertex_8167,0.1375902097071565
vertex_8168,0.10234011500907442
vertex_8169,0.12479311243112985
vertex_8170,0.13819081290581603
vertex_8171,0.13340968861164287
vertex_8172,0.11226192160684016
vertex_8173,0.09148653001989158
vertex_8174,0.11167255894208272
vertex_8175,0.11223955527409975
vertex_8176,0.09928193639823349
vertex_8177,0.08369695679113012
vertex_8178,0.09481194916121986
vertex_8179,0.0895716416069163
vertex_8180,0.07687289580766511
vertex_8181,0.05866441405026374
vertex_8182,0.02831024072274657
vertex_8183,0.028637421154085876
vertex_8184,0.0252897215021313
vertex_8185,0.05218274761319532
vertex_8186,0.06101241199263647
vertex_8187,0.10086792863429837
vertex_8188,0.0576463351036467
vertex_8189,0.05620448745766967
vertex_8190,0.06272162589514362
vertex_8191,0.07239178832559304
vertex_8192,0.10659964673696865
vertex_8193,0.07778993657539991
vertex_8194,0.07346075113179551
vertex_8195,0.06141358337618374
vertex_8196,0.07677518594061156
vertex_8197,0.07517446993095235
vertex_8198,0.1020914857886015
vertex_8199,0.10598471918840909
vertex_8200,0.12086084212112239
vertex_8201,0.13805105956587138
vertex_8202,0.12606479029438492
vertex_8203,0.15040577723474907
vertex_8204,0.1354640788822321
vertex_8205,0.10145178618535498
vertex_8206,0.10166353892298179
vertex_8207,0.10036867182076743
vertex_8208,0.08930335469222397
vertex_8209,0.09021935284532766
vertex_8210,0.08309277519402196
vertex_8211,0.03619673721394979
vertex_8212,0.05139545112707506
vertex_8213,0.05104707368085924
vertex_8214,0.03239388190686417
vertex_8215,0.03824849331910284
vertex_8216,0.05778217447953401
vertex_8217,0.03932919214514701
vertex_8218,0.03518723620556588
vertex_8219,0.055809057186393125
vertex_8220,0.06331582441435778
vertex_8221,0.07469483646779182
vertex_8222,0.08127084931255792
vertex_8223,0.06328442298742684
vertex_8224,0.052576084802083846
vertex_8225,0.08008105213789368
vertex_8226,0.07849437606600564
vertex_8227,0.06046852745068884
vertex_8228,0.09320866742234538
vertex_8229,0.07534545042627498
vertex_8230,0.06541955853377003
vertex_8231,0.033735789506437706
vertex_8232,0.0395408704555069
vertex_8233,0.03944411306641827
vertex_8234,0.05070659893977246
vertex_8235,0.041513119785218544
vertex_8236,0.03766218739940126
vertex_8237,0.042986261741709636
vertex_8238,0.04994197869735358
vertex_8239,0.09985804370870835
vertex_8240,0.10641253659064916
vertex_8241,0.07493656640987742
vertex_8242,0.06685846102847857
vertex_8243,0.06507962160762851
vertex_8244,0.040166961222325645
vertex_8245,0.04919401861669451
vertex_8246,0.07899401452272234
vertex_8247,0.0911966047712764
vertex_8248,0.07483266131722924
vertex_8249,0.05257216043997602
vertex_8250,0.06680641105714888
vertex_8251,0.10360535550057925
vertex_8252,0.0991368984525108
vertex_8253,0.12310488550640071
vertex_8254,0.11742813220165713
vertex_8255,0.10049298997161783
vertex_8256,0.08019813029920721
vertex_8257,0.06917777220427415
vertex_8258,0.05001079084716302
vertex_8259,0.04564020416393781
vertex_8260,0.08025273860006861
vertex_8261,0.07514446733214157
vertex_8262,0.08440670120699285
vertex_8263,0.05499566983818805
vertex_8264,0.06595242630856717
vertex_8265,0.05241829073044363
vertex_8266,0.028399123542036518
vertex_8267,0.05882670033203537
vertex_8268,0.06411569199519272
vertex_8269,0.04688132631741408
vertex_8270,0.03152880636796997
vertex_8271,0.034847494934290735
vertex_8272,0.05016486737398468
vertex_8273,0.055242751050900096
vertex_8274,0.05308800500924626
vertex_8275,0.06472921809939201
vertex_8276,0.06538497572826707
vertex_8277,0.039430821439149714
vertex_8278,0.05888755432418544
vertex_8279,0.05611589621417671
vertex_8280,0.05713545320743907
vertex_8281,0.05403873870693424
vertex_8282,0.03727768170597448
vertex_8283,0.036155985598311374
vertex_8284,0.04058391567054351
vertex_8285,0.05980753064477271
vertex_8286,0.06296504028784566
vertex_8287,0.06329346611959953
vertex_8288,0.06531427910447156
vertex_8289,0.04825314645866379
vertex_8290,0.06866970088296155
vertex_8291,0.07493246652688132
vertex_8292,0.08363340678456846
vertex_8293,0.08494451803674566
vertex_8294,0.10866071982958167
vertex_8295,0.08914975597370631
vertex_8296,0.07784029960279965
vertex_8297,0.07002753030321687
vertex_8298,0.047593168685686964
vertex_8299,0.06355449122730387
vertex_8300,0.05356607681771589
vertex_8301,0.0536555557842308
vertex_8302,0.05020536716033158
vertex_8303,0.0484440597924659
vertex_8304,0.04351498542914889
vertex_8305,0.04556991257120825
vertex_8306,0.05600204190882319
vertex_8307,0.037877203180828226
vertex_8308,0.039148277984638116
vertex_8309,0.032865390178546165
vertex_8310,0.02668443475006439
vertex_8311,0.03053556232871407
vertex_8312,0.04065697764143674
vertex_8313,0.051811270614539905
vertex_8314,0.056264991766389105
vertex_8315,0.057874527781632885
vertex_8316,0.06133898469308649
vertex_8317,0.06485013873361636
vertex_8318,0.06130501360418152
vertex_8319,0.04462347256495235
vertex_8320,0.05539821944741278
vertex_8321,0.05305594340502282
vertex_8322,0.046798451359570094
vertex_8323,0.04595645735561815
vertex_8324,0.11546951513656765
vertex_8325,0.11190063815974659
vertex_8326,0.10501606146851042
vertex_8327,0.11511667096106326
vertex_8328,0.1448573987375269
vertex_8329,0.10236520986140825
vertex_8330,0.13516667203489996
vertex_8331,0.14638504007031042
vertex_8332,0.1330749826546201
vertex_8333,0.15124411526797404
vertex_8334,0.1356352719965564
vertex_8335,0.046470837477051705
vertex_8336,0.06733862909489514
vertex_8337,0.08799304627556685
vertex_8338,0.09007061120921878
vertex_8339,0.14338597749760898
vertex_8340,0.08283554867669303
vertex_8341,0.10158757653441731
vertex_8342,0.11424651949725441
vertex_8343,0.12438024719219198
vertex_8344,0.1332172902647389
vertex_8345,0.14325344270286172
vertex_8346,0.1454273572081984
vertex_8347,0.11345097662577379
vertex_8348,0.12455173437757275
vertex_8349,0.1284210655698313
vertex_8350,0.14979405480664904
vertex_8351,0.1396141498997267
vertex_8352,0.11879589272308154
vertex_8353,0.0732449313581787
vertex_8354,0.0648971354340601
vertex_8355,0.05427929523789002
vertex_8356,0.042298566825757423
vertex_8357,0.04877547015151876
vertex_8358,0.06809043667074069
vertex_8359,0.05919920926292661
vertex_8360,0.05694597920354773
vertex_8361,0.054472108984966204
vertex_8362,0.05734770153779532
vertex_8363,0.05037743031618528
vertex_8364,0.10557450380232278
vertex_8365,0.10891769121263574
vertex_8366,0.07074778192693691
vertex_8367,0.09064191801737403
vertex_8368,0.06947711073050977
vertex_8369,0.0632447403642134
vertex_8370,0.05236379857089672
vertex_8371,0.04632239090600645
vertex_8372,0.035989827674855236
vertex_8373,0.03668099232250026
vertex_8374,0.06544384613704803
vertex_8375,0.08050979040994524
vertex_8376,0.08335782543495653
vertex_8377,0.08989931593210543
vertex_8378,0.08537337688517076
vertex_8379,0.06974565716344577
vertex_8380,0.09809629007833252
vertex_8381,0.12741723376368191
vertex_8382,0.12628024370447702
vertex_8383,0.13014896838454193
vertex_8384,0.12478671661869949
vertex_8385,0.13054628983252203
vertex_8386,0.1075455043060608
vertex_8387,0.12618721630544477
vertex_8388,0.1041898766019039
vertex_8389,0.1092183685434341
vertex_8390,0.13249882664673324
vertex_8391,0.21119461754447377
vertex_8392,0.10867268957074117
vertex_8393,0.09116525632678117
vertex_8394,0.0938061266669728
vertex_8395,0.11846679845719138
vertex_8396,0.11660265556750211
vertex_8397,0.0944435955115449
vertex_8398,0.1728623312188254
vertex_8399,0.2100605713796488
vertex_8400,0.21141360373133142
vertex_8401,0.19640196206393348
vertex_8402,0.21006693934646248
vertex_8403,0.22980441949254826
vertex_8404,0.27671525300367555
vertex_8405,0.29286219115275575
vertex_8406,0.24669726961101257
vertex_8407,0.2653744738557269
vertex_8408,0.25481806828079473
vertex_8409,0.24412912746069382
vertex_8410,0.05160340220422805
vertex_8411,0.07487156840593033
vertex_8412,0.06287476977185764
vertex_8413,0.061948821218304216
vertex_8414,0.10128503920662385
vertex_8415,0.09728509887855936
vertex_8416,0.09509533157241276
vertex_8417,0.09147165473661728
vertex_8418,0.08946293642593471
vertex_8419,0.08853737816194387
vertex_8420,0.07824352506515048
vertex_8421,0.08112749358305474
vertex_8422,0.08768898806099823
vertex_8423,0.09127702824381699
vertex_8424,0.06273826712080446
vertex_8425,0.07301012200445844
vertex_8426,0.07733086867165379
vertex_8427,0.07056879244085171
vertex_8428,0.06798003805144325
vertex_8429,0.07618046569668592
vertex_8430,0.08808914036668986
vertex_8431,0.046458546416601715
vertex_8432,0.043879435760490006
vertex_8433,0.06275547030168843
vertex_8434,0.05463975845702319
vertex_8435,0.05205614329360503
vertex_8436,0.0688900995686008
vertex_8437,0.120971859633552
vertex_8438,0.039687441878385896
vertex_8439,0.04427769070008627
vertex_8440,0.04393928242138828
vertex_8441,0.03643343232664377
vertex_8442,0.04105360171551928
vertex_8443,0.06184683558501983
vertex_8444,0.047106794334301476
vertex_8445,0.036424838524403896
vertex_8446,0.03578122110065774
vertex_8447,0.04153552480405541
vertex_8448,0.07085002708219106
vertex_8449,0.04640049466295921
vertex_8450,0.03853350803922012
vertex_8451,0.04910307654654206
vertex_8452,0.043311839522685046
vertex_8453,0.043057608571539605
vertex_8454,0.04978852993108568
vertex_8455,0.03910510181980149
vertex_8456,0.05208105847477523
vertex_8457,0.09526806346400836
vertex_8458,0.10140339242913997
vertex_8459,0.10581347919399808
vertex_8460,0.11552169734713522
vertex_8461,0.047960587137941796
vertex_8462,0.08064582006259433
vertex_8463,0.10908735794694739
vertex_8464,0.07247022936842332
vertex_8465,0.052469175022245004
vertex_8466,0.04457584954096257
vertex_8467,0.020190985743815084
vertex_8468,0.02952363075896288
vertex_8469,0.023633389128516542
vertex_8470,0.025709746677936206
vertex_8471,0.03735718565486576
vertex_8472,0.02077961936689272
vertex_8473,0.027952845512543487
vertex_8474,0.02285158800491934
vertex_8475,0.023742483753896163
vertex_8476,0.02770869569417101
vertex_8477,0.040158498873956554
vertex_8478,0.018544788259565896
vertex_8479,0.020080278328642044
vertex_8480,0.038456894413579384
vertex_8481,0.02691168499447957
vertex_8482,0.025658834561774677
vertex_8483,0.03174874733734221
vertex_8484,0.029011663573237183
vertex_8485,0.036232301556445336
vertex_8486,0.04449474786729512
vertex_8487,0.06668712814167876
vertex_8488,0.07633908712598812
vertex_8489,0.07206214282704657
vertex_8490,0.04165085556791736
vertex_8491,0.04390628930005828
vertex_8492,0.07515272053945078
vertex_8493,0.04187939723841017
vertex_8494,0.024872443381931383
vertex_8495,0.030040169546752787
vertex_8496,0.0445561717738433
vertex_8497,0.04153920479752712
vertex_8498,0.045645489769293834
vertex_8499,0.03705146332261984
vertex_8500,0.04325110888880485
vertex_8501,0.03115939219937476
vertex_8502,0.043083503338216846
vertex_8503,0.036463712508716856
vertex_8504,0.050790601424909286
vertex_8505,0.06828619957832634
vertex_8506,0.0719370406348621
vertex_8507,0.052353181103818584
vertex_8508,0.042077151771972486
vertex_8509,0.04496668994531942
vertex_8510,0.04288312938332444
vertex_8511,0.04441687104139675
vertex_8512,0.03645039724917191
vertex_8513,0.0415232720142881
vertex_8514,0.07153131409070132
vertex_8515,0.058473464543092324
vertex_8516,0.07227796114031967
vertex_8517,0.055412029819470895
vertex_8518,0.07525786085152304
vertex_8519,0.0776888462851956
vertex_8520,0.07679371556545408
vertex_8521,0.10412932776823082
vertex_8522,0.08665143473488296
vertex_8523,0.07594488931354158
vertex_8524,0.07441539777013585
vertex_8525,0.0974595291798092
vertex_8526,0.07026362853721022
vertex_8527,0.07355587068773037
vertex_8528,0.059886988998656035
vertex_8529,0.04268049250025571
vertex_8530,0.07400820532353863
vertex_8531,0.05418911655136885
vertex_8532,0.041688754820427755
vertex_8533,0.03440419009739822
vertex_8534,0.04086927831586642
vertex_8535,0.04360486473333115
vertex_8536,0.12232084043093827
vertex_8537,0.13378169341613194
vertex_8538,0.12677762010015445
vertex_8539,0.11351928566614386
vertex_8540,0.10663493562295559
vertex_8541,0.11885436529452717
vertex_8542,0.03920233625119134
vertex_8543,0.03787598663902544
vertex_8544,0.03942116972024456
vertex_8545,0.041323162504909056
vertex_8546,0.029667036077047033
vertex_8547,0.04109004221646524
vertex_8548,0.08810347987405204
vertex_8549,0.07033532204687473
vertex_8550,0.0535519123509808
vertex_8551,0.07362328730415109
vertex_8552,0.07162139076794088
vertex_8553,0.07561541357272905
vertex_8554,0.2825905533060269
vertex_8555,0.28633109721886474
vertex_8556,0.28810925355652384
vertex_8557,0.3063454883041999
vertex_8558,0.3130230428709945
vertex_8559,0.2571160911205417
vertex_8560,0.2558957896376599
vertex_8561,0.20606738375065392
vertex_8562,0.3268047332029489
vertex_8563,0.36431515010842724
vertex_8564,0.3339345456634982
vertex_8565,0.19490977170029034
vertex_8566,0.1497339991460879
vertex_8567,0.1234421831976133
vertex_8568,0.12220835484380786
vertex_8569,0.2093000401386219
vertex_8570,0.30759616663962874
vertex_8571,0.37303388596795384
vertex_8572,0.3244104039938639
vertex_8573,0.3089115883180912
vertex_8574,0.33500853587451856
vertex_8575,0.3212903865898163
vertex_8576,0.3545630348565565
vertex_8577,0.28132453918627826
vertex_8578,0.3362510487455275
vertex_8579,0.26550140182981175
vertex_8580,0.16343497235250806
vertex_8581,0.2219238316734356
vertex_8582,0.20505062076694727
vertex_8583,0.04091203918445434
vertex_8584,0.03358834559720508
vertex_8585,0.029127249239809305
vertex_8586,0.03445035630036161
vertex_8587,0.039348510157403906
vertex_8588,0.03729046960870636
vertex_8589,0.03124836968536275
vertex_8590,0.027602859133155917
vertex_8591,0.03674576069200418
vertex_8592,0.054432149227136406
vertex_8593,0.06494963625743529
vertex_8594,0.0595841594077576
vertex_8595,0.06212027727467227
vertex_8596,0.06421052273057337
vertex_8597,0.08420034871251046
vertex_8598,0.07520922716884113
vertex_8599,0.07707313490187809
vertex_8600,0.08177096096274564
vertex_8601,0.08173970111590625
vertex_8602,0.10140030838332997
vertex_8603,0.09944939499228383
vertex_8604,0.10448279425890498
vertex_8605,0.11277970580763447
vertex_8606,0.09510849538953293
vertex_8607,0.12242029962337989
vertex_8608,0.09486830570806881
vertex_8609,0.09822374679350705
vertex_8610,0.11361976731082954
vertex_8611,0.1177234514377608
vertex_8612,0.07566568259779273
vertex_8613,0.06902000480961612
vertex_8614,0.06303867766645917
vertex_8615,0.05034890003547043
vertex_8616,0.06575326393878193
vertex_8617,0.052261080903932396
vertex_8618,0.06948037888561565
vertex_8619,0.07738519645310578
vertex_8620,0.07200230550949219
vertex_8621,0.0721972614550467
vertex_8622,0.08187825572322584
vertex_8623,0.06037042019446477
vertex_8624,0.08090457260459924
vertex_8625,0.08423610944121682
vertex_8626,0.09760232662009624
vertex_8627,0.07030817597053131
vertex_8628,0.06572687046072948
vertex_8629,0.06326312989249491
vertex_8630,0.07082815455047324
vertex_8631,0.08410074301013032
vertex_8632,0.0875384802202902
vertex_8633,0.104111123008165
vertex_8634,0.10244661808116456
vertex_8635,0.11941508071036698
vertex_8636,0.09699448960488258
vertex_8637,0.07750067574832648
vertex_8638,0.07343765807515491
vertex_8639,0.06511145846288885
vertex_8640,0.06555555950545175
vertex_8641,0.07537498213265663
vertex_8642,0.0752656529432412
vertex_8643,0.09377698346925817
vertex_8644,0.11427288673153699
vertex_8645,0.1128701844447321
vertex_8646,0.10647379397886841
vertex_8647,0.10290987519762804
vertex_8648,0.08490592638107329
vertex_8649,0.08576429494935187
vertex_8650,0.08611090423736194
vertex_8651,0.07351372573656403
vertex_8652,0.09551373774105172
vertex_8653,0.09240081587863515
vertex_8654,0.10162620685738867
vertex_8655,0.10768635833912894
vertex_8656,0.11392850700022614
vertex_8657,0.09638006886312936
vertex_8658,0.08364045125073571
vertex_8659,0.10317596338488803
vertex_8660,0.11755021086277069
vertex_8661,0.06220471010186012
vertex_8662,0.051614853572924564
vertex_8663,0.046847056879751256
vertex_8664,0.05287879476328449
vertex_8665,0.055580674527227446
vertex_8666,0.0680956050142712
vertex_8667,0.08278577973027297
vertex_8668,0.080486875476722
vertex_8669,0.05401322156615922
vertex_8670,0.04217869749668945
vertex_8671,0.05572513079244337
vertex_8672,0.04535150877658351
vertex_8673,0.03949608145395992
vertex_8674,0.0402631601734627
vertex_8675,0.061886184554794436
vertex_8676,0.06161745119687048
vertex_8677,0.03682276403284153
vertex_8678,0.046066353815071306
vertex_8679,0.06832366087895093
vertex_8680,0.06714316283159646
vertex_8681,0.07911311210517816
vertex_8682,0.06969367431004019
vertex_8683,0.07179080810129342
vertex_8684,0.06950844493382234
vertex_8685,0.05920928541111826
vertex_8686,0.08043407861840983
vertex_8687,0.11183968800477154
vertex_8688,0.10543333890138906
vertex_8689,0.13069885770275946
vertex_8690,0.11246400191793224
vertex_8691,0.11647185351207817
vertex_8692,0.12291285274544357
vertex_8693,0.11818209785762589
vertex_8694,0.10254763766737686
vertex_8695,0.06306540403820643
vertex_8696,0.06871938948268337
vertex_8697,0.060936202132717755
vertex_8698,0.08208304647873661
vertex_8699,0.09666769287061444
vertex_8700,0.09926684668798115
vertex_8701,0.10338439765107363
vertex_8702,0.10251068691728427
vertex_8703,0.10404755647276213
vertex_8704,0.1072798404830494
vertex_8705,0.09874452467280767
vertex_8706,0.10617516093887958
vertex_8707,0.09213281272867443
vertex_8708,0.10186836660639642
vertex_8709,0.11928937979869308
vertex_8710,0.12021605527905915
vertex_8711,0.11396926880978038
vertex_8712,0.1246462274284535
vertex_8713,0.12007374645580031
vertex_8714,0.10688883466769754
vertex_8715,0.13140730761459168
vertex_8716,0.1294987456550984
vertex_8717,0.08194588101394201
vertex_8718,0.08094033732105184
vertex_8719,0.09892318466988556
vertex_8720,0.08866352646917365
vertex_8721,0.09320117603312267
vertex_8722,0.080003982971421
vertex_8723,0.06980217080156313
vertex_8724,0.04350330902611089
vertex_8725,0.0625193860570336
vertex_8726,0.06478057720090573
vertex_8727,0.04021446315312334
vertex_8728,0.060614974339835856
vertex_8729,0.07711703092518853
vertex_8730,0.0817143095568941
vertex_8731,0.09985861256668241
vertex_8732,0.07235131489671622
vertex_8733,0.03636333397950597
vertex_8734,0.039447645030623875
vertex_8735,0.04353724389921586
vertex_8736,0.03358079173133653
vertex_8737,0.04104152657636179
vertex_8738,0.04058081396564025
vertex_8739,0.060674771753072315
vertex_8740,0.06858501269157863
vertex_8741,0.07259867930822243
vertex_8742,0.07126136707173317
vertex_8743,0.07861753259223984
vertex_8744,0.07275463921624926
vertex_8745,0.05517687488651848
vertex_8746,0.05679071361059303
vertex_8747,0.07346988475987985
vertex_8748,0.07297366512872142
vertex_8749,0.0800418266040769
vertex_8750,0.07889054003055804
vertex_8751,0.07154356829076286
vertex_8752,0.05615567773931374
vertex_8753,0.04583891213869721
vertex_8754,0.03495939798615979
vertex_8755,0.040785245294236425
vertex_8756,0.04136258612384798
vertex_8757,0.04710254853975318
vertex_8758,0.052791780995646735
vertex_8759,0.051310168023542574
vertex_8760,0.03585735866897139
vertex_8761,0.040121812595260174
vertex_8762,0.033797393964707816
vertex_8763,0.038946159257168336
vertex_8764,0.03714169109489674
vertex_8765,0.029254702520211902
vertex_8766,0.027910212406033107
vertex_8767,0.04914296688753533
vertex_8768,0.04673789900519835
vertex_8769,0.042348883208902316
vertex_8770,0.036527639848435246
vertex_8771,0.034573730792923064
vertex_8772,0.04288477578529045
vertex_8773,0.04480102762100308
vertex_8774,0.04149863252624943
vertex_8775,0.05047059354760782
vertex_8776,0.05876395767043514
vertex_8777,0.17801661705727226
vertex_8778,0.16913081956164758
vertex_8779,0.20157995168740128
vertex_8780,0.18970242939737642
vertex_8781,0.17194490216290606
vertex_8782,0.15331364518083282
vertex_8783,0.174306806218192
vertex_8784,0.16033545466224042
vertex_8785,0.17324548709254592
vertex_8786,0.17269445981180329
vertex_8787,0.16685115727859826
vertex_8788,0.1068654959250012
vertex_8789,0.139211348974935
vertex_8790,0.16533017949251136
vertex_8791,0.11174341103737725
vertex_8792,0.17110204282244248
vertex_8793,0.21971550516047914
vertex_8794,0.19620236953171383
vertex_8795,0.17397040142020795
vertex_8796,0.15575608555003703
vertex_8797,0.17054582794974252
vertex_8798,0.1761806763373327
vertex_8799,0.16670584682640657
vertex_8800,0.16537795905297478
vertex_8801,0.15486708920673248
vertex_8802,0.15841835708871901
vertex_8803,0.1521390895804336
vertex_8804,0.13334869862638346
vertex_8805,0.11096135045489615
vertex_8806,0.07166372123726197
vertex_8807,0.07176273498370862
vertex_8808,0.06401763526564622
vertex_8809,0.07490868398207763
vertex_8810,0.0768350777288183
vertex_8811,0.06783920366577258
vertex_8812,0.08759154930187853
vertex_8813,0.15868337081610828
vertex_8814,0.12970914746903012
vertex_8815,0.14897983971039314
vertex_8816,0.13381704711267653
vertex_8817,0.14942672366845333
vertex_8818,0.17288154520126206
vertex_8819,0.18273201458864008
vertex_8820,0.17763130626494478
vertex_8821,0.1660263421746766
vertex_8822,0.12105646748915513
vertex_8823,0.1306922236919531
vertex_8824,0.12464582977524721
vertex_8825,0.1044857787621821
vertex_8826,0.11398357562580978
vertex_8827,0.0828276068620555
vertex_8828,0.09490852857318333
vertex_8829,0.11809087706408582
vertex_8830,0.1019487103035083
vertex_8831,0.09834822262843256
vertex_8832,0.09254532368267232
vertex_8833,0.07722638571034698
vertex_8834,0.06343397181066217
vertex_8835,0.05367211572943118
vertex_8836,0.07556665316120745
vertex_8837,0.06884012285912855
vertex_8838,0.057285184050883495
vertex_8839,0.06595388796777692
vertex_8840,0.0746116276621478
vertex_8841,0.07297686788307686
vertex_8842,0.12755442739708978
vertex_8843,0.09029166028554655
vertex_8844,0.048600667928166426
vertex_8845,0.10621946583559183
vertex_8846,0.054443784805108655
vertex_8847,0.05384920687727833
vertex_8848,0.05737238929310357
vertex_8849,0.0653913333503942
vertex_8850,0.06458883180236531
vertex_8851,0.05213773015301262
vertex_8852,0.048984593348405124
vertex_8853,0.05635195740690957
vertex_8854,0.05875960074695806
vertex_8855,0.059759613611598816
vertex_8856,0.06898675216054383
vertex_8857,0.07239783659862865
vertex_8858,0.06847999160773323
vertex_8859,0.04249323772761763
vertex_8860,0.04274710091374785
vertex_8861,0.04482175680921945
vertex_8862,0.043597251267795616
vertex_8863,0.0551923626260204
vertex_8864,0.036402829605545334
vertex_8865,0.04945105826612049
vertex_8866,0.05468812513901493
vertex_8867,0.05959632632276592
vertex_8868,0.0431318646391735
vertex_8869,0.05629935441578104
vertex_8870,0.03522398747735155
vertex_8871,0.03497017122604106
vertex_8872,0.04958187940438025
vertex_8873,0.059811618640957985
vertex_8874,0.052266770399296836
vertex_8875,0.04603053332866532
vertex_8876,0.041093801646514425
vertex_8877,0.04522938552299395
vertex_8878,0.06301015496430198
vertex_8879,0.06041148572452094
vertex_8880,0.05864021894405014
vertex_8881,0.066428015324485
vertex_8882,0.06734885183371198
vertex_8883,0.05918362615496016
vertex_8884,0.06638332910196099
vertex_8885,0.06990395379077859
vertex_8886,0.0794724088539277
vertex_8887,0.041886648839005974
vertex_8888,0.04364358521004422
vertex_8889,0.0282229384493153
vertex_8890,0.05004835825852639
vertex_8891,0.029724394738138964
vertex_8892,0.04397664066476541
vertex_8893,0.05684659729117183
vertex_8894,0.052819753203075144
vertex_8895,0.05069469270502628
vertex_8896,0.05093660461227597
vertex_8897,0.04587855836841057
vertex_8898,0.04497201170480398
vertex_8899,0.05784830329900535
vertex_8900,0.05258884917285179
vertex_8901,0.07028752010534678
vertex_8902,0.07613739113640579
vertex_8903,0.06821903506323615
vertex_8904,0.06241575421094685
vertex_8905,0.05796336964563637
vertex_8906,0.06402526024540388
vertex_8907,0.054977377137274026
vertex_8908,0.06331368479232925
vertex_8909,0.06320299247691949
vertex_8910,0.06007334869117766
vertex_8911,0.06236562054118283
vertex_8912,0.058975634851464794
vertex_8913,0.049915461459181916
vertex_8914,0.028309484429415933
vertex_8915,0.0348771914465125
vertex_8916,0.03739919980931312
vertex_8917,0.03779391383257994
vertex_8918,0.021067901460542486
vertex_8919,0.033786402597103936
vertex_8920,0.05101996874240748
vertex_8921,0.09990915616959348
vertex_8922,0.09024787220860112
vertex_8923,0.08115413879672902
vertex_8924,0.06555275949172809
vertex_8925,0.1069891206528817
vertex_8926,0.10708275790704364
vertex_8927,0.11887479216902987
vertex_8928,0.11127701482328611
vertex_8929,0.10796694959710665
vertex_8930,0.09637202279496833
vertex_8931,0.07918749765305765
vertex_8932,0.08221246448385126
vertex_8933,0.07613246162031541
vertex_8934,0.07346881147563075
vertex_8935,0.05833670455538953
vertex_8936,0.04980595537645796
vertex_8937,0.048243678252670015
vertex_8938,0.05145981882074252
vertex_8939,0.0763943751950852
vertex_8940,0.10248119133591989
vertex_8941,0.10383239192146321
vertex_8942,0.09489755782251005
vertex_8943,0.05623216277019037
vertex_8944,0.09996697384978012
vertex_8945,0.0608460516304291
vertex_8946,0.03881276988764409
vertex_8947,0.032469920122443506
vertex_8948,0.04915860184764285
vertex_8949,0.038674855955150224
vertex_8950,0.0699476546575353
vertex_8951,0.0683989163031295
vertex_8952,0.0652572343875897
vertex_8953,0.03270185736231228
vertex_8954,0.04139246369044643
vertex_8955,0.05283666102755163
vertex_8956,0.04592013385671362
vertex_8957,0.0343281874709606
vertex_8958,0.04629633497260974
vertex_8959,0.05932345907575031
vertex_8960,0.08739154805352473
vertex_8961,0.11731095023961449
vertex_8962,0.09784849814459827
vertex_8963,0.09836236344434898
vertex_8964,0.11153451340066749
vertex_8965,0.09518364993071005
vertex_8966,0.08075600390426754
vertex_8967,0.08747545499700674
vertex_8968,0.0456058006174934
vertex_8969,0.04906467148928296
vertex_8970,0.05743244075893546
vertex_8971,0.06228995048380877
vertex_8972,0.05200843690453523
vertex_8973,0.06033647947663359
vertex_8974,0.060201891798840286
vertex_8975,0.06007662636857585
vertex_8976,0.06611527273672028
vertex_8977,0.09679674005978695
vertex_8978,0.07843732177048784
vertex_8979,0.06035438744515908
vertex_8980,0.05686268943524099
vertex_8981,0.05115854405404377
vertex_8982,0.048256801603308086
vertex_8983,0.04315138233224947
vertex_8984,0.06520443767486782
vertex_8985,0.053179367180809754
vertex_8986,0.05555856466025642
vertex_8987,0.05082031938753924
vertex_8988,0.049709654294863036
vertex_8989,0.05167618506041102
vertex_8990,0.04869381658398349
vertex_8991,0.05743540494860251
vertex_8992,0.07189020133982987
vertex_8993,0.10874502894080783
vertex_8994,0.07291328214090165
vertex_8995,0.08955814074616604
vertex_8996,0.07530721349739189
vertex_8997,0.06804418193489008
vertex_8998,0.0930305851129993
vertex_8999,0.07840889360747319
vertex_9000,0.05956457141798381
vertex_9001,0.06061090394398994
vertex_9002,0.0503235054624321
vertex_9003,0.038990902902665506
vertex_9004,0.038886352377414314
vertex_9005,0.05933476639102693
vertex_9006,0.07368285248608235
vertex_9007,0.0534500630578641
vertex_9008,0.07252230324588485
vertex_9009,0.07091889023954764
vertex_9010,0.060263618192062884
vertex_9011,0.04788541701688904
vertex_9012,0.03554867842448378
vertex_9013,0.06119223023476527
vertex_9014,0.06477547741861243
vertex_9015,0.0639694884979399
vertex_9016,0.0427028164437435
vertex_9017,0.06237698276934203
vertex_9018,0.0718095495930043
vertex_9019,0.0598765724898265
vertex_9020,0.0476866939686096
vertex_9021,0.0480858591222963
vertex_9022,0.04108704573189374
vertex_9023,0.033150762374452615
vertex_9024,0.03959316919911186
vertex_9025,0.029399103162728462
vertex_9026,0.02857793103569473
vertex_9027,0.02298509921233645
vertex_9028,0.01840177925809831
vertex_9029,0.0289023354329593
vertex_9030,0.039057956477641764
vertex_9031,0.04253596678842883
vertex_9032,0.03600621181933127
vertex_9033,0.036029972183137166
vertex_9034,0.03625294533860388
vertex_9035,0.03123676912249806
vertex_9036,0.0419412833799341
vertex_9037,0.03228645693978868
vertex_9038,0.03739396139232915
vertex_9039,0.026876269103926664
vertex_9040,0.019065969825453544
vertex_9041,0.031023045101016736
vertex_9042,0.026260701812718668
vertex_9043,0.03678640129534174
vertex_9044,0.03692783644974416
vertex_9045,0.03787659224753998
vertex_9046,0.047216967992722125
vertex_9047,0.037399210231594184
vertex_9048,0.04346655220648241
vertex_9049,0.03813448997660445
vertex_9050,0.037801132795458145
vertex_9051,0.03316817678112581
vertex_9052,0.05095298675023397
vertex_9053,0.07044474192324153
vertex_9054,0.05332767721396479
vertex_9055,0.06904855100724107
vertex_9056,0.07170861253872596
vertex_9057,0.0626114439679866
vertex_9058,0.05424472705974415
vertex_9059,0.05281290294597157
vertex_9060,0.094357360164323
vertex_9061,0.05649402831378573
vertex_9062,0.04388255648888267
vertex_9063,0.03898855969748426
vertex_9064,0.04222228990287909
vertex_9065,0.04106028075657712
vertex_9066,0.04708438766722722
vertex_9067,0.05018529082416558
vertex_9068,0.04987637931004437
vertex_9069,0.06940527662581657
vertex_9070,0.08467143786229524
vertex_9071,0.10931734661631451
vertex_9072,0.08504991182380772
vertex_9073,0.08749427713237992
vertex_9074,0.10378391246446238
vertex_9075,0.06871774323011294
vertex_9076,0.05500087291374188
vertex_9077,0.0377409863790202
vertex_9078,0.04855992788964249
vertex_9079,0.05812755429910557
vertex_9080,0.08204979440019827
vertex_9081,0.09179853414355235
vertex_9082,0.06634063270873046
vertex_9083,0.07930677459190316
vertex_9084,0.07537550401264012
vertex_9085,0.0781816905941338
vertex_9086,0.07417777385947275
vertex_9087,0.08055343037293787
vertex_9088,0.06780716132402297
vertex_9089,0.065117785470867
vertex_9090,0.07912754943312682
vertex_9091,0.06469991206348372
vertex_9092,0.05906803321533729
vertex_9093,0.07225291504550484
vertex_9094,0.07888936122271145
vertex_9095,0.0633978521809944
vertex_9096,0.061526417842616095
vertex_9097,0.061022377198846255
vertex_9098,0.0658365285225322
vertex_9099,0.08094562406634918
vertex_9100,0.08346209241891606
vertex_9101,0.07241242257684534
vertex_9102,0.0821886405306758
vertex_9103,0.06805432957883559
vertex_9104,0.054948294175230436
vertex_9105,0.061382380172566954
vertex_9106,0.04012869173417047
vertex_9107,0.044445950220360006
vertex_9108,0.036522791086319964
vertex_9109,0.036297929354816925
vertex_9110,0.045490334204240125
vertex_9111,0.06784862568245405
vertex_9112,0.08694612420562109
vertex_9113,0.08341052564393953
vertex_9114,0.056128859978524896
vertex_9115,0.08037782436912555
vertex_9116,0.0775715874355987
vertex_9117,0.06580786474079668
vertex_9118,0.07108355738637652
vertex_9119,0.07163896374624548
vertex_9120,0.0837787655889405
vertex_9121,0.07522464748120791
vertex_9122,0.06789939048588951
vertex_9123,0.06110955817215083
vertex_9124,0.052009672057763086
vertex_9125,0.048101611536746594
vertex_9126,0.04746017957208092
vertex_9127,0.035538061148880876
vertex_9128,0.045746462505175
vertex_9129,0.04194455448744499
vertex_9130,0.02534530722358415
vertex_9131,0.013928994431377302
vertex_9132,0.018438112020447116
vertex_9133,0.02874740729510722
vertex_9134,0.03743324690737997
vertex_9135,0.03706700644388965
vertex_9136,0.03275447372790797
vertex_9137,0.04578013438858224
vertex_9138,0.057899518607242656
vertex_9139,0.04669172525094656
vertex_9140,0.0394640803750903
vertex_9141,0.043255210305850667
vertex_9142,0.04564299106597497
vertex_9143,0.025623044979470173
vertex_9144,0.021712251348786835
vertex_9145,0.023581151445917922
vertex_9146,0.0201679571657452
vertex_9147,0.02524937943224677
vertex_9148,0.03628732681443676
vertex_9149,0.04573700480915358
vertex_9150,0.04157368194638375
vertex_9151,0.04114832838537428
vertex_9152,0.02883123695210595
vertex_9153,0.029884112648588805
vertex_9154,0.020080061952138198
vertex_9155,0.02096508086012553
vertex_9156,0.024578452154983332
vertex_9157,0.01723673484365219
vertex_9158,0.025564032769719382
vertex_9159,0.018897089761406076
vertex_9160,0.02533323143692412
vertex_9161,0.02594720995754807
vertex_9162,0.024021246282460613
vertex_9163,0.03114158109449691
vertex_9164,0.017282568608848664
vertex_9165,0.012576066031003936
vertex_9166,0.016231669113775778
vertex_9167,0.013600965032385934
vertex_9168,0.03368828677263959
vertex_9169,0.07009471377207387
vertex_9170,0.05947644726062776
vertex_9171,0.05637082787755871
vertex_9172,0.06317921512364284
vertex_9173,0.038743942121088386
vertex_9174,0.04680825017661004
vertex_9175,0.039508919809441094
vertex_9176,0.03029942567188184
vertex_9177,0.033297048426627035
vertex_9178,0.044138919671481015
vertex_9179,0.049589007363925984
vertex_9180,0.054660335193040525
vertex_9181,0.056664409084135
vertex_9182,0.03877180639672311
vertex_9183,0.042836204791149884
vertex_9184,0.0494877904664573
vertex_9185,0.045951107995671654
vertex_9186,0.06371525803631864
vertex_9187,0.059380861307843376
vertex_9188,0.05009801330923402
vertex_9189,0.05068242451928697
vertex_9190,0.04723810974904463
vertex_9191,0.06011745557497305
vertex_9192,0.07253508222064398
vertex_9193,0.06495656521604357
vertex_9194,0.06196841261989149
vertex_9195,0.07176534156384123
vertex_9196,0.05621161061722584
vertex_9197,0.039932930875397475
vertex_9198,0.05017685916229157
vertex_9199,0.04248505031319475
vertex_9200,0.043328199665082404
vertex_9201,0.03729579914189165
vertex_9202,0.04054746680021214
vertex_9203,0.059240661501838134
vertex_9204,0.05984782514089424
vertex_9205,0.054620271508054014
vertex_9206,0.06689226293613239
vertex_9207,0.04489798440741477
vertex_9208,0.054730026581809324
vertex_9209,0.07372865919603322
vertex_9210,0.07083642368747692
vertex_9211,0.06251752177741468
vertex_9212,0.05595277656509035
vertex_9213,0.09868523744308483
vertex_9214,0.11535634779333244
vertex_9215,0.10566495197520452
vertex_9216,0.10066992076492048
vertex_9217,0.10849662515283659
vertex_9218,0.10513402714503832
vertex_9219,0.11226573374398288
vertex_9220,0.11921108969522341
vertex_9221,0.11426107316681028
vertex_9222,0.08498426178596534
vertex_9223,0.09994506169714923
vertex_9224,0.12436574020614764
vertex_9225,0.07271844613005773
vertex_9226,0.09151514440943706
vertex_9227,0.11195625195354014
vertex_9228,0.08408528947659914
vertex_9229,0.10495148469140439
vertex_9230,0.11507090586675267
vertex_9231,0.11438612681020749
vertex_9232,0.0937029218116005
vertex_9233,0.07039581901873834
vertex_9234,0.07447623096690803
vertex_9235,0.07080791621602411
vertex_9236,0.06662301894417286
vertex_9237,0.04875971336694149
vertex_9238,0.05113779007495101
vertex_9239,0.06597513642516868
vertex_9240,0.07618542918132921
vertex_9241,0.07858694647191411
vertex_9242,0.09078186501036399
vertex_9243,0.07589428938368874
vertex_9244,0.09052797291771285
vertex_9245,0.09788781956254802
vertex_9246,0.09663995932104281
vertex_9247,0.09288037366941598
vertex_9248,0.08261083637896381
vertex_9249,0.06348023474317359
vertex_9250,0.06191253439273623
vertex_9251,0.03286547116674886
vertex_9252,0.05373476835033075
vertex_9253,0.036130585515020214
vertex_9254,0.04116951848123784
vertex_9255,0.045924637385853104
vertex_9256,0.07378190041217453
vertex_9257,0.08574856420101672
vertex_9258,0.07400384525207415
vertex_9259,0.0828509806737203
vertex_9260,0.06943947049355569
vertex_9261,0.05388014304466587
vertex_9262,0.06175591569339491
vertex_9263,0.04970811537432276
vertex_9264,0.05916583172637151
vertex_9265,0.05893981845402155
vertex_9266,0.056456818025213434
vertex_9267,0.1630106086720057
vertex_9268,0.15447510142285767
vertex_9269,0.15891571120656206
vertex_9270,0.1443975582146329
vertex_9271,0.12866853139869341
vertex_9272,0.1509613936153207
vertex_9273,0.11999194079671753
vertex_9274,0.14825053679220135
vertex_9275,0.1270259566106454
vertex_9276,0.13798407917881422
vertex_9277,0.14339745402701065
vertex_9278,0.09536081785806057
vertex_9279,0.10687991264033021
vertex_9280,0.14474838763097747
vertex_9281,0.1394009947373493
vertex_9282,0.15617523818638412
vertex_9283,0.14840584000372245
vertex_9284,0.14855158919955605
vertex_9285,0.10824488884549913
vertex_9286,0.11733261368627677
vertex_9287,0.12258681740756827
vertex_9288,0.1101775176117963
vertex_9289,0.11072215803245537
vertex_9290,0.08031254822098131
vertex_9291,0.10393105103648467
vertex_9292,0.11342709851944907
vertex_9293,0.08726760525959341
vertex_9294,0.047105271004831736
vertex_9295,0.04052288156262926
vertex_9296,0.07922130115976846
vertex_9297,0.0725689602169218
vertex_9298,0.05883491744443653
vertex_9299,0.04087632228759324
vertex_9300,0.05745540857716101
vertex_9301,0.05066455778480649
vertex_9302,0.05311787995984529
vertex_9303,0.053026487958582516
vertex_9304,0.047575901662120564
vertex_9305,0.0449745840940727
vertex_9306,0.049739907333899123
vertex_9307,0.041536610480492724
vertex_9308,0.030997350789882947
vertex_9309,0.03883078824514886
vertex_9310,0.028719187638711834
vertex_9311,0.034898583858148195
vertex_9312,0.03855939582215426
vertex_9313,0.04073431715112308
vertex_9314,0.04505117132250908
vertex_9315,0.05855800786819688
vertex_9316,0.06883988124224746
vertex_9317,0.0774640901015995
vertex_9318,0.0670543054439572
vertex_9319,0.05406016260151794
vertex_9320,0.041264938656149594
vertex_9321,0.03202550955033822
vertex_9322,0.040785784431662746
vertex_9323,0.033455795984623005
vertex_9324,0.03146412506800313
vertex_9325,0.042120268917546624
vertex_9326,0.044376986651796915
vertex_9327,0.043298021955305264
vertex_9328,0.03922744350804631
vertex_9329,0.04398063313959915
vertex_9330,0.043138239072604286
vertex_9331,0.04458516103384746
vertex_9332,0.05639462629434824
vertex_9333,0.047415497562984577
vertex_9334,0.03268483960308091
vertex_9335,0.05883781009116149
vertex_9336,0.05996887915471138
vertex_9337,0.043157072095523684
vertex_9338,0.05220312753917418
vertex_9339,0.046499987242587366
vertex_9340,0.04441117923535543
vertex_9341,0.03797086099233108
vertex_9342,0.06797664237748029
vertex_9343,0.08894701802806541
vertex_9344,0.0765318101812466
vertex_9345,0.08132283793302562
vertex_9346,0.06757229724617225
vertex_9347,0.05281497805521446
vertex_9348,0.06336930378096257
vertex_9349,0.05244671643835098
vertex_9350,0.07081803957635044
vertex_9351,0.06739892557659914
vertex_9352,0.0692543213694739
vertex_9353,0.08380953875990735
vertex_9354,0.0653517578235912
vertex_9355,0.05562160362666271
vertex_9356,0.05659068691441832
vertex_9357,0.05875232609503278
vertex_9358,0.10957738807479303
vertex_9359,0.09833966923841876
vertex_9360,0.07611950124945717
vertex_9361,0.09551452037931303
vertex_9362,0.06829883242276673
vertex_9363,0.07172280858992938
vertex_9364,0.07675131591715526
vertex_9365,0.06598632168248257
vertex_9366,0.07486724217149866
vertex_9367,0.08037248872371841
vertex_9368,0.07697808042882817
vertex_9369,0.0670751077322818
vertex_9370,0.06617401305894638
vertex_9371,0.07967798034219874
vertex_9372,0.09848882240676833
vertex_9373,0.10822841979160328
vertex_9374,0.10740964558378242
vertex_9375,0.10638429441475432
vertex_9376,0.06897982153741426
vertex_9377,0.07794205912528442
vertex_9378,0.09511036018903687
vertex_9379,0.08462220431462794
vertex_9380,0.11332202621262587
vertex_9381,0.11347930538559607
vertex_9382,0.09920436132460977
vertex_9383,0.06720177490815946
vertex_9384,0.08001764733105397
vertex_9385,0.05820512457623067
vertex_9386,0.08801799578109841
vertex_9387,0.0979535810542288
vertex_9388,0.10944212899714409
vertex_9389,0.09023776401805618
vertex_9390,0.08579324278147356
vertex_9391,0.07813169907550119
vertex_9392,0.082711528959009
vertex_9393,0.07972567722899135
vertex_9394,0.07147429799761698
vertex_9395,0.07293602387343835
vertex_9396,0.07470900428090982
vertex_9397,0.06447668461412982
vertex_9398,0.06587191796536544
vertex_9399,0.0709499139353687
vertex_9400,0.06197058615420332
vertex_9401,0.07864519935200433
vertex_9402,0.11037055365111602
vertex_9403,0.09826222203512412
vertex_9404,0.09334000945932419
vertex_9405,0.07180270755078998
vertex_9406,0.06839904901173628
vertex_9407,0.05564987102980537
vertex_9408,0.08104553920660426
vertex_9409,0.0983577607607175
vertex_9410,0.15204602152662705
vertex_9411,0.15030554031000076
vertex_9412,0.059775905323737624
vertex_9413,0.07006184709630879
vertex_9414,0.06813963861225324
vertex_9415,0.05836680901132671
vertex_9416,0.06096698155789642
vertex_9417,0.05787831162226551
vertex_9418,0.07430836955509804
vertex_9419,0.140630074708597
vertex_9420,0.1495676980198608
vertex_9421,0.16856048691945233
vertex_9422,0.16231957377200654
vertex_9423,0.1459709444474816
vertex_9424,0.11503052060584665
vertex_9425,0.10616938434180728
vertex_9426,0.14018920852027708
vertex_9427,0.15179628959931155
vertex_9428,0.14969080278951744
vertex_9429,0.15171457810417024
vertex_9430,0.23170767240815313
vertex_9431,0.2536095808973833
vertex_9432,0.24419255005154
vertex_9433,0.2521136793151787
vertex_9434,0.28848823804155527
vertex_9435,0.18313558469733138
vertex_9436,0.25708042894570643
vertex_9437,0.30823783993773174
vertex_9438,0.3624131662462629
vertex_9439,0.31476823458479736
vertex_9440,0.23427540225169718
vertex_9441,0.16416734782737571
vertex_9442,0.1493575074599602
vertex_9443,0.1568464946448459
vertex_9444,0.1575165757680516
vertex_9445,0.15971218527983388
vertex_9446,0.1831917069324316
vertex_9447,0.21287039619331177
vertex_9448,0.2035245120948588
vertex_9449,0.19313596010610712
vertex_9450,0.284365603149724
vertex_9451,0.3017416127702991
vertex_9452,0.2409306209855465
vertex_9453,0.18178441416558883
vertex_9454,0.19903582258434255
vertex_9455,0.2129501428085841
vertex_9456,0.141184760212609
vertex_9457,0.11091923489811807
vertex_9458,0.11766174883634684
vertex_9459,0.12057924864428812
vertex_9460,0.13314035936115332
vertex_9461,0.15160835268594824
vertex_9462,0.16706983456954766
vertex_9463,0.1374934897108899
vertex_9464,0.14965717139821474
vertex_9465,0.14646531507056984
vertex_9466,0.12216927687815939
vertex_9467,0.16131122727241534
vertex_9468,0.1576072691512585
vertex_9469,0.16141180233116367
vertex_9470,0.14978106402449515
vertex_9471,0.14187680758638846
vertex_9472,0.16864319716500972
vertex_9473,0.13930204999454499
vertex_9474,0.13506073820110107
vertex_9475,0.13688031717871438
vertex_9476,0.18318170716282098
vertex_9477,0.15459380601443543
vertex_9478,0.1479053590462993
vertex_9479,0.16549691731980468
vertex_9480,0.14817486056738738
vertex_9481,0.1731470407504104
vertex_9482,0.20566803738953413
vertex_9483,0.19561131902252848
vertex_9484,0.15066130212285064
vertex_9485,0.11950316181730467
vertex_9486,0.11761175148662839
vertex_9487,0.107522786858989
vertex_9488,0.13892749265985577
vertex_9489,0.1424700272552926
vertex_9490,0.16163117801957444
vertex_9491,0.14780066431705607
vertex_9492,0.13683965724536898
vertex_9493,0.12876520704538538
vertex_9494,0.13711703955043758
vertex_9495,0.11504204008073492
vertex_9496,0.10988931022465598
vertex_9497,0.12414835474449855
vertex_9498,0.1482525152425197
vertex_9499,0.13961965724292766
vertex_9500,0.13954733540721168
vertex_9501,0.13639111638074022
vertex_9502,0.13995425380792398
vertex_9503,0.1538256625666927
vertex_9504,0.15185455102011294
vertex_9505,0.14360167134031962
vertex_9506,0.14834961713729955
vertex_9507,0.1504673273695007
vertex_9508,0.14874976553840602
vertex_9509,0.13806927718045672
vertex_9510,0.11561708565670703
vertex_9511,0.13159618663217434
vertex_9512,0.1641233955891478
vertex_9513,0.11238271666776405
vertex_9514,0.10979017029626727
vertex_9515,0.13945693245196605
vertex_9516,0.12338258285917535
vertex_9517,0.13661361528234803
vertex_9518,0.16350865776017276
vertex_9519,0.16212158654721234
vertex_9520,0.1625096869528668
vertex_9521,0.16535853393498112
vertex_9522,0.10088250222507539
vertex_9523,0.14713631294930984
vertex_9524,0.09528247021730983
vertex_9525,0.13370387706369918
vertex_9526,0.14399675270864776
vertex_9527,0.1649656125109532
vertex_9528,0.16135572770963236
vertex_9529,0.1662769801601138
vertex_9530,0.1856646407729127
vertex_9531,0.15213479867186255
vertex_9532,0.22316207072121264
vertex_9533,0.17894823377651026
vertex_9534,0.23479091927386225
vertex_9535,0.2357225477252731
vertex_9536,0.2712564826000761
vertex_9537,0.29369996160489703
vertex_9538,0.26607782576399275
vertex_9539,0.036558332547301085
vertex_9540,0.031627837599749485
vertex_9541,0.041318583307597676
vertex_9542,0.042094881938136035
vertex_9543,0.03930266888632588
vertex_9544,0.04492775143689206
vertex_9545,0.06160316074294994
vertex_9546,0.08857889163741085
vertex_9547,0.11108265212368428
vertex_9548,0.049604397711913335
vertex_9549,0.06344889845568276
vertex_9550,0.07891028496767019
vertex_9551,0.08445276858942868
vertex_9552,0.07151704901763539
vertex_9553,0.09119283036186351
vertex_9554,0.087726950241092
vertex_9555,0.11621773399598039
vertex_9556,0.13655861576338857
vertex_9557,0.16269626130643164
vertex_9558,0.16464910498041516
vertex_9559,0.1912561587725924
vertex_9560,0.18935223751586194
vertex_9561,0.2272298273315851
vertex_9562,0.2338489690066643
vertex_9563,0.2718720767629621
vertex_9564,0.2486764214435176
vertex_9565,0.20470733651967485
vertex_9566,0.2098905715624542
vertex_9567,0.22830510194916817
vertex_9568,0.23895286729181642
vertex_9569,0.18325880526253174
vertex_9570,0.23884575178197634
vertex_9571,0.2552934531285997
vertex_9572,0.29447251563400034
vertex_9573,0.25892720964961935
vertex_9574,0.24020838225166663
vertex_9575,0.2093772704386191
vertex_9576,0.23076529437715476
vertex_9577,0.2293782120778371
vertex_9578,0.20795688611639668
vertex_9579,0.24855396859496845
vertex_9580,0.23467898094691705
vertex_9581,0.23782280343792322
vertex_9582,0.24372957665319053
vertex_9583,0.28036300643214984
vertex_9584,0.33112339625483606
vertex_9585,0.35677153706231607
vertex_9586,0.33832895996570084
vertex_9587,0.231967902463322
vertex_9588,0.23535876383125634
vertex_9589,0.26531908381003694
vertex_9590,0.24628477768243062
vertex_9591,0.2422573408041718
vertex_9592,0.30907719474729406
vertex_9593,0.086991785910382
vertex_9594,0.12104987195973611
vertex_9595,0.11520413838255404
vertex_9596,0.12759131725723358
vertex_9597,0.143951208346705
vertex_9598,0.12772677047363923
vertex_9599,0.12603818453379273
vertex_9600,0.15712153102600174
vertex_9601,0.1524647816602794
vertex_9602,0.16278466899644017
vertex_9603,0.15985416708817285
vertex_9604,0.06930310668310927
vertex_9605,0.08303435298378822
vertex_9606,0.11837421489819208
vertex_9607,0.1288286239909607
vertex_9608,0.1423383476562233
vertex_9609,0.1264157638778055
vertex_9610,0.11097203440968177
vertex_9611,0.17178608752520888
vertex_9612,0.15894501316646611
vertex_9613,0.17093697787034853
vertex_9614,0.13540227077421824
vertex_9615,0.13421377634902468
vertex_9616,0.15648923892365993
vertex_9617,0.148949181051198
vertex_9618,0.14548038035518818
vertex_9619,0.16102836734947823
vertex_9620,0.1891104443054583
vertex_9621,0.3053837472178475
vertex_9622,0.11627074907177389
vertex_9623,0.09075851929118123
vertex_9624,0.11755539141563344
vertex_9625,0.09138884811322917
vertex_9626,0.10960658336225537
vertex_9627,0.13351868219657426
vertex_9628,0.10206849480572097
vertex_9629,0.12468763050652333
vertex_9630,0.19326557888420454
vertex_9631,0.13072112540078604
vertex_9632,0.08820377012727615
vertex_9633,0.1195022540676487
vertex_9634,0.10826022643655553
vertex_9635,0.13176125195115948
vertex_9636,0.15529558862370393
vertex_9637,0.18824477771556047
vertex_9638,0.17765020670612922
vertex_9639,0.16783504074157282
vertex_9640,0.16351995592845012
vertex_9641,0.19070819289701685
vertex_9642,0.1540633192301824
vertex_9643,0.14319549104323373
vertex_9644,0.15718951136346015
vertex_9645,0.12950479192154282
vertex_9646,0.15162491528486613
vertex_9647,0.2858681319893098
vertex_9648,0.26260353031121775
vertex_9649,0.27330889477766335
vertex_9650,0.31992288833452565
vertex_9651,0.34474831457209926
vertex_9652,0.2716459461477691
vertex_9653,0.21244290977285704
vertex_9654,0.23243178889388397
vertex_9655,0.257238881183262
vertex_9656,0.23995874364114056
vertex_9657,0.2934202383187895
vertex_9658,0.2727725566336455
vertex_9659,0.3024651679505053
vertex_9660,0.2914492600742662
vertex_9661,0.35702540448125863
vertex_9662,0.3869761991034569
vertex_9663,0.27806791343923226
vertex_9664,0.2417604704674297
vertex_9665,0.24126864318754762
vertex_9666,0.27977280920751396
vertex_9667,0.21297274679927514
vertex_9668,0.24590332008761928
vertex_9669,0.30295264932003796
vertex_9670,0.35431107479287494
vertex_9671,0.34117855186695384
vertex_9672,0.3337020119780725
vertex_9673,0.35236569192651773
vertex_9674,0.3489287191145328
vertex_9675,0.03555496419301076
vertex_9676,0.037231507057231925
vertex_9677,0.05989039741896722
vertex_9678,0.0592206591884391
vertex_9679,0.06261126036544065
vertex_9680,0.0662551105266765
vertex_9681,0.08290563176354418
vertex_9682,0.10836181669254263
vertex_9683,0.11140989060876028
vertex_9684,0.10289654513327469
vertex_9685,0.10657052877322885
vertex_9686,0.10168215227519634
vertex_9687,0.07113668989753456
vertex_9688,0.07943038407467351
vertex_9689,0.09885042043032632
vertex_9690,0.10335563923627133
vertex_9691,0.10278582610643003
vertex_9692,0.09106728915267757
vertex_9693,0.06415184102984714
vertex_9694,0.052858937679481244
vertex_9695,0.03135768515704958
vertex_9696,0.06075693825463894
vertex_9697,0.0399686636181066
vertex_9698,0.034135884192200414
vertex_9699,0.044241034751974787
vertex_9700,0.04093128602174993
vertex_9701,0.03683445687222654
vertex_9702,0.08755341382822447
vertex_9703,0.08068218161427379
vertex_9704,0.06965666143106267
vertex_9705,0.06876908686594312
vertex_9706,0.055354387170343945
vertex_9707,0.04901243420601383
vertex_9708,0.04494981341934224
vertex_9709,0.04538774576869416
vertex_9710,0.04374607475046134
vertex_9711,0.10426302863318801
vertex_9712,0.09055782634656229
vertex_9713,0.08221918317902116
vertex_9714,0.11225884672955615
vertex_9715,0.08430817389211528
vertex_9716,0.08509346265169311
vertex_9717,0.053308289999770324
vertex_9718,0.03783911455180018
vertex_9719,0.054250075715489746
vertex_9720,0.044253827383128594
vertex_9721,0.03798207633280052
vertex_9722,0.0399335106162036
vertex_9723,0.05523902393514498
vertex_9724,0.04596726310658083
vertex_9725,0.03683068394148433
vertex_9726,0.04133463306282423
vertex_9727,0.03378952579559327
vertex_9728,0.03378437243818245
vertex_9729,0.04453374797145512
vertex_9730,0.0412667153565294
vertex_9731,0.04588429954216334
vertex_9732,0.06583138764058216
vertex_9733,0.06068180395270557
vertex_9734,0.06186769026989607
vertex_9735,0.04411323838213369
vertex_9736,0.02629867618979549
vertex_9737,0.039886485645720615
vertex_9738,0.061320421823130265
vertex_9739,0.03486813223370612
vertex_9740,0.03136146453765612
vertex_9741,0.04330100056517136
vertex_9742,0.06538684595710947
vertex_9743,0.03339731224240293
vertex_9744,0.04601037856625919
vertex_9745,0.051119968022527905
vertex_9746,0.05376322092168866
vertex_9747,0.07802125644563905
vertex_9748,0.05951132258202711
vertex_9749,0.0477638947429266
vertex_9750,0.05954570466788972
vertex_9751,0.0557007575412437
vertex_9752,0.04827995205084824
vertex_9753,0.05866387530200602
vertex_9754,0.06070167487025808
vertex_9755,0.0675411085227434
vertex_9756,0.03692152409594564
vertex_9757,0.021425696895770365
vertex_9758,0.03354886774121973
vertex_9759,0.025286764999612518
vertex_9760,0.037723067227438845
vertex_9761,0.03037669901556055
vertex_9762,0.016555688015532047
vertex_9763,0.02250397306460894
vertex_9764,0.018493791779281767
vertex_9765,0.029907314948578113
vertex_9766,0.03050001360692396
vertex_9767,0.036020500990080036
vertex_9768,0.06781773787791971
vertex_9769,0.051145784617262276
vertex_9770,0.05080991466222265
vertex_9771,0.050434470619259646
vertex_9772,0.026284941384784873
vertex_9773,0.0435030597597364
vertex_9774,0.020589376514074335
vertex_9775,0.024976964500088794
vertex_9776,0.025068892047456316
vertex_9777,0.02288861014434996
vertex_9778,0.05146367901621882
vertex_9779,0.03157590595266828
vertex_9780,0.03568112815108094
vertex_9781,0.04161020201007719
vertex_9782,0.0383561897375052
vertex_9783,0.046513844724256695
vertex_9784,0.04776758254611863
vertex_9785,0.036163825903140726
vertex_9786,0.019843209575679713
vertex_9787,0.026875475240736354
vertex_9788,0.02193956296475385
vertex_9789,0.01351985246397705
vertex_9790,0.03996005769118803
vertex_9791,0.04008069852017664
vertex_9792,0.03416146457522304
vertex_9793,0.09004712278820752
vertex_9794,0.05104061305189849
vertex_9795,0.033705501608236654
vertex_9796,0.0443652985376257
vertex_9797,0.01697571582118753
vertex_9798,0.022801133357414387
vertex_9799,0.04097101967802064
vertex_9800,0.03857450938753086
vertex_9801,0.028814614635689104
vertex_9802,0.02108828628724752
vertex_9803,0.02981134316041795
vertex_9804,0.028171955346711974
vertex_9805,0.01738089894402198
vertex_9806,0.025738099586975885
vertex_9807,0.03324686930168721
vertex_9808,0.034801701144739954
vertex_9809,0.043206897044763805
vertex_9810,0.04838832422096879
vertex_9811,0.04372828190701457
vertex_9812,0.03777194313368253
vertex_9813,0.026562128429653727
vertex_9814,0.03054777146185308
vertex_9815,0.029085519339522668
vertex_9816,0.03746278284028466
vertex_9817,0.057713253881398446
vertex_9818,0.04747465239738768
vertex_9819,0.03692901493445907
vertex_9820,0.03190116177377371
vertex_9821,0.05388093839728122
vertex_9822,0.0513542806841769
vertex_9823,0.061218458080753886
vertex_9824,0.03691959283540357
vertex_9825,0.04040807001414379
vertex_9826,0.036860363328204034
vertex_9827,0.03396289240142254
vertex_9828,0.05438532026602458
vertex_9829,0.05205236321478388
vertex_9830,0.05191964170173425
vertex_9831,0.05907833131166679
vertex_9832,0.0688967250996358
vertex_9833,0.05803698936098236
vertex_9834,0.06283030242077048
vertex_9835,0.0751351914049297
vertex_9836,0.07552344953946698
vertex_9837,0.05992618774084047
vertex_9838,0.062054919780450184
vertex_9839,0.07181465709074587
vertex_9840,0.036116029736611065
vertex_9841,0.05108935017951755
vertex_9842,0.07075606925504975
vertex_9843,0.05692127284422666
vertex_9844,0.05409644160365605
vertex_9845,0.048085171383276566
vertex_9846,0.06907748738087797
vertex_9847,0.07558908246646276
vertex_9848,0.04523262879440977
vertex_9849,0.03783742404570653
vertex_9850,0.041610487010119185
vertex_9851,0.03660470836823282
vertex_9852,0.026767037987525347
vertex_9853,0.02668190176851864
vertex_9854,0.03365122680816321
vertex_9855,0.037232851031774025
vertex_9856,0.041158225031143233
vertex_9857,0.040495237857250274
vertex_9858,0.03625604518059981
vertex_9859,0.031368526795049145
vertex_9860,0.053910706310688596
vertex_9861,0.06649681853220564
vertex_9862,0.062066974387087484
vertex_9863,0.06542353543283096
vertex_9864,0.019564107458784397
vertex_9865,0.020043517736099366
vertex_9866,0.023297360532849858
vertex_9867,0.01905364879481669
vertex_9868,0.023200609091068667
vertex_9869,0.019311602127540493
vertex_9870,0.04777434799175724
vertex_9871,0.02579262136726441
vertex_9872,0.03310517689855931
vertex_9873,0.06981318377209346
vertex_9874,0.06825993152536111
vertex_9875,0.05277856818020258
vertex_9876,0.04983113935649769
vertex_9877,0.06609393659596137
vertex_9878,0.04923717313006785
vertex_9879,0.051033937390462816
vertex_9880,0.037531085454511955
vertex_9881,0.02947541128639132
vertex_9882,0.041070111502065215
vertex_9883,0.04509999347409794
vertex_9884,0.04624330278908143
vertex_9885,0.05405135400307453
vertex_9886,0.052855028854198585
vertex_9887,0.041437209738918235
vertex_9888,0.042036270450046424
vertex_9889,0.05552001531295972
vertex_9890,0.060085513203707266
vertex_9891,0.03653887719703737
vertex_9892,0.027974074361309925
vertex_9893,0.037232659392660045
vertex_9894,0.027576963227628936
vertex_9895,0.03167134504498597
vertex_9896,0.04014817278341233
vertex_9897,0.0398941312101588
vertex_9898,0.049640133972381165
vertex_9899,0.07930046161084107
vertex_9900,0.0439852955431906
vertex_9901,0.06732181080577274
vertex_9902,0.05203075003902226
vertex_9903,0.04441713577796745
vertex_9904,0.03148571721250717
vertex_9905,0.03196762723544298
vertex_9906,0.030635375027693642
vertex_9907,0.05514250068363083
vertex_9908,0.08907587713628595
vertex_9909,0.08574673399978103
vertex_9910,0.07254901193124659
vertex_9911,0.08069137795104546
vertex_9912,0.041433383649398935
vertex_9913,0.04862693719463451
vertex_9914,0.06460059847073943
vertex_9915,0.06079650728478044
vertex_9916,0.05257411775685572
vertex_9917,0.03495400995247089
vertex_9918,0.06442242679069965
vertex_9919,0.13291001050299933
vertex_9920,0.12960407936668084
vertex_9921,0.11209414176464963
vertex_9922,0.12105926390820974
vertex_9923,0.10642309861647271
vertex_9924,0.10468068276552697
vertex_9925,0.1027812123715309
vertex_9926,0.10152399707080174
vertex_9927,0.09122901402351492
vertex_9928,0.16292839564075293
vertex_9929,0.12360406015892267
vertex_9930,0.11025886565088479
vertex_9931,0.12138176232933448
vertex_9932,0.11145044776859599
vertex_9933,0.11889447668122623
vertex_9934,0.11631486201259265
vertex_9935,0.13329914490083508
vertex_9936,0.10567565891924195
vertex_9937,0.11971420619144729
vertex_9938,0.10803461433293882
vertex_9939,0.12591601616284973
vertex_9940,0.1666430390746471
vertex_9941,0.11249466051862951
vertex_9942,0.07615008518427617
vertex_9943,0.09540106078282429
vertex_9944,0.07351215588918616
vertex_9945,0.0938676687093026
vertex_9946,0.07799690159514674
vertex_9947,0.06241795575286973
vertex_9948,0.0419924159410959
vertex_9949,0.055759420164046614
vertex_9950,0.0837716429948121
vertex_9951,0.0901810327551498
vertex_9952,0.14331450696103315
vertex_9953,0.1291814683035031
vertex_9954,0.144108564089728
vertex_9955,0.08951250173523055
vertex_9956,0.11432457022945869
vertex_9957,0.1244861248639163
vertex_9958,0.1193533449689236
vertex_9959,0.10722733784229982
vertex_9960,0.12311520373321815
vertex_9961,0.10995453354845562
vertex_9962,0.1387272558286304
vertex_9963,0.1753329333533396
vertex_9964,0.17321075680403453
vertex_9965,0.1289907533716658
vertex_9966,0.11657236474857396
vertex_9967,0.14179023437727037
vertex_9968,0.1289914147650942
vertex_9969,0.1061791800651281
vertex_9970,0.0999583189364263
vertex_9971,0.09058314989692359
vertex_9972,0.08102369592702736
vertex_9973,0.07955271976482212
vertex_9974,0.06714979106608585
vertex_9975,0.053013085374920124
vertex_9976,0.08980245224535426
vertex_9977,0.060409996524568875
vertex_9978,0.056786675428407124
vertex_9979,0.04274280072309558
vertex_9980,0.030224086784955115
vertex_9981,0.06207163051642262
vertex_9982,0.11896451326719304
vertex_9983,0.08124757023321537
vertex_9984,0.039083458977617225
vertex_9985,0.05151416595504205
vertex_9986,0.043541847083197284
vertex_9987,0.030098052202498598
vertex_9988,0.041259928914419666
vertex_9989,0.05483692896536092
vertex_9990,0.06512108775717847
vertex_9991,0.07170596490502493
vertex_9992,0.051676270473412604
vertex_9993,0.06098602339620672
vertex_9994,0.0532149277208873
vertex_9995,0.06563617127490881
vertex_9996,0.06888529687089168
vertex_9997,0.04633992065279714
vertex_9998,0.022814354310791773
vertex_9999,0.037401192081394065
vertex_10000,0.2858548490771772
vertex_10001,0.292919451717287
vertex_10002,0.3311797199622272
vertex_10003,0.3035629371883033
vertex_10004,0.30891337864106594
vertex_10005,0.2710898403890095
vertex_10006,0.2422234835760106
vertex_10007,0.24821054391985115
vertex_10008,0.2768068530000016
vertex_10009,0.2709611679912924
vertex_10010,0.300851885129151
vertex_10011,0.30171941254639983
vertex_10012,0.28035025352036563
vertex_10013,0.320595877048177
vertex_10014,0.3008083197631993
vertex_10015,0.306217674004856
vertex_10016,0.2703290402708647
vertex_10017,0.24123795057979439
vertex_10018,0.22195339771138126
vertex_10019,0.2480207202170408
vertex_10020,0.2061933438740835
vertex_10021,0.22494709247764041
vertex_10022,0.18373398189933476
vertex_10023,0.19767553515539565
vertex_10024,0.21085594654838133
vertex_10025,0.17479574852448884
vertex_10026,0.17061091482470514
vertex_10027,0.056200149409315996
vertex_10028,0.055219656747823434
vertex_10029,0.06157708864711706
vertex_10030,0.04761446156068856
vertex_10031,0.06342707518572063
vertex_10032,0.09840926239872337
vertex_10033,0.11316648429690775
vertex_10034,0.15341647537859152
vertex_10035,0.1714049069502333
vertex_10036,0.034166833682574504
vertex_10037,0.044635788584294234
vertex_10038,0.03378111646320471
vertex_10039,0.06010230477112922
vertex_10040,0.0715435372604997
vertex_10041,0.08856925766860195
vertex_10042,0.09054201107499686
vertex_10043,0.10702016740901432
vertex_10044,0.15307322547489066
vertex_10045,0.1077657752103432
vertex_10046,0.13678966608053436
vertex_10047,0.16321991393408455
vertex_10048,0.14750371993659075
vertex_10049,0.16940124663054845
vertex_10050,0.17197291108972737
vertex_10051,0.1666310744321762
vertex_10052,0.16631735263500058
vertex_10053,0.21417085716159198
vertex_10054,0.22245175851699353
vertex_10055,0.18331618591089605
vertex_10056,0.1512813007354946
vertex_10057,0.1605081525436191
vertex_10058,0.16286132574785292
vertex_10059,0.15168145616183173
vertex_10060,0.18121661502548803
vertex_10061,0.1720741128715174
vertex_10062,0.12557219914448875
vertex_10063,0.04592018093483821
vertex_10064,0.07229068888968443
vertex_10065,0.09586572776822988
vertex_10066,0.06923665653671153
vertex_10067,0.09561251206984138
vertex_10068,0.13125951282124276
vertex_10069,0.1504077041726087
vertex_10070,0.12247497070441325
vertex_10071,0.10705939004127969
vertex_10072,0.0968452844402455
vertex_10073,0.08064761821650056
vertex_10074,0.06241355295982993
vertex_10075,0.07435436341113308
vertex_10076,0.07007551802949905
vertex_10077,0.05054095121553562
vertex_10078,0.04538259961911224
vertex_10079,0.048291699390143425
vertex_10080,0.049869435770992836
vertex_10081,0.11782037223846636
vertex_10082,0.10270448357027136
vertex_10083,0.12769320869986556
vertex_10084,0.1321117432188884
vertex_10085,0.11365433031680716
vertex_10086,0.1173882765574045
vertex_10087,0.11261915951033136
vertex_10088,0.1293585419669535
vertex_10089,0.1459073989388747
vertex_10090,0.15977011387585968
vertex_10091,0.15837330965034835
vertex_10092,0.1485697557110718
vertex_10093,0.14560481891669547
vertex_10094,0.14531538020541426
vertex_10095,0.15475407970921493
vertex_10096,0.1424061676231705
vertex_10097,0.09737319296454908
vertex_10098,0.10945548405819244
vertex_10099,0.10220592381782817
vertex_10100,0.08366595820479371
vertex_10101,0.14779290646637364
vertex_10102,0.10566094802837807
vertex_10103,0.16321543473222708
vertex_10104,0.1666310416014666
vertex_10105,0.14016725741533959
vertex_10106,0.10962653142750042
vertex_10107,0.0917352529620416
vertex_10108,0.26834890527568606
vertex_10109,0.3175162790131584
vertex_10110,0.23899574106890897
vertex_10111,0.16524138458062965
vertex_10112,0.1991333651824519
vertex_10113,0.19971686182762455
vertex_10114,0.13285272937464598
vertex_10115,0.14949541327605825
vertex_10116,0.20422500918263845
vertex_10117,0.2622352374413993
vertex_10118,0.2691718229277137
vertex_10119,0.23701014147574168
vertex_10120,0.19862825608891382
vertex_10121,0.18823321611156987
vertex_10122,0.2497100232099185
vertex_10123,0.25311323904869265
vertex_10124,0.22081402695706226
vertex_10125,0.18231332215295035
vertex_10126,0.16805143949651738
vertex_10127,0.10993895832768767
vertex_10128,0.13336496293108943
vertex_10129,0.12247102346203265
vertex_10130,0.10190734573573917
vertex_10131,0.13382908081118047
vertex_10132,0.12281811139650013
vertex_10133,0.09631409030233487
vertex_10134,0.0661789266960988
vertex_10135,0.09555158745954587
vertex_10136,0.10333364724821383
vertex_10137,0.14266736434955613
vertex_10138,0.21535264093817474
vertex_10139,0.19821471217937608
vertex_10140,0.16827546528707726
vertex_10141,0.16425171850058293
vertex_10142,0.1552896310841031
vertex_10143,0.13083476752825088
vertex_10144,0.24658090131704494
vertex_10145,0.1801538670796313
vertex_10146,0.1614331399597178
vertex_10147,0.1555007407721965
vertex_10148,0.13355581285409845
vertex_10149,0.1490670476728581
vertex_10150,0.1703208664758948
vertex_10151,0.14946578818610537
vertex_10152,0.11780587105349909
vertex_10153,0.11487344706121147
vertex_10154,0.10248715376573037
vertex_10155,0.09403322030932362
vertex_10156,0.11006476584186363
vertex_10157,0.08703015190271979
vertex_10158,0.08499067569997713
vertex_10159,0.08029522144314771
vertex_10160,0.07384054458149854
vertex_10161,0.09759860826684437
vertex_10162,0.02758823596086164
vertex_10163,0.03621553323272038
vertex_10164,0.023200409386171707
vertex_10165,0.033495656416948086
vertex_10166,0.028491935610765684
vertex_10167,0.048953683252508644
vertex_10168,0.03885868772542133
vertex_10169,0.030130806662480657
vertex_10170,0.02913110180897981
vertex_10171,0.042913200417512384
vertex_10172,0.025531992509884374
vertex_10173,0.028492635801654346
vertex_10174,0.027431277405167865
vertex_10175,0.02979796413791977
vertex_10176,0.035227199586617214
vertex_10177,0.04124643470209905
vertex_10178,0.023043582946319724
vertex_10179,0.02011041777915809
vertex_10180,0.020729120868322584
vertex_10181,0.020579794011738702
vertex_10182,0.05399129942969112
vertex_10183,0.050337332095927716
vertex_10184,0.045019478486941544
vertex_10185,0.04573790723360527
vertex_10186,0.03639093822294955
vertex_10187,0.029616110686427756
vertex_10188,0.035638951058628715
vertex_10189,0.03959251567482559
vertex_10190,0.07142218039253054
vertex_10191,0.09190185736395137
vertex_10192,0.056295845319803514
vertex_10193,0.04219824361383925
vertex_10194,0.07542473464286481
vertex_10195,0.05709709956429341
vertex_10196,0.04801849400501642
vertex_10197,0.03724902816720631
vertex_10198,0.02071434184554724
vertex_10199,0.016355911727743082
vertex_10200,0.03408090139424302
vertex_10201,0.030256347004078137
vertex_10202,0.037470369409855854
vertex_10203,0.04018917049895945
vertex_10204,0.05140780155836173
vertex_10205,0.05101131512879494
vertex_10206,0.047078194172749825
vertex_10207,0.03849722667309396
vertex_10208,0.03472341395207636
vertex_10209,0.037959116232768784
vertex_10210,0.07398734004081332
vertex_10211,0.05971778112020679
vertex_10212,0.028070529249303932
vertex_10213,0.033307397661134275
vertex_10214,0.045113706427466614
vertex_10215,0.04977047515157597
vertex_10216,0.039652943718338246
vertex_10217,0.022726897520399292
vertex_10218,0.044282294757222
vertex_10219,0.03896414345450419
vertex_10220,0.03187199047131479
vertex_10221,0.035744813905097976
vertex_10222,0.042667538041891266
vertex_10223,0.03542750820484382
vertex_10224,0.03290209626281854
vertex_10225,0.03908348641434927
vertex_10226,0.04801750593471003
vertex_10227,0.04671760712326807
vertex_10228,0.09619333165728168
vertex_10229,0.04775395687288188
vertex_10230,0.029085257364756124
vertex_10231,0.019898503129638336
vertex_10232,0.022590816241514895
vertex_10233,0.0247352541967529
vertex_10234,0.03155167291061734
vertex_10235,0.03860252715032393
vertex_10236,0.062216089675231546
vertex_10237,0.09302187929533273
vertex_10238,0.09441988896768706
vertex_10239,0.08285276232375678
vertex_10240,0.10534007271738074
vertex_10241,0.1061559313799396
vertex_10242,0.08345097069544892
vertex_10243,0.08449146829265172
vertex_10244,0.047293698363061076
vertex_10245,0.10873751614144439
vertex_10246,0.07636100674286564
vertex_10247,0.1182408493669266
vertex_10248,0.27734815591873596
vertex_10249,0.13224809792688685
vertex_10250,0.06614008370153261
vertex_10251,0.04233869595752021
vertex_10252,0.06476024904710893
vertex_10253,0.03853144723000054
vertex_10254,0.06670079043975187
vertex_10255,0.06377796141622384
vertex_10256,0.05891097109192329
vertex_10257,0.06395407588217691
vertex_10258,0.08257856618606048
vertex_10259,0.03481287359588722
vertex_10260,0.14257086861705817
vertex_10261,0.07714869873302947
vertex_10262,0.06991378955578248
vertex_10263,0.066324320186461
vertex_10264,0.06116572922560326
vertex_10265,0.07793469881772946
vertex_10266,0.0796774322654402
vertex_10267,0.05089990566917594
vertex_10268,0.051922318688026686
vertex_10269,0.04275591731652792
vertex_10270,0.022107435712013592
vertex_10271,0.07711074897213001
vertex_10272,0.19391368735067377
vertex_10273,0.13094983199336435
vertex_10274,0.14892204313053664
vertex_10275,0.06985317505152995
vertex_10276,0.25246301067912263
vertex_10277,0.09363473735882731
vertex_10278,0.08447029956748324
vertex_10279,0.03709622407973464
vertex_10280,0.09754032633850493
vertex_10281,0.13584036780888661
vertex_10282,0.2859877304313742
vertex_10283,0.035540259784574015
vertex_10284,0.09171320591747095
vertex_10285,0.06068331871529536
vertex_10286,0.08211142693140251
vertex_10287,0.04919883869632475
vertex_10288,0.0925264789154517
vertex_10289,0.04990063428844245
vertex_10290,0.049323030027657894
vertex_10291,0.05917636457399405
vertex_10292,0.03746159878178695
vertex_10293,0.1349690746928484
vertex_10294,0.09489686475867266
vertex_10295,0.08939146278154474
vertex_10296,0.05056528786582021
vertex_10297,0.10014090656628137
vertex_10298,0.05090181802392211
vertex_10299,0.07255611825023339
vertex_10300,0.05333262640456635
vertex_10301,0.05340205487265801
vertex_10302,0.027228157602733054
vertex_10303,0.06272944331716843
vertex_10304,0.05150425775211075
vertex_10305,0.11034412465603641
vertex_10306,0.054852649019548824
vertex_10307,0.15476436651881284
vertex_10308,0.08119364372340783
vertex_10309,0.06256352263294503
vertex_10310,0.16137725850809267
vertex_10311,0.09386132937163487
vertex_10312,0.05471472879269785
vertex_10313,0.09538481797843514
vertex_10314,0.10653663938235813
vertex_10315,0.1055814693825254
vertex_10316,0.0580973184277748
vertex_10317,0.07160136110553601
vertex_10318,0.08669637399275701
vertex_10319,0.07098391344032481
vertex_10320,0.04650648286191654
vertex_10321,0.07430900046799371
vertex_10322,0.04051398913002796
vertex_10323,0.0399168366103684
vertex_10324,0.04554497232767276
vertex_10325,0.12244806920204172
vertex_10326,0.1511613625501605
vertex_10327,0.0850598980305745
vertex_10328,0.27978586781501746
vertex_10329,0.22108071557006856
vertex_10330,0.15054354052268967
vertex_10331,0.15395543727723324
vertex_10332,0.16593476146099925
vertex_10333,0.13568911483916785
vertex_10334,0.06858984853691721
vertex_10335,0.10804426421862838
vertex_10336,0.08348368301602092
vertex_10337,0.06602246740083434
vertex_10338,0.07899777360413403
vertex_10339,0.05378924277588504
vertex_10340,0.06500158874859494
vertex_10341,0.05794720455285333
vertex_10342,0.06077552802074811
vertex_10343,0.13620610507262212
vertex_10344,0.20217403248215282
vertex_10345,0.056032738212764194
vertex_10346,0.09718663157870183
vertex_10347,0.04688668780112811
vertex_10348,0.09067481385365965
vertex_10349,0.061242959668463555
vertex_10350,0.06400084655884213
vertex_10351,0.09041435741305318
vertex_10352,0.06641801592238401
vertex_10353,0.06536085088293903
vertex_10354,0.11312205095591804
vertex_10355,0.04913427117898585
vertex_10356,0.0909747237595003
vertex_10357,0.09381116280340188
vertex_10358,0.038177028946804165
vertex_10359,0.05756759972951259
vertex_10360,0.10168357059002597
vertex_10361,0.043134239736581294
vertex_10362,0.07655035324779547
vertex_10363,0.062378172196906126
vertex_10364,0.03947199930794618
vertex_10365,0.05162893989818784
vertex_10366,0.03582030578429227
vertex_10367,0.013252501264807186
vertex_10368,0.038836622547933394
vertex_10369,0.04898205011556387
vertex_10370,0.07694398945298614
vertex_10371,0.05247401599589235
vertex_10372,0.14429831526756895
vertex_10373,0.3080420184032094
vertex_10374,0.19030555819256198
vertex_10375,0.11179010485099697
vertex_10376,0.12012259658915624
vertex_10377,0.27118108921220785
vertex_10378,0.20308560953908567
vertex_10379,0.1264708376672991
vertex_10380,0.20673956711190483
vertex_10381,0.10771195140985225
vertex_10382,0.14670859947463957
vertex_10383,0.09739395278890407
vertex_10384,0.08607718918327384
vertex_10385,0.12674105985286896
vertex_10386,0.05340997602341597
vertex_10387,0.04221918110271473
vertex_10388,0.09488508044784562
vertex_10389,0.04622562645302451
vertex_10390,0.05022663227654443
vertex_10391,0.04704180837923325
vertex_10392,0.1511622783016477
vertex_10393,0.019107072305414436
vertex_10394,0.026608079564887293
vertex_10395,0.09824266481387682
vertex_10396,0.12208993182959452
vertex_10397,0.2312995021801488
vertex_10398,0.14125067785472156
vertex_10399,0.11021278888694439
vertex_10400,0.1886764532977114
vertex_10401,0.026402316913490664
vertex_10402,0.14648565226010607
vertex_10403,0.1068799759972091
vertex_10404,0.10378456550953268
vertex_10405,0.06615710913945162
vertex_10406,0.11565602930776518
vertex_10407,0.04386833845735176
vertex_10408,0.06912352379623697
vertex_10409,0.05378435873075907
vertex_10410,0.05896126565430907
vertex_10411,0.061459879867349174
vertex_10412,0.04979874567514145
vertex_10413,0.1341510575840922
vertex_10414,0.1101825751855583
vertex_10415,0.06100614020522198
vertex_10416,0.06609440802452175
vertex_10417,0.11381044789147718
vertex_10418,0.05985631945122404
vertex_10419,0.12214887146541929
vertex_10420,0.07697116188560772
vertex_10421,0.11212207609708515
vertex_10422,0.06690836621712837
vertex_10423,0.10967412711940044
vertex_10424,0.11842164951185706
vertex_10425,0.08164075750387535
vertex_10426,0.09579121824531396
vertex_10427,0.09166065739047552
vertex_10428,0.10534952044616142
vertex_10429,0.1375992345930182
vertex_10430,0.0769456234679611
vertex_10431,0.08496719344182051
vertex_10432,0.07978267410006763
vertex_10433,0.12105332242016671
vertex_10434,0.10600365070624755
vertex_10435,0.0687660164758763
vertex_10436,0.07115656025909184
vertex_10437,0.054685214277562386
vertex_10438,0.10568285907033839
vertex_10439,0.06439630066619269
vertex_10440,0.055528161554227046
vertex_10441,0.08193557981454715
vertex_10442,0.027402401632495136
vertex_10443,0.03574694701431299
vertex_10444,0.03145956292955404
vertex_10445,0.09997154976340704
vertex_10446,0.1031018414216873
vertex_10447,0.09175108970599008
vertex_10448,0.4022559657077605
vertex_10449,0.27862334798635513
vertex_10450,0.20608031950722133
vertex_10451,0.12465185543967479
vertex_10452,0.08999267529937613
vertex_10453,0.09608133837896261
vertex_10454,0.08554714708897346
vertex_10455,0.06718683357375788
vertex_10456,0.0995071894286567
vertex_10457,0.06137048393236071
vertex_10458,0.05207899633699818
vertex_10459,0.06213368983641937
vertex_10460,0.0892571285983894
vertex_10461,0.06667274976400368
vertex_10462,0.06395865615017704
vertex_10463,0.05385719841817828
vertex_10464,0.04418392693625883
vertex_10465,0.06419119365825302
vertex_10466,0.09126260618261436
vertex_10467,0.06420357482190787
vertex_10468,0.09877013598433632
vertex_10469,0.0720323416247212
vertex_10470,0.06390122374916614
vertex_10471,0.07467287351200212
vertex_10472,0.05697281669746731
vertex_10473,0.03318382334843557
vertex_10474,0.06376501932977374
vertex_10475,0.04276998399185682
vertex_10476,0.06408720012573278
vertex_10477,0.0522569957329441
vertex_10478,0.09927544900916975
vertex_10479,0.06757557493195236
vertex_10480,0.04225004758236354
vertex_10481,0.06200361528154225
vertex_10482,0.11475082181748816
vertex_10483,0.06482899584675285
vertex_10484,0.03987397874249724
vertex_10485,0.05479277595213842
vertex_10486,0.06258153120570388
vertex_10487,0.08752734256730017
vertex_10488,0.047779781414006
vertex_10489,0.09790955704207129
vertex_10490,0.11017487526425739
vertex_10491,0.08528868802701332
vertex_10492,0.08084854506421298
vertex_10493,0.09612889192794724
vertex_10494,0.10001165363684214
vertex_10495,0.07248522581473582
vertex_10496,0.08368022998416494
vertex_10497,0.0434062592942896
vertex_10498,0.04875238907528459
vertex_10499,0.05994942592808041
vertex_10500,0.15794460119970716
vertex_10501,0.10421621870696832
vertex_10502,0.08767822698779697
vertex_10503,0.10246060901466286
vertex_10504,0.1493694986076492
vertex_10505,0.07314377008212279
vertex_10506,0.05641935953197416
vertex_10507,0.10639546829519263
vertex_10508,0.06961241387313492
vertex_10509,0.020899795454136866
vertex_10510,0.02904152698771515
vertex_10511,0.02803454204520302
vertex_10512,0.04642816538269051
vertex_10513,0.06135851259198441
vertex_10514,0.03818159273029644
vertex_10515,0.03137263775701932
vertex_10516,0.0229901919716555
vertex_10517,0.045709434849017
vertex_10518,0.052235953412591095
vertex_10519,0.05584401514353651
vertex_10520,0.08684090715232118
vertex_10521,0.07453815435886002
vertex_10522,0.04849237513888309
vertex_10523,0.08269354804318862
vertex_10524,0.03256690629646547
vertex_10525,0.023234321563388394
vertex_10526,0.0867967960938676
vertex_10527,0.15556255184070153
vertex_10528,0.1412311414426663
vertex_10529,0.08172315697910618
vertex_10530,0.0967948906278886
vertex_10531,0.08551456454280625
vertex_10532,0.08122792359134175
vertex_10533,0.06201031429659608
vertex_10534,0.21845192400600613
vertex_10535,0.13223179238777558
vertex_10536,0.15232089239320037
vertex_10537,0.1495618512801218
vertex_10538,0.195726812597333
vertex_10539,0.1944831298021105
vertex_10540,0.2019558617505914
vertex_10541,0.09466802354218783
vertex_10542,0.10053529392556569
vertex_10543,0.07450125229729973
vertex_10544,0.08117281129154116
vertex_10545,0.07114072885661671
vertex_10546,0.14569536950790815
vertex_10547,0.21825106192919652
vertex_10548,0.21708046388853725
vertex_10549,0.13466647787635572
vertex_10550,0.12908022218265142
vertex_10551,0.09881743371775097
vertex_10552,0.09063839436862377
vertex_10553,0.10053490474798954
vertex_10554,0.10016289436528894
vertex_10555,0.08685602090948596
vertex_10556,0.06234216843568022
vertex_10557,0.030864591189819858
vertex_10558,0.04337604650243925
vertex_10559,0.12959744439066515
vertex_10560,0.0821116602279807
vertex_10561,0.09360900436490754
vertex_10562,0.07508086441128395
vertex_10563,0.11884147641002456
vertex_10564,0.09457284347428123
vertex_10565,0.05236596727563052
vertex_10566,0.035300096108081915
vertex_10567,0.0826280086665687
vertex_10568,0.05317157180767207
vertex_10569,0.055619264534437524
vertex_10570,0.07115538957072172
vertex_10571,0.10583020872467541
vertex_10572,0.0499362075341659
vertex_10573,0.05386719591423971
vertex_10574,0.0418557339944869
vertex_10575,0.0305616368208111
vertex_10576,0.04012790926216335
vertex_10577,0.05751598206787277
vertex_10578,0.030450560576269325
vertex_10579,0.04441337264014329
vertex_10580,0.24816670866903492
vertex_10581,0.17778755556762102
vertex_10582,0.3071705679377261
vertex_10583,0.09155434100796866
vertex_10584,0.18161941783084257
vertex_10585,0.20449596894340305
vertex_10586,0.14438093591775025
vertex_10587,0.09956653521462885
vertex_10588,0.20535985759081868
vertex_10589,0.12490237507048033
vertex_10590,0.3021548614158511
vertex_10591,0.2339916931465765
vertex_10592,0.21776541737628258
vertex_10593,0.2252530580170017
vertex_10594,0.21163557688355464
vertex_10595,0.19309777213448998
vertex_10596,0.13527205153663183
vertex_10597,0.09937882666944783
vertex_10598,0.16057967144141172
vertex_10599,0.10666460051554508
vertex_10600,0.09969822100523122
vertex_10601,0.0467555999806976
vertex_10602,0.032436069966170704
vertex_10603,0.06554665488441337
vertex_10604,0.10549408322373546
vertex_10605,0.04908693765444535
vertex_10606,0.07226892106946271
vertex_10607,0.06365718335324169
vertex_10608,0.07535440901218718
vertex_10609,0.05745288846931432
vertex_10610,0.04992270606438976
vertex_10611,0.05455239713417844
vertex_10612,0.0889833548662129
vertex_10613,0.08105092180371948
vertex_10614,0.06282640941706
vertex_10615,0.04621983355388357
vertex_10616,0.05696036799760054
vertex_10617,0.0799721938502837
vertex_10618,0.06153388791625163
vertex_10619,0.06978584620494194
vertex_10620,0.042275004350365575
vertex_10621,0.07921767869671449
vertex_10622,0.15207592202967887
vertex_10623,0.13284746412255213
vertex_10624,0.06538408920825074
vertex_10625,0.1024099957968336
vertex_10626,0.06771482557565912
vertex_10627,0.06327646611100082
vertex_10628,0.09097211280765893
vertex_10629,0.08564638510058803
vertex_10630,0.03755287087803969
vertex_10631,0.07991616829699047
vertex_10632,0.04204635952093427
vertex_10633,0.06556715902141842
vertex_10634,0.03309767637733498
vertex_10635,0.06210973091439154
vertex_10636,0.06648369139041939
vertex_10637,0.018570767374273673
vertex_10638,0.0307674069877877
vertex_10639,0.03115792992252546
vertex_10640,0.03649102580104176
vertex_10641,0.03434809901443069
vertex_10642,0.03788815467996422
vertex_10643,0.06738168999344159
vertex_10644,0.03845987762731358
vertex_10645,0.041639824318386746
vertex_10646,0.12072309705071455
vertex_10647,0.15052487659337735
vertex_10648,0.15260666318325122
vertex_10649,0.119748195059428
vertex_10650,0.05753586179778773
vertex_10651,0.09290705683012573
vertex_10652,0.10740283036711802
vertex_10653,0.079312022753063
vertex_10654,0.11918786478062703
vertex_10655,0.12386277398819705
vertex_10656,0.06990957602849582
vertex_10657,0.08154292491477648
vertex_10658,0.08451956873661065
vertex_10659,0.10143514816843265
vertex_10660,0.0924784061074328
vertex_10661,0.06221813809909049
vertex_10662,0.08987661581369175
vertex_10663,0.0802817556910486
vertex_10664,0.08754069755395055
vertex_10665,0.04081950841841712
vertex_10666,0.04122411467495797
vertex_10667,0.0761743761655295
vertex_10668,0.1193833203100592
vertex_10669,0.0929175647662138
vertex_10670,0.039995940073800286
vertex_10671,0.068105694518677
vertex_10672,0.0309404396604366
vertex_10673,0.08369102361521587
vertex_10674,0.04496869496119006
vertex_10675,0.0689470567627728
vertex_10676,0.08923973830721942
vertex_10677,0.04680228063291508
vertex_10678,0.06948900430574612
vertex_10679,0.07056567846126591
vertex_10680,0.13118929078029293
vertex_10681,0.1127631133691696
vertex_10682,0.08019695896036041
vertex_10683,0.11182932234879095
vertex_10684,0.2490700883461516
vertex_10685,0.3761458595654652
vertex_10686,0.26516555959700433
vertex_10687,0.2703052966989006
vertex_10688,0.1671898685615515
vertex_10689,0.14599329583729106
vertex_10690,0.16739937075200448
vertex_10691,0.14558193998914884
vertex_10692,0.14461731785309306
vertex_10693,0.13384197365972197
vertex_10694,0.14012348639568523
vertex_10695,0.0748955243637523
vertex_10696,0.06976248260024878
vertex_10697,0.07747395895698148
vertex_10698,0.07436252477749856
vertex_10699,0.0772273660691259
vertex_10700,0.07935250411554862
vertex_10701,0.04794580798935302
vertex_10702,0.10394406418368635
vertex_10703,0.115218812949707
vertex_10704,0.1235604272064383
vertex_10705,0.06023519442744557
vertex_10706,0.06986462946775068
vertex_10707,0.08593232162666713
vertex_10708,0.08187962232639814
vertex_10709,0.07829389689898807
vertex_10710,0.04624230010220052
vertex_10711,0.05216983193539935
vertex_10712,0.045595190034365865
vertex_10713,0.08736833243065356
vertex_10714,0.10045823292445794
vertex_10715,0.09990844353798235
vertex_10716,0.11683178050224752
vertex_10717,0.0891623455796403
vertex_10718,0.13330725199871352
vertex_10719,0.16419825683952097
vertex_10720,0.07570042080177132
vertex_10721,0.08912631445580535
vertex_10722,0.11799754776955836
vertex_10723,0.1334519771976429
vertex_10724,0.08291634710515643
vertex_10725,0.042391238103695036
vertex_10726,0.05121203332731906
vertex_10727,0.05882183565102394
vertex_10728,0.05364705202786092
vertex_10729,0.04238275444921049
vertex_10730,0.04017373953178448
vertex_10731,0.0306409742298319
vertex_10732,0.06667846488238531
vertex_10733,0.09969139060319429
vertex_10734,0.1360299581042382
vertex_10735,0.04757317482475621
vertex_10736,0.0634850857803551
vertex_10737,0.10600738918370949
vertex_10738,0.06718021615531
vertex_10739,0.10841441227887581
vertex_10740,0.09971577329861146
vertex_10741,0.0719478695060906
vertex_10742,0.06353036062792647
vertex_10743,0.047430832528697724
vertex_10744,0.06374458667053888
vertex_10745,0.025703199597066954
vertex_10746,0.059824661009464604
vertex_10747,0.06101018072212452
vertex_10748,0.04773536736929829
vertex_10749,0.06519559950315149
vertex_10750,0.056095356877840764
vertex_10751,0.0584048658633636
vertex_10752,0.07678904320969607
vertex_10753,0.07216850429607219
vertex_10754,0.022369465290043928
vertex_10755,0.023711588582744657
vertex_10756,0.03299743300616146
vertex_10757,0.04424462159660991
vertex_10758,0.06807381429301268
vertex_10759,0.04455893219845883
vertex_10760,0.06649850239478756
vertex_10761,0.07026618724475056
vertex_10762,0.1254906386332864
vertex_10763,0.10088673714913862
vertex_10764,0.04796603743455348
vertex_10765,0.06023650115291928
vertex_10766,0.039547863037857296
vertex_10767,0.04498611111064902
vertex_10768,0.05917405272090825
vertex_10769,0.03479541048217217
vertex_10770,0.10223888630024483
vertex_10771,0.04067867800185825
vertex_10772,0.018456114469930993
vertex_10773,0.047693585222564575
vertex_10774,0.05043332018550254
vertex_10775,0.07477406998480632
vertex_10776,0.02726441655802435
vertex_10777,0.0259443294453629
vertex_10778,0.06079598986728163
vertex_10779,0.02604059361998085
vertex_10780,0.03749101439389586
vertex_10781,0.0344173961017231
vertex_10782,0.024255607197123837
vertex_10783,0.0635954267475425
vertex_10784,0.05883229165743366
vertex_10785,0.04974493850684266
vertex_10786,0.08251617807993532
vertex_10787,0.07656832114398732
vertex_10788,0.06135096586728477
vertex_10789,0.05034485090229162
vertex_10790,0.058998733088683385
vertex_10791,0.07752170637455046
vertex_10792,0.33279430051900744
vertex_10793,0.19366367841654375
vertex_10794,0.10270565756308987
vertex_10795,0.1698924405184077
vertex_10796,0.17859735359178305
vertex_10797,0.1859297561481245
vertex_10798,0.1305881994135684
vertex_10799,0.1460171037116611
vertex_10800,0.15299986992365733
vertex_10801,0.11424808423006887
vertex_10802,0.14178294417719792
vertex_10803,0.08694595979459013
vertex_10804,0.1055990238623767
vertex_10805,0.11726035500496898
vertex_10806,0.1342399734120813
vertex_10807,0.20817508695055623
vertex_10808,0.3082971433439687
vertex_10809,0.2688977932873955
vertex_10810,0.3472855335742311
vertex_10811,0.11852099348819085
vertex_10812,0.1539512692594471
vertex_10813,0.15288382866869213
vertex_10814,0.15126426248219735
vertex_10815,0.17093508362486753
vertex_10816,0.07453775720817421
vertex_10817,0.11585183175219393
vertex_10818,0.22033125186405259
vertex_10819,0.24271120112569086
vertex_10820,0.37680005018421664
vertex_10821,0.11476460277319392
vertex_10822,0.09386925215401495
vertex_10823,0.11897483639527345
vertex_10824,0.09512712489017738
vertex_10825,0.08157851045039882
vertex_10826,0.08011572883244446
vertex_10827,0.11835586133140177
vertex_10828,0.12960064501890833
vertex_10829,0.12125716362235131
vertex_10830,0.06739235515100554
vertex_10831,0.041867674436793775
vertex_10832,0.05268604743662408
vertex_10833,0.09875466819763419
vertex_10834,0.06207048005305278
vertex_10835,0.07586095897765815
vertex_10836,0.08155490167901586
vertex_10837,0.1125865026737195
vertex_10838,0.1549606110917668
vertex_10839,0.03271022987362998
vertex_10840,0.03215973978364479
vertex_10841,0.05521292350406486
vertex_10842,0.06220355031845938
vertex_10843,0.07799288493212618
vertex_10844,0.03947254509419513
vertex_10845,0.02813561768006274
vertex_10846,0.0509565758803838
vertex_10847,0.060535654128188926
vertex_10848,0.03191760365234939
vertex_10849,0.03395432106666384
vertex_10850,0.025947523318248393
vertex_10851,0.04161179408290821
vertex_10852,0.04727048358895189
vertex_10853,0.03025884003668107
vertex_10854,0.08436698416224758
vertex_10855,0.1049700679595139
vertex_10856,0.019402229422604337
vertex_10857,0.06679294452281717
vertex_10858,0.23746095548925367
vertex_10859,0.31031081143458916
vertex_10860,0.36205594880606173
vertex_10861,0.2009933824640628
vertex_10862,0.19892163102663332
vertex_10863,0.3032196700149973
vertex_10864,0.21128905974135545
vertex_10865,0.14923680190808522
vertex_10866,0.11418381322347157
vertex_10867,0.17421689609832589
vertex_10868,0.05585470713711928
vertex_10869,0.07174335997355749
vertex_10870,0.24951010475019295
vertex_10871,0.11908384410803412
vertex_10872,0.05182756344892862
vertex_10873,0.06557991479638205
vertex_10874,0.09280343334801466
vertex_10875,0.018422634198950065
vertex_10876,0.052114675771252006
vertex_10877,0.08749280326705093
vertex_10878,0.1461762251508869
vertex_10879,0.10834657946342452
vertex_10880,0.1295592887794558
vertex_10881,0.13867830109884324
vertex_10882,0.11253974067729465
vertex_10883,0.05316793858944422
vertex_10884,0.11134322834031167
vertex_10885,0.1280889234282221
vertex_10886,0.0994372230553457
vertex_10887,0.0857726114446263
vertex_10888,0.06982758372294788
vertex_10889,0.05496930654055212
vertex_10890,0.041424598519358376
vertex_10891,0.06554091246380782
vertex_10892,0.035782341093493854
vertex_10893,0.09746504426957703
vertex_10894,0.1251837066424625
vertex_10895,0.06418098104343982
vertex_10896,0.08449217617533446
vertex_10897,0.1029793619316867
vertex_10898,0.10237585273469287
vertex_10899,0.1344547348033287
vertex_10900,0.1367216467052151
vertex_10901,0.08257257324608991
vertex_10902,0.090806800670644
vertex_10903,0.09454398122050768
vertex_10904,0.07924171295854199
vertex_10905,0.09409858246255315
vertex_10906,0.10047657350106227
vertex_10907,0.1106009016627308
vertex_10908,0.10909030786742445
vertex_10909,0.12786736182944514
vertex_10910,0.10586393963397568
vertex_10911,0.05776335911634587
vertex_10912,0.10879213544702464
vertex_10913,0.11877491150555224
vertex_10914,0.08117359189665728
vertex_10915,0.06040136477657687
vertex_10916,0.038177171356976826
vertex_10917,0.06536151185031208
vertex_10918,0.05985715426185889
vertex_10919,0.0445691503030815
vertex_10920,0.08567716943869161
vertex_10921,0.09297870211272789
vertex_10922,0.026467685947031198
vertex_10923,0.032686792128611426
vertex_10924,0.038389907865572274
vertex_10925,0.06244093013733212
vertex_10926,0.08328468342577335
vertex_10927,0.07426054980342163
vertex_10928,0.38931154182344857
vertex_10929,0.32813614084700427
vertex_10930,0.28843501113161163
vertex_10931,0.1327676635690265
vertex_10932,0.113191801974028
vertex_10933,0.09460609870750235
vertex_10934,0.07558702383637099
vertex_10935,0.12487971330701844
vertex_10936,0.07215667340286118
vertex_10937,0.07028602910544597
vertex_10938,0.054568417757957594
vertex_10939,0.04524347465202374
vertex_10940,0.06055707594886072
vertex_10941,0.05995490738386546
vertex_10942,0.052498750009490246
vertex_10943,0.039075549031555454
vertex_10944,0.04570617168138868
vertex_10945,0.04548895926588499
vertex_10946,0.05264727627214965
vertex_10947,0.07512248333797902
vertex_10948,0.08936303703663134
vertex_10949,0.06436137590280899
vertex_10950,0.06959422515131732
vertex_10951,0.0719121513328215
vertex_10952,0.10504424160397355
vertex_10953,0.08444376248456605
vertex_10954,0.07302651820742267
vertex_10955,0.07073439243958275
vertex_10956,0.06402033539263147
vertex_10957,0.07149354362005787
vertex_10958,0.08914592455276048
vertex_10959,0.04169308888484051
vertex_10960,0.039472736574343095
vertex_10961,0.04585476574339268
vertex_10962,0.0807451591233412
vertex_10963,0.060400540171767644
vertex_10964,0.0518939688674761
vertex_10965,0.09754201890803882
vertex_10966,0.11064289979440764
vertex_10967,0.07731931186106417
vertex_10968,0.0696493935418367
vertex_10969,0.07502387045725353
vertex_10970,0.10198921941509383
vertex_10971,0.06268903593872231
vertex_10972,0.0844048218217901
vertex_10973,0.10217568741098308
vertex_10974,0.11030426490204662
vertex_10975,0.06975366075513031
vertex_10976,0.0840360424639451
vertex_10977,0.03175894468965108
vertex_10978,0.0537466608007313
vertex_10979,0.05785134459411917
vertex_10980,0.08706487331965046
vertex_10981,0.05645515627995191
vertex_10982,0.08540321010354832
vertex_10983,0.10216457467381526
vertex_10984,0.10391174508960016
vertex_10985,0.11491701341111725
vertex_10986,0.07182583154452257
vertex_10987,0.08824978877518512
vertex_10988,0.053988806290725305
vertex_10989,0.035627188203406095
vertex_10990,0.023767085573757132
vertex_10991,0.03165067596103378
vertex_10992,0.053430360157474856
vertex_10993,0.03161256321857227
vertex_10994,0.052503601817461824
vertex_10995,0.03384674225910735
vertex_10996,0.03806956716221253
vertex_10997,0.04432597107498372
vertex_10998,0.04322335654639652
vertex_10999,0.0684510585736102
vertex_11000,0.07052356368006751
vertex_11001,0.08168558013160179
vertex_11002,0.02503981612572628
vertex_11003,0.04223606087739676
vertex_11004,0.02333556605594066
vertex_11005,0.022398106035633133
vertex_11006,0.16972797095291461
vertex_11007,0.14876037216262367
vertex_11008,0.13564643639393126
vertex_11009,0.06469598667929374
vertex_11010,0.08022335842976946
vertex_11011,0.06626561462267878
vertex_11012,0.08473884031220985
vertex_11013,0.0656050084582131
vertex_11014,0.17623591145137218
vertex_11015,0.18234248958700697
vertex_11016,0.16521175798357682
vertex_11017,0.15616980171483782
vertex_11018,0.14000942560714233
vertex_11019,0.1897342015847515
vertex_11020,0.12848768793477217
vertex_11021,0.059026122167518964
vertex_11022,0.09206623295033207
vertex_11023,0.10706170278192238
vertex_11024,0.09431917845643885
vertex_11025,0.14325560613693747
vertex_11026,0.1131903580206021
vertex_11027,0.2313031984907804
vertex_11028,0.15885305566479166
vertex_11029,0.07914891384386723
vertex_11030,0.08782223463399505
vertex_11031,0.0600538446792379
vertex_11032,0.07709489503681352
vertex_11033,0.07686983523698562
vertex_11034,0.04349970710573777
vertex_11035,0.06176481815354241
vertex_11036,0.07210960896843058
vertex_11037,0.04529110985872586
vertex_11038,0.06265365543415616
vertex_11039,0.13200732984597843
vertex_11040,0.12824164754904968
vertex_11041,0.0992587700150043
vertex_11042,0.11148170632627526
vertex_11043,0.07829865831868874
vertex_11044,0.049910398769589394
vertex_11045,0.06198651604600574
vertex_11046,0.06696963946019992
vertex_11047,0.13504095796187096
vertex_11048,0.09621120402032507
vertex_11049,0.12593229749933013
vertex_11050,0.06322979344360993
vertex_11051,0.15248501092969613
vertex_11052,0.031349002780604145
vertex_11053,0.055486393448010686
vertex_11054,0.051405293845680204
vertex_11055,0.028109374371988783
vertex_11056,0.041612434614581174
vertex_11057,0.04434822691787809
vertex_11058,0.05121657282255592
vertex_11059,0.04139926538974987
vertex_11060,0.1444784132405254
vertex_11061,0.26440357284367644
vertex_11062,0.20661126140788108
vertex_11063,0.15706179425588968
vertex_11064,0.200558787452842
vertex_11065,0.1954154425602294
vertex_11066,0.15865729736404124
vertex_11067,0.13321299391013183
vertex_11068,0.24272110313236236
vertex_11069,0.21601554638122988
vertex_11070,0.28679357278188805
vertex_11071,0.2628782128111999
vertex_11072,0.1814653530198216
vertex_11073,0.2797293304420314
vertex_11074,0.24480910067113196
vertex_11075,0.2622180345562072
vertex_11076,0.12888985057207852
vertex_11077,0.1331451502534777
vertex_11078,0.11670385644556482
vertex_11079,0.05557664682900488
vertex_11080,0.07369424676320807
vertex_11081,0.03964213619698513
vertex_11082,0.027941631390473304
vertex_11083,0.024357455091628403
vertex_11084,0.10982351947212926
vertex_11085,0.07959830062181464
vertex_11086,0.0712091880177648
vertex_11087,0.07411451426109907
vertex_11088,0.07699487178416263
vertex_11089,0.08140160941174134
vertex_11090,0.06098642348374229
vertex_11091,0.10052829919257439
vertex_11092,0.03913764371756163
vertex_11093,0.04482593659208999
vertex_11094,0.04222294520941014
vertex_11095,0.09699049292664425
vertex_11096,0.07764820836727927
vertex_11097,0.0954255570806108
vertex_11098,0.09508534112276852
vertex_11099,0.07147969049626293
vertex_11100,0.06860919356649199
vertex_11101,0.0641451702293661
vertex_11102,0.056073386335129975
vertex_11103,0.05998647218435246
vertex_11104,0.04393333475470998
vertex_11105,0.0536527543077157
vertex_11106,0.06641439938462707
vertex_11107,0.08096044592501372
vertex_11108,0.06276500789664073
vertex_11109,0.050042513016752055
vertex_11110,0.049624772827274205
vertex_11111,0.053511952596798244
vertex_11112,0.05331774788651906
vertex_11113,0.08438853733927865
vertex_11114,0.11815849559502266
vertex_11115,0.11831166906200259
vertex_11116,0.1248579363632676
vertex_11117,0.09366156322110746
vertex_11118,0.08542176590445281
vertex_11119,0.1027575049465347
vertex_11120,0.0811005048764811
vertex_11121,0.06581982215756572
vertex_11122,0.08139747705222342
vertex_11123,0.06256638192913283
vertex_11124,0.07305641418897718
vertex_11125,0.05852418362393568
vertex_11126,0.07008883002644849
vertex_11127,0.07113498176749347
vertex_11128,0.0454979374294628
vertex_11129,0.047070154232273995
vertex_11130,0.05550731916746443
vertex_11131,0.04079506430688974
vertex_11132,0.09570470614244843
vertex_11133,0.06721653951339851
vertex_11134,0.062128018981902774
vertex_11135,0.04347531457013244
vertex_11136,0.0809319544088244
vertex_11137,0.0764524003656151
vertex_11138,0.06676206249274537
vertex_11139,0.07060900112860297
vertex_11140,0.09049349005227994
vertex_11141,0.047624691968396145
vertex_11142,0.034204816627250334
vertex_11143,0.05211787100426664
vertex_11144,0.13351544444578428
vertex_11145,0.06992489504891572
vertex_11146,0.07783271196856652
vertex_11147,0.03445195562965818
vertex_11148,0.06619151103150801
vertex_11149,0.05181450641554171
vertex_11150,0.047308864988310426
vertex_11151,0.060162974936145246
vertex_11152,0.05375959256503022
vertex_11153,0.051391416305923816
vertex_11154,0.0507142876943497
vertex_11155,0.04982160357854145
vertex_11156,0.1288880908000548
vertex_11157,0.13474920677896707
vertex_11158,0.11420061331988951
vertex_11159,0.1227863657899106
vertex_11160,0.09090469196960546
vertex_11161,0.1028890701463708
vertex_11162,0.08256698850704826
vertex_11163,0.07457281991695948
vertex_11164,0.07868922166655061
vertex_11165,0.05692806720336356
vertex_11166,0.06486318027486089
vertex_11167,0.05770364750265293
vertex_11168,0.06839065084027889
vertex_11169,0.058371779251832595
vertex_11170,0.14727014964166216
vertex_11171,0.1028251998637337
vertex_11172,0.10763133458274629
vertex_11173,0.12841314915256385
vertex_11174,0.08101636877729768
vertex_11175,0.0831823903133175
vertex_11176,0.06948874004374193
vertex_11177,0.1224738368616299
vertex_11178,0.1158580728178423
vertex_11179,0.11442244223359407
vertex_11180,0.07385544004102741
vertex_11181,0.0852405893722243
vertex_11182,0.09533648486388299
vertex_11183,0.07824994735046764
vertex_11184,0.08984994275371799
vertex_11185,0.09613339036606355
vertex_11186,0.08277561748910396
vertex_11187,0.03662888916697464
vertex_11188,0.03655860447539337
vertex_11189,0.05706590739294127
vertex_11190,0.05398982990600276
vertex_11191,0.07606268178317674
vertex_11192,0.10375158812480696
vertex_11193,0.10033513222014624
vertex_11194,0.07751061994941258
vertex_11195,0.06317166970059429
vertex_11196,0.0350468087993275
vertex_11197,0.058677219376435594
vertex_11198,0.05257404865239034
vertex_11199,0.046983715484154975
vertex_11200,0.044734815642898614
vertex_11201,0.05368877783703633
vertex_11202,0.0470078997439092
vertex_11203,0.043527113765691676
vertex_11204,0.04204839720689899
vertex_11205,0.044605145722538375
vertex_11206,0.04992074483161208
vertex_11207,0.04849187635188774
vertex_11208,0.05572646618315424
vertex_11209,0.057216327712148074
vertex_11210,0.105462302879376
vertex_11211,0.17856466889774544
vertex_11212,0.13108062279098265
vertex_11213,0.08971785707322973
vertex_11214,0.0954504060091677
vertex_11215,0.09910771117074603
vertex_11216,0.06823901901508365
vertex_11217,0.07488657081166969
vertex_11218,0.28483263600599534
vertex_11219,0.3240165662107154
vertex_11220,0.2704373094590027
vertex_11221,0.28045932698037174
vertex_11222,0.30051791504245645
vertex_11223,0.2918796119867717
vertex_11224,0.1727813448553691
vertex_11225,0.15095566022711826
vertex_11226,0.19381771200995299
vertex_11227,0.15233346014418656
vertex_11228,0.149416170744284
vertex_11229,0.10379178691632733
vertex_11230,0.15491293814460116
vertex_11231,0.10759450880196654
vertex_11232,0.12757911649868886
vertex_11233,0.13688148008459375
vertex_11234,0.07000427878919985
vertex_11235,0.09246380757247441
vertex_11236,0.09228042550176302
vertex_11237,0.060491813034976374
vertex_11238,0.0627642952460451
vertex_11239,0.05595331859920117
vertex_11240,0.07884979319010604
vertex_11241,0.061745896467545504
vertex_11242,0.039278904294763765
vertex_11243,0.06004184674820958
vertex_11244,0.0543268951645805
vertex_11245,0.040923664033971976
vertex_11246,0.04789839567566784
vertex_11247,0.044881883649740585
vertex_11248,0.06388296820554426
vertex_11249,0.04160136945352324
vertex_11250,0.04170801572903989
vertex_11251,0.08167416058281514
vertex_11252,0.09317228088974282
vertex_11253,0.11839758762765736
vertex_11254,0.11462471134897687
vertex_11255,0.1325842755519551
vertex_11256,0.10165361881668623
vertex_11257,0.05734961500004698
vertex_11258,0.07196735861852335
vertex_11259,0.08208978334386313
vertex_11260,0.06366106949669226
vertex_11261,0.07257179746168642
vertex_11262,0.06730650387230605
vertex_11263,0.08109355852139338
vertex_11264,0.078401286113212
vertex_11265,0.05345949246315959
vertex_11266,0.05180832198992394
vertex_11267,0.06321030168281007
vertex_11268,0.06502314128444155
vertex_11269,0.066858970110699
vertex_11270,0.06334657226186532
vertex_11271,0.04561907025015381
vertex_11272,0.04821482274632756
vertex_11273,0.06574401887232711
vertex_11274,0.06389567065846012
vertex_11275,0.040543853573593164
vertex_11276,0.10655431945552139
vertex_11277,0.10852301789066807
vertex_11278,0.1238502985274848
vertex_11279,0.12898594448605927
vertex_11280,0.08030831932282816
vertex_11281,0.09916103997427322
vertex_11282,0.05972330643689274
vertex_11283,0.08124266826798802
vertex_11284,0.0660751517646164
vertex_11285,0.1670654195615787
vertex_11286,0.10178235024147902
vertex_11287,0.040021015266232814
vertex_11288,0.049116097770708994
vertex_11289,0.043288382694969256
vertex_11290,0.0681943158566516
vertex_11291,0.06333083331415956
vertex_11292,0.08869463247804633
vertex_11293,0.11949310188878919
vertex_11294,0.1338080432504025
vertex_11295,0.12209487438473
vertex_11296,0.11543646561568896
vertex_11297,0.05094186718850546
vertex_11298,0.048869627051226945
vertex_11299,0.04392156408996046
vertex_11300,0.070986448080471
vertex_11301,0.043340991633814545
vertex_11302,0.048141402559759267
vertex_11303,0.05431229968776919
vertex_11304,0.053624017425805325
vertex_11305,0.05078487476764044
vertex_11306,0.04599535990792455
vertex_11307,0.05729874632247407
vertex_11308,0.03865836034240074
vertex_11309,0.05414592051576
vertex_11310,0.053980343002544694
vertex_11311,0.04452787916275169
vertex_11312,0.04837008947213555
vertex_11313,0.040382189406888404
vertex_11314,0.06446074935527127
vertex_11315,0.05103187658519707
vertex_11316,0.0693675855110672
vertex_11317,0.09316417250752394
vertex_11318,0.07196132804983521
vertex_11319,0.15854139760822625
vertex_11320,0.15765872426875485
vertex_11321,0.15421316603767302
vertex_11322,0.1448853788725466
vertex_11323,0.09014581722085667
vertex_11324,0.09574664364003964
vertex_11325,0.06381774572211144
vertex_11326,0.0843534952343011
vertex_11327,0.05784842630677112
vertex_11328,0.04776358410185127
vertex_11329,0.10189015626255245
vertex_11330,0.08535636124807561
vertex_11331,0.06496923102681973
vertex_11332,0.08312784282750345
vertex_11333,0.0647058653372407
vertex_11334,0.10816113557862467
vertex_11335,0.09166368809874441
vertex_11336,0.10151846216954274
vertex_11337,0.09370657576539666
vertex_11338,0.0963825047460921
vertex_11339,0.07325599107229684
vertex_11340,0.05195462353364929
vertex_11341,0.05882124748223683
vertex_11342,0.06062631060539529
vertex_11343,0.057248655020386376
vertex_11344,0.1079627796227712
vertex_11345,0.06553622128205668
vertex_11346,0.08054116413353667
vertex_11347,0.12025310376262326
vertex_11348,0.08658314366005915
vertex_11349,0.06759693580179323
vertex_11350,0.03707783322795486
vertex_11351,0.055295513295420526
vertex_11352,0.0623964926260289
vertex_11353,0.04543375699833088
vertex_11354,0.06815201039733283
vertex_11355,0.10660881521644737
vertex_11356,0.08483824277315606
vertex_11357,0.07337066692711033
vertex_11358,0.0590140902382
vertex_11359,0.05972718099062972
vertex_11360,0.08945629461455525
vertex_11361,0.04921347846866356
vertex_11362,0.06538023342154214
vertex_11363,0.06466602365152188
vertex_11364,0.05899236768389026
vertex_11365,0.05103580460992672
vertex_11366,0.06049445106758596
vertex_11367,0.022891953793839733
vertex_11368,0.0227559669848986
vertex_11369,0.02290154152820194
vertex_11370,0.06588940883958998
vertex_11371,0.054533862087254206
vertex_11372,0.0638558612814501
vertex_11373,0.031579448963078564
vertex_11374,0.06626479920677063
vertex_11375,0.05183694929156403
vertex_11376,0.03722628763837563
vertex_11377,0.03679683009955726
vertex_11378,0.053379679611769565
vertex_11379,0.06377129457404596
vertex_11380,0.07141604400870365
vertex_11381,0.047144106827659495
vertex_11382,0.0621066458948934
vertex_11383,0.07845576640832075
vertex_11384,0.08165676651221027
vertex_11385,0.1168580524108413
vertex_11386,0.13432378232567188
vertex_11387,0.11433142360683797
vertex_11388,0.11662733987900033
vertex_11389,0.04223119801526135
vertex_11390,0.05114002591276853
vertex_11391,0.04139032647050203
vertex_11392,0.11937331195059382
vertex_11393,0.038593510460612074
vertex_11394,0.0627898750083348
vertex_11395,0.034171510954350566
vertex_11396,0.04216576503914804
vertex_11397,0.033855413468248836
vertex_11398,0.053081100502817315
vertex_11399,0.0321775349178689
vertex_11400,0.0585463792604444
vertex_11401,0.045534082370525995
vertex_11402,0.029451369726508383
vertex_11403,0.046541279838985566
vertex_11404,0.03640919253606173
vertex_11405,0.04671432755252875
vertex_11406,0.06925183393093945
vertex_11407,0.029925545473888968
vertex_11408,0.046005059974635214
vertex_11409,0.018984142666226847
vertex_11410,0.03465149692202745
vertex_11411,0.04190529009371113
vertex_11412,0.03701356074852963
vertex_11413,0.050829363375521575
vertex_11414,0.029367456993921688
vertex_11415,0.039556482750576924
vertex_11416,0.028588704306122013
vertex_11417,0.023790229719582095
vertex_11418,0.03513700641923208
vertex_11419,0.03880182606179768
vertex_11420,0.022803073574086064
vertex_11421,0.027599874692946537
vertex_11422,0.02976341730847971
vertex_11423,0.026725510392314415
vertex_11424,0.02184718355219736
vertex_11425,0.030678885951523554
vertex_11426,0.03070696529622573
vertex_11427,0.040592338475351944
vertex_11428,0.0656893572321436
vertex_11429,0.03274548295648129
vertex_11430,0.024597398689087318
vertex_11431,0.025487837379740322
vertex_11432,0.017835648810808628
vertex_11433,0.02361322926359555
vertex_11434,0.059319937572397875
vertex_11435,0.05308883840410333
vertex_11436,0.06550099541781994
vertex_11437,0.08323138462302931
vertex_11438,0.06318841922049385
vertex_11439,0.050954958904621754
vertex_11440,0.04348883080963054
vertex_11441,0.04093090303738697
vertex_11442,0.0526104620076782
vertex_11443,0.05191876299157223
vertex_11444,0.10486517851447294
vertex_11445,0.08153962448711673
vertex_11446,0.07751493824607837
vertex_11447,0.07579472296094886
vertex_11448,0.05683341145684859
vertex_11449,0.06063317609553398
vertex_11450,0.04612383748870476
vertex_11451,0.03672865500573569
vertex_11452,0.03783690127734148
vertex_11453,0.037159639718570205
vertex_11454,0.021590923297909386
vertex_11455,0.05511032282033857
vertex_11456,0.24039714118126343
vertex_11457,0.2694740018984772
vertex_11458,0.21314922360529584
vertex_11459,0.15055468646284645
vertex_11460,0.14931430300315052
vertex_11461,0.16720619249722937
vertex_11462,0.1509260050828444
vertex_11463,0.14683502774373958
vertex_11464,0.1073951108828376
vertex_11465,0.15184351920907624
vertex_11466,0.10052530824441036
vertex_11467,0.10029254622090782
vertex_11468,0.16352054972157073
vertex_11469,0.12518886096517795
vertex_11470,0.1698608820376959
vertex_11471,0.15102323415405852
vertex_11472,0.11711441042620181
vertex_11473,0.1401908014414125
vertex_11474,0.06701138774677769
vertex_11475,0.07378762289053728
vertex_11476,0.08614777679275969
vertex_11477,0.07124543841244549
vertex_11478,0.057819595138738335
vertex_11479,0.1274872364286189
vertex_11480,0.13284775960157125
vertex_11481,0.17546793397939472
vertex_11482,0.14414147134806063
vertex_11483,0.15003126676969095
vertex_11484,0.09909468356396023
vertex_11485,0.102779341991963
vertex_11486,0.10328460050448418
vertex_11487,0.10616195096445491
vertex_11488,0.09966864712586951
vertex_11489,0.10411360902089403
vertex_11490,0.22677535791766767
vertex_11491,0.16258029927865641
vertex_11492,0.22167204088026307
vertex_11493,0.1590902461077886
vertex_11494,0.2625791659211383
vertex_11495,0.20812817454835197
vertex_11496,0.23296453608393608
vertex_11497,0.20441972407968384
vertex_11498,0.15099912406078214
vertex_11499,0.3395771390479176
vertex_11500,0.28829365506872245
vertex_11501,0.12928516455255393
vertex_11502,0.10320568320933504
vertex_11503,0.09441785819599305
vertex_11504,0.09818540522010569
vertex_11505,0.10835979367197063
vertex_11506,0.12482501702440614
vertex_11507,0.13238427955644802
vertex_11508,0.123626560744152
vertex_11509,0.06721664888638598
vertex_11510,0.05798693560237162
vertex_11511,0.06355623493090974
vertex_11512,0.08905805479830965
vertex_11513,0.08009839176502971
vertex_11514,0.10888991196348394
vertex_11515,0.12084997448352527
vertex_11516,0.14824092629729999
vertex_11517,0.2313620552024617
vertex_11518,0.19952199609444157
vertex_11519,0.18439801940877149
vertex_11520,0.25280598339477106
vertex_11521,0.2894351552215547
vertex_11522,0.36391252133886415
vertex_11523,0.22809587904684892
vertex_11524,0.07657988942103212
vertex_11525,0.08365465441405905
vertex_11526,0.09845978014517115
vertex_11527,0.10204380379266127
vertex_11528,0.07833085661978083
vertex_11529,0.10651962783921969
vertex_11530,0.10321385863848766
vertex_11531,0.10406835530630597
vertex_11532,0.08444078185930566
vertex_11533,0.06840664230801237
vertex_11534,0.09739653084256988
vertex_11535,0.13130438879144676
vertex_11536,0.10041525951585858
vertex_11537,0.115538756874233
vertex_11538,0.0735261264929008
vertex_11539,0.10534409398340215
vertex_11540,0.11871552667102986
vertex_11541,0.10188270725635046
vertex_11542,0.12706289673966062
vertex_11543,0.11685828939214804
vertex_11544,0.1239657308703392
vertex_11545,0.1235083266363509
vertex_11546,0.022619755593027986
vertex_11547,0.04314715121536748
vertex_11548,0.034229377239187085
vertex_11549,0.0413615007874554
vertex_11550,0.04638249104263123
vertex_11551,0.04320926102916928
vertex_11552,0.07472143838666265
vertex_11553,0.09128387711933285
vertex_11554,0.04849876430221823
vertex_11555,0.05672262599254456
vertex_11556,0.06800094360421759
vertex_11557,0.07274437127218145
vertex_11558,0.07559117647360465
vertex_11559,0.09033122372388551
vertex_11560,0.08605040637008665
vertex_11561,0.10450066525951893
vertex_11562,0.0915033934579362
vertex_11563,0.07169857588368292
vertex_11564,0.08548202717317385
vertex_11565,0.09487561559657975
vertex_11566,0.12643376943732382
vertex_11567,0.1308820160507994
vertex_11568,0.11422468132336178
vertex_11569,0.021652941451395562
vertex_11570,0.020809602566735492
vertex_11571,0.023934320164754132
vertex_11572,0.0219404576121651
vertex_11573,0.035894178649536326
vertex_11574,0.03932437900334108
vertex_11575,0.05306711982299023
vertex_11576,0.060078129516578954
vertex_11577,0.038631621566478536
vertex_11578,0.032528179133839236
vertex_11579,0.06672384999484879
vertex_11580,0.06747636938385627
vertex_11581,0.07904741508319117
vertex_11582,0.04727622771428562
vertex_11583,0.06089898689433376
vertex_11584,0.022946836223439116
vertex_11585,0.015048654920919682
vertex_11586,0.05545224843601842
vertex_11587,0.13618866130956897
vertex_11588,0.0780967413759052
vertex_11589,0.07522728765369935
vertex_11590,0.048401997840491005
vertex_11591,0.08975645104565803
vertex_11592,0.038737620512220586
vertex_11593,0.031318650975730646
vertex_11594,0.034843834018107256
vertex_11595,0.04634807497578996
vertex_11596,0.027685161614274152
vertex_11597,0.031066685144087128
vertex_11598,0.031299652482350206
vertex_11599,0.023946685812014392
vertex_11600,0.029042289069838228
vertex_11601,0.025771818078019353
vertex_11602,0.027397856329566123
vertex_11603,0.03967736748412593
vertex_11604,0.036238395174137926
vertex_11605,0.041319117796094804
vertex_11606,0.026758628852755345
vertex_11607,0.029910700649377037
vertex_11608,0.09030958436037471
vertex_11609,0.05228146725462937
vertex_11610,0.038966826371316474
vertex_11611,0.036798185865912825
vertex_11612,0.03454800112609288
vertex_11613,0.06490179561692107
vertex_11614,0.07372781218702011
vertex_11615,0.3049465811488942
vertex_11616,0.24055807276044408
vertex_11617,0.28998091904117906
vertex_11618,0.09434057584230413
vertex_11619,0.10790018739871182
vertex_11620,0.257080296928569
vertex_11621,0.33105084885373676
vertex_11622,0.2160472479485217
vertex_11623,0.12889969585015223
vertex_11624,0.19322235369196047
vertex_11625,0.13859191800561446
vertex_11626,0.2286851410983995
vertex_11627,0.163626120572501
vertex_11628,0.20785293900323332
vertex_11629,0.281494957147997
vertex_11630,0.21776673057324994
vertex_11631,0.2494004206235197
vertex_11632,0.18530045722392077
vertex_11633,0.10592270287115886
vertex_11634,0.11516674608896661
vertex_11635,0.1067691476813352
vertex_11636,0.10613773604310747
vertex_11637,0.0634305837654999
vertex_11638,0.1850210475871653
vertex_11639,0.15117446469481985
vertex_11640,0.17338167502549218
vertex_11641,0.11000639770841548
vertex_11642,0.09278339281562953
vertex_11643,0.05180989652919687
vertex_11644,0.05271878542557559
vertex_11645,0.05423774267532482
vertex_11646,0.29777147511194335
vertex_11647,0.28359716241436655
vertex_11648,0.2665263704042378
vertex_11649,0.14774389385351316
vertex_11650,0.2087647180183226
vertex_11651,0.14652843249714756
vertex_11652,0.0570997517452122
vertex_11653,0.05421944479678874
vertex_11654,0.03999316625498343
vertex_11655,0.11534021150365438
vertex_11656,0.20790179828180136
vertex_11657,0.15521026040018568
vertex_11658,0.11174392478326774
vertex_11659,0.07444549232230223
vertex_11660,0.048884166658654235
vertex_11661,0.06291314268149097
vertex_11662,0.06336745640152101
vertex_11663,0.06291969118098428
vertex_11664,0.14025317040087545
vertex_11665,0.1046396841576916
vertex_11666,0.12174714680288069
vertex_11667,0.11704507467876109
vertex_11668,0.1661724202775227
vertex_11669,0.1722421231863794
vertex_11670,0.13420147518902434
vertex_11671,0.1634284811206259
vertex_11672,0.12382056770420974
vertex_11673,0.11607891139459271
vertex_11674,0.09014079317181285
vertex_11675,0.1166911514171708
vertex_11676,0.10513384514931558
vertex_11677,0.08481702803040253
vertex_11678,0.08947282948918195
vertex_11679,0.022543918584767793
vertex_11680,0.028652334082323816
vertex_11681,0.02173773593402056
vertex_11682,0.01984082950728219
vertex_11683,0.01913767860814132
vertex_11684,0.07606997250035669
vertex_11685,0.06740487197297221
vertex_11686,0.10429817435847753
vertex_11687,0.1216204003371394
vertex_11688,0.1353337546334717
vertex_11689,0.04414148469374749
vertex_11690,0.05229366510619453
vertex_11691,0.049909556996331574
vertex_11692,0.07648877065855816
vertex_11693,0.050842939133107785
vertex_11694,0.05569845459061068
vertex_11695,0.04472304490206088
vertex_11696,0.050924171364002555
vertex_11697,0.06364471151001021
vertex_11698,0.03595688362137887
vertex_11699,0.042286905158354385
vertex_11700,0.047628770952726
vertex_11701,0.12264621320748384
vertex_11702,0.12312997319728208
vertex_11703,0.1194520633643824
vertex_11704,0.04231918071809031
vertex_11705,0.0797163316844513
vertex_11706,0.0765038079319863
vertex_11707,0.051343922575558636
vertex_11708,0.050721789930798476
vertex_11709,0.08279097649291449
vertex_11710,0.06450804493028145
vertex_11711,0.0921283828543033
vertex_11712,0.12213190043795538
vertex_11713,0.10035096179728333
vertex_11714,0.09747898392662799
vertex_11715,0.10957718322690399
vertex_11716,0.07257068264708355
vertex_11717,0.0765602029178412
vertex_11718,0.04381824885284157
vertex_11719,0.09708632877140451
vertex_11720,0.1266472588367806
vertex_11721,0.08356222066794343
vertex_11722,0.07764065279398338
vertex_11723,0.08208000316158034
vertex_11724,0.09227122067876277
vertex_11725,0.11225965188553348
vertex_11726,0.055487772961086486
vertex_11727,0.0948997319728684
vertex_11728,0.09601668497564406
vertex_11729,0.10932508162221984
vertex_11730,0.07826049191899707
vertex_11731,0.08571011399907667
vertex_11732,0.0713866655937697
vertex_11733,0.0783494618218278
vertex_11734,0.08037107004423387
vertex_11735,0.09777635048810103
vertex_11736,0.139900249647681
vertex_11737,0.13642111833866705
vertex_11738,0.05970382818529532
vertex_11739,0.09733274133191822
vertex_11740,0.08805499663152033
vertex_11741,0.10590423897036774
vertex_11742,0.07114631840609308
vertex_11743,0.07813289473190035
vertex_11744,0.06039422048065882
vertex_11745,0.051951659794535164
vertex_11746,0.05576662017688266
vertex_11747,0.09928282161580729
vertex_11748,0.11192760828592177
vertex_11749,0.09055383618306974
vertex_11750,0.06987133768378628
vertex_11751,0.05369931993713405
vertex_11752,0.0708471759025731
vertex_11753,0.06823842171144574
vertex_11754,0.015176641811239627
vertex_11755,0.03683496003162496
vertex_11756,0.03152776647098844
vertex_11757,0.03305610601450312
vertex_11758,0.02516726341301638
vertex_11759,0.12727579154147806
vertex_11760,0.13438862223781692
vertex_11761,0.11939171626562808
vertex_11762,0.11074235403522809
vertex_11763,0.08524780395298244
vertex_11764,0.3607099961011046
vertex_11765,0.2677137707732722
vertex_11766,0.25217752849478803
vertex_11767,0.2221578644751179
vertex_11768,0.12066172872467516
vertex_11769,0.13672589395574883
vertex_11770,0.13698491237078367
vertex_11771,0.10990209518544129
vertex_11772,0.11111725842353837
vertex_11773,0.14971219023536067
vertex_11774,0.05694162348332656
vertex_11775,0.0705481582557469
vertex_11776,0.10790493556216607
vertex_11777,0.0852578297233845
vertex_11778,0.0868630801998094
vertex_11779,0.07067129558252334
vertex_11780,0.05788393882818987
vertex_11781,0.05734021283655885
vertex_11782,0.053707202169645904
vertex_11783,0.08535282094968154
vertex_11784,0.0700364459809016
vertex_11785,0.09608981820618709
vertex_11786,0.06332951843346023
vertex_11787,0.08865384120720297
vertex_11788,0.05633693160611993
vertex_11789,0.05721550441546927
vertex_11790,0.0633936921440037
vertex_11791,0.06711989427802854
vertex_11792,0.038533732715488274
vertex_11793,0.09825821566211924
vertex_11794,0.09079590063957568
vertex_11795,0.08614621478578799
vertex_11796,0.062430505982032584
vertex_11797,0.0673914274814547
vertex_11798,0.08835867902212285
vertex_11799,0.07921469636919737
vertex_11800,0.09063356611678432
vertex_11801,0.09911032806367923
vertex_11802,0.07272544234822077
vertex_11803,0.07518599318997227
vertex_11804,0.0681917630370235
vertex_11805,0.057700242925628996
vertex_11806,0.04315283881391655
vertex_11807,0.03006509761088242
vertex_11808,0.04280804332695355
vertex_11809,0.061602807863054755
vertex_11810,0.06762933268540462
vertex_11811,0.03951659896177534
vertex_11812,0.04944750197500911
vertex_11813,0.056323610024226735
vertex_11814,0.0649336396122079
vertex_11815,0.051097015116215914
vertex_11816,0.05737303050077809
vertex_11817,0.07337283819267727
vertex_11818,0.07971128239066919
vertex_11819,0.04941969266639837
vertex_11820,0.03999440504018374
vertex_11821,0.055260372224967574
vertex_11822,0.03625436690388159
vertex_11823,0.06860739906526199
vertex_11824,0.08593547569323393
vertex_11825,0.10680455595398684
vertex_11826,0.11040914960792385
vertex_11827,0.09798230084736916
vertex_11828,0.058179031558582936
vertex_11829,0.04771724619827097
vertex_11830,0.072684822713443
vertex_11831,0.1190517886599503
vertex_11832,0.09228026465602983
vertex_11833,0.0694039576258609
vertex_11834,0.07744385692434361
vertex_11835,0.050115460709275986
vertex_11836,0.05803749044974792
vertex_11837,0.060641063133683906
vertex_11838,0.05805621954433554
vertex_11839,0.11921437564392195
vertex_11840,0.10816967276650512
vertex_11841,0.11827592981322718
vertex_11842,0.07061037325589858
vertex_11843,0.061848261570491794
vertex_11844,0.08647994480204414
vertex_11845,0.06942257562629228
vertex_11846,0.07824052133704104
vertex_11847,0.09873393059831533
vertex_11848,0.10691253125367618
vertex_11849,0.06605250203426902
vertex_11850,0.09557387495029723
vertex_11851,0.09222886753852554
vertex_11852,0.0651375211846725
vertex_11853,0.03890402046705325
vertex_11854,0.034199162791740206
vertex_11855,0.04867213215546402
vertex_11856,0.04175682253477825
vertex_11857,0.0788163352730276
vertex_11858,0.05912365274811939
vertex_11859,0.04390144741413921
vertex_11860,0.1338999247866971
vertex_11861,0.055074401089412854
vertex_11862,0.05829452580431269
vertex_11863,0.10224067012733647
vertex_11864,0.1227609838705085
vertex_11865,0.11191831484411048
vertex_11866,0.12997839392457122
vertex_11867,0.07588561536071621
vertex_11868,0.07251785636142916
vertex_11869,0.07002397292530659
vertex_11870,0.05617444311264184
vertex_11871,0.0719950380948671
vertex_11872,0.060955613632171175
vertex_11873,0.05601451370925784
vertex_11874,0.026924741606998724
vertex_11875,0.03545894374728906
vertex_11876,0.05195210923157612
vertex_11877,0.059644545269582974
vertex_11878,0.03088417411604528
vertex_11879,0.044224350925517214
vertex_11880,0.05908638649895244
vertex_11881,0.05080506234035062
vertex_11882,0.05704850160912059
vertex_11883,0.02814369976661356
vertex_11884,0.01693917199258899
vertex_11885,0.05018963425841287
vertex_11886,0.016273996309274338
vertex_11887,0.014804199366840166
vertex_11888,0.020479104732812097
vertex_11889,0.03766477108086625
vertex_11890,0.03437003309188573
vertex_11891,0.05612000222159182
vertex_11892,0.026827559849542732
vertex_11893,0.06399980097742786
vertex_11894,0.08051100897449813
vertex_11895,0.05418183779877245
vertex_11896,0.08192264808511471
vertex_11897,0.11328184924179087
vertex_11898,0.10877345390371726
vertex_11899,0.10871074712483954
vertex_11900,0.09768915168938748
vertex_11901,0.08388458859642489
vertex_11902,0.08839541723259088
vertex_11903,0.03382722409662811
vertex_11904,0.03203170652585159
vertex_11905,0.03342009906617695
vertex_11906,0.12798325986287515
vertex_11907,0.11732251461815493
vertex_11908,0.17458193415251305
vertex_11909,0.19341546474679702
vertex_11910,0.18718602345380334
vertex_11911,0.11531664794965761
vertex_11912,0.08707172876495042
vertex_11913,0.08403836770603783
vertex_11914,0.09787076803560457
vertex_11915,0.11038001567204407
vertex_11916,0.08770791958120008
vertex_11917,0.09204458082491768
vertex_11918,0.06173030346699264
vertex_11919,0.05831745770963953
vertex_11920,0.2701630064731866
vertex_11921,0.17987050934466148
vertex_11922,0.18866134410321586
vertex_11923,0.1390832281411213
vertex_11924,0.13660463271795212
vertex_11925,0.09943880457292005
vertex_11926,0.06294871597124797
vertex_11927,0.1794907448240385
vertex_11928,0.19743280394377768
vertex_11929,0.23679036954356805
vertex_11930,0.2845732508067349
vertex_11931,0.21267602161656912
vertex_11932,0.18097260731119338
vertex_11933,0.11417876457301362
vertex_11934,0.08135543305472992
vertex_11935,0.09864728819787119
vertex_11936,0.11614181758213286
vertex_11937,0.09237076119472608
vertex_11938,0.06472202687811604
vertex_11939,0.05846363314621753
vertex_11940,0.07332303729261849
vertex_11941,0.07682516120887427
vertex_11942,0.10447869678924282
vertex_11943,0.20400677229557176
vertex_11944,0.24653683926727998
vertex_11945,0.22354033623857797
vertex_11946,0.18318105930976353
vertex_11947,0.11816764264403189
vertex_11948,0.10275784584269036
vertex_11949,0.11498055283353163
vertex_11950,0.09490133316679585
vertex_11951,0.09054306337735085
vertex_11952,0.07022379422309905
vertex_11953,0.14355246739580704
vertex_11954,0.08714639443313897
vertex_11955,0.10260152230088426
vertex_11956,0.10300164890564072
vertex_11957,0.08802741655777628
vertex_11958,0.10271761158225609
vertex_11959,0.10316266539901627
vertex_11960,0.057652793767363604
vertex_11961,0.025752063265341695
vertex_11962,0.04063451549376502
vertex_11963,0.03894615667865519
vertex_11964,0.04867045957689433
vertex_11965,0.1023607853650496
vertex_11966,0.0844032765570132
vertex_11967,0.092964385266128
vertex_11968,0.07877310895409714
vertex_11969,0.06458539366331413
vertex_11970,0.07110387042853526
vertex_11971,0.10624264072348374
vertex_11972,0.1012572994294772
vertex_11973,0.10205442916376128
vertex_11974,0.027182189139921067
vertex_11975,0.04913525472233262
vertex_11976,0.058401830011029825
vertex_11977,0.045708671476367466
vertex_11978,0.02344308407067009
vertex_11979,0.04901550468713632
vertex_11980,0.04989836759272286
vertex_11981,0.08247483806533003
vertex_11982,0.03210556095060661
vertex_11983,0.04636400307968188
vertex_11984,0.07085571291788609
vertex_11985,0.08228810803490814
vertex_11986,0.12216317233919442
vertex_11987,0.13919431748016547
vertex_11988,0.06050976214772375
vertex_11989,0.04102919301479647
vertex_11990,0.041068274375466195
vertex_11991,0.029661009110872678
vertex_11992,0.03857049025923698
vertex_11993,0.033435505003717655
vertex_11994,0.04034894884616631
vertex_11995,0.040587548646321255
vertex_11996,0.041384606793727144
vertex_11997,0.06720407495856
vertex_11998,0.02627172377517263
vertex_11999,0.036553046893704665
vertex_12000,0.04003210544084284
vertex_12001,0.055342438823726456
vertex_12002,0.31566057734420394
vertex_12003,0.2967497125911776
vertex_12004,0.3187219827045428
vertex_12005,0.17834106600075736
vertex_12006,0.13818297670120547
vertex_12007,0.11239319725752003
vertex_12008,0.11367600681268307
vertex_12009,0.1311617989711146
vertex_12010,0.21321189529226883
vertex_12011,0.22357687632793696
vertex_12012,0.19323843032774668
vertex_12013,0.1849946510420564
vertex_12014,0.15258522001671385
vertex_12015,0.09133942907338288
vertex_12016,0.19056356807864316
vertex_12017,0.1323135204152031
vertex_12018,0.12709023839948216
vertex_12019,0.14133610860016205
vertex_12020,0.2109004785432151
vertex_12021,0.25852251288761513
vertex_12022,0.22883275444704648
vertex_12023,0.26519310741136953
vertex_12024,0.18759706791161251
vertex_12025,0.18037092132591556
vertex_12026,0.1794948489777255
vertex_12027,0.20083929188231994
vertex_12028,0.2261451459857514
vertex_12029,0.19701280173835248
vertex_12030,0.11334891780966029
vertex_12031,0.08556914206072634
vertex_12032,0.13865389026561228
vertex_12033,0.1347651584178352
vertex_12034,0.14871213458037222
vertex_12035,0.1386400224084775
vertex_12036,0.08762605936394981
vertex_12037,0.09310029383755734
vertex_12038,0.09031437518388537
vertex_12039,0.07577146487176038
vertex_12040,0.057706848858911225
vertex_12041,0.02909849669846415
vertex_12042,0.01878540749538041
vertex_12043,0.0438471673467748
vertex_12044,0.05691128963450015
vertex_12045,0.06992497796473789
vertex_12046,0.1007910355745559
vertex_12047,0.061628537047773595
vertex_12048,0.049521150932287726
vertex_12049,0.061871370233359035
vertex_12050,0.06909757651028355
vertex_12051,0.056306293156040535
vertex_12052,0.05981604125374464
vertex_12053,0.06430360205158252
vertex_12054,0.08407770188208968
vertex_12055,0.06330347789352449
vertex_12056,0.07292285849548051
vertex_12057,0.05345483467537043
vertex_12058,0.038609183993257135
vertex_12059,0.0406706840371383
vertex_12060,0.0682786178208305
vertex_12061,0.06040991912378752
vertex_12062,0.07184518218340104
vertex_12063,0.05872538958971487
vertex_12064,0.07166036315887382
vertex_12065,0.07262073879523473
vertex_12066,0.04745543816345825
vertex_12067,0.08565110926922644
vertex_12068,0.05455814638203706
vertex_12069,0.03683272872758029
vertex_12070,0.06498660923689294
vertex_12071,0.047310430333594146
vertex_12072,0.0423971839714353
vertex_12073,0.05537113580037313
vertex_12074,0.05349796596344046
vertex_12075,0.07338738159836629
vertex_12076,0.08024808031990986
vertex_12077,0.05981378850606481
vertex_12078,0.05245754669593437
vertex_12079,0.032903119815483835
vertex_12080,0.05017483003143832
vertex_12081,0.04917007313286593
vertex_12082,0.038456569969540784
vertex_12083,0.055524409960178815
vertex_12084,0.0523295051010408
vertex_12085,0.07559936858896472
vertex_12086,0.11149731800447836
vertex_12087,0.09196427388255717
vertex_12088,0.11327261530392184
vertex_12089,0.13430246894940284
vertex_12090,0.12894522765066344
vertex_12091,0.12095352784538099
vertex_12092,0.13310501949926876
vertex_12093,0.051607027661280766
vertex_12094,0.08123049146195659
vertex_12095,0.0782717261880636
vertex_12096,0.06374602546971667
vertex_12097,0.0647470792241391
vertex_12098,0.099656243573336
vertex_12099,0.07788632859543851
vertex_12100,0.09608627674800281
vertex_12101,0.09310718956213658
vertex_12102,0.07914521770482891
vertex_12103,0.08145446152765858
vertex_12104,0.08746473690164114
vertex_12105,0.09994126690263572
vertex_12106,0.05126657793314176
vertex_12107,0.05435351666048606
vertex_12108,0.03286658981389285
vertex_12109,0.04634402751896856
vertex_12110,0.04907375392647083
vertex_12111,0.047064639267220355
vertex_12112,0.057786365489201345
vertex_12113,0.08332525469412072
vertex_12114,0.1507495126349282
vertex_12115,0.06612723043149189
vertex_12116,0.06763502097267936
vertex_12117,0.04316543765925937
vertex_12118,0.05279617999885998
vertex_12119,0.056763556624706425
vertex_12120,0.09866710671528924
vertex_12121,0.06609596061448278
vertex_12122,0.06177833917737109
vertex_12123,0.1307967508212629
vertex_12124,0.11152650020541136
vertex_12125,0.029577016478089295
vertex_12126,0.030457388349288662
vertex_12127,0.03252301611693183
vertex_12128,0.04553766717314651
vertex_12129,0.0290515840094665
vertex_12130,0.04795669841310001
vertex_12131,0.04558112101358231
vertex_12132,0.02992425203351254
vertex_12133,0.029519250101912888
vertex_12134,0.044998349936787405
vertex_12135,0.06752757913369332
vertex_12136,0.03925781985783326
vertex_12137,0.0860895073643726
vertex_12138,0.02949097378251414
vertex_12139,0.05438263392435754
vertex_12140,0.05779903600413994
vertex_12141,0.047887057462446564
vertex_12142,0.04941038821820197
vertex_12143,0.06822298116850746
vertex_12144,0.05352910665914278
vertex_12145,0.02760370652902937
vertex_12146,0.1438707445082132
vertex_12147,0.18798767799552876
vertex_12148,0.10861008418024763
vertex_12149,0.13289275072079956
vertex_12150,0.17297209695510926
vertex_12151,0.07031928664674095
vertex_12152,0.05897089010817113
vertex_12153,0.11782726700374992
vertex_12154,0.0686508289828382
vertex_12155,0.09571775119872701
vertex_12156,0.0722416254265455
vertex_12157,0.10700447787333368
vertex_12158,0.16306622118988076
vertex_12159,0.09169204765225812
vertex_12160,0.09986631166945664
vertex_12161,0.1074280079277342
vertex_12162,0.0782933875899295
vertex_12163,0.08796631898335561
vertex_12164,0.13912243470791785
vertex_12165,0.13476493215931104
vertex_12166,0.10124318309590723
vertex_12167,0.1092916172738967
vertex_12168,0.05580319873554578
vertex_12169,0.11717864874202603
vertex_12170,0.09167372905471716
vertex_12171,0.05149922522025787
vertex_12172,0.0899918203196018
vertex_12173,0.09005929253018713
vertex_12174,0.05665135939584849
vertex_12175,0.08535963851370829
vertex_12176,0.09636172426083
vertex_12177,0.10325731277859106
vertex_12178,0.08092070745164191
vertex_12179,0.05976772192016909
vertex_12180,0.061786514951092206
vertex_12181,0.06698660076537324
vertex_12182,0.07204457368829043
vertex_12183,0.08388236120221285
vertex_12184,0.08632384090382272
vertex_12185,0.08071124479635366
vertex_12186,0.08091282444319596
vertex_12187,0.1144252272223147
vertex_12188,0.10035983275879803
vertex_12189,0.07675936149766147
vertex_12190,0.03626909558990063
vertex_12191,0.044720577915803104
vertex_12192,0.04174578321569073
vertex_12193,0.040566941686148696
vertex_12194,0.04119011449971469
vertex_12195,0.06127046760791943
vertex_12196,0.10726442508210851
vertex_12197,0.140440658339296
vertex_12198,0.12180722927309325
vertex_12199,0.06088957577394723
vertex_12200,0.07636061861421123
vertex_12201,0.08564296110655857
vertex_12202,0.048317455297585445
vertex_12203,0.050851587404194765
vertex_12204,0.04865608023549062
vertex_12205,0.05626538815906477
vertex_12206,0.03575917163645555
vertex_12207,0.04662285467367857
vertex_12208,0.06843150844120238
vertex_12209,0.13073761775288759
vertex_12210,0.03674722355640085
vertex_12211,0.04714351409122261
vertex_12212,0.03254354165177202
vertex_12213,0.05738189251117408
vertex_12214,0.049919903491131415
vertex_12215,0.07895349197525647
vertex_12216,0.029913808334266236
vertex_12217,0.042088428150930376
vertex_12218,0.04488812158417201
vertex_12219,0.037224920883352955
vertex_12220,0.045725595421841764
vertex_12221,0.16252704950685606
vertex_12222,0.14618321897859488
vertex_12223,0.16519921996574496
vertex_12224,0.10235541908935782
vertex_12225,0.13889620687859833
vertex_12226,0.10687617600849093
vertex_12227,0.11054717116802788
vertex_12228,0.13875031243214855
vertex_12229,0.07222501029755271
vertex_12230,0.11515192664282593
vertex_12231,0.13712291940907556
vertex_12232,0.251235428279141
vertex_12233,0.39864920869230314
vertex_12234,0.27882666514982224
vertex_12235,0.26485622878191634
vertex_12236,0.22719317009539955
vertex_12237,0.2729819859686671
vertex_12238,0.2810021856305625
vertex_12239,0.23584609279803917
vertex_12240,0.1477920346459589
vertex_12241,0.16681572893373062
vertex_12242,0.27032588426217086
vertex_12243,0.12868066139102521
vertex_12244,0.14390447965212705
vertex_12245,0.14385126697319858
vertex_12246,0.1666986384625036
vertex_12247,0.17937430033570265
vertex_12248,0.1446250709558222
vertex_12249,0.1724689990657108
vertex_12250,0.13060896316795623
vertex_12251,0.11483061037112667
vertex_12252,0.11309003808939112
vertex_12253,0.09439059210520602
vertex_12254,0.10217907060951105
vertex_12255,0.08678383686283633
vertex_12256,0.09073599341354012
vertex_12257,0.08636861417649329
vertex_12258,0.047660497038215434
vertex_12259,0.054208436169637914
vertex_12260,0.0672714513822754
vertex_12261,0.11463692148860351
vertex_12262,0.1186720586947763
vertex_12263,0.11472144192427396
vertex_12264,0.09406508854858461
vertex_12265,0.060414525155879285
vertex_12266,0.10444986316879082
vertex_12267,0.06888239191085181
vertex_12268,0.05673780485862795
vertex_12269,0.06207025424934915
vertex_12270,0.06485709281544767
vertex_12271,0.06597511987234281
vertex_12272,0.05981756149216397
vertex_12273,0.07317923661030784
vertex_12274,0.05899942250449379
vertex_12275,0.052010582959822124
vertex_12276,0.08392472775094925
vertex_12277,0.11787735528881198
vertex_12278,0.07772748898025976
vertex_12279,0.11255119597147414
vertex_12280,0.10600618566244722
vertex_12281,0.13000393491858808
vertex_12282,0.1094735531415525
vertex_12283,0.11476214647571308
vertex_12284,0.08288620361650711
vertex_12285,0.09189123650377538
vertex_12286,0.08113807677485481
vertex_12287,0.06856316176320361
vertex_12288,0.0682639671003037
vertex_12289,0.07270446050771948
vertex_12290,0.07355578394392068
vertex_12291,0.07932127530974935
vertex_12292,0.06942814550410402
vertex_12293,0.08209717260207655
vertex_12294,0.05146584801581883
vertex_12295,0.04164673523178685
vertex_12296,0.03744156154043642
vertex_12297,0.06264604994284152
vertex_12298,0.042280364773511867
vertex_12299,0.033181702314825354
vertex_12300,0.05648322704818817
vertex_12301,0.05510814699139276
vertex_12302,0.0490178417580459
vertex_12303,0.04017521553812774
vertex_12304,0.056414484262241674
vertex_12305,0.07592328423884091
vertex_12306,0.1121684446969364
vertex_12307,0.1088331593680263
vertex_12308,0.08218927491503833
vertex_12309,0.11439906151894791
vertex_12310,0.08978907594985705
vertex_12311,0.09459258365810241
vertex_12312,0.10063276742150695
vertex_12313,0.10213213430201327
vertex_12314,0.13018598897105696
vertex_12315,0.142098517236855
vertex_12316,0.10464112127796499
vertex_12317,0.1418597423829994
vertex_12318,0.18053127719028975
vertex_12319,0.17006410520050297
vertex_12320,0.17132446395907647
vertex_12321,0.09274778614024436
vertex_12322,0.05080818233793697
vertex_12323,0.061105732135287576
vertex_12324,0.05629563102757597
vertex_12325,0.054914875187389696
vertex_12326,0.053208701680338796
vertex_12327,0.06490089645999174
vertex_12328,0.09714019315446533
vertex_12329,0.12727257429582886
vertex_12330,0.06099961470064324
vertex_12331,0.07913102548299443
vertex_12332,0.09775871425457434
vertex_12333,0.1061522195011988
vertex_12334,0.10058527213605939
vertex_12335,0.13024886789305035
vertex_12336,0.11550472873846022
vertex_12337,0.12919765342586947
vertex_12338,0.1190800676638876
vertex_12339,0.04718999278944295
vertex_12340,0.04570752164267399
vertex_12341,0.04263451560475068
vertex_12342,0.041487616802350614
vertex_12343,0.05531436506824012
vertex_12344,0.05010494175143825
vertex_12345,0.04979691253673106
vertex_12346,0.069770547982379
vertex_12347,0.09956276034939279
vertex_12348,0.09516649266056625
vertex_12349,0.06328340722660174
vertex_12350,0.08021212060011143
vertex_12351,0.068851581013363
vertex_12352,0.043477828093446774
vertex_12353,0.03529916596720725
vertex_12354,0.03995191138785092
vertex_12355,0.032810726009360164
vertex_12356,0.04079525078902812
vertex_12357,0.054528343530841294
vertex_12358,0.051205656671049975
vertex_12359,0.09417076870494334
vertex_12360,0.10827635877484715
vertex_12361,0.11589187589970104
vertex_12362,0.125585113930647
vertex_12363,0.12410641902430403
vertex_12364,0.10327958530834856
vertex_12365,0.11190640440271102
vertex_12366,0.08833893753613778
vertex_12367,0.09766658423803244
vertex_12368,0.07557489045329406
vertex_12369,0.05007907641286479
vertex_12370,0.07759581062300198
vertex_12371,0.05248828844648028
vertex_12372,0.06672424293875671
vertex_12373,0.09418229126847277
vertex_12374,0.11535204037685194
vertex_12375,0.09373285977708126
vertex_12376,0.053897646392015
vertex_12377,0.058828479955796445
vertex_12378,0.07848606259310335
vertex_12379,0.08790250764681456
vertex_12380,0.07825239412213056
vertex_12381,0.09519698016959977
vertex_12382,0.10366095603489943
vertex_12383,0.09153691498636742
vertex_12384,0.09920422587998756
vertex_12385,0.09792982197193728
vertex_12386,0.06484217683667141
vertex_12387,0.04906075087288388
vertex_12388,0.052966674580805194
vertex_12389,0.05082287616606714
vertex_12390,0.07440350376659452
vertex_12391,0.062489870199579405
vertex_12392,0.04417184641239996
vertex_12393,0.0538356093837492
vertex_12394,0.0638859052126313
vertex_12395,0.04473575792613828
vertex_12396,0.05067265894900948
vertex_12397,0.049562850425873876
vertex_12398,0.05235328784537474
vertex_12399,0.08738743307521876
vertex_12400,0.05950398422940535
vertex_12401,0.05752775602249796
vertex_12402,0.05731037936459397
vertex_12403,0.049429348025632314
vertex_12404,0.03896729934241306
vertex_12405,0.0528129025098648
vertex_12406,0.045453574876241715
vertex_12407,0.07171453992533401
vertex_12408,0.07155281487823749
vertex_12409,0.0690553222160679
vertex_12410,0.06485862612005416
vertex_12411,0.0657018896491911
vertex_12412,0.045995971687380725
vertex_12413,0.03552861498907858
vertex_12414,0.046411258732698635
vertex_12415,0.05989259100558665
vertex_12416,0.06670060510367622
vertex_12417,0.0687414424075795
vertex_12418,0.05591246950618978
vertex_12419,0.06822616276857427
vertex_12420,0.08040205524464152
vertex_12421,0.04279164666024877
vertex_12422,0.0241454060550499
vertex_12423,0.02689845971175233
vertex_12424,0.02169667271183824
vertex_12425,0.01459584483178458
vertex_12426,0.04526162811863175
vertex_12427,0.034795421652112545
vertex_12428,0.039068319838096145
vertex_12429,0.06378041443319346
vertex_12430,0.02407452242491523
vertex_12431,0.0927629449364828
vertex_12432,0.04868936566791389
vertex_12433,0.033490150244138435
vertex_12434,0.033906504800496264
vertex_12435,0.06172705019234303
vertex_12436,0.05463105522453328
vertex_12437,0.06384380095158068
vertex_12438,0.07703940646101243
vertex_12439,0.046730832463515844
vertex_12440,0.06244395715580681
vertex_12441,0.06045184128066514
vertex_12442,0.06556266109908021
vertex_12443,0.09265660914345562
vertex_12444,0.09485848967279266
vertex_12445,0.11305792063047257
vertex_12446,0.1375037055343299
vertex_12447,0.07147967426365802
vertex_12448,0.0773838447469858
vertex_12449,0.07018705856920074
vertex_12450,0.09486134485914138
vertex_12451,0.07322119493010737
vertex_12452,0.06295006421090935
vertex_12453,0.049961639724944225
vertex_12454,0.045316581452896826
vertex_12455,0.055347900736552644
vertex_12456,0.04449266505316207
vertex_12457,0.03991451503005575
vertex_12458,0.06675528833082214
vertex_12459,0.0770779272672192
vertex_12460,0.08022209772998352
vertex_12461,0.07016777231105417
vertex_12462,0.03903746016407163
vertex_12463,0.027403587109683436
vertex_12464,0.03665589465076232
vertex_12465,0.05004006324285949
vertex_12466,0.05706587421160407
vertex_12467,0.04509053510238808
vertex_12468,0.061767048086211966
vertex_12469,0.05304487479008852
vertex_12470,0.06391020805665759
vertex_12471,0.04536100282780027
vertex_12472,0.052246372934855706
vertex_12473,0.025401849769263598
vertex_12474,0.03825017547425508
vertex_12475,0.0318284201728151
vertex_12476,0.023603562759145356
vertex_12477,0.036245412514960315
vertex_12478,0.03530593171733655
vertex_12479,0.045693447347215296
vertex_12480,0.0419496831117956
vertex_12481,0.09304190113267762
vertex_12482,0.05234563621996654
vertex_12483,0.07708561957636319
vertex_12484,0.06721969554867724
vertex_12485,0.02821473582738778
vertex_12486,0.030603440658931773
vertex_12487,0.03644980458681092
vertex_12488,0.02941840426614814
vertex_12489,0.05100863872308883
vertex_12490,0.03640272664281958
vertex_12491,0.044201532564234244
vertex_12492,0.01454250625102492
vertex_12493,0.025968136253077114
vertex_12494,0.015551983961793442
vertex_12495,0.03683499586955872
vertex_12496,0.03947297377286021
vertex_12497,0.042697877358428546
vertex_12498,0.034537168112883126
vertex_12499,0.02764766272535123
vertex_12500,0.03321702403038379
vertex_12501,0.01549380090008985
vertex_12502,0.021109693394240354
vertex_12503,0.023213507727180494
vertex_12504,0.02630136766955638
vertex_12505,0.09586473334711937
vertex_12506,0.0868781876758524
vertex_12507,0.07289333261657033
vertex_12508,0.08345935229364809
vertex_12509,0.056569709239003924
vertex_12510,0.05728893528082909
vertex_12511,0.04638559954039644
vertex_12512,0.06140165010845649
vertex_12513,0.07391521016251715
vertex_12514,0.08969581920311104
vertex_12515,0.07639708386981396
vertex_12516,0.08537145642101891
vertex_12517,0.0861124410788245
vertex_12518,0.10464926940870735
vertex_12519,0.06392479338836987
vertex_12520,0.03313878898261924
vertex_12521,0.0646964091065638
vertex_12522,0.07598988278637298
vertex_12523,0.045824221291359955
vertex_12524,0.04235922578726586
vertex_12525,0.035658331274194655
vertex_12526,0.056608762509929834
vertex_12527,0.0606587597399263
vertex_12528,0.02868910929667208
vertex_12529,0.03420643033905165
vertex_12530,0.03592235423726526
vertex_12531,0.06637826325982876
vertex_12532,0.2685497505120066
vertex_12533,0.2665044495094814
vertex_12534,0.28362626023834964
vertex_12535,0.2350754358050363
vertex_12536,0.16187879271485478
vertex_12537,0.1473615840094719
vertex_12538,0.17124673457551778
vertex_12539,0.2942329176880455
vertex_12540,0.25080609508725055
vertex_12541,0.15718361418028798
vertex_12542,0.17243336893097802
vertex_12543,0.13583561116094298
vertex_12544,0.14536693958974528
vertex_12545,0.15214319845799792
vertex_12546,0.14021828404098266
vertex_12547,0.15863382096557674
vertex_12548,0.14039566922319086
vertex_12549,0.13336234226419813
vertex_12550,0.19855549668837763
vertex_12551,0.16805562393506712
vertex_12552,0.0998818489049729
vertex_12553,0.09817015359916981
vertex_12554,0.1417852450009183
vertex_12555,0.09293820471173977
vertex_12556,0.12517348686124516
vertex_12557,0.10626243300489982
vertex_12558,0.0937648816477281
vertex_12559,0.07544139709352175
vertex_12560,0.10820965985659728
vertex_12561,0.10096428690452693
vertex_12562,0.11307604935107353
vertex_12563,0.19765012199532625
vertex_12564,0.08810990023575692
vertex_12565,0.11520936443180935
vertex_12566,0.11824729278694791
vertex_12567,0.10920136718489622
vertex_12568,0.12934576162240805
vertex_12569,0.171761512658924
vertex_12570,0.11228112572341979
vertex_12571,0.10566508570005605
vertex_12572,0.11185297001249236
vertex_12573,0.12025771779310819
vertex_12574,0.10976113919141327
vertex_12575,0.11145818722755724
vertex_12576,0.1166405206222192
vertex_12577,0.19579768307951634
vertex_12578,0.2054082842369713
vertex_12579,0.1936563073507752
vertex_12580,0.27096219298815577
vertex_12581,0.2543001952317621
vertex_12582,0.2850857828987667
vertex_12583,0.3000787558209696
vertex_12584,0.2683305262627158
vertex_12585,0.33369784581970685
vertex_12586,0.34832330421085556
vertex_12587,0.10307498013057492
vertex_12588,0.1198638789869871
vertex_12589,0.1166419296143304
vertex_12590,0.17394683785745274
vertex_12591,0.23035070853383996
vertex_12592,0.11873604450726913
vertex_12593,0.1195338655838657
vertex_12594,0.17472448827556852
vertex_12595,0.12897050741159463
vertex_12596,0.20249392443408373
vertex_12597,0.22911254318218185
vertex_12598,0.06222030645145234
vertex_12599,0.07458570873648869
vertex_12600,0.11024238901051372
vertex_12601,0.08095783216402261
vertex_12602,0.07222277271651212
vertex_12603,0.11540602638340645
vertex_12604,0.12359996205546359
vertex_12605,0.1681170017389716
vertex_12606,0.2932140910563427
vertex_12607,0.2979677187183548
vertex_12608,0.27384462078819743
vertex_12609,0.2700389443343357
vertex_12610,0.273206323796837
vertex_12611,0.32199905358156095
vertex_12612,0.3037497220157626
vertex_12613,0.3810039988582312
vertex_12614,0.3361537039191411
vertex_12615,0.06873738939467765
vertex_12616,0.12449220990887105
vertex_12617,0.12240975336953663
vertex_12618,0.09080238798885525
vertex_12619,0.11676370827527123
vertex_12620,0.11301539166031788
vertex_12621,0.12356981418391119
vertex_12622,0.11940909916085182
vertex_12623,0.10495531192649533
vertex_12624,0.07055856281976662
vertex_12625,0.06990260371388496
vertex_12626,0.07920498799665182
vertex_12627,0.1071008693750392
vertex_12628,0.10088693583047416
vertex_12629,0.08901847277182963
vertex_12630,0.09695335409391348
vertex_12631,0.09117141350443334
vertex_12632,0.09898413079687723
vertex_12633,0.10474479608267728
vertex_12634,0.09588870173563112
vertex_12635,0.08939197228417194
vertex_12636,0.10758299687605871
vertex_12637,0.09169133470394855
vertex_12638,0.13217191930117228
vertex_12639,0.09476253381287453
vertex_12640,0.09206503800988064
vertex_12641,0.10950465003674861
vertex_12642,0.06333449341648101
vertex_12643,0.040447195874278995
vertex_12644,0.05803077960070453
vertex_12645,0.06269759008633742
vertex_12646,0.04562032703878733
vertex_12647,0.05522623501103149
vertex_12648,0.051615296636450814
vertex_12649,0.08934126275051608
vertex_12650,0.13757459448687295
vertex_12651,0.12240741813186778
vertex_12652,0.04429427967142713
vertex_12653,0.04999781287672949
vertex_12654,0.049960448945188085
vertex_12655,0.10143236672019541
vertex_12656,0.08217076857629373
vertex_12657,0.0711901904426982
vertex_12658,0.09746349480164733
vertex_12659,0.06262632508223286
vertex_12660,0.09712015626600522
vertex_12661,0.10444184063819957
vertex_12662,0.14484849055393126
vertex_12663,0.1745441305509817
vertex_12664,0.08764361135555813
vertex_12665,0.14303357088490612
vertex_12666,0.13368297395990494
vertex_12667,0.15235767566837535
vertex_12668,0.14629481752778586
vertex_12669,0.017964984845755073
vertex_12670,0.03090839992074917
vertex_12671,0.02527345295065031
vertex_12672,0.028183482199380935
vertex_12673,0.02615491826599927
vertex_12674,0.026762242900451375
vertex_12675,0.06001317798291583
vertex_12676,0.06245195807489348
vertex_12677,0.06928888225821074
vertex_12678,0.03931398356421453
vertex_12679,0.030856488779150055
vertex_12680,0.054180355231048534
vertex_12681,0.03884171822378286
vertex_12682,0.07094512774749244
vertex_12683,0.06620739654037365
vertex_12684,0.06239978128726623
vertex_12685,0.05819570770098803
vertex_12686,0.028436318024748077
vertex_12687,0.038909556866913345
vertex_12688,0.0489024368859699
vertex_12689,0.061170651645194425
vertex_12690,0.05198740486959273
vertex_12691,0.04617529779336955
vertex_12692,0.07446423369750581
vertex_12693,0.07102926793206868
vertex_12694,0.05184062957325219
vertex_12695,0.050342431764653965
vertex_12696,0.021888263124499714
vertex_12697,0.047365279757541796
vertex_12698,0.06194069622421893
vertex_12699,0.06931620823922674
vertex_12700,0.03049147913300052
vertex_12701,0.03765646552845541
vertex_12702,0.061764269090142605
vertex_12703,0.05562864879649982
vertex_12704,0.09597402977048054
vertex_12705,0.09090313727902335
vertex_12706,0.032425251882737045
vertex_12707,0.028328552771879605
vertex_12708,0.04489312138413933
vertex_12709,0.0215357749203127
vertex_12710,0.03330542547248636
vertex_12711,0.0322669741139796
vertex_12712,0.028992901570042157
vertex_12713,0.06329643012171218
vertex_12714,0.08425596996660253
vertex_12715,0.10074188360181661
vertex_12716,0.10521143683899034
vertex_12717,0.10629627937042821
vertex_12718,0.029873364332846073
vertex_12719,0.09119894180101723
vertex_12720,0.05807468566959234
vertex_12721,0.03168759232768617
vertex_12722,0.06755892524875963
vertex_12723,0.06761433723270804
vertex_12724,0.24634104804480617
vertex_12725,0.1919904771015425
vertex_12726,0.08187658026439454
vertex_12727,0.28897647052232583
vertex_12728,0.1406454889311829
vertex_12729,0.29589125250475073
vertex_12730,0.3340298210158001
vertex_12731,0.29080013854909487
vertex_12732,0.3233018084867987
vertex_12733,0.19712015224398197
vertex_12734,0.18928328953400725
vertex_12735,0.23146980354273408
vertex_12736,0.15075678413767027
vertex_12737,0.20290408157500614
vertex_12738,0.20266785483942926
vertex_12739,0.26949261863730245
vertex_12740,0.3520726401560471
vertex_12741,0.2696607062112938
vertex_12742,0.2601133982694818
vertex_12743,0.17404605149000946
vertex_12744,0.20360920185988104
vertex_12745,0.14411480017552528
vertex_12746,0.19642819133972347
vertex_12747,0.1712931885334464
vertex_12748,0.12373402602014937
vertex_12749,0.11576944032808245
vertex_12750,0.06043155378455515
vertex_12751,0.10571766625372797
vertex_12752,0.08546475380361679
vertex_12753,0.1700579736517846
vertex_12754,0.14353379543728545
vertex_12755,0.10408636363018776
vertex_12756,0.1384939260716683
vertex_12757,0.06419106149303708
vertex_12758,0.031231087483208176
vertex_12759,0.039198797005812025
vertex_12760,0.27153468578241124
vertex_12761,0.3758001299247606
vertex_12762,0.3144380285659997
vertex_12763,0.19063858936664116
vertex_12764,0.27184087691805253
vertex_12765,0.05341232343660604
vertex_12766,0.05458801973891986
vertex_12767,0.05497214275043132
vertex_12768,0.049485711417329076
vertex_12769,0.053726994300256646
vertex_12770,0.05426529659841463
vertex_12771,0.02648855804696281
vertex_12772,0.14043695455136604
vertex_12773,0.06447647963499907
vertex_12774,0.022052542593872498
vertex_12775,0.013029175802105365
vertex_12776,0.03600190817062332
vertex_12777,0.019574938560519884
vertex_12778,0.07943380791415404
vertex_12779,0.070505750200703
vertex_12780,0.07430201847090112
vertex_12781,0.10188816022664608
vertex_12782,0.11113166355638435
vertex_12783,0.11686244160122683
vertex_12784,0.07291673222789785
vertex_12785,0.14806294912876047
vertex_12786,0.12147590845359585
vertex_12787,0.14673341567796444
vertex_12788,0.15556961943486658
vertex_12789,0.13177624962361542
vertex_12790,0.15370164455294624
vertex_12791,0.16323165831810726
vertex_12792,0.14048976816738323
vertex_12793,0.11466886107085222
vertex_12794,0.10995864789397242
vertex_12795,0.16202300874767192
vertex_12796,0.12619864375181405
vertex_12797,0.1273803976134269
vertex_12798,0.11775373230291863
vertex_12799,0.06064636604269644
vertex_12800,0.09543623642929887
vertex_12801,0.12457849057625953
vertex_12802,0.02869551589223962
vertex_12803,0.020542552838356064
vertex_12804,0.09406241327587032
vertex_12805,0.11921544440866612
vertex_12806,0.09604342609335434
vertex_12807,0.09131168179457064
vertex_12808,0.08647908597406127
vertex_12809,0.06183885321950965
vertex_12810,0.0550743908513291
vertex_12811,0.07269613035603562
vertex_12812,0.050417573555144195
vertex_12813,0.08216937057614807
vertex_12814,0.11148977350081761
vertex_12815,0.08769510896319598
vertex_12816,0.11453092931618221
vertex_12817,0.11728151548016662
vertex_12818,0.09928152740239393
vertex_12819,0.12397885771630397
vertex_12820,0.1580517291344344
vertex_12821,0.07781236971141364
vertex_12822,0.0785031983904558
vertex_12823,0.08736985546934337
vertex_12824,0.08322602771495434
vertex_12825,0.07699157901247175
vertex_12826,0.10932961102524384
vertex_12827,0.11211469363061566
vertex_12828,0.11422271932220555
vertex_12829,0.11996578668289112
vertex_12830,0.10954285127633333
vertex_12831,0.060878214727371885
vertex_12832,0.06582106883011578
vertex_12833,0.08254498374466712
vertex_12834,0.07909393996321003
vertex_12835,0.06552860463842497
vertex_12836,0.04329510888034119
vertex_12837,0.04610346561164226
vertex_12838,0.05079568749837923
vertex_12839,0.059624104431090896
vertex_12840,0.07359151262144033
vertex_12841,0.06923898512589995
vertex_12842,0.025053086474466996
vertex_12843,0.027001523092308723
vertex_12844,0.022692155157544268
vertex_12845,0.05714351954233835
vertex_12846,0.05015716280835552
vertex_12847,0.05957662520980429
vertex_12848,0.30718543854321845
vertex_12849,0.36422291878925817
vertex_12850,0.2605200426577651
vertex_12851,0.1258456372949027
vertex_12852,0.11219222330718445
vertex_12853,0.13692062820349385
vertex_12854,0.07006723474436857
vertex_12855,0.05931177348972031
vertex_12856,0.059058868483406475
vertex_12857,0.0635417491591019
vertex_12858,0.052158859252711694
vertex_12859,0.05596950912101731
vertex_12860,0.07268924550877062
vertex_12861,0.05307313016029326
vertex_12862,0.05492696901042139
vertex_12863,0.04581102173827204
vertex_12864,0.05283419876187803
vertex_12865,0.05112901238089201
vertex_12866,0.05651540043308263
vertex_12867,0.06250330559122505
vertex_12868,0.08351156632368364
vertex_12869,0.07656299304760339
vertex_12870,0.06738229183290821
vertex_12871,0.07853976189700629
vertex_12872,0.08307556422404015
vertex_12873,0.08907543313725202
vertex_12874,0.07725849078140234
vertex_12875,0.07537725919117974
vertex_12876,0.06226456956816304
vertex_12877,0.07685907053332737
vertex_12878,0.06557518118545957
vertex_12879,0.0349293517132663
vertex_12880,0.03908255937097978
vertex_12881,0.04323557049057148
vertex_12882,0.07054235706516776
vertex_12883,0.0601493565866684
vertex_12884,0.05326696961479301
vertex_12885,0.09257749544865566
vertex_12886,0.09410562116223185
vertex_12887,0.07403620434976364
vertex_12888,0.05463064370897839
vertex_12889,0.059609278875035095
vertex_12890,0.06453298269325804
vertex_12891,0.06882755809129762
vertex_12892,0.06792775139180314
vertex_12893,0.10136821140243706
vertex_12894,0.0867901737486582
vertex_12895,0.09654384800894389
vertex_12896,0.08078831150327999
vertex_12897,0.057240069438984326
vertex_12898,0.043077013612586854
vertex_12899,0.06973023839649567
vertex_12900,0.08003869196859252
vertex_12901,0.08388055056263027
vertex_12902,0.06249153731872966
vertex_12903,0.08016020389247405
vertex_12904,0.08339741433440517
vertex_12905,0.09668912425759467
vertex_12906,0.0961113400971652
vertex_12907,0.11075079204352177
vertex_12908,0.08433232342408664
vertex_12909,0.05569038922901069
vertex_12910,0.023502998633549245
vertex_12911,0.034533156012606134
vertex_12912,0.031902206136948365
vertex_12913,0.03190206346677345
vertex_12914,0.07083133818299536
vertex_12915,0.04854754833333628
vertex_12916,0.04788155012501767
vertex_12917,0.04169905261659534
vertex_12918,0.03798123929546115
vertex_12919,0.0756366384739811
vertex_12920,0.07250333794015476
vertex_12921,0.08067572890629231
vertex_12922,0.040890336726019286
vertex_12923,0.02859385256324402
vertex_12924,0.04025907469278636
vertex_12925,0.0344948581584391
vertex_12926,0.18774679048555554
vertex_12927,0.18698899685810993
vertex_12928,0.16137783136608408
vertex_12929,0.0684518855371798
vertex_12930,0.060709618373656675
vertex_12931,0.06972034829116823
vertex_12932,0.06255253183769674
vertex_12933,0.06435440532353934
vertex_12934,0.16192298225937105
vertex_12935,0.22065771348639346
vertex_12936,0.18445501664881633
vertex_12937,0.19452002032118307
vertex_12938,0.19174274577572428
vertex_12939,0.20490311137727932
vertex_12940,0.19111702695293903
vertex_12941,0.05120740971851072
vertex_12942,0.06853201136966802
vertex_12943,0.04933021819760503
vertex_12944,0.1171357782428191
vertex_12945,0.14223411965209556
vertex_12946,0.15771105183330597
vertex_12947,0.14529719057723645
vertex_12948,0.17531852632759215
vertex_12949,0.061903559976941934
vertex_12950,0.07029005614548581
vertex_12951,0.06046523792495394
vertex_12952,0.06458861827388215
vertex_12953,0.05913018473107572
vertex_12954,0.04953498657309312
vertex_12955,0.05404797747228815
vertex_12956,0.08133193517065603
vertex_12957,0.0724008776587103
vertex_12958,0.0926159840935574
vertex_12959,0.1095041867884897
vertex_12960,0.11170523546439591
vertex_12961,0.0938204913797257
vertex_12962,0.08554064297246652
vertex_12963,0.07503194893414694
vertex_12964,0.0393570191723633
vertex_12965,0.04755398559344916
vertex_12966,0.05190097307046745
vertex_12967,0.11957986287409082
vertex_12968,0.12036778093521545
vertex_12969,0.11241399504501144
vertex_12970,0.14012527617178563
vertex_12971,0.10900227529475857
vertex_12972,0.03539757418271477
vertex_12973,0.039107593373332056
vertex_12974,0.04749809430401973
vertex_12975,0.042226617962269945
vertex_12976,0.03598499440278115
vertex_12977,0.028694575884763096
vertex_12978,0.04158927207343204
vertex_12979,0.037252077238163074
vertex_12980,0.13253914948473675
vertex_12981,0.2060646534482076
vertex_12982,0.16571510156870184
vertex_12983,0.14392608358965897
vertex_12984,0.1830662036223209
vertex_12985,0.15954396599281379
vertex_12986,0.151766982939999
vertex_12987,0.14627076634831102
vertex_12988,0.24651655192473193
vertex_12989,0.2527961568446266
vertex_12990,0.27139629555168826
vertex_12991,0.2925336653861229
vertex_12992,0.29765391569739347
vertex_12993,0.30683983173032564
vertex_12994,0.2661112950911637
vertex_12995,0.2756689023834696
vertex_12996,0.09757078205726724
vertex_12997,0.11164705679684743
vertex_12998,0.11009116777783749
vertex_12999,0.06899846408194751
vertex_13000,0.04257878415461915
vertex_13001,0.04010637465932808
vertex_13002,0.03058826859526265
vertex_13003,0.0315927470541035
vertex_13004,0.11336747361778061
vertex_13005,0.08405005917149053
vertex_13006,0.0812275203503318
vertex_13007,0.07898569208646415
vertex_13008,0.0772783919822513
vertex_13009,0.08351838452850312
vertex_13010,0.09203410132561851
vertex_13011,0.09111769197688546
vertex_13012,0.04569981461402299
vertex_13013,0.042491920526255236
vertex_13014,0.044048904525167486
vertex_13015,0.09475983688352957
vertex_13016,0.09013896995900667
vertex_13017,0.09594980299197312
vertex_13018,0.1116312165956672
vertex_13019,0.06527625278687461
vertex_13020,0.07518149047732811
vertex_13021,0.0610030602441181
vertex_13022,0.06559613488693235
vertex_13023,0.045969983463902055
vertex_13024,0.050839272534315534
vertex_13025,0.03433018976789609
vertex_13026,0.0515956321860263
vertex_13027,0.04833148365717511
vertex_13028,0.03864581010885354
vertex_13029,0.057765431324859125
vertex_13030,0.05388547626583579
vertex_13031,0.055795113051975556
vertex_13032,0.04939228349246532
vertex_13033,0.08637179152535725
vertex_13034,0.08973293990792065
vertex_13035,0.08609292214119148
vertex_13036,0.11637008363008855
vertex_13037,0.07358442586872065
vertex_13038,0.059805289996799516
vertex_13039,0.1050886990423228
vertex_13040,0.08507214051418471
vertex_13041,0.08993969130310091
vertex_13042,0.09789518163542137
vertex_13043,0.08698231626562435
vertex_13044,0.08606947525833847
vertex_13045,0.07539883626651785
vertex_13046,0.06826305343256463
vertex_13047,0.08683266963152815
vertex_13048,0.08309594264919827
vertex_13049,0.08311729452523325
vertex_13050,0.06830181375856784
vertex_13051,0.07276260409936719
vertex_13052,0.1072455036052369
vertex_13053,0.09801054629061094
vertex_13054,0.0690373728318269
vertex_13055,0.06497139072856166
vertex_13056,0.08102216525076442
vertex_13057,0.09185573251741488
vertex_13058,0.06693306766354978
vertex_13059,0.07622764306254844
vertex_13060,0.0732779587684826
vertex_13061,0.050849334245240865
vertex_13062,0.04709786284434792
vertex_13063,0.05749737640237974
vertex_13064,0.1042403316579433
vertex_13065,0.13633017564574973
vertex_13066,0.1142916078380919
vertex_13067,0.09846446039939027
vertex_13068,0.08702743135510581
vertex_13069,0.05188374074878471
vertex_13070,0.052578521975391986
vertex_13071,0.049558483025213054
vertex_13072,0.03837951232083447
vertex_13073,0.04345702181821658
vertex_13074,0.04166317476934257
vertex_13075,0.05325146014846092
vertex_13076,0.11944601587737112
vertex_13077,0.12030313778104394
vertex_13078,0.0707190919732891
vertex_13079,0.10961515727269452
vertex_13080,0.1326308175515747
vertex_13081,0.08947973870948377
vertex_13082,0.09164102576046554
vertex_13083,0.08112348281881236
vertex_13084,0.07303846653119368
vertex_13085,0.06379631199378903
vertex_13086,0.06430276152690563
vertex_13087,0.05307630177104427
vertex_13088,0.05276757050434549
vertex_13089,0.06230673839385707
vertex_13090,0.1268298109390463
vertex_13091,0.09722661433289498
vertex_13092,0.10428805295990977
vertex_13093,0.10906271890573357
vertex_13094,0.08708553546904134
vertex_13095,0.0826171408564466
vertex_13096,0.08752885187723468
vertex_13097,0.09209856219855692
vertex_13098,0.0877239824374279
vertex_13099,0.11237900185982902
vertex_13100,0.10039669570698011
vertex_13101,0.09146505963377034
vertex_13102,0.10705964103288201
vertex_13103,0.09263452479463069
vertex_13104,0.10908750113782516
vertex_13105,0.1135074146187432
vertex_13106,0.06377318021621373
vertex_13107,0.07168016146162458
vertex_13108,0.06380404932439798
vertex_13109,0.08980862599110821
vertex_13110,0.06840719726232587
vertex_13111,0.0807984983131525
vertex_13112,0.09264487217630135
vertex_13113,0.10399072465342751
vertex_13114,0.0781366057482289
vertex_13115,0.0704593819743008
vertex_13116,0.03851468959439049
vertex_13117,0.05990131503779316
vertex_13118,0.05036987962755835
vertex_13119,0.052076634677584846
vertex_13120,0.05495956069652864
vertex_13121,0.0870083990729053
vertex_13122,0.042217623043212235
vertex_13123,0.05040986484521674
vertex_13124,0.03849175466199497
vertex_13125,0.044718111717406486
vertex_13126,0.061241471221895605
vertex_13127,0.05234351479929774
vertex_13128,0.054164757032683475
vertex_13129,0.05579884792315765
vertex_13130,0.12173284776117986
vertex_13131,0.12030340353778006
vertex_13132,0.135135056778065
vertex_13133,0.09634545518526347
vertex_13134,0.09328465378398028
vertex_13135,0.10104278144753148
vertex_13136,0.06759419944267409
vertex_13137,0.0658729133962324
vertex_13138,0.2527957238544332
vertex_13139,0.2629980842087912
vertex_13140,0.2965754632319692
vertex_13141,0.24758655895600404
vertex_13142,0.25262398479765263
vertex_13143,0.2754323978824166
vertex_13144,0.1988378290676858
vertex_13145,0.23067497654536828
vertex_13146,0.18469678938111214
vertex_13147,0.1618697061745639
vertex_13148,0.15771211079503833
vertex_13149,0.12102261251101336
vertex_13150,0.1189141201811345
vertex_13151,0.11544009203880713
vertex_13152,0.11257749563029125
vertex_13153,0.13500565311290824
vertex_13154,0.05975778327386974
vertex_13155,0.09166095336574717
vertex_13156,0.06791248696802336
vertex_13157,0.08190682233932688
vertex_13158,0.0571736852293635
vertex_13159,0.0790296804978129
vertex_13160,0.05677425688199692
vertex_13161,0.09000595744197683
vertex_13162,0.041947609840021494
vertex_13163,0.05350719242725563
vertex_13164,0.06901232965472727
vertex_13165,0.057280312042849287
vertex_13166,0.04796180555186217
vertex_13167,0.0466045693935228
vertex_13168,0.04470263310378341
vertex_13169,0.06438393269917383
vertex_13170,0.05821263865413248
vertex_13171,0.07752253038546965
vertex_13172,0.09128745160341827
vertex_13173,0.11389745003719186
vertex_13174,0.09247185428110666
vertex_13175,0.10177532105262145
vertex_13176,0.09269931228594633
vertex_13177,0.06511136328797845
vertex_13178,0.07126725725319297
vertex_13179,0.06680435408080551
vertex_13180,0.06819672836609766
vertex_13181,0.0693632668482438
vertex_13182,0.06607501748329157
vertex_13183,0.07363585575617741
vertex_13184,0.06941321243288097
vertex_13185,0.044552118442183236
vertex_13186,0.04720850839163678
vertex_13187,0.07858902586640057
vertex_13188,0.04815481414357413
vertex_13189,0.06496276633887363
vertex_13190,0.04593991692484411
vertex_13191,0.0407724954687621
vertex_13192,0.04216061055896872
vertex_13193,0.043986427433222904
vertex_13194,0.061359332392043324
vertex_13195,0.07866830743610355
vertex_13196,0.09047643996522355
vertex_13197,0.06266811508413501
vertex_13198,0.06213826249803669
vertex_13199,0.12181850065138292
vertex_13200,0.11210805219607498
vertex_13201,0.09661144172943906
vertex_13202,0.051611335459583796
vertex_13203,0.04987072833574155
vertex_13204,0.06749243085528282
vertex_13205,0.08475881307634223
vertex_13206,0.05592356489426127
vertex_13207,0.03882501645229388
vertex_13208,0.039418740355983355
vertex_13209,0.034035525089588174
vertex_13210,0.08390609675370554
vertex_13211,0.09634381748766582
vertex_13212,0.09476609011934664
vertex_13213,0.11170061613204214
vertex_13214,0.10744793547964981
vertex_13215,0.13364890192996604
vertex_13216,0.11103213221318194
vertex_13217,0.05946552720633566
vertex_13218,0.04858221847505484
vertex_13219,0.05368724444671357
vertex_13220,0.05109185082818531
vertex_13221,0.039417231679526994
vertex_13222,0.04522841027351139
vertex_13223,0.04273976574068656
vertex_13224,0.06318032492377693
vertex_13225,0.052276103305297174
vertex_13226,0.0531714260617183
vertex_13227,0.039198838773704656
vertex_13228,0.047941010326190164
vertex_13229,0.040119152771986286
vertex_13230,0.04651611834234488
vertex_13231,0.04216005095799152
vertex_13232,0.062278160864886384
vertex_13233,0.06353101884250305
vertex_13234,0.050656606145625664
vertex_13235,0.05733062310150448
vertex_13236,0.07135199986571011
vertex_13237,0.07746701988801714
vertex_13238,0.0781330535047766
vertex_13239,0.16754579652784413
vertex_13240,0.17258016674973664
vertex_13241,0.1543890981423445
vertex_13242,0.1453461923354526
vertex_13243,0.085715385455703
vertex_13244,0.08955247998859452
vertex_13245,0.05674612379669423
vertex_13246,0.05706556791357392
vertex_13247,0.058500641016440924
vertex_13248,0.05992743507094287
vertex_13249,0.09838622785948391
vertex_13250,0.1100901238979463
vertex_13251,0.086903689300939
vertex_13252,0.07430596905539705
vertex_13253,0.06061275031568463
vertex_13254,0.08116563534764705
vertex_13255,0.08990450564112998
vertex_13256,0.08407438616802404
vertex_13257,0.08872226205698772
vertex_13258,0.08128757287261644
vertex_13259,0.06592950318079466
vertex_13260,0.049803736888562336
vertex_13261,0.06088915764436974
vertex_13262,0.049092567362890784
vertex_13263,0.05198916473713659
vertex_13264,0.11500349609543559
vertex_13265,0.102660694543767
vertex_13266,0.1075365071233869
vertex_13267,0.1108550181829997
vertex_13268,0.11627288005906773
vertex_13269,0.1056502680738318
vertex_13270,0.05363125341199379
vertex_13271,0.09797927753063661
vertex_13272,0.07366009997661742
vertex_13273,0.06400602397749242
vertex_13274,0.0661807837204095
vertex_13275,0.10105297158897401
vertex_13276,0.09789971533029664
vertex_13277,0.07178978615497261
vertex_13278,0.06917193383722811
vertex_13279,0.0546627749221804
vertex_13280,0.07322789443619641
vertex_13281,0.08036911487254011
vertex_13282,0.07419290766742845
vertex_13283,0.04892705943146339
vertex_13284,0.06251751084715008
vertex_13285,0.06211486227274941
vertex_13286,0.07392810172156188
vertex_13287,0.02731519630848244
vertex_13288,0.022658451597382973
vertex_13289,0.038637890987097676
vertex_13290,0.08708953540999592
vertex_13291,0.0645515216466353
vertex_13292,0.08711612294676481
vertex_13293,0.06990892200374994
vertex_13294,0.0951481665393167
vertex_13295,0.04819709507819931
vertex_13296,0.04337969557162413
vertex_13297,0.0442851070305826
vertex_13298,0.053709300249876336
vertex_13299,0.06913637940377955
vertex_13300,0.05527101680005829
vertex_13301,0.05730908605979218
vertex_13302,0.05342107792516699
vertex_13303,0.06870795922916874
vertex_13304,0.0641008728867172
vertex_13305,0.11177973154123459
vertex_13306,0.1157662158446661
vertex_13307,0.10453804736020048
vertex_13308,0.11603685349976554
vertex_13309,0.08538922218518413
vertex_13310,0.03170703468002248
vertex_13311,0.05513468494965114
vertex_13312,0.09398950607188834
vertex_13313,0.09758889912415518
vertex_13314,0.07783227160636666
vertex_13315,0.046604989391871854
vertex_13316,0.05135382409662975
vertex_13317,0.031690133577321124
vertex_13318,0.03915354449484347
vertex_13319,0.05828140620273552
vertex_13320,0.0567789068417237
vertex_13321,0.041133080705976974
vertex_13322,0.031032140659465007
vertex_13323,0.022011114247259878
vertex_13324,0.042209074374536304
vertex_13325,0.04517357776000372
vertex_13326,0.055837697443521225
vertex_13327,0.04675103418045871
vertex_13328,0.023447109101193332
vertex_13329,0.01484337991268729
vertex_13330,0.01791096891623151
vertex_13331,0.04560582694453883
vertex_13332,0.05408553941091097
vertex_13333,0.05915840526527094
vertex_13334,0.022895900553298067
vertex_13335,0.0323132454744293
vertex_13336,0.01932286603624366
vertex_13337,0.03663862428530312
vertex_13338,0.018414300504020868
vertex_13339,0.03747970284009831
vertex_13340,0.03308646241060848
vertex_13341,0.03137624871555054
vertex_13342,0.03112606271561435
vertex_13343,0.025170732043698504
vertex_13344,0.03028600709494313
vertex_13345,0.029745928758186713
vertex_13346,0.03900488818076883
vertex_13347,0.0415412442732425
vertex_13348,0.06543010953994688
vertex_13349,0.037069653346205794
vertex_13350,0.025020578159586707
vertex_13351,0.04342348465297858
vertex_13352,0.028896693628548777
vertex_13353,0.03927068626174619
vertex_13354,0.07131648474671226
vertex_13355,0.05387433635953483
vertex_13356,0.07384714880669117
vertex_13357,0.05469274102315498
vertex_13358,0.053107959355263815
vertex_13359,0.045345669271146416
vertex_13360,0.05000146177933153
vertex_13361,0.03370737280056713
vertex_13362,0.06353586115779092
vertex_13363,0.05611155452014886
vertex_13364,0.11581863082004021
vertex_13365,0.0943048942826705
vertex_13366,0.0884576737013027
vertex_13367,0.07371229529213567
vertex_13368,0.06041463144927108
vertex_13369,0.07284770241969278
vertex_13370,0.0681115672559108
vertex_13371,0.06144034631862674
vertex_13372,0.04437446926900807
vertex_13373,0.028526370058636553
vertex_13374,0.04538109124191119
vertex_13375,0.03164658191808709
vertex_13376,0.2238478438841649
vertex_13377,0.20373001906392071
vertex_13378,0.21556280365571845
vertex_13379,0.1723434907265345
vertex_13380,0.17540806400933606
vertex_13381,0.1668332369231323
vertex_13382,0.16362748020251713
vertex_13383,0.1550858140174081
vertex_13384,0.14420381877757915
vertex_13385,0.09566938745512166
vertex_13386,0.10193748635955056
vertex_13387,0.08607977481268687
vertex_13388,0.09340436577219988
vertex_13389,0.12481867404524323
vertex_13390,0.19257577039818494
vertex_13391,0.1921200408452248
vertex_13392,0.15356393583236674
vertex_13393,0.16785415867350112
vertex_13394,0.05262801324900519
vertex_13395,0.08210536876972986
vertex_13396,0.06022992468317963
vertex_13397,0.05285547559879483
vertex_13398,0.051556734511401435
vertex_13399,0.15570495740696205
vertex_13400,0.14675684192037633
vertex_13401,0.1826481742445939
vertex_13402,0.11624993861188285
vertex_13403,0.12244660716490641
vertex_13404,0.10073480225894563
vertex_13405,0.10097981121123743
vertex_13406,0.10574568110053269
vertex_13407,0.10520975263307149
vertex_13408,0.08924045447536984
vertex_13409,0.12447330430012422
vertex_13410,0.3051373437311902
vertex_13411,0.23652475407364726
vertex_13412,0.344391733287077
vertex_13413,0.3100819443886537
vertex_13414,0.31761861436875605
vertex_13415,0.20513019101111812
vertex_13416,0.20187230762033034
vertex_13417,0.2508623084502388
vertex_13418,0.3192810002510525
vertex_13419,0.26796651569391944
vertex_13420,0.25363824163089305
vertex_13421,0.13053642963853163
vertex_13422,0.11100088387617614
vertex_13423,0.09400975796166536
vertex_13424,0.10246753813992014
vertex_13425,0.10452032994381907
vertex_13426,0.10799333835001818
vertex_13427,0.11774279057242606
vertex_13428,0.1070403013975778
vertex_13429,0.06946428370582908
vertex_13430,0.06966636700697502
vertex_13431,0.06689513817684294
vertex_13432,0.08783240793390674
vertex_13433,0.08672135102109411
vertex_13434,0.10952252532950836
vertex_13435,0.13147305726129485
vertex_13436,0.14464456504335838
vertex_13437,0.17942387251486253
vertex_13438,0.15004549873122924
vertex_13439,0.1766773607814549
vertex_13440,0.2681592685715769
vertex_13441,0.22920743756826284
vertex_13442,0.2854380470345832
vertex_13443,0.2155151221412007
vertex_13444,0.08765514675880419
vertex_13445,0.08144339813864938
vertex_13446,0.09436631907901652
vertex_13447,0.10650841792564295
vertex_13448,0.09617730938122665
vertex_13449,0.09606343884749222
vertex_13450,0.10462670428353446
vertex_13451,0.10764884910328955
vertex_13452,0.09148034995465407
vertex_13453,0.08393424781641705
vertex_13454,0.09667120324135023
vertex_13455,0.11069035978336565
vertex_13456,0.1067098526384168
vertex_13457,0.09532444521385053
vertex_13458,0.10129757803683533
vertex_13459,0.09699702278026982
vertex_13460,0.10304837203658349
vertex_13461,0.08834763465678211
vertex_13462,0.13219298819610173
vertex_13463,0.11881934225593252
vertex_13464,0.12911813928352525
vertex_13465,0.12198069021200487
vertex_13466,0.03482299810197424
vertex_13467,0.027971065840934776
vertex_13468,0.033560073684758426
vertex_13469,0.04646232936682707
vertex_13470,0.03816463553532367
vertex_13471,0.03731018728915869
vertex_13472,0.06372612464935212
vertex_13473,0.06361621956520788
vertex_13474,0.05941044031652421
vertex_13475,0.06142726268495774
vertex_13476,0.07545716737859813
vertex_13477,0.07821946360395601
vertex_13478,0.08707410909853422
vertex_13479,0.08381002130250693
vertex_13480,0.09434032432517987
vertex_13481,0.10354507835291062
vertex_13482,0.0834861038454273
vertex_13483,0.08347009181265994
vertex_13484,0.06856666186376094
vertex_13485,0.08746503985376679
vertex_13486,0.12871059759634573
vertex_13487,0.12067003712225845
vertex_13488,0.13889851877705528
vertex_13489,0.04255190753633399
vertex_13490,0.028697386295692733
vertex_13491,0.039727173746314834
vertex_13492,0.035010848266345596
vertex_13493,0.03188061728100577
vertex_13494,0.04913668994612521
vertex_13495,0.049445899194237405
vertex_13496,0.051675004462776855
vertex_13497,0.040861069345582146
vertex_13498,0.0461877097661197
vertex_13499,0.048323632008675434
vertex_13500,0.044090848433486374
vertex_13501,0.07274681645752246
vertex_13502,0.045299897714916826
vertex_13503,0.04288547044682441
vertex_13504,0.032527003138179335
vertex_13505,0.03372623569089965
vertex_13506,0.058530705193468195
vertex_13507,0.15788081353948766
vertex_13508,0.13575205502391788
vertex_13509,0.12609749675879584
vertex_13510,0.09540800438797782
vertex_13511,0.1398551870532945
vertex_13512,0.03428117496863768
vertex_13513,0.044640175311511855
vertex_13514,0.04411648768804572
vertex_13515,0.026599878770124433
vertex_13516,0.027290209776798795
vertex_13517,0.03289045033962841
vertex_13518,0.03183789401368494
vertex_13519,0.026864595358541833
vertex_13520,0.042957986646267425
vertex_13521,0.03736701934744582
vertex_13522,0.027335103379561063
vertex_13523,0.06639572295207079
vertex_13524,0.051270911621364504
vertex_13525,0.03580887701670424
vertex_13526,0.022109211748715298
vertex_13527,0.018471696047426794
vertex_13528,0.058564766238689135
vertex_13529,0.03609097273507104
vertex_13530,0.051285489176707715
vertex_13531,0.032126010019382985
vertex_13532,0.05320654042551089
vertex_13533,0.0687386453172787
vertex_13534,0.09033490139358419
vertex_13535,0.3212544184959442
vertex_13536,0.3330004714861601
vertex_13537,0.31267550712321274
vertex_13538,0.16677393256757814
vertex_13539,0.10366267283246076
vertex_13540,0.17065203511926963
vertex_13541,0.20552390054046382
vertex_13542,0.21444971632926804
vertex_13543,0.16457182283738328
vertex_13544,0.1384212615291424
vertex_13545,0.17283286191851602
vertex_13546,0.21265204465204476
vertex_13547,0.22307972213238128
vertex_13548,0.19246309424907593
vertex_13549,0.20889637433169453
vertex_13550,0.21031868066239837
vertex_13551,0.17113526753101505
vertex_13552,0.2223146350100837
vertex_13553,0.09806026835960985
vertex_13554,0.08563207514034452
vertex_13555,0.0770587587337682
vertex_13556,0.06505137423842838
vertex_13557,0.08246093904552687
vertex_13558,0.2154074882562299
vertex_13559,0.16116677794700116
vertex_13560,0.2011603185954713
vertex_13561,0.11764145041535286
vertex_13562,0.08417004347236395
vertex_13563,0.045159017642861204
vertex_13564,0.06548059983988525
vertex_13565,0.053560007461397524
vertex_13566,0.2641155906886034
vertex_13567,0.3053371499716439
vertex_13568,0.253461627789101
vertex_13569,0.1440154716668114
vertex_13570,0.158057640152297
vertex_13571,0.1461589372652191
vertex_13572,0.14833495003677202
vertex_13573,0.13754552385723887
vertex_13574,0.08971113941767543
vertex_13575,0.1410442520753222
vertex_13576,0.18446914689051205
vertex_13577,0.16137803131166456
vertex_13578,0.10903886019829588
vertex_13579,0.07835664907076545
vertex_13580,0.07854375415899531
vertex_13581,0.05786497934757883
vertex_13582,0.06354238331524119
vertex_13583,0.06339641791289616
vertex_13584,0.13407264853916134
vertex_13585,0.14297718044351793
vertex_13586,0.1369038213056893
vertex_13587,0.1281921210334548
vertex_13588,0.16564857496370017
vertex_13589,0.16774251425838
vertex_13590,0.17056037352340592
vertex_13591,0.1570202823665612
vertex_13592,0.12061282524424635
vertex_13593,0.11220867819123277
vertex_13594,0.15807198272236941
vertex_13595,0.17110358050181998
vertex_13596,0.11919801134282557
vertex_13597,0.11091369435210056
vertex_13598,0.12173804996492432
vertex_13599,0.026210631605447544
vertex_13600,0.02388155979857178
vertex_13601,0.026208666814062406
vertex_13602,0.025477279021049598
vertex_13603,0.02401424853346745
vertex_13604,0.07027143611259139
vertex_13605,0.08323429690830739
vertex_13606,0.10176599466347311
vertex_13607,0.11666431770364284
vertex_13608,0.13206930737493028
vertex_13609,0.14020176399585024
vertex_13610,0.13606942321480697
vertex_13611,0.13666489918027122
vertex_13612,0.05157722137138492
vertex_13613,0.04674369346232179
vertex_13614,0.04315881918754728
vertex_13615,0.0976774922965331
vertex_13616,0.08253899203146027
vertex_13617,0.10527426922269821
vertex_13618,0.1099003237337296
vertex_13619,0.04805857150413228
vertex_13620,0.049011770449578176
vertex_13621,0.05925491532630834
vertex_13622,0.04298260040360091
vertex_13623,0.03612685335983254
vertex_13624,0.03440456115259612
vertex_13625,0.03452075218731722
vertex_13626,0.05642589014208514
vertex_13627,0.03721443083897303
vertex_13628,0.03281812605764094
vertex_13629,0.043129856940844286
vertex_13630,0.044788755532225055
vertex_13631,0.05549190043599306
vertex_13632,0.04506923256358869
vertex_13633,0.12263327331416815
vertex_13634,0.11200332403933727
vertex_13635,0.09363484525682679
vertex_13636,0.11170386936591026
vertex_13637,0.11561429350842718
vertex_13638,0.1061379755727552
vertex_13639,0.06934721190761994
vertex_13640,0.04651182695678202
vertex_13641,0.07838968953917624
vertex_13642,0.05816813072181068
vertex_13643,0.06657662612893943
vertex_13644,0.05426677148775989
vertex_13645,0.04249150831283611
vertex_13646,0.04523437616427654
vertex_13647,0.08935247695235117
vertex_13648,0.0589208300947082
vertex_13649,0.13167856230097363
vertex_13650,0.0949570484794526
vertex_13651,0.13418147610067035
vertex_13652,0.13664783539537176
vertex_13653,0.07767607378022999
vertex_13654,0.10568719901553557
vertex_13655,0.10655144103986412
vertex_13656,0.11080543738324894
vertex_13657,0.07093625759580992
vertex_13658,0.07550341012545163
vertex_13659,0.0959255696452662
vertex_13660,0.08329111209457646
vertex_13661,0.09463693034782575
vertex_13662,0.09227098629649079
vertex_13663,0.11819097687648066
vertex_13664,0.1088273046676402
vertex_13665,0.11040504659558309
vertex_13666,0.11756265776574136
vertex_13667,0.09716549992303981
vertex_13668,0.0897600196322306
vertex_13669,0.09390177066579673
vertex_13670,0.07693506475970101
vertex_13671,0.10252709574909002
vertex_13672,0.10868937204886546
vertex_13673,0.11794211984485696
vertex_13674,0.11321641660749263
vertex_13675,0.08254644129245328
vertex_13676,0.07960250307884892
vertex_13677,0.08009002332030227
vertex_13678,0.1052054114796603
vertex_13679,0.10931632091040004
vertex_13680,0.12120385582012105
vertex_13681,0.10451437308409268
vertex_13682,0.09060593079810483
vertex_13683,0.09514886130248983
vertex_13684,0.115799337071477
vertex_13685,0.08396238896698542
vertex_13686,0.10830433450249398
vertex_13687,0.1281331637494071
vertex_13688,0.12100668598666303
vertex_13689,0.08437834813941565
vertex_13690,0.0640424012983309
vertex_13691,0.09225888026511067
vertex_13692,0.1208573866336284
vertex_13693,0.10525401391153043
vertex_13694,0.11519078413606813
vertex_13695,0.08528126534802978
vertex_13696,0.08913076101492756
vertex_13697,0.07236994496525664
vertex_13698,0.11300823989632243
vertex_13699,0.08726799390970685
vertex_13700,0.10014978145341936
vertex_13701,0.07923829215981805
vertex_13702,0.0658634564174048
vertex_13703,0.06615260608231766
vertex_13704,0.07009276387154052
vertex_13705,0.09384177388502375
vertex_13706,0.0655716290181312
vertex_13707,0.056619896072851394
vertex_13708,0.055877097999564654
vertex_13709,0.09090441840169473
vertex_13710,0.10223662898717832
vertex_13711,0.11259424921493434
vertex_13712,0.1130972285305972
vertex_13713,0.11889829139536612
vertex_13714,0.06205424692407726
vertex_13715,0.06664727893014946
vertex_13716,0.07060239202093523
vertex_13717,0.08877314658854665
vertex_13718,0.07958355920746564
vertex_13719,0.07839178601514797
vertex_13720,0.07115277381072596
vertex_13721,0.073451449325328
vertex_13722,0.02288817216476828
vertex_13723,0.02791884938017073
vertex_13724,0.031137450983979936
vertex_13725,0.03639276291161168
vertex_13726,0.030695971108222187
vertex_13727,0.040122231798012206
vertex_13728,0.029878547755648105
vertex_13729,0.03060496600618906
vertex_13730,0.12301711476981131
vertex_13731,0.13310125312511567
vertex_13732,0.12011024376839344
vertex_13733,0.09243460830753965
vertex_13734,0.09613936476973486
vertex_13735,0.096957657167977
vertex_13736,0.10301506039631803
vertex_13737,0.09300395728810593
vertex_13738,0.3784248732450975
vertex_13739,0.3558895895062214
vertex_13740,0.3355260093717038
vertex_13741,0.3058649104368617
vertex_13742,0.2517051799309891
vertex_13743,0.22330955458293467
vertex_13744,0.18657605277457542
vertex_13745,0.16164616376472138
vertex_13746,0.12528958197768614
vertex_13747,0.1258762952088082
vertex_13748,0.11808866698109835
vertex_13749,0.09920944685228418
vertex_13750,0.12464102732192296
vertex_13751,0.12824273463285787
vertex_13752,0.13519690481446658
vertex_13753,0.12907945121608602
vertex_13754,0.08266461180802867
vertex_13755,0.08003289406137648
vertex_13756,0.08203983540025026
vertex_13757,0.10192456619079399
vertex_13758,0.1243358073789649
vertex_13759,0.08325512404291076
vertex_13760,0.08536687348383319
vertex_13761,0.09834017934786064
vertex_13762,0.06644138182222832
vertex_13763,0.06708375118346711
vertex_13764,0.0636066245039134
vertex_13765,0.061566161670517844
vertex_13766,0.06750907884723574
vertex_13767,0.06024530888105632
vertex_13768,0.05743945107812851
vertex_13769,0.0666301743844728
vertex_13770,0.08834433865026682
vertex_13771,0.0783277601437013
vertex_13772,0.04295187486092676
vertex_13773,0.08603295382864179
vertex_13774,0.08431711181877578
vertex_13775,0.09603435387159247
vertex_13776,0.0784098382482379
vertex_13777,0.06106548465076893
vertex_13778,0.05847451193908923
vertex_13779,0.05704166477881615
vertex_13780,0.036542745205335694
vertex_13781,0.04425109187610321
vertex_13782,0.03843088535056176
vertex_13783,0.047260675989024704
vertex_13784,0.039391175637955404
vertex_13785,0.09163901485070597
vertex_13786,0.11203071826265885
vertex_13787,0.07085106543772346
vertex_13788,0.0606479011385771
vertex_13789,0.04587266705800359
vertex_13790,0.061024584049157865
vertex_13791,0.06673689364342027
vertex_13792,0.07702926819153234
vertex_13793,0.06881241168550535
vertex_13794,0.06729107065243377
vertex_13795,0.08177118201431752
vertex_13796,0.0947806408009247
vertex_13797,0.0888210976282378
vertex_13798,0.08231773118232034
vertex_13799,0.0818404800008901
vertex_13800,0.08089957895516225
vertex_13801,0.07102429742119751
vertex_13802,0.06956342017092475
vertex_13803,0.07542497815737052
vertex_13804,0.06954677557137329
vertex_13805,0.06110335640049875
vertex_13806,0.058093209288481384
vertex_13807,0.03412505945593859
vertex_13808,0.032633543268752105
vertex_13809,0.042896223720463485
vertex_13810,0.06862306026632241
vertex_13811,0.06746423720207127
vertex_13812,0.0633929981937024
vertex_13813,0.07258369017569659
vertex_13814,0.07440503619331545
vertex_13815,0.05408846696858983
vertex_13816,0.06176358299239747
vertex_13817,0.06908472337353908
vertex_13818,0.0618555546455646
vertex_13819,0.05973616970513504
vertex_13820,0.062261464010490826
vertex_13821,0.06489897260264131
vertex_13822,0.05783911538811695
vertex_13823,0.0608359369497304
vertex_13824,0.08407365089974857
vertex_13825,0.07080754306375747
vertex_13826,0.07772049161881134
vertex_13827,0.08515427153372394
vertex_13828,0.09586631505273265
vertex_13829,0.06237658814910407
vertex_13830,0.04621326706055595
vertex_13831,0.06933323490826034
vertex_13832,0.04194970861376835
vertex_13833,0.03752722758454952
vertex_13834,0.04813091776502732
vertex_13835,0.06820191845323638
vertex_13836,0.06739584532277756
vertex_13837,0.08840103008746374
vertex_13838,0.10132160911113802
vertex_13839,0.07850795595209248
vertex_13840,0.10815248414933237
vertex_13841,0.09163313980732234
vertex_13842,0.10436606576966242
vertex_13843,0.06250998966564332
vertex_13844,0.06612360613683543
vertex_13845,0.03628168775122421
vertex_13846,0.05806290836297728
vertex_13847,0.04224644027343563
vertex_13848,0.06665084853419476
vertex_13849,0.06956710569808801
vertex_13850,0.08848804097341119
vertex_13851,0.0745598255304092
vertex_13852,0.0702349774990515
vertex_13853,0.09702731631526744
vertex_13854,0.09983190554815258
vertex_13855,0.09530002728039602
vertex_13856,0.06468816961846435
vertex_13857,0.06880724195552153
vertex_13858,0.05644252615202172
vertex_13859,0.06472182257447374
vertex_13860,0.059203998709985155
vertex_13861,0.057436342016149854
vertex_13862,0.06766829581617309
vertex_13863,0.0639186524990089
vertex_13864,0.12016129145879373
vertex_13865,0.1363881058674398
vertex_13866,0.11612274507494327
vertex_13867,0.08888871128466484
vertex_13868,0.09817206618030075
vertex_13869,0.10316424876449175
vertex_13870,0.06787837211299495
vertex_13871,0.10009245798978611
vertex_13872,0.07266096905254671
vertex_13873,0.0683909824496502
vertex_13874,0.08479514818150197
vertex_13875,0.11205303461896535
vertex_13876,0.0853540175204679
vertex_13877,0.10540326585596879
vertex_13878,0.10424873974191223
vertex_13879,0.10438354846230341
vertex_13880,0.0997090266842349
vertex_13881,0.07949576192773125
vertex_13882,0.08119554815350567
vertex_13883,0.08053179473341689
vertex_13884,0.08393619745135913
vertex_13885,0.07150893228048291
vertex_13886,0.09253147728851416
vertex_13887,0.04665837258711602
vertex_13888,0.05252325421214832
vertex_13889,0.04784738809834155
vertex_13890,0.06397543938166624
vertex_13891,0.052688674066073596
vertex_13892,0.04602520261961236
vertex_13893,0.039401335572296435
vertex_13894,0.0356475630794348
vertex_13895,0.09986193284016275
vertex_13896,0.09213970060158636
vertex_13897,0.12681555064760916
vertex_13898,0.06531953053723243
vertex_13899,0.06362647358521645
vertex_13900,0.05457156015127624
vertex_13901,0.040976316518566355
vertex_13902,0.0879145520079088
vertex_13903,0.10116671618763319
vertex_13904,0.11661082616636742
vertex_13905,0.10097119139592779
vertex_13906,0.11325178174486243
vertex_13907,0.12213418744039553
vertex_13908,0.1260262318926897
vertex_13909,0.1491701110134388
vertex_13910,0.10994191862182717
vertex_13911,0.10547399978484634
vertex_13912,0.10818665762383216
vertex_13913,0.09380730522100797
vertex_13914,0.06862147676370924
vertex_13915,0.04397255807335382
vertex_13916,0.05487773112833545
vertex_13917,0.08534385969175007
vertex_13918,0.07514939345763663
vertex_13919,0.10925745381427648
vertex_13920,0.038829329724673595
vertex_13921,0.03250316695094032
vertex_13922,0.01806393626292099
vertex_13923,0.026007562585328003
vertex_13924,0.04328776367801481
vertex_13925,0.03937341474301788
vertex_13926,0.041238804345282716
vertex_13927,0.02652564240381595
vertex_13928,0.035874935439294174
vertex_13929,0.032521359264477426
vertex_13930,0.042218254631906794
vertex_13931,0.03781729346792475
vertex_13932,0.043815265340034534
vertex_13933,0.03884296165833908
vertex_13934,0.06992473181553767
vertex_13935,0.0521530196130014
vertex_13936,0.05853365671134587
vertex_13937,0.04321589153182052
vertex_13938,0.04606164178103052
vertex_13939,0.026485212540195133
vertex_13940,0.015393565466498666
vertex_13941,0.029464933778920274
vertex_13942,0.031639752244610686
vertex_13943,0.03293274566832399
vertex_13944,0.02566105981876405
vertex_13945,0.022282040935996315
vertex_13946,0.01834156348633428
vertex_13947,0.03852540452548113
vertex_13948,0.027386708589552743
vertex_13949,0.04893213020850686
vertex_13950,0.05242876771602148
vertex_13951,0.03904444766272501
vertex_13952,0.03902780845705531
vertex_13953,0.04015862553121461
vertex_13954,0.06394810998158185
vertex_13955,0.0677385847686269
vertex_13956,0.05550872225704045
vertex_13957,0.07149653663573209
vertex_13958,0.07726996286723566
vertex_13959,0.0870693750680567
vertex_13960,0.12336952249711133
vertex_13961,0.1032904150630555
vertex_13962,0.09399731965638129
vertex_13963,0.10919018116212892
vertex_13964,0.09584269929613094
vertex_13965,0.04025513129490175
vertex_13966,0.07675124464184184
vertex_13967,0.06917868302355105
vertex_13968,0.07999155476001353
vertex_13969,0.060520648035626845
vertex_13970,0.03337652367898983
vertex_13971,0.030077855689310682
vertex_13972,0.020807398781766448
vertex_13973,0.025904284845701207
vertex_13974,0.03450866777741478
vertex_13975,0.04637425640661022
vertex_13976,0.10740147606968091
vertex_13977,0.14750401480426525
vertex_13978,0.1338380751453993
vertex_13979,0.13897427389808112
vertex_13980,0.19433666967646313
vertex_13981,0.19169974047990013
vertex_13982,0.18673146638630225
vertex_13983,0.18766900612497253
vertex_13984,0.07760762161715332
vertex_13985,0.10251389663159269
vertex_13986,0.09132013931839443
vertex_13987,0.08554421193870379
vertex_13988,0.08223184255412337
vertex_13989,0.10111381086093457
vertex_13990,0.11622911746667781
vertex_13991,0.1140127154811681
vertex_13992,0.10980575923726488
vertex_13993,0.08757946204598492
vertex_13994,0.06539828080075674
vertex_13995,0.07348833253664679
vertex_13996,0.061466061478664104
vertex_13997,0.04797600356237853
vertex_13998,0.06163547748722024
vertex_13999,0.25349411979161574
vertex_14000,0.2305266482370622
vertex_14001,0.21285844304728294
vertex_14002,0.1657092600996447
vertex_14003,0.17824783965531923
vertex_14004,0.15314373492843458
vertex_14005,0.13151493508852766
vertex_14006,0.1269082566841208
vertex_14007,0.12592798293862212
vertex_14008,0.10409091893739283
vertex_14009,0.18379549085197489
vertex_14010,0.18868994707883352
vertex_14011,0.16016794461627834
vertex_14012,0.20186273388642517
vertex_14013,0.21942949399467865
vertex_14014,0.2052393025708441
vertex_14015,0.19058432232570602
vertex_14016,0.18953978729848175
vertex_14017,0.09787398101589229
vertex_14018,0.17181290135670382
vertex_14019,0.13419105403598777
vertex_14020,0.13322032434297632
vertex_14021,0.12034785699585311
vertex_14022,0.11541792621531195
vertex_14023,0.11752457098567896
vertex_14024,0.06027384941416933
vertex_14025,0.06522803329820406
vertex_14026,0.09620093653975051
vertex_14027,0.12356392696924712
vertex_14028,0.12239138539595856
vertex_14029,0.06622405824599606
vertex_14030,0.07887753280203558
vertex_14031,0.0698474498885154
vertex_14032,0.13569176591611407
vertex_14033,0.07044711810740518
vertex_14034,0.08305248189355102
vertex_14035,0.09144193575349913
vertex_14036,0.13086888676588057
vertex_14037,0.22623099699595242
vertex_14038,0.23608204394080173
vertex_14039,0.21869539923629588
vertex_14040,0.2421538108035488
vertex_14041,0.2361224032013364
vertex_14042,0.21615094100430718
vertex_14043,0.21923023545342205
vertex_14044,0.13502315894634048
vertex_14045,0.11411737768004794
vertex_14046,0.11389758066119099
vertex_14047,0.0790724512158481
vertex_14048,0.08906775698956089
vertex_14049,0.09116871210239111
vertex_14050,0.09722999139582413
vertex_14051,0.09767142577741088
vertex_14052,0.07951976638809939
vertex_14053,0.07680417248041838
vertex_14054,0.07679047138632467
vertex_14055,0.09104124502222341
vertex_14056,0.0826907977662704
vertex_14057,0.08551954407355614
vertex_14058,0.1113880633111924
vertex_14059,0.0944928269823009
vertex_14060,0.0964752370337934
vertex_14061,0.0816952453965166
vertex_14062,0.08605252150406915
vertex_14063,0.08940522027112778
vertex_14064,0.12402664671195195
vertex_14065,0.11782426775637608
vertex_14066,0.06064347650113997
vertex_14067,0.0671413075663108
vertex_14068,0.07634676761883513
vertex_14069,0.03504508219787064
vertex_14070,0.03351247411974265
vertex_14071,0.03496098301752206
vertex_14072,0.0433500810433982
vertex_14073,0.04707219746745236
vertex_14074,0.09950787972066996
vertex_14075,0.09649701104528081
vertex_14076,0.10959358120913924
vertex_14077,0.11893565094252823
vertex_14078,0.11428892575191697
vertex_14079,0.08476289620920525
vertex_14080,0.07789727062653606
vertex_14081,0.07276994982614751
vertex_14082,0.07742152735914569
vertex_14083,0.06403742884659877
vertex_14084,0.08431340850216473
vertex_14085,0.08311047364059858
vertex_14086,0.10359439236856269
vertex_14087,0.1163907663583897
vertex_14088,0.11928599603682857
vertex_14089,0.0573052648774757
vertex_14090,0.06677817058141476
vertex_14091,0.07815783603466592
vertex_14092,0.06149829503071863
vertex_14093,0.05063183096387679
vertex_14094,0.03819384271955393
vertex_14095,0.022793717921694188
vertex_14096,0.02347979668520731
vertex_14097,0.04547783989009515
vertex_14098,0.04833771080368809
vertex_14099,0.07595950281619417
vertex_14100,0.09019003653537651
vertex_14101,0.07244553079870213
vertex_14102,0.06142408224160944
vertex_14103,0.041781414501968636
vertex_14104,0.03729117713315776
vertex_14105,0.06560996997204556
vertex_14106,0.04335402697549666
vertex_14107,0.07582481151215363
vertex_14108,0.062113406940507127
vertex_14109,0.07539139815657138
vertex_14110,0.12693772212093674
vertex_14111,0.11510958333730091
vertex_14112,0.06049906731908961
vertex_14113,0.0467518014861017
vertex_14114,0.061899768199647986
vertex_14115,0.03993125522486782
vertex_14116,0.035151110622097054
vertex_14117,0.04056208738771943
vertex_14118,0.026964786712357268
vertex_14119,0.03329366295758316
vertex_14120,0.03254955632251459
vertex_14121,0.03638542195755283
vertex_14122,0.016738725561944195
vertex_14123,0.0523034871306739
vertex_14124,0.044389761109621735
vertex_14125,0.045024102710741594
vertex_14126,0.051555564651258635
vertex_14127,0.06985684098841646
vertex_14128,0.04130480838343754
vertex_14129,0.044900620626399046
vertex_14130,0.028686651510717823
vertex_14131,0.03245789096260234
vertex_14132,0.04196962774292677
vertex_14133,0.05528009686931795
vertex_14134,0.057020426462746084
vertex_14135,0.2821331919901262
vertex_14136,0.3249762795728487
vertex_14137,0.28419287456379516
vertex_14138,0.3068053315560101
vertex_14139,0.26567720382048965
vertex_14140,0.28333690974749004
vertex_14141,0.19742918082472438
vertex_14142,0.17610788675377184
vertex_14143,0.08452230374181231
vertex_14144,0.09327399350075025
vertex_14145,0.10157217456019255
vertex_14146,0.21411778979068172
vertex_14147,0.2010016000563345
vertex_14148,0.21810483314535556
vertex_14149,0.22650723791984845
vertex_14150,0.21241413947513146
vertex_14151,0.19224472954918415
vertex_14152,0.19363054796561843
vertex_14153,0.12618514518771276
vertex_14154,0.15225895771154155
vertex_14155,0.12146048887198137
vertex_14156,0.11144323208990053
vertex_14157,0.09328294016341301
vertex_14158,0.1717261619007011
vertex_14159,0.13151504798323163
vertex_14160,0.16761476639108092
vertex_14161,0.2700964000019525
vertex_14162,0.16918453739030784
vertex_14163,0.18455358116921233
vertex_14164,0.16532627335982705
vertex_14165,0.25261161970937274
vertex_14166,0.21018858774722163
vertex_14167,0.26461331868629095
vertex_14168,0.17735853343250788
vertex_14169,0.23361773243003336
vertex_14170,0.2022779277092383
vertex_14171,0.20665820234690982
vertex_14172,0.19621082134122952
vertex_14173,0.21205082926570631
vertex_14174,0.1962678731567857
vertex_14175,0.20036363320733774
vertex_14176,0.2427398814342089
vertex_14177,0.24188020697316234
vertex_14178,0.2401577513983648
vertex_14179,0.2020470017763148
vertex_14180,0.18412720917730083
vertex_14181,0.1423948885939158
vertex_14182,0.14044788420377433
vertex_14183,0.12975043839669528
vertex_14184,0.11789258091812775
vertex_14185,0.14131280364278387
vertex_14186,0.12478624501657988
vertex_14187,0.12846448110705738
vertex_14188,0.15427438372096317
vertex_14189,0.1239392108735238
vertex_14190,0.12073291509661707
vertex_14191,0.10831416125909472
vertex_14192,0.05409368144979681
vertex_14193,0.08406298619911134
vertex_14194,0.09585679318965187
vertex_14195,0.0750334383185151
vertex_14196,0.049439193385890194
vertex_14197,0.03127217270782157
vertex_14198,0.029704145064609434
vertex_14199,0.031229205991445616
vertex_14200,0.020311803920667067
vertex_14201,0.04617214936745986
vertex_14202,0.044683580334118345
vertex_14203,0.05689449062020983
vertex_14204,0.08261972708543656
vertex_14205,0.09897037687375351
vertex_14206,0.11237380238217223
vertex_14207,0.06893099388720599
vertex_14208,0.050549619193750533
vertex_14209,0.06617663480596016
vertex_14210,0.054192009426147644
vertex_14211,0.051341097421731006
vertex_14212,0.06683970090645851
vertex_14213,0.06471188071063055
vertex_14214,0.06377016512065971
vertex_14215,0.07679651532820829
vertex_14216,0.07780678827956704
vertex_14217,0.054578602766543596
vertex_14218,0.04879873077521611
vertex_14219,0.053765455531674784
vertex_14220,0.06301069685506315
vertex_14221,0.06100638158554609
vertex_14222,0.06135621377265825
vertex_14223,0.06663338923441504
vertex_14224,0.07398754732982782
vertex_14225,0.07748858940298876
vertex_14226,0.08661091640498687
vertex_14227,0.05887043714296211
vertex_14228,0.05108025387514223
vertex_14229,0.062958318175728
vertex_14230,0.04406320699247899
vertex_14231,0.0418823414143379
vertex_14232,0.04982701530301524
vertex_14233,0.033157845684739194
vertex_14234,0.04930364322624603
vertex_14235,0.06710754624147702
vertex_14236,0.05500771010395571
vertex_14237,0.07822492701600495
vertex_14238,0.07756054728747089
vertex_14239,0.06090537309262045
vertex_14240,0.04978265668473392
vertex_14241,0.05075336187065813
vertex_14242,0.07518758158439674
vertex_14243,0.07563223167622547
vertex_14244,0.08411156162083376
vertex_14245,0.10338935435670327
vertex_14246,0.09217163910085492
vertex_14247,0.08933476089601454
vertex_14248,0.06762653419749196
vertex_14249,0.07277611485352894
vertex_14250,0.07140015804980257
vertex_14251,0.0827425123190079
vertex_14252,0.04186718083371814
vertex_14253,0.06479112818753097
vertex_14254,0.03946975866619377
vertex_14255,0.039232082733732895
vertex_14256,0.040114210152574964
vertex_14257,0.05646871592994646
vertex_14258,0.05980059890824817
vertex_14259,0.06974366038907584
vertex_14260,0.05419405730607481
vertex_14261,0.05985090727853993
vertex_14262,0.0458164627416174
vertex_14263,0.05470436162639928
vertex_14264,0.06559168157032894
vertex_14265,0.057909452494610186
vertex_14266,0.06811942887637121
vertex_14267,0.04865467885079892
vertex_14268,0.05845079162868475
vertex_14269,0.05446640234500021
vertex_14270,0.06630798553001595
vertex_14271,0.08104377660568107
vertex_14272,0.07224444331483772
vertex_14273,0.05347271671139155
vertex_14274,0.0661619731633108
vertex_14275,0.06119365179134351
vertex_14276,0.05652276680185234
vertex_14277,0.05745458019405321
vertex_14278,0.051206619571806875
vertex_14279,0.04841221166995368
vertex_14280,0.051176805991812443
vertex_14281,0.045706955441551386
vertex_14282,0.04692757196616104
vertex_14283,0.04703541938351124
vertex_14284,0.04834732313925427
vertex_14285,0.040002081335148244
vertex_14286,0.04477209392464526
vertex_14287,0.04854231271074866
vertex_14288,0.046315222614036616
vertex_14289,0.06532703548360946
vertex_14290,0.05621080060434584
vertex_14291,0.0647804418879429
vertex_14292,0.06565097171454849
vertex_14293,0.09599548840663659
vertex_14294,0.08865924119429429
vertex_14295,0.12769247236745043
vertex_14296,0.08909620779291165
vertex_14297,0.149181163273245
vertex_14298,0.14762195623006488
vertex_14299,0.12763842409816523
vertex_14300,0.12510465712923333
vertex_14301,0.12883277600700088
vertex_14302,0.1425876509614346
vertex_14303,0.11815699016511706
vertex_14304,0.13969157804594756
vertex_14305,0.12692120509019564
vertex_14306,0.11798086542271644
vertex_14307,0.1336743293340043
vertex_14308,0.12791896179697157
vertex_14309,0.15826783231791372
vertex_14310,0.08826864390548854
vertex_14311,0.07181842564024
vertex_14312,0.07006325542158745
vertex_14313,0.0857229109943266
vertex_14314,0.07206489702242076
vertex_14315,0.0936788814611261
vertex_14316,0.0711586962871024
vertex_14317,0.0779588758709455
vertex_14318,0.06504797190473716
vertex_14319,0.06194690539508798
vertex_14320,0.0722838627588607
vertex_14321,0.0655501916882162
vertex_14322,0.06240570402878786
vertex_14323,0.07966379212551726
vertex_14324,0.06335449276994702
vertex_14325,0.06278750893396408
vertex_14326,0.08351596736108381
vertex_14327,0.07027295644951904
vertex_14328,0.08765538908157952
vertex_14329,0.07787201200467929
vertex_14330,0.09546534051942021
vertex_14331,0.07173129120192825
vertex_14332,0.07124118028261626
vertex_14333,0.07245787050313829
vertex_14334,0.08767499426079482
vertex_14335,0.09156114376150902
vertex_14336,0.09857967804480673
vertex_14337,0.07443836440100271
vertex_14338,0.07674764734721184
vertex_14339,0.07217202507798048
vertex_14340,0.03323045983117774
vertex_14341,0.023360128862680303
vertex_14342,0.03773134933022322
vertex_14343,0.06387192247733597
vertex_14344,0.07814844846564768
vertex_14345,0.07025803531810026
vertex_14346,0.05930031962188272
vertex_14347,0.0492921705664994
vertex_14348,0.04125041638228192
vertex_14349,0.04469036408834782
vertex_14350,0.03881624879057612
vertex_14351,0.04008085994070797
vertex_14352,0.03709221128556933
vertex_14353,0.04162928369195288
vertex_14354,0.05054834720405385
vertex_14355,0.07202825409049794
vertex_14356,0.08372987340972116
vertex_14357,0.10038689881553246
vertex_14358,0.09741368486806555
vertex_14359,0.06152132319689872
vertex_14360,0.06380917849463262
vertex_14361,0.0540472928432545
vertex_14362,0.04941684058112296
vertex_14363,0.04813032314516954
vertex_14364,0.042312195032036815
vertex_14365,0.04069130985533913
vertex_14366,0.040631134857121075
vertex_14367,0.0841440997997854
vertex_14368,0.10333466934095295
vertex_14369,0.07094986341695904
vertex_14370,0.04610708138771485
vertex_14371,0.05736181107432913
vertex_14372,0.04880023658960943
vertex_14373,0.03462617999328613
vertex_14374,0.06297328896075734
vertex_14375,0.07200448965783986
vertex_14376,0.06794460469460134
vertex_14377,0.10296050162421859
vertex_14378,0.10863387075246946
vertex_14379,0.10058561983353677
vertex_14380,0.10401881200604483
vertex_14381,0.013580645814493964
vertex_14382,0.030425414800047876
vertex_14383,0.013633533259594993
vertex_14384,0.036513915547413546
vertex_14385,0.02565618972313167
vertex_14386,0.02508302092906827
vertex_14387,0.041681216563036264
vertex_14388,0.029780057824201706
vertex_14389,0.05220063693251819
vertex_14390,0.04457854079374991
vertex_14391,0.04847779626878738
vertex_14392,0.06469866308760809
vertex_14393,0.055799635279959126
vertex_14394,0.04523453413652115
vertex_14395,0.03416770024812844
vertex_14396,0.036235158791480745
vertex_14397,0.02846999399670454
vertex_14398,0.03387519455688753
vertex_14399,0.07829526702879543
vertex_14400,0.041729170681729086
vertex_14401,0.07807295812993804
vertex_14402,0.07179606407942533
vertex_14403,0.05287514356454924
vertex_14404,0.03255484347434716
vertex_14405,0.03033042335575803
vertex_14406,0.036573865745811944
vertex_14407,0.056387085629506596
vertex_14408,0.05216487668831851
vertex_14409,0.04846057706543499
vertex_14410,0.06359354141763933
vertex_14411,0.04487604344147876
vertex_14412,0.07649116188364859
vertex_14413,0.059647434107284916
vertex_14414,0.04970901785621441
vertex_14415,0.05476448988153385
vertex_14416,0.0503339359621766
vertex_14417,0.044993096112464714
vertex_14418,0.05654484063133499
vertex_14419,0.04546253077213187
vertex_14420,0.06511314165101434
vertex_14421,0.04527349179865541
vertex_14422,0.032822505807855555
vertex_14423,0.033110046193340965
vertex_14424,0.016412842895208293
vertex_14425,0.03050203858384801
vertex_14426,0.11304115453193282
vertex_14427,0.11795581236914922
vertex_14428,0.11475429047299243
vertex_14429,0.14513211208754045
vertex_14430,0.1214015448705415
vertex_14431,0.16335406018271278
vertex_14432,0.16092709525451904
vertex_14433,0.1751814790384242
vertex_14434,0.08614356657987399
vertex_14435,0.07739371801002204
vertex_14436,0.08391425170926839
vertex_14437,0.08303873973432253
vertex_14438,0.0903695564646103
vertex_14439,0.09178665340110022
vertex_14440,0.0825568112560174
vertex_14441,0.06057848086694315
vertex_14442,0.07807091576105439
vertex_14443,0.09781464116712141
vertex_14444,0.06418344622374593
vertex_14445,0.09873975364205816
vertex_14446,0.0660416932988668
vertex_14447,0.08987651488827934
vertex_14448,0.05485693168326448
vertex_14449,0.09815393883558425
vertex_14450,0.10030610661258377
vertex_14451,0.09832700844081853
vertex_14452,0.04401572885611148
vertex_14453,0.06051159951520656
vertex_14454,0.07534316996004058
vertex_14455,0.09356161556117135
vertex_14456,0.09422006093612184
vertex_14457,0.0748020500359914
vertex_14458,0.07942635159077621
vertex_14459,0.07483789096778264
vertex_14460,0.06421847535637243
vertex_14461,0.07423099853153176
vertex_14462,0.07983386478445963
vertex_14463,0.06822559014348938
vertex_14464,0.13194795157864672
vertex_14465,0.12325020419258427
vertex_14466,0.1148854316383359
vertex_14467,0.13514839792574873
vertex_14468,0.1294569772733729
vertex_14469,0.1104239000662475
vertex_14470,0.11856302190935886
vertex_14471,0.12005847378193245
vertex_14472,0.10865546907091295
vertex_14473,0.13159831896141846
vertex_14474,0.08913131098290938
vertex_14475,0.08406586611031508
vertex_14476,0.0671582918519308
vertex_14477,0.06996528001782143
vertex_14478,0.07412982443028854
vertex_14479,0.11126498079794334
vertex_14480,0.12152425009696612
vertex_14481,0.09124372548259964
vertex_14482,0.08176253596242543
vertex_14483,0.08670654690767482
vertex_14484,0.07778871618514811
vertex_14485,0.07893708251348752
vertex_14486,0.07531924648443196
vertex_14487,0.050335656328555654
vertex_14488,0.06472869485244222
vertex_14489,0.1018524329749746
vertex_14490,0.09074363622084315
vertex_14491,0.09719731505207334
vertex_14492,0.10088780141631508
vertex_14493,0.1064364828848055
vertex_14494,0.08392624187183836
vertex_14495,0.07490372232889399
vertex_14496,0.08249492614789737
vertex_14497,0.09069913935457946
vertex_14498,0.078027102333745
vertex_14499,0.08385863586985352
vertex_14500,0.08690663815256167
vertex_14501,0.0912047213595815
vertex_14502,0.07885437111500082
vertex_14503,0.09316506507365742
vertex_14504,0.07451160679749211
vertex_14505,0.08267799710032131
vertex_14506,0.07457803449047136
vertex_14507,0.061365123059493494
vertex_14508,0.08066656381037314
vertex_14509,0.07931865807794908
vertex_14510,0.06781609243137453
vertex_14511,0.07125976800190534
vertex_14512,0.12288161191529018
vertex_14513,0.10613184944738309
vertex_14514,0.11995343997190894
vertex_14515,0.08887266194463754
vertex_14516,0.0965507454680888
vertex_14517,0.09550098816050248
vertex_14518,0.09876843276995727
vertex_14519,0.03593732776057767
vertex_14520,0.02774397628032728
vertex_14521,0.047783473805211175
vertex_14522,0.047388022088264196
vertex_14523,0.04663243726713802
vertex_14524,0.048099611645224624
vertex_14525,0.03879531607210258
vertex_14526,0.04532841913446598
vertex_14527,0.06025102048315494
vertex_14528,0.046363611650565587
vertex_14529,0.05222673177097688
vertex_14530,0.05235044192764908
vertex_14531,0.07004171494076002
vertex_14532,0.0943300753384763
vertex_14533,0.08454830935168309
vertex_14534,0.11267904288310622
vertex_14535,0.12728861198166716
vertex_14536,0.12930062411104493
vertex_14537,0.1235255823874994
vertex_14538,0.12159101760010127
vertex_14539,0.08571329250156375
vertex_14540,0.08204095666582424
vertex_14541,0.105190912006647
vertex_14542,0.04277443480360423
vertex_14543,0.044802241101466925
vertex_14544,0.06260128478718935
vertex_14545,0.05138355967120713
vertex_14546,0.060220610429925374
vertex_14547,0.043351912571744
vertex_14548,0.0499073938425028
vertex_14549,0.06189320765749176
vertex_14550,0.05012973599279903
vertex_14551,0.05886860309161918
vertex_14552,0.04336636449109733
vertex_14553,0.03795041211657161
vertex_14554,0.03179190926635622
vertex_14555,0.03343157116059091
vertex_14556,0.032298724938940954
vertex_14557,0.06233876464038196
vertex_14558,0.05485027474957153
vertex_14559,0.07994473024798342
vertex_14560,0.10274496816937513
vertex_14561,0.09828727010838463
vertex_14562,0.041423520996870196
vertex_14563,0.033007493367021926
vertex_14564,0.03647684046602413
vertex_14565,0.05536160835736991
vertex_14566,0.04394611557666606
vertex_14567,0.07795119187343462
vertex_14568,0.07189693267709106
vertex_14569,0.07663761365896361
vertex_14570,0.03962787957608399
vertex_14571,0.027512491122429032
vertex_14572,0.03367288311468238
vertex_14573,0.03903616103212878
vertex_14574,0.048158569048071635
vertex_14575,0.056047682757550336
vertex_14576,0.04786305297457489
vertex_14577,0.049993536985694385
vertex_14578,0.0477830617697228
vertex_14579,0.04501721947361159
vertex_14580,0.07236685695400888
vertex_14581,0.0494265157601005
vertex_14582,0.04099114306189416
vertex_14583,0.03822796072149272
vertex_14584,0.05635001870814493
vertex_14585,0.12615424243892776
vertex_14586,0.17826497903975122
vertex_14587,0.1674027845652033
vertex_14588,0.16903783616467832
vertex_14589,0.16381739940393547
vertex_14590,0.1258209156816709
vertex_14591,0.11199709830767708
vertex_14592,0.12187744233839755
vertex_14593,0.1338395434212154
vertex_14594,0.1187778663140133
vertex_14595,0.10778723346810772
vertex_14596,0.10251864985194527
vertex_14597,0.10927212460640653
vertex_14598,0.11564720307383475
vertex_14599,0.16763863511514376
vertex_14600,0.1302226251734371
vertex_14601,0.10916056398457212
vertex_14602,0.09795288140072811
vertex_14603,0.09603232461744023
vertex_14604,0.09120003262450653
vertex_14605,0.12037708031408241
vertex_14606,0.14557354027223762
vertex_14607,0.12327099622267752
vertex_14608,0.2831555114957832
vertex_14609,0.30589643779736025
vertex_14610,0.24845607923944363
vertex_14611,0.3124745921684736
vertex_14612,0.33877651255987307
vertex_14613,0.3080842075393844
vertex_14614,0.28792371825957347
vertex_14615,0.24532084569962467
vertex_14616,0.2616919652150988
vertex_14617,0.24329304369356203
vertex_14618,0.27793024199744837
vertex_14619,0.26955053461192857
vertex_14620,0.29360223390134316
vertex_14621,0.260761172787581
vertex_14622,0.21833015003919423
vertex_14623,0.19337406692419742
vertex_14624,0.18607239518756682
vertex_14625,0.18257511281896535
vertex_14626,0.1113115875987646
vertex_14627,0.11103534863793528
vertex_14628,0.12882330726002936
vertex_14629,0.19516233531575775
vertex_14630,0.26374728943979436
vertex_14631,0.13406421940678867
vertex_14632,0.12842630278795747
vertex_14633,0.12895271625395713
vertex_14634,0.12540622783140584
vertex_14635,0.15870960927020727
vertex_14636,0.16176795211748943
vertex_14637,0.18027207450544167
vertex_14638,0.17531387795821893
vertex_14639,0.10896114919051945
vertex_14640,0.12679691037826132
vertex_14641,0.1290369312204607
vertex_14642,0.17777238220260544
vertex_14643,0.1697287967542026
vertex_14644,0.1512588399965091
vertex_14645,0.15126501141029608
vertex_14646,0.12356586577633208
vertex_14647,0.1122424544717992
vertex_14648,0.11722043616853649
vertex_14649,0.13509619944616394
vertex_14650,0.1186521743550133
vertex_14651,0.1448471299572848
vertex_14652,0.11812794815339202
vertex_14653,0.06059577700343604
vertex_14654,0.13300043865549013
vertex_14655,0.09866601114235952
vertex_14656,0.1188670104915434
vertex_14657,0.05766218965731733
vertex_14658,0.08429616773606084
vertex_14659,0.06997038414705047
vertex_14660,0.07284472981206407
vertex_14661,0.07809559478039849
vertex_14662,0.06837851580493239
vertex_14663,0.06906358160552976
vertex_14664,0.06618946510507462
vertex_14665,0.05049950155336199
vertex_14666,0.04889043362320764
vertex_14667,0.054260865884091646
vertex_14668,0.06666149300823616
vertex_14669,0.07683889029260717
vertex_14670,0.10860254368475368
vertex_14671,0.09107273006548955
vertex_14672,0.08831107587862834
vertex_14673,0.08705804228370985
vertex_14674,0.09434720476375541
vertex_14675,0.10846549479911827
vertex_14676,0.10569262305244559
vertex_14677,0.0788798939814235
vertex_14678,0.05529284984704505
vertex_14679,0.0483845858102794
vertex_14680,0.05822573915467931
vertex_14681,0.08025463165846634
vertex_14682,0.09684596653403432
vertex_14683,0.08511930770780288
vertex_14684,0.11031257845440968
vertex_14685,0.04902390771912425
vertex_14686,0.04915199124981711
vertex_14687,0.06556678214844684
vertex_14688,0.0660786152628893
vertex_14689,0.05205087620291628
vertex_14690,0.062247224219099895
vertex_14691,0.0642767375704281
vertex_14692,0.07070981017305755
vertex_14693,0.06922779728330421
vertex_14694,0.06729783078721367
vertex_14695,0.05547524578169192
vertex_14696,0.07113327599393003
vertex_14697,0.05272473460356617
vertex_14698,0.07953920036129324
vertex_14699,0.07055720348901844
vertex_14700,0.06668716716064887
vertex_14701,0.06935239278606416
vertex_14702,0.0885014016196977
vertex_14703,0.07216038952149181
vertex_14704,0.08430158599235252
vertex_14705,0.07390717448928956
vertex_14706,0.09388751674238771
vertex_14707,0.07313350849834967
vertex_14708,0.08825966212975843
vertex_14709,0.09059205441335115
vertex_14710,0.1255631867126668
vertex_14711,0.10845220750089588
vertex_14712,0.07432795941340976
vertex_14713,0.09562133387162719
vertex_14714,0.10142129052143166
vertex_14715,0.10528354212171916
vertex_14716,0.11508124749247688
vertex_14717,0.12879832584781897
vertex_14718,0.1510564192416608
vertex_14719,0.150047424691317
vertex_14720,0.13505170986269924
vertex_14721,0.1374893955073187
vertex_14722,0.09052191286615364
vertex_14723,0.10113548473946975
vertex_14724,0.07303420016939642
vertex_14725,0.08699414641573998
vertex_14726,0.07460876058307038
vertex_14727,0.07721387246204918
vertex_14728,0.08007904274024381
vertex_14729,0.07106914822787393
vertex_14730,0.051553077782959124
vertex_14731,0.0614139038931313
vertex_14732,0.06585218682763284
vertex_14733,0.07363347930370452
vertex_14734,0.07668385371244957
vertex_14735,0.07733155680034355
vertex_14736,0.07921615694516199
vertex_14737,0.07704800691934496
vertex_14738,0.07198094251729027
vertex_14739,0.08629464828028643
vertex_14740,0.07614643999731396
vertex_14741,0.07317871909320292
vertex_14742,0.07717112959552419
vertex_14743,0.07572551758236176
vertex_14744,0.07737053611985407
vertex_14745,0.06285353926617034
vertex_14746,0.062365932889472286
vertex_14747,0.05384392497195526
vertex_14748,0.054829121148648644
vertex_14749,0.040833801294109406
vertex_14750,0.039805007062409664
vertex_14751,0.03336635740635431
vertex_14752,0.031472846024176396
vertex_14753,0.08931802541513234
vertex_14754,0.08078013710918652
vertex_14755,0.07341267946984306
vertex_14756,0.05608996034898482
vertex_14757,0.0500291047495575
vertex_14758,0.03863301685792879
vertex_14759,0.047873820552002073
vertex_14760,0.04776769007500354
vertex_14761,0.042453193345551005
vertex_14762,0.04631699909037622
vertex_14763,0.04112099191632997
vertex_14764,0.04701847723436414
vertex_14765,0.047892866566363886
vertex_14766,0.052085009595417515
vertex_14767,0.044564329731708735
vertex_14768,0.033805336927305106
vertex_14769,0.04487901383964406
vertex_14770,0.07483375563026369
vertex_14771,0.06071132075355852
vertex_14772,0.0710614273454424
vertex_14773,0.05113233247289915
vertex_14774,0.08036628588720228
vertex_14775,0.09525437190018327
vertex_14776,0.09140523082943124
vertex_14777,0.11154123707460549
vertex_14778,0.09831024875777471
vertex_14779,0.11817295823326865
vertex_14780,0.10859120625443223
vertex_14781,0.10080863470399452
vertex_14782,0.091820996268753
vertex_14783,0.0827236159671823
vertex_14784,0.10001915854784596
vertex_14785,0.1362932251259799
vertex_14786,0.11141684748875877
vertex_14787,0.12892554172439513
vertex_14788,0.11537307271545967
vertex_14789,0.10839128946551618
vertex_14790,0.0939064881339343
vertex_14791,0.1073168156102633
vertex_14792,0.07413948836374794
vertex_14793,0.10598880304302605
vertex_14794,0.1387207916103918
vertex_14795,0.12216711478084429
vertex_14796,0.143857425110532
vertex_14797,0.06540215398937205
vertex_14798,0.07082528487568104
vertex_14799,0.07550771298482621
vertex_14800,0.09375728447897917
vertex_14801,0.09109551937880592
vertex_14802,0.15904265687311525
vertex_14803,0.1771829741300388
vertex_14804,0.17805642192005366
vertex_14805,0.16833388720893083
vertex_14806,0.1724231525346961
vertex_14807,0.16508450755905427
vertex_14808,0.19307221565828273
vertex_14809,0.18242470434479546
vertex_14810,0.12651497194489372
vertex_14811,0.13297244848393794
vertex_14812,0.062096638503108904
vertex_14813,0.05522354635382913
vertex_14814,0.06144436760738357
vertex_14815,0.060478950231211345
vertex_14816,0.06365793046694404
vertex_14817,0.06841291103444923
vertex_14818,0.060054376258829784
vertex_14819,0.056723079450783
vertex_14820,0.040300910465401824
vertex_14821,0.03937485079251241
vertex_14822,0.03909209235973811
vertex_14823,0.07679901294650375
vertex_14824,0.07365117744267644
vertex_14825,0.06286218489605351
vertex_14826,0.05915890486543857
vertex_14827,0.07395667680145768
vertex_14828,0.073454752564753
vertex_14829,0.08378789485329634
vertex_14830,0.15484632787142957
vertex_14831,0.15518973781766426
vertex_14832,0.13126070559777445
vertex_14833,0.0748657710098842
vertex_14834,0.08143546950013249
vertex_14835,0.06595402848751383
vertex_14836,0.08314711118470607
vertex_14837,0.12116772620399786
vertex_14838,0.11148323814097812
vertex_14839,0.1205245810117772
vertex_14840,0.10432491828197463
vertex_14841,0.11987064224719483
vertex_14842,0.04197359561255969
vertex_14843,0.061716731787567286
vertex_14844,0.04861715319110012
vertex_14845,0.05702793056549981
vertex_14846,0.10059568378255451
vertex_14847,0.10230287725729355
vertex_14848,0.1250656140597052
vertex_14849,0.09994986078614121
vertex_14850,0.11350622103354306
vertex_14851,0.09910252016533803
vertex_14852,0.07082458660344776
vertex_14853,0.11487209956325699
vertex_14854,0.10208955651722662
vertex_14855,0.11473307373694416
vertex_14856,0.04503959446309155
vertex_14857,0.045570182454390415
vertex_14858,0.034661685454033725
vertex_14859,0.052587225359382095
vertex_14860,0.05212024725626907
vertex_14861,0.059617757525426786
vertex_14862,0.05082663767587697
vertex_14863,0.06476533550734263
vertex_14864,0.05012288297799346
vertex_14865,0.053047528715848176
vertex_14866,0.04231132847068987
vertex_14867,0.047262978720611505
vertex_14868,0.06085471120095623
vertex_14869,0.05919723519374911
vertex_14870,0.051908700119512735
vertex_14871,0.053296847952121994
vertex_14872,0.0975032305743597
vertex_14873,0.04992340934348925
vertex_14874,0.05072346672576261
vertex_14875,0.04691579854941917
vertex_14876,0.06299549473638968
vertex_14877,0.0829771330565513
vertex_14878,0.06422143854295474
vertex_14879,0.07195004030348938
vertex_14880,0.0819199767442432
vertex_14881,0.06880265860142938
vertex_14882,0.049007814502705874
vertex_14883,0.0631804940742664
vertex_14884,0.048343681600247164
vertex_14885,0.05237264471999947
vertex_14886,0.043940083057837954
vertex_14887,0.046935305407584775
vertex_14888,0.044523680620688524
vertex_14889,0.05674748810547391
vertex_14890,0.035629892017280465
vertex_14891,0.03687547921633637
vertex_14892,0.031006314450999013
vertex_14893,0.029799532349757095
vertex_14894,0.0339032569277071
vertex_14895,0.02989970191046239
vertex_14896,0.041382909872591585
vertex_14897,0.04728256989675817
vertex_14898,0.054307576443195484
vertex_14899,0.05433274359692879
vertex_14900,0.05458716593115516
vertex_14901,0.06052231134127656
vertex_14902,0.07971413839782791
vertex_14903,0.07658292203515975
vertex_14904,0.08877896602174226
vertex_14905,0.09011973714573364
vertex_14906,0.10067218133141573
vertex_14907,0.11658750170522132
vertex_14908,0.10330831784663116
vertex_14909,0.09880546493740881
vertex_14910,0.08754151996916511
vertex_14911,0.12812297638617112
vertex_14912,0.1519985439491259
vertex_14913,0.1436726454398234
vertex_14914,0.13668462724418357
vertex_14915,0.11430738075284072
vertex_14916,0.12340735934596742
vertex_14917,0.11622290392040806
vertex_14918,0.13493164024164017
vertex_14919,0.1460805982151771
vertex_14920,0.11745571537585865
vertex_14921,0.08245959322556692
vertex_14922,0.11791315414932732
vertex_14923,0.1157350053027137
vertex_14924,0.12095553275661983
vertex_14925,0.07066525139132582
vertex_14926,0.0666839430416407
vertex_14927,0.08104290598201445
vertex_14928,0.06227652664140546
vertex_14929,0.0456863455286223
vertex_14930,0.07608619596705413
vertex_14931,0.09317484049682585
vertex_14932,0.06422781625854153
vertex_14933,0.06632140198086682
vertex_14934,0.057452200812954476
vertex_14935,0.0650267411479223
vertex_14936,0.05132455560434794
vertex_14937,0.06452511839060299
vertex_14938,0.08638867075797946
vertex_14939,0.06706270937258321
vertex_14940,0.09464281291395603
vertex_14941,0.0813369909970475
vertex_14942,0.10572912954940711
vertex_14943,0.10075614055786361
vertex_14944,0.10035087805351746
vertex_14945,0.07015931992641657
vertex_14946,0.048379736265014676
vertex_14947,0.07930045959486759
vertex_14948,0.06469025563611185
vertex_14949,0.053778822893048764
vertex_14950,0.054954161748110755
vertex_14951,0.06864252099711686
vertex_14952,0.06418391351646964
vertex_14953,0.07522903788755637
vertex_14954,0.0876456162117755
vertex_14955,0.06407671537023378
vertex_14956,0.11285461199140777
vertex_14957,0.09461429076813967
vertex_14958,0.0932030197093711
vertex_14959,0.0903633131779752
vertex_14960,0.10166325666000496
vertex_14961,0.10725549080556482
vertex_14962,0.09938437872870072
vertex_14963,0.09624202128066055
vertex_14964,0.11428026822406301
vertex_14965,0.1127718996742725
vertex_14966,0.10271013944947117
vertex_14967,0.12349189396072222
vertex_14968,0.09833953344499838
vertex_14969,0.11444292504161173
vertex_14970,0.07573003366426605
vertex_14971,0.08671893194063894
vertex_14972,0.07546160863733999
vertex_14973,0.07573254127815188
vertex_14974,0.051002997750099095
vertex_14975,0.06733145528328566
vertex_14976,0.05608920120251373
vertex_14977,0.05397309693845094
vertex_14978,0.060257939062400886
vertex_14979,0.05229217812693154
vertex_14980,0.04820461586901091
vertex_14981,0.0626267963469238
vertex_14982,0.05931653328471082
vertex_14983,0.06730715020254566
vertex_14984,0.06368338585198989
vertex_14985,0.045922492826231474
vertex_14986,0.05400649876297223
vertex_14987,0.04347860623867612
vertex_14988,0.04474634791460598
vertex_14989,0.04893917415064315
vertex_14990,0.04691375612716399
vertex_14991,0.05872992491558642
vertex_14992,0.060676808803350614
vertex_14993,0.07672020953989546
vertex_14994,0.08639887286992733
vertex_14995,0.050484270226334914
vertex_14996,0.08175611481612484
vertex_14997,0.10862091912343574
vertex_14998,0.09650377981742311
vertex_14999,0.09504174955449672
vertex_15000,0.04699174598918759
vertex_15001,0.04939232778362647
vertex_15002,0.06378693385520931
vertex_15003,0.07303706024799204
vertex_15004,0.06258701911391527
vertex_15005,0.05736844862923273
vertex_15006,0.061974926199000115
vertex_15007,0.03951901527418615
vertex_15008,0.032159362937304446
vertex_15009,0.033053983367482484
vertex_15010,0.04000407351413168
vertex_15011,0.039583852394292116
vertex_15012,0.09210397858670927
vertex_15013,0.07928968631165076
vertex_15014,0.0839372812916178
vertex_15015,0.06704854530086357
vertex_15016,0.04939133717785723
vertex_15017,0.04978038529282578
vertex_15018,0.07140499071745354
vertex_15019,0.06733867232630243
vertex_15020,0.06385153939393998
vertex_15021,0.06011801790191544
vertex_15022,0.08420148593504269
vertex_15023,0.07657477105556164
vertex_15024,0.08641979068317032
vertex_15025,0.0827032726604724
vertex_15026,0.0526017367623662
vertex_15027,0.06231611932827251
vertex_15028,0.06211244114916295
vertex_15029,0.061090852567477226
vertex_15030,0.04920972328019516
vertex_15031,0.042810992651476344
vertex_15032,0.024631535667001204
vertex_15033,0.03811540592311803
vertex_15034,0.04584519002636981
vertex_15035,0.042227984944566074
vertex_15036,0.04329817406506337
vertex_15037,0.08576247039127781
vertex_15038,0.08554945421606883
vertex_15039,0.08536884987565127
vertex_15040,0.04670292998911724
vertex_15041,0.09422420576410805
vertex_15042,0.061272315399554314
vertex_15043,0.06540225183973504
vertex_15044,0.06583229784820499
vertex_15045,0.0772331424532053
vertex_15046,0.07331040373110809
vertex_15047,0.06358034924947822
vertex_15048,0.07762530221484747
vertex_15049,0.06831357993467584
vertex_15050,0.07093611508805232
vertex_15051,0.05705911879630194
vertex_15052,0.065314170080381
vertex_15053,0.04978677146859169
vertex_15054,0.05356260018767249
vertex_15055,0.05143567319959953
vertex_15056,0.050649976425559656
vertex_15057,0.019939678981305272
vertex_15058,0.028276801198376413
vertex_15059,0.01833238097686793
vertex_15060,0.02455900004641262
vertex_15061,0.020820569918461714
vertex_15062,0.02870350473414774
vertex_15063,0.03305336816394818
vertex_15064,0.05062252562132037
vertex_15065,0.04563659297058369
vertex_15066,0.03404693851320561
vertex_15067,0.045592550590723535
vertex_15068,0.047920436023113584
vertex_15069,0.04758898749923475
vertex_15070,0.04463747086163259
vertex_15071,0.06113212042628864
vertex_15072,0.05273880916371879
vertex_15073,0.04041322779227592
vertex_15074,0.04685990755639536
vertex_15075,0.040428371220853666
vertex_15076,0.04313322101478173
vertex_15077,0.06637776716996559
vertex_15078,0.08981060800416624
vertex_15079,0.07063844781616857
vertex_15080,0.050327723095153855
vertex_15081,0.04349169290708146
vertex_15082,0.0441468678263079
vertex_15083,0.04115979102218928
vertex_15084,0.03279064926676001
vertex_15085,0.04528355613226473
vertex_15086,0.05425364675988832
vertex_15087,0.04744756036517624
vertex_15088,0.06440369280499766
vertex_15089,0.049204288353972135
vertex_15090,0.07433627431159213
vertex_15091,0.06498827862482695
vertex_15092,0.03481239198805082
vertex_15093,0.041449173035661174
vertex_15094,0.07571921975933908
vertex_15095,0.04721211589228788
vertex_15096,0.034390893571219314
vertex_15097,0.052334933371832676
vertex_15098,0.07005192417239456
vertex_15099,0.06109239399119003
vertex_15100,0.08047735649177491
vertex_15101,0.06045401577868085
vertex_15102,0.07507448842863182
vertex_15103,0.05510819880359799
vertex_15104,0.05405114211099793
vertex_15105,0.10612958020012431
vertex_15106,0.10746606340811289
vertex_15107,0.12541348962054105
vertex_15108,0.10976963374790155
vertex_15109,0.1158948292099874
vertex_15110,0.1158024085508427
vertex_15111,0.10387785404269899
vertex_15112,0.1071588458485264
vertex_15113,0.12167155657974738
vertex_15114,0.13519826980708602
vertex_15115,0.11190127600949945
vertex_15116,0.09931927607636733
vertex_15117,0.08030489689793047
vertex_15118,0.06578397982439696
vertex_15119,0.08615429640476709
vertex_15120,0.0852929614662501
vertex_15121,0.06733912080305549
vertex_15122,0.0741326539465927
vertex_15123,0.07206101083016915
vertex_15124,0.09187527297368203
vertex_15125,0.10852839736018122
vertex_15126,0.0796193185066644
vertex_15127,0.06830795074737557
vertex_15128,0.06435634623865369
vertex_15129,0.06166079616310764
vertex_15130,0.063944058474763
vertex_15131,0.0515951952147012
vertex_15132,0.09124381737380721
vertex_15133,0.0687957201210327
vertex_15134,0.06823654529643518
vertex_15135,0.054405725972731696
vertex_15136,0.03672961200089926
vertex_15137,0.03824375871944516
vertex_15138,0.055251462578586756
vertex_15139,0.04735206617936832
vertex_15140,0.04448289414967606
vertex_15141,0.05602591784551175
vertex_15142,0.04255935391072642
vertex_15143,0.03238046398086006
vertex_15144,0.04560047758573727
vertex_15145,0.05791510082399912
vertex_15146,0.05883385524279601
vertex_15147,0.041631630239103455
vertex_15148,0.06635908179634374
vertex_15149,0.05408792052336816
vertex_15150,0.06584116120409379
vertex_15151,0.061631361480422794
vertex_15152,0.06763832108018485
vertex_15153,0.08780766598260115
vertex_15154,0.05657883515047536
vertex_15155,0.05076288998551743
vertex_15156,0.03135176936271639
vertex_15157,0.03876321332005254
vertex_15158,0.04586782024358484
vertex_15159,0.038877742775127996
vertex_15160,0.05029891184077968
vertex_15161,0.03103936382184003
vertex_15162,0.06294917372269458
vertex_15163,0.042283641492950885
vertex_15164,0.06045813508347016
vertex_15165,0.029889364610764135
vertex_15166,0.04763629725558345
vertex_15167,0.041433951062208395
vertex_15168,0.04183277411882477
vertex_15169,0.03557005486694263
vertex_15170,0.04532313810359872
vertex_15171,0.04507084468107593
vertex_15172,0.08012999393834964
vertex_15173,0.05797365694092639
vertex_15174,0.06482313602063264
vertex_15175,0.07713044545780406
vertex_15176,0.08421611392827537
vertex_15177,0.05717133121006697
vertex_15178,0.06221070603232794
vertex_15179,0.033525406532896394
vertex_15180,0.02613460090346638
vertex_15181,0.028856497066302233
vertex_15182,0.027673607673663673
vertex_15183,0.04645796555441182
vertex_15184,0.03574295824081899
vertex_15185,0.029044436127470732
vertex_15186,0.04349596965753184
vertex_15187,0.028858811802403173
vertex_15188,0.030926110360537103
vertex_15189,0.021173052747214764
vertex_15190,0.029116800070551643
vertex_15191,0.045803399350979684
vertex_15192,0.0369102916060276
vertex_15193,0.046782814660450756
vertex_15194,0.06034232908356984
vertex_15195,0.0376700291944448
vertex_15196,0.05079226100789933
vertex_15197,0.05055112983877835
vertex_15198,0.08105410624368908
vertex_15199,0.044113840280351896
vertex_15200,0.0448494182946608
vertex_15201,0.0506634027299919
vertex_15202,0.0393030679064109
vertex_15203,0.03837841195679411
vertex_15204,0.04906852463235847
vertex_15205,0.08856044545177329
vertex_15206,0.05436462979855628
vertex_15207,0.04277767507358643
vertex_15208,0.02546844740209799
vertex_15209,0.025889936851703387
vertex_15210,0.027115115465656158
vertex_15211,0.02825791236701001
vertex_15212,0.02743422822927604
vertex_15213,0.029205702666119177
vertex_15214,0.0268749591051144
vertex_15215,0.027299072497843843
vertex_15216,0.020297627516977664
vertex_15217,0.048586821851746315
vertex_15218,0.048093938578895816
vertex_15219,0.06821843260941379
vertex_15220,0.03914868946830575
vertex_15221,0.03822278097126145
vertex_15222,0.04880620838046703
vertex_15223,0.05504214291715194
vertex_15224,0.054938506676429286
vertex_15225,0.0239423511198314
vertex_15226,0.025439764685558006
vertex_15227,0.01914228880455456
vertex_15228,0.015717793609748038
vertex_15229,0.036127952424463296
vertex_15230,0.018004707434841914
vertex_15231,0.03129862589617456
vertex_15232,0.03682716741475489
vertex_15233,0.03437491835233226
vertex_15234,0.03744425627534853
vertex_15235,0.04934809487327743
vertex_15236,0.04358017154545228
vertex_15237,0.03531385345087957
vertex_15238,0.04040503594644423
vertex_15239,0.03419923169725085
vertex_15240,0.03129444907427515
vertex_15241,0.049735433463623406
vertex_15242,0.037862657767446045
vertex_15243,0.03421617394177324
vertex_15244,0.035929407419468255
vertex_15245,0.034572064917829416
vertex_15246,0.033813116345186606
vertex_15247,0.02532330168277376
vertex_15248,0.015720089355631555
vertex_15249,0.0239521029623134
vertex_15250,0.019113180569144093
vertex_15251,0.02217568920019769
vertex_15252,0.024635312088204245
vertex_15253,0.01792404679129055
vertex_15254,0.01708118999978539
vertex_15255,0.015984987211221796
vertex_15256,0.017119782052391792
vertex_15257,0.027730005743523068
vertex_15258,0.025820238167617672
vertex_15259,0.06611991335454494
vertex_15260,0.0956148878342979
vertex_15261,0.06474195715244634
vertex_15262,0.04540018199845591
vertex_15263,0.05960942248039951
vertex_15264,0.0686873239000378
vertex_15265,0.08802773560683924
vertex_15266,0.07305453336077658
vertex_15267,0.07657366225024621
vertex_15268,0.06649896900538294
vertex_15269,0.07198017080356922
vertex_15270,0.0640789302687724
vertex_15271,0.0765020896591646
vertex_15272,0.05093212743404727
vertex_15273,0.05882853823409153
vertex_15274,0.05181298288717024
vertex_15275,0.05123201445606823
vertex_15276,0.053911018897405245
vertex_15277,0.02849251866722651
vertex_15278,0.0371863270055123
vertex_15279,0.07271454718262914
vertex_15280,0.07093758164098227
vertex_15281,0.09799135798763793
vertex_15282,0.07298694501685293
vertex_15283,0.09962368745249263
vertex_15284,0.09000163215806099
vertex_15285,0.059672289889287515
vertex_15286,0.050679541952615315
vertex_15287,0.07376481846869805
vertex_15288,0.073659874692946
vertex_15289,0.07247268228016317
vertex_15290,0.09414644958263779
vertex_15291,0.09896578115334419
vertex_15292,0.08111984295110489
vertex_15293,0.08084452883650192
vertex_15294,0.08723397161682851
vertex_15295,0.09589451975943211
vertex_15296,0.09809720523665069
vertex_15297,0.09424325650670753
vertex_15298,0.04482807025540417
vertex_15299,0.0757749533771003
vertex_15300,0.06567835028536642
vertex_15301,0.06512595047488787
vertex_15302,0.044790918231517235
vertex_15303,0.07753190707921834
vertex_15304,0.038299895084460085
vertex_15305,0.05470859701866569
vertex_15306,0.04279574388453418
vertex_15307,0.0461331192434294
vertex_15308,0.0456601874128814
vertex_15309,0.03816830290416814
vertex_15310,0.04008409148632967
vertex_15311,0.04724852212273277
vertex_15312,0.022813351250760543
vertex_15313,0.01673901202879402
vertex_15314,0.0216019695495093
vertex_15315,0.04589857183661963
vertex_15316,0.07611353635255225
vertex_15317,0.06103381669034081
vertex_15318,0.03638192676816237
vertex_15319,0.042899764170961086
vertex_15320,0.028729027054345904
vertex_15321,0.0456192231790309
vertex_15322,0.04237176723819005
vertex_15323,0.047499331864767125
vertex_15324,0.04733436697961465
vertex_15325,0.03676784143168173
vertex_15326,0.31351971363359576
vertex_15327,0.2885996543117354
vertex_15328,0.30166996990618644
vertex_15329,0.19880732198277754
vertex_15330,0.21511528229938975
vertex_15331,0.16585099566325925
vertex_15332,0.1735218091282401
vertex_15333,0.12734100157143477
vertex_15334,0.1447803134149175
vertex_15335,0.13902791695849612
vertex_15336,0.16500670262093653
vertex_15337,0.1382364161127184
vertex_15338,0.1513644354052748
vertex_15339,0.16685846512736505
vertex_15340,0.20582818609734474
vertex_15341,0.2747350295417647
vertex_15342,0.2851909867738203
vertex_15343,0.24020035267359208
vertex_15344,0.15312621767549012
vertex_15345,0.15635228950695007
vertex_15346,0.1500097199404015
vertex_15347,0.13963278414350566
vertex_15348,0.16939229798697933
vertex_15349,0.1809703610375128
vertex_15350,0.16819931926735213
vertex_15351,0.1581945376104279
vertex_15352,0.19054005734585858
vertex_15353,0.1658968360549725
vertex_15354,0.16803729959786126
vertex_15355,0.14825783662318354
vertex_15356,0.13358728654135527
vertex_15357,0.09421526753973057
vertex_15358,0.10750081401507272
vertex_15359,0.10452685427206701
vertex_15360,0.17083740407052259
vertex_15361,0.13444476871158076
vertex_15362,0.17222386087545016
vertex_15363,0.16947792858867328
vertex_15364,0.15308375294098683
vertex_15365,0.11376339837217271
vertex_15366,0.1471538201170098
vertex_15367,0.1691081567615469
vertex_15368,0.18519166099244294
vertex_15369,0.18138350560067734
vertex_15370,0.18948208952021378
vertex_15371,0.15002451017879628
vertex_15372,0.10410245668910127
vertex_15373,0.09465393852405675
vertex_15374,0.1251820219094455
vertex_15375,0.08359937413753371
vertex_15376,0.11247884111212897
vertex_15377,0.10918992516686
vertex_15378,0.12730760593118423
vertex_15379,0.08180906275727298
vertex_15380,0.09577707650844743
vertex_15381,0.08754318455155093
vertex_15382,0.08714551526307397
vertex_15383,0.10144660099882864
vertex_15384,0.1509874506533222
vertex_15385,0.09242432322476936
vertex_15386,0.12425389494463641
vertex_15387,0.11124604799515432
vertex_15388,0.11036584638322441
vertex_15389,0.06165127353658871
vertex_15390,0.07601191706165457
vertex_15391,0.06367594083766723
vertex_15392,0.06664470831432205
vertex_15393,0.06892862538427308
vertex_15394,0.10739969839495585
vertex_15395,0.12672958322923103
vertex_15396,0.11896124407828829
vertex_15397,0.13674787591321017
vertex_15398,0.11683717661280763
vertex_15399,0.09814561786459308
vertex_15400,0.10083763140492669
vertex_15401,0.07981770683340467
vertex_15402,0.16209631562985805
vertex_15403,0.19330132974897477
vertex_15404,0.1702073087753541
vertex_15405,0.07494061250175868
vertex_15406,0.08666496866116327
vertex_15407,0.12131661088420603
vertex_15408,0.14864852188413405
vertex_15409,0.08353880252082582
vertex_15410,0.0918193953609383
vertex_15411,0.10324969741753953
vertex_15412,0.11018396343919426
vertex_15413,0.11182666745227313
vertex_15414,0.11125001241986347
vertex_15415,0.11768660208881276
vertex_15416,0.1216045275395756
vertex_15417,0.13052830537185411
vertex_15418,0.16402837091817093
vertex_15419,0.1351715433695668
vertex_15420,0.08432774339444842
vertex_15421,0.1090106128936014
vertex_15422,0.10281469764835732
vertex_15423,0.12270495280595568
vertex_15424,0.10776039613361986
vertex_15425,0.0966677231278385
vertex_15426,0.07512766172186498
vertex_15427,0.13167295169228255
vertex_15428,0.1432776568743498
vertex_15429,0.1099159197267467
vertex_15430,0.09729613349722724
vertex_15431,0.0905612135735746
vertex_15432,0.09785148652713471
vertex_15433,0.10143850774290532
vertex_15434,0.12142686850474957
vertex_15435,0.1905703422501449
vertex_15436,0.1373378657865136
vertex_15437,0.1562923690576439
vertex_15438,0.13075751366889
vertex_15439,0.1918028175042828
vertex_15440,0.1900045643358643
vertex_15441,0.19791885315338703
vertex_15442,0.23234508497612086
vertex_15443,0.22215412529796164
vertex_15444,0.23817591694745935
vertex_15445,0.2258061672089361
vertex_15446,0.26603983759706223
vertex_15447,0.2247414020846278
vertex_15448,0.29048370246019634
vertex_15449,0.18118511877342638
vertex_15450,0.17450566461852887
vertex_15451,0.19924631442247517
vertex_15452,0.2690680779720044
vertex_15453,0.3107871434262746
vertex_15454,0.30032319493290577
vertex_15455,0.3360411514131863
vertex_15456,0.28658840570815974
vertex_15457,0.32384668202948114
vertex_15458,0.2738353690718462
vertex_15459,0.3255193402588373
vertex_15460,0.31592048322925215
vertex_15461,0.10261346655353044
vertex_15462,0.1166637057692861
vertex_15463,0.10515166420811209
vertex_15464,0.1444928035885043
vertex_15465,0.13244863574723392
vertex_15466,0.15806955031342354
vertex_15467,0.16672224950826284
vertex_15468,0.1760473368278355
vertex_15469,0.07845169713018608
vertex_15470,0.08833494428140065
vertex_15471,0.08241385230962678
vertex_15472,0.1114574510931972
vertex_15473,0.10729214854367934
vertex_15474,0.13620570034146443
vertex_15475,0.17227453653512975
vertex_15476,0.16310642024421232
vertex_15477,0.14858000752686767
vertex_15478,0.13533527528753952
vertex_15479,0.15451467260522744
vertex_15480,0.1463753594644501
vertex_15481,0.18318593867750094
vertex_15482,0.2338529168463564
vertex_15483,0.20820987162395396
vertex_15484,0.06736133804034944
vertex_15485,0.054201854220393
vertex_15486,0.03852220631946836
vertex_15487,0.05562125824624268
vertex_15488,0.06322308219027273
vertex_15489,0.062230149191161065
vertex_15490,0.09397505917601123
vertex_15491,0.08824388783098813
vertex_15492,0.06981683372051081
vertex_15493,0.07058762963402605
vertex_15494,0.09713316119444716
vertex_15495,0.06503471485161952
vertex_15496,0.06801082629088669
vertex_15497,0.08209087871704605
vertex_15498,0.11283745237404012
vertex_15499,0.12029382276987514
vertex_15500,0.11105840753264952
vertex_15501,0.11345213218704045
vertex_15502,0.18667987165421107
vertex_15503,0.11125928075063869
vertex_15504,0.20270695358983776
vertex_15505,0.2596475408684259
vertex_15506,0.25572770935288575
vertex_15507,0.2906974355838053
vertex_15508,0.24126471496863466
vertex_15509,0.26258893655068377
vertex_15510,0.2874980189967036
vertex_15511,0.26702685622259287
vertex_15512,0.21693062699933302
vertex_15513,0.2319452335584779
vertex_15514,0.2515493999326958
vertex_15515,0.2352596767329973
vertex_15516,0.2422912968782303
vertex_15517,0.33946964892508874
vertex_15518,0.3102214750863155
vertex_15519,0.311266488409008
vertex_15520,0.29964600003218245
vertex_15521,0.37003696276947023
vertex_15522,0.3612360637580457
vertex_15523,0.4011618266411035
vertex_15524,0.39352687894283694
vertex_15525,0.35762794792025
vertex_15526,0.34420806067145343
vertex_15527,0.26012684843086603
vertex_15528,0.3163857388642655
vertex_15529,0.04157437594604077
vertex_15530,0.0573319561589313
vertex_15531,0.05627754973440739
vertex_15532,0.10404162052389303
vertex_15533,0.09872991739478265
vertex_15534,0.11793294912847394
vertex_15535,0.13001765076114866
vertex_15536,0.12998963407349878
vertex_15537,0.11582070120661633
vertex_15538,0.10364442537847476
vertex_15539,0.10910700480211064
vertex_15540,0.1112542681320026
vertex_15541,0.10757295197259861
vertex_15542,0.11286298541938093
vertex_15543,0.10859455184939568
vertex_15544,0.10518433786744337
vertex_15545,0.1331832630228903
vertex_15546,0.12298664300890179
vertex_15547,0.11618664111845597
vertex_15548,0.09992272124985609
vertex_15549,0.11975427249543605
vertex_15550,0.12176037784691433
vertex_15551,0.11228368883837091
vertex_15552,0.05219153486298331
vertex_15553,0.05740845227990126
vertex_15554,0.06027756554391036
vertex_15555,0.06512299279607014
vertex_15556,0.07944424195702321
vertex_15557,0.07677452406916449
vertex_15558,0.06635190316426344
vertex_15559,0.0774922021515479
vertex_15560,0.10378646839430666
vertex_15561,0.1336193569288229
vertex_15562,0.12037723315683481
vertex_15563,0.11550338672148965
vertex_15564,0.10342520343825347
vertex_15565,0.09024713049649125
vertex_15566,0.09881929380004574
vertex_15567,0.097236153662662
vertex_15568,0.09903536177791823
vertex_15569,0.09958019904346735
vertex_15570,0.07431146031525059
vertex_15571,0.08617354090374532
vertex_15572,0.07715737865029014
vertex_15573,0.11028705680874251
vertex_15574,0.08122074033033055
vertex_15575,0.07971264286510225
vertex_15576,0.09915415892476646
vertex_15577,0.1220196129248433
vertex_15578,0.10961323226868203
vertex_15579,0.11851975819981272
vertex_15580,0.11090529018075514
vertex_15581,0.10787841643836929
vertex_15582,0.09700583475610144
vertex_15583,0.09973816774790578
vertex_15584,0.10456874427860013
vertex_15585,0.1284073945316117
vertex_15586,0.09433282724778402
vertex_15587,0.11349792168660568
vertex_15588,0.1156371011694424
vertex_15589,0.11354502318455603
vertex_15590,0.1081981846417058
vertex_15591,0.11092949917021189
vertex_15592,0.12519540817022945
vertex_15593,0.1121694742859363
vertex_15594,0.100703292663161
vertex_15595,0.09179028066982663
vertex_15596,0.04107363494715911
vertex_15597,0.040594634664604334
vertex_15598,0.03844569530751035
vertex_15599,0.044038497968690624
vertex_15600,0.043616923270912974
vertex_15601,0.042401480600432626
vertex_15602,0.06275474983377356
vertex_15603,0.05107538344245241
vertex_15604,0.03785307205223266
vertex_15605,0.042806653178984556
vertex_15606,0.04465343162144074
vertex_15607,0.06011297194305914
vertex_15608,0.05520399871211153
vertex_15609,0.06669997705570782
vertex_15610,0.0545783829027185
vertex_15611,0.0511616327499767
vertex_15612,0.08265626075806257
vertex_15613,0.07295202128617959
vertex_15614,0.09744928456062356
vertex_15615,0.11978366058785202
vertex_15616,0.12520293637186358
vertex_15617,0.13736846746812575
vertex_15618,0.12246505206673053
vertex_15619,0.04264361709957349
vertex_15620,0.04995199946523185
vertex_15621,0.05068614714480927
vertex_15622,0.0602955342385378
vertex_15623,0.056948243446293983
vertex_15624,0.05579335094982157
vertex_15625,0.051283493943629126
vertex_15626,0.055956177256838276
vertex_15627,0.08377366167793762
vertex_15628,0.09593713645569953
vertex_15629,0.098629108425762
vertex_15630,0.0682248759890251
vertex_15631,0.08411339816379372
vertex_15632,0.06747456359982809
vertex_15633,0.07224215213384527
vertex_15634,0.07615757028154024
vertex_15635,0.09150971949060885
vertex_15636,0.09346806667855938
vertex_15637,0.08590109039392443
vertex_15638,0.06415283902505013
vertex_15639,0.06915104335457899
vertex_15640,0.0638964412643838
vertex_15641,0.0591510771761332
vertex_15642,0.11943950371875026
vertex_15643,0.0832377035240946
vertex_15644,0.1063014110184603
vertex_15645,0.08716551545604465
vertex_15646,0.1143114793800788
vertex_15647,0.1639558550366463
vertex_15648,0.15707701517897296
vertex_15649,0.07745879183399586
vertex_15650,0.07038897566542039
vertex_15651,0.06623360697046649
vertex_15652,0.12988459228953267
vertex_15653,0.12259778154830278
vertex_15654,0.14367373885689358
vertex_15655,0.1450241584954261
vertex_15656,0.13547297336969447
vertex_15657,0.1423175915967396
vertex_15658,0.15073241519921854
vertex_15659,0.13229749174946162
vertex_15660,0.13968560108504532
vertex_15661,0.1494579029113393
vertex_15662,0.1426481333463069
vertex_15663,0.12454182401373542
vertex_15664,0.024533849931337743
vertex_15665,0.025016207692631385
vertex_15666,0.019667425497418952
vertex_15667,0.021301100537656832
vertex_15668,0.027602560555459635
vertex_15669,0.03405735520595649
vertex_15670,0.025714826521544894
vertex_15671,0.02547926290938874
vertex_15672,0.045030352979540854
vertex_15673,0.037727321996865446
vertex_15674,0.028606632184647245
vertex_15675,0.028628844667080867
vertex_15676,0.02749772526932236
vertex_15677,0.028435925561354648
vertex_15678,0.02636861314946606
vertex_15679,0.02926485308953637
vertex_15680,0.05575447621704991
vertex_15681,0.03182437082625116
vertex_15682,0.05590552614039296
vertex_15683,0.06019098938745381
vertex_15684,0.06983253695671526
vertex_15685,0.07320398083708642
vertex_15686,0.0637052682300233
vertex_15687,0.06759471236309693
vertex_15688,0.0646129814157539
vertex_15689,0.0540138537896331
vertex_15690,0.05176930011465803
vertex_15691,0.03495159717438154
vertex_15692,0.0403239802805742
vertex_15693,0.033963493026360835
vertex_15694,0.06613465216290347
vertex_15695,0.07015945034680603
vertex_15696,0.036500511278421584
vertex_15697,0.07980007791422947
vertex_15698,0.08696770216474867
vertex_15699,0.08728009850843761
vertex_15700,0.07636017296988931
vertex_15701,0.07075226445906889
vertex_15702,0.0637129564689876
vertex_15703,0.066568499296068
vertex_15704,0.06469168398958026
vertex_15705,0.04890819187720861
vertex_15706,0.04666650180568569
vertex_15707,0.042840876340427866
vertex_15708,0.03994539843893247
vertex_15709,0.03484329780109602
vertex_15710,0.03285978904244957
vertex_15711,0.03486533856959301
vertex_15712,0.027254187194553605
vertex_15713,0.037374373989162525
vertex_15714,0.040954269642353366
vertex_15715,0.055303892813150936
vertex_15716,0.040148308467566736
vertex_15717,0.07079751832500197
vertex_15718,0.06275266260168422
vertex_15719,0.0700129572631947
vertex_15720,0.026955970542365888
vertex_15721,0.02274434913176601
vertex_15722,0.037555393788927034
vertex_15723,0.055068947415062255
vertex_15724,0.05856565907788931
vertex_15725,0.07867706068932426
vertex_15726,0.07734346983586289
vertex_15727,0.023389931663731267
vertex_15728,0.032832032516441345
vertex_15729,0.025498493404722187
vertex_15730,0.032117968512219285
vertex_15731,0.025593716085184872
vertex_15732,0.037813486303538625
vertex_15733,0.040493965409819754
vertex_15734,0.03205896923178364
vertex_15735,0.029473219631081644
vertex_15736,0.027993641397567458
vertex_15737,0.0410717611954016
vertex_15738,0.06493937894156827
vertex_15739,0.039202337411226036
vertex_15740,0.035881526117186535
vertex_15741,0.05142762461270047
vertex_15742,0.044874620104043104
vertex_15743,0.02956856902290249
vertex_15744,0.031190868004044456
vertex_15745,0.029798337810790842
vertex_15746,0.02196544473455902
vertex_15747,0.03410340548122839
vertex_15748,0.04732793313293826
vertex_15749,0.043706985337134165
vertex_15750,0.035213497961529464
vertex_15751,0.04938166054089311
vertex_15752,0.09437367982041704
vertex_15753,0.10206488660083372
vertex_15754,0.104208261709842
vertex_15755,0.054207867997161194
vertex_15756,0.05961205572236204
vertex_15757,0.04537008786834619
vertex_15758,0.030615768832037503
vertex_15759,0.03151841174625014
vertex_15760,0.03243666421413304
vertex_15761,0.04818636892519958
vertex_15762,0.047651914710063956
vertex_15763,0.035808934526503515
vertex_15764,0.02600581581523361
vertex_15765,0.02654366072638303
vertex_15766,0.03386107444710754
vertex_15767,0.038152199592986866
vertex_15768,0.03037908230792126
vertex_15769,0.047441458036387774
vertex_15770,0.02288879465648179
vertex_15771,0.021112470189874836
vertex_15772,0.02988849296113921
vertex_15773,0.05445238542975222
vertex_15774,0.04225649687281898
vertex_15775,0.06667397194921415
vertex_15776,0.06644279409117598
vertex_15777,0.08038974338938137
vertex_15778,0.0940907288292877
vertex_15779,0.09692347727438543
vertex_15780,0.097193721041564
vertex_15781,0.12476476643865585
vertex_15782,0.11238637741308684
vertex_15783,0.09948252484242816
vertex_15784,0.0990253410271845
vertex_15785,0.025759505337266956
vertex_15786,0.017240729902351856
vertex_15787,0.030599169187757326
vertex_15788,0.03273281398194617
vertex_15789,0.04663229002515814
vertex_15790,0.04993024052603722
vertex_15791,0.07659970670128294
vertex_15792,0.02582499324243061
vertex_15793,0.020134744110075212
vertex_15794,0.024288222582571618
vertex_15795,0.054379231893054505
vertex_15796,0.05592598546578676
vertex_15797,0.04556345821384296
vertex_15798,0.06349884270059183
vertex_15799,0.04902885243727124
vertex_15800,0.20726861260289203
vertex_15801,0.22655911791264324
vertex_15802,0.21126140635753307
vertex_15803,0.26949931101674646
vertex_15804,0.22153156628787898
vertex_15805,0.19367243143450838
vertex_15806,0.13396816635880865
vertex_15807,0.12135187106231284
vertex_15808,0.28344003325611417
vertex_15809,0.269525737554416
vertex_15810,0.2308062756528037
vertex_15811,0.2724415352438963
vertex_15812,0.15384672458103799
vertex_15813,0.28180100782756723
vertex_15814,0.2402835931915239
vertex_15815,0.3157669313219663
vertex_15816,0.3205752275030514
vertex_15817,0.2928028288447895
vertex_15818,0.2679265718719025
vertex_15819,0.26963103995942633
vertex_15820,0.3435989690947045
vertex_15821,0.3280198098719737
vertex_15822,0.33321715197586693
vertex_15823,0.1407237223810209
vertex_15824,0.16523386923349045
vertex_15825,0.13378487913684087
vertex_15826,0.20925674251400797
vertex_15827,0.22112994409391798
vertex_15828,0.22624614521995523
vertex_15829,0.25666208602918417
vertex_15830,0.23929882385772017
vertex_15831,0.13133934518247642
vertex_15832,0.1014631308624608
vertex_15833,0.15290486268746617
vertex_15834,0.17074563801258957
vertex_15835,0.1834876241583752
vertex_15836,0.18580431517964552
vertex_15837,0.1935519013496077
vertex_15838,0.1754822429778275
vertex_15839,0.20656492576202057
vertex_15840,0.20832729432488567
vertex_15841,0.3110046964776586
vertex_15842,0.35017779288691664
vertex_15843,0.3530793750064065
vertex_15844,0.3308698970526768
vertex_15845,0.32843669605391895
vertex_15846,0.28986991970014186
vertex_15847,0.2533847949317858
vertex_15848,0.20157130814775795
vertex_15849,0.2004263298583896
vertex_15850,0.22066926526345867
vertex_15851,0.205798880170589
vertex_15852,0.2019807605939085
vertex_15853,0.14331488126307937
vertex_15854,0.167955177555495
vertex_15855,0.13750893221658186
vertex_15856,0.13109447838662838
vertex_15857,0.1660801011717542
vertex_15858,0.19864522713734528
vertex_15859,0.1901462704342442
vertex_15860,0.17907025179485278
vertex_15861,0.1605247615327151
vertex_15862,0.15093690799080747
vertex_15863,0.06610138011206028
vertex_15864,0.10944422541517568
vertex_15865,0.08916344809188916
vertex_15866,0.07908629976366605
vertex_15867,0.07419275796131446
vertex_15868,0.11993274640688002
vertex_15869,0.10598848635475228
vertex_15870,0.15288883629549355
vertex_15871,0.17299521678015517
vertex_15872,0.1255151212276901
vertex_15873,0.12901097024765237
vertex_15874,0.141051917876421
vertex_15875,0.16438368338988615
vertex_15876,0.12158354472357844
vertex_15877,0.12751875556199402
vertex_15878,0.12462446637453656
vertex_15879,0.09037333797609534
vertex_15880,0.09531009308550163
vertex_15881,0.0779817522451233
vertex_15882,0.12330826455535432
vertex_15883,0.09759712052251772
vertex_15884,0.12161644577659214
vertex_15885,0.07387122715930354
vertex_15886,0.0727495484111894
vertex_15887,0.037582947249674314
vertex_15888,0.049333556187556395
vertex_15889,0.03833349124078781
vertex_15890,0.056131396939531945
vertex_15891,0.3573732269014541
vertex_15892,0.35207283140513096
vertex_15893,0.31808919868152497
vertex_15894,0.254084436981938
vertex_15895,0.291062151767368
vertex_15896,0.34025149146408595
vertex_15897,0.35811375058077183
vertex_15898,0.32289353217048133
vertex_15899,0.25970022951453364
vertex_15900,0.2121310245656829
vertex_15901,0.22287061152500154
vertex_15902,0.1967603117689254
vertex_15903,0.2367890395013062
vertex_15904,0.20061321355611417
vertex_15905,0.17019567807700808
vertex_15906,0.08530487444022065
vertex_15907,0.06007844592613743
vertex_15908,0.06925607565231963
vertex_15909,0.04896254856749467
vertex_15910,0.049534978126125874
vertex_15911,0.0497797965194551
vertex_15912,0.04943181078042371
vertex_15913,0.03371224377958919
vertex_15914,0.038387237586167466
vertex_15915,0.04558889837778711
vertex_15916,0.04739411302206844
vertex_15917,0.04357378786297695
vertex_15918,0.046260931394558384
vertex_15919,0.04988152042450121
vertex_15920,0.03760398879167939
vertex_15921,0.1948360389746984
vertex_15922,0.16687042232361052
vertex_15923,0.17758355003285214
vertex_15924,0.11819077153117986
vertex_15925,0.12494463115680678
vertex_15926,0.08811977787239564
vertex_15927,0.030585855328633494
vertex_15928,0.022937920067800793
vertex_15929,0.013818041802673195
vertex_15930,0.038543280133623965
vertex_15931,0.0840888108501111
vertex_15932,0.04410092066850659
vertex_15933,0.06549378879213225
vertex_15934,0.05256391984733829
vertex_15935,0.10637311284066665
vertex_15936,0.07271314129580733
vertex_15937,0.07526281093420926
vertex_15938,0.06904531972185529
vertex_15939,0.05567312616680781
vertex_15940,0.058210885484585854
vertex_15941,0.04602477445787148
vertex_15942,0.05595755535717907
vertex_15943,0.055893453250630123
vertex_15944,0.0928050723954566
vertex_15945,0.09119465557749731
vertex_15946,0.11013685513088346
vertex_15947,0.10206572670254799
vertex_15948,0.101326436580744
vertex_15949,0.09722384860838619
vertex_15950,0.100255990014278
vertex_15951,0.0858299851172185
vertex_15952,0.07948072189279204
vertex_15953,0.07316903432952317
vertex_15954,0.15451894305702404
vertex_15955,0.12360598071066486
vertex_15956,0.1529637320239145
vertex_15957,0.143541160307046
vertex_15958,0.13867951168986248
vertex_15959,0.1486563129946576
vertex_15960,0.1473081338589366
vertex_15961,0.1501370264045861
vertex_15962,0.11829585835368461
vertex_15963,0.12863253576478506
vertex_15964,0.11965287244080719
vertex_15965,0.15966955416098
vertex_15966,0.10929107469156393
vertex_15967,0.10089460959535879
vertex_15968,0.12155041403826734
vertex_15969,0.12682523181537805
vertex_15970,0.12280489214782639
vertex_15971,0.14144574714647884
vertex_15972,0.12881755344331267
vertex_15973,0.14439316416686943
vertex_15974,0.11588995619299146
vertex_15975,0.11505873942219817
vertex_15976,0.12024431602221515
vertex_15977,0.1663325594329227
vertex_15978,0.12492664445701604
vertex_15979,0.15511029810084917
vertex_15980,0.1379737997987745
vertex_15981,0.1655455573435643
vertex_15982,0.15508700255546992
vertex_15983,0.10995040208567114
vertex_15984,0.09509506530763424
vertex_15985,0.10676483233538026
vertex_15986,0.11657154413873193
vertex_15987,0.11225455006403631
vertex_15988,0.10015867672689897
vertex_15989,0.03124100361192493
vertex_15990,0.03149758756016599
vertex_15991,0.032512021168864924
vertex_15992,0.04080963838447741
vertex_15993,0.05483885075196188
vertex_15994,0.06562921905775296
vertex_15995,0.12295565801337431
vertex_15996,0.0866467650898201
vertex_15997,0.07802128234489215
vertex_15998,0.03155148106700141
vertex_15999,0.023909144428510276
vertex_16000,0.03511082836109417
vertex_16001,0.03018086281413446
vertex_16002,0.029342986212457088
vertex_16003,0.018654501920243694
vertex_16004,0.11227925072085126
vertex_16005,0.1266123928196614
vertex_16006,0.12793548663721302
vertex_16007,0.12349584117098379
vertex_16008,0.10246870234931278
vertex_16009,0.057916258636975936
vertex_16010,0.055260504040042985
vertex_16011,0.05684587827206628
vertex_16012,0.08628504149719204
vertex_16013,0.05397573045793291
vertex_16014,0.05170619235384768
vertex_16015,0.05444894976325858
vertex_16016,0.05663047466326864
vertex_16017,0.06107095581278363
vertex_16018,0.03683806497965039
vertex_16019,0.03913132643164321
vertex_16020,0.0488591062249527
vertex_16021,0.09403842413154072
vertex_16022,0.0791050449187126
vertex_16023,0.07414429730679356
vertex_16024,0.09627064031959717
vertex_16025,0.11149307825912581
vertex_16026,0.07835727739184477
vertex_16027,0.06780182626659492
vertex_16028,0.06296266359879887
vertex_16029,0.08736706614576313
vertex_16030,0.11386723176445669
vertex_16031,0.07927348342196193
vertex_16032,0.09216978300700317
vertex_16033,0.1473679229868852
vertex_16034,0.1340565434349708
vertex_16035,0.1576193931500079
vertex_16036,0.14884525631434917
vertex_16037,0.1164962720221151
vertex_16038,0.1153416569290601
vertex_16039,0.0875261807881404
vertex_16040,0.08670408566252334
vertex_16041,0.10970055208268646
vertex_16042,0.09246561704675267
vertex_16043,0.09232026905000128
vertex_16044,0.08919854371942443
vertex_16045,0.08467780209736722
vertex_16046,0.11562026415491045
vertex_16047,0.11188909187521037
vertex_16048,0.11106618725268345
vertex_16049,0.1187779389781103
vertex_16050,0.10591861674386407
vertex_16051,0.13458969705640406
vertex_16052,0.1114148001817394
vertex_16053,0.11435572685604131
vertex_16054,0.08649054020892494
vertex_16055,0.06111086500679312
vertex_16056,0.09105293467056211
vertex_16057,0.06277311933817159
vertex_16058,0.09246883071326038
vertex_16059,0.13095706135767737
vertex_16060,0.08673186294076375
vertex_16061,0.060727874701336816
vertex_16062,0.06612130055781047
vertex_16063,0.05496885211796628
vertex_16064,0.06089669441276031
vertex_16065,0.06395277566951364
vertex_16066,0.04605402756651325
vertex_16067,0.06995396084362851
vertex_16068,0.08633874112233837
vertex_16069,0.07270927902914696
vertex_16070,0.052950240507456274
vertex_16071,0.06559905427111877
vertex_16072,0.08561505404923728
vertex_16073,0.08375372612973536
vertex_16074,0.03473411536766268
vertex_16075,0.03414961221498775
vertex_16076,0.023920963850198276
vertex_16077,0.028963040444555388
vertex_16078,0.03201084620206711
vertex_16079,0.07234977753656406
vertex_16080,0.08447364521863925
vertex_16081,0.06862030308994317
vertex_16082,0.06988733424737065
vertex_16083,0.08337690703108992
vertex_16084,0.3940686703478785
vertex_16085,0.39705475815960695
vertex_16086,0.37428594247416824
vertex_16087,0.3611683269041958
vertex_16088,0.24012922483783758
vertex_16089,0.14324348919373955
vertex_16090,0.1275857757488588
vertex_16091,0.1235563113121315
vertex_16092,0.100138489861445
vertex_16093,0.08280301478794938
vertex_16094,0.069764529537133
vertex_16095,0.0963644995299132
vertex_16096,0.07399974012242826
vertex_16097,0.10413698737731311
vertex_16098,0.08545763643981684
vertex_16099,0.07443140932105383
vertex_16100,0.05578279660738443
vertex_16101,0.05266536215028876
vertex_16102,0.046818412701346755
vertex_16103,0.05725459136983122
vertex_16104,0.06486022236291449
vertex_16105,0.04601165861545694
vertex_16106,0.057299550319103235
vertex_16107,0.06650820262611229
vertex_16108,0.06658170511556631
vertex_16109,0.05162009538668141
vertex_16110,0.04470079792003895
vertex_16111,0.03684799432485015
vertex_16112,0.04806109496675333
vertex_16113,0.04162358271509589
vertex_16114,0.04098974043830834
vertex_16115,0.0551519567401032
vertex_16116,0.05196059336251428
vertex_16117,0.0690219958377077
vertex_16118,0.0890128211196173
vertex_16119,0.07787197308591634
vertex_16120,0.0883710213767431
vertex_16121,0.06762835525491503
vertex_16122,0.06972788612173926
vertex_16123,0.06858881165771809
vertex_16124,0.06254743239613575
vertex_16125,0.07128459401104154
vertex_16126,0.09936795235924625
vertex_16127,0.08440293364341266
vertex_16128,0.10115526042033404
vertex_16129,0.0692080092766341
vertex_16130,0.06951136545521473
vertex_16131,0.07390401522678014
vertex_16132,0.078271248292118
vertex_16133,0.07458398358637396
vertex_16134,0.06373132158019394
vertex_16135,0.06629945062267978
vertex_16136,0.07487452392330768
vertex_16137,0.08665770500853079
vertex_16138,0.10191673192683764
vertex_16139,0.05678747101043898
vertex_16140,0.050463243561143116
vertex_16141,0.03569617687141881
vertex_16142,0.03741566450668026
vertex_16143,0.0475032053464563
vertex_16144,0.09350930706915743
vertex_16145,0.07886105383520228
vertex_16146,0.06854820190697787
vertex_16147,0.061823598084576284
vertex_16148,0.06079478973440083
vertex_16149,0.05429493570097704
vertex_16150,0.03699470984579078
vertex_16151,0.05380229795860067
vertex_16152,0.08661344969918047
vertex_16153,0.08610162159716646
vertex_16154,0.09455638571644148
vertex_16155,0.08176119037427104
vertex_16156,0.07291885825579172
vertex_16157,0.06292079453339237
vertex_16158,0.04978935023319528
vertex_16159,0.08874101759092867
vertex_16160,0.09661369123724245
vertex_16161,0.08070912650449313
vertex_16162,0.082282744766447
vertex_16163,0.07188637179629735
vertex_16164,0.08612221920192073
vertex_16165,0.0891340703712847
vertex_16166,0.10197306535673571
vertex_16167,0.11979993149237783
vertex_16168,0.10555938819670498
vertex_16169,0.08879463087603033
vertex_16170,0.10595110136916523
vertex_16171,0.08204787829475912
vertex_16172,0.0790615126029922
vertex_16173,0.05165942235033284
vertex_16174,0.03578942111433796
vertex_16175,0.04932370556642359
vertex_16176,0.04886413043960885
vertex_16177,0.07017654366889652
vertex_16178,0.09062554829641963
vertex_16179,0.05970205996324332
vertex_16180,0.07072107524596077
vertex_16181,0.08110693063968086
vertex_16182,0.08340501378871301
vertex_16183,0.10651723842862167
vertex_16184,0.09718864484394488
vertex_16185,0.08557289335451829
vertex_16186,0.12035293734100339
vertex_16187,0.11579234482895943
vertex_16188,0.10237063932439967
vertex_16189,0.10355988886141043
vertex_16190,0.08120606441525137
vertex_16191,0.08966243803665161
vertex_16192,0.08055794111867419
vertex_16193,0.08458020890385255
vertex_16194,0.05397768225972852
vertex_16195,0.03327329117192212
vertex_16196,0.021991017073596644
vertex_16197,0.020240314682542736
vertex_16198,0.024244543351129074
vertex_16199,0.02406361207695747
vertex_16200,0.03816023297330433
vertex_16201,0.045337849972466364
vertex_16202,0.03890720429077136
vertex_16203,0.04498301721688999
vertex_16204,0.055862036811926086
vertex_16205,0.04378430365527673
vertex_16206,0.04889090719867888
vertex_16207,0.03273279114208085
vertex_16208,0.031514036819897125
vertex_16209,0.036189757120383206
vertex_16210,0.029876029792153133
vertex_16211,0.03877449057877851
vertex_16212,0.047650886521153804
vertex_16213,0.06344201009041736
vertex_16214,0.06477218698413285
vertex_16215,0.07230012906315872
vertex_16216,0.07130468231896973
vertex_16217,0.07043166673510073
vertex_16218,0.02244657215762344
vertex_16219,0.05009473036159368
vertex_16220,0.0235677718939782
vertex_16221,0.0159279728528522
vertex_16222,0.02621136308055242
vertex_16223,0.018957324824560327
vertex_16224,0.02966285017460264
vertex_16225,0.028913470107822886
vertex_16226,0.12734011640324905
vertex_16227,0.09228615780240533
vertex_16228,0.12404496275032462
vertex_16229,0.1720129508849415
vertex_16230,0.1311108271397712
vertex_16231,0.07778986985932314
vertex_16232,0.07565916227865252
vertex_16233,0.07933946470918066
vertex_16234,0.07188249043525703
vertex_16235,0.09009610103540339
vertex_16236,0.09267532282839772
vertex_16237,0.07711551462199588
vertex_16238,0.05495158520664501
vertex_16239,0.06365285658206175
vertex_16240,0.20920804690259864
vertex_16241,0.20978075780938193
vertex_16242,0.20722008739612482
vertex_16243,0.16721734546748465
vertex_16244,0.1690430193523898
vertex_16245,0.14634979578889473
vertex_16246,0.1734854766801784
vertex_16247,0.15786511253201346
vertex_16248,0.18970173717578545
vertex_16249,0.16600191251692614
vertex_16250,0.16692182753971227
vertex_16251,0.14255912289488168
vertex_16252,0.15645156116414188
vertex_16253,0.07996656199152775
vertex_16254,0.10465191432972398
vertex_16255,0.0953159866078796
vertex_16256,0.10728945863926852
vertex_16257,0.09525376241143325
vertex_16258,0.10525226306598826
vertex_16259,0.07786307622180205
vertex_16260,0.10417921356923356
vertex_16261,0.141465117951759
vertex_16262,0.1355788202057433
vertex_16263,0.19694666429808935
vertex_16264,0.1754238533916288
vertex_16265,0.18855954618321036
vertex_16266,0.18230127326360954
vertex_16267,0.10580859678365058
vertex_16268,0.10334309988257077
vertex_16269,0.08932557871403025
vertex_16270,0.07763685474764803
vertex_16271,0.0807927225911983
vertex_16272,0.06677434681001926
vertex_16273,0.06762242198566554
vertex_16274,0.08007838695860865
vertex_16275,0.07797244476717936
vertex_16276,0.06705059861185877
vertex_16277,0.057528167390843175
vertex_16278,0.04730500178016739
vertex_16279,0.06304171060193278
vertex_16280,0.06278843654664659
vertex_16281,0.07479394523506103
vertex_16282,0.0728670550765877
vertex_16283,0.052099249403625314
vertex_16284,0.035587582997477975
vertex_16285,0.1442736208151238
vertex_16286,0.13965038508738378
vertex_16287,0.13396358740386358
vertex_16288,0.11539817270884034
vertex_16289,0.12182014782727794
vertex_16290,0.11279626632666194
vertex_16291,0.11544448627045167
vertex_16292,0.08705318244527677
vertex_16293,0.08409618517222828
vertex_16294,0.08966604957278042
vertex_16295,0.0721552971227078
vertex_16296,0.05602095378142946
vertex_16297,0.06253657876750347
vertex_16298,0.06348877976518837
vertex_16299,0.11222831679572262
vertex_16300,0.1089439346540647
vertex_16301,0.12492679150958991
vertex_16302,0.13170538680097052
vertex_16303,0.1131653794435636
vertex_16304,0.06844335866326426
vertex_16305,0.1288849104649783
vertex_16306,0.12422785904607878
vertex_16307,0.13121337255581705
vertex_16308,0.032904600475933334
vertex_16309,0.05920758183236116
vertex_16310,0.04508151498236446
vertex_16311,0.05359227541655754
vertex_16312,0.03903732431198069
vertex_16313,0.02566820699169062
vertex_16314,0.0327790107238602
vertex_16315,0.023240225469178914
vertex_16316,0.043793173973843226
vertex_16317,0.04722915734835906
vertex_16318,0.04754397858820077
vertex_16319,0.05140165593582145
vertex_16320,0.0374859392434372
vertex_16321,0.03401627362297306
vertex_16322,0.16682200610399067
vertex_16323,0.2774525431192894
vertex_16324,0.23816982506940354
vertex_16325,0.27380670579660654
vertex_16326,0.26774692865572447
vertex_16327,0.1419322702239609
vertex_16328,0.1540603698400989
vertex_16329,0.18490283570272137
vertex_16330,0.2125319661940812
vertex_16331,0.20014504440707617
vertex_16332,0.1975343645378075
vertex_16333,0.1767797988753058
vertex_16334,0.13699545712440123
vertex_16335,0.11458672101831659
vertex_16336,0.2346113123951668
vertex_16337,0.2245819249491982
vertex_16338,0.25813255656718287
vertex_16339,0.27846150330834163
vertex_16340,0.3040952928994446
vertex_16341,0.2265278666904553
vertex_16342,0.19941511519712773
vertex_16343,0.23878801238619615
vertex_16344,0.2242790552015325
vertex_16345,0.25196288631045644
vertex_16346,0.2354128050882341
vertex_16347,0.2601895259578886
vertex_16348,0.26672023435469217
vertex_16349,0.25797186690169854
vertex_16350,0.12109234188496178
vertex_16351,0.13322744616075907
vertex_16352,0.13949416291792488
vertex_16353,0.1184722805585857
vertex_16354,0.13349514322659978
vertex_16355,0.09575837629858687
vertex_16356,0.0810485528719264
vertex_16357,0.05798568617894343
vertex_16358,0.05230743894479252
vertex_16359,0.0553056817400949
vertex_16360,0.028951285890875558
vertex_16361,0.03764710550761538
vertex_16362,0.03698199764925547
vertex_16363,0.039479242058941724
vertex_16364,0.11076784681842726
vertex_16365,0.10343376526612838
vertex_16366,0.08778735187033113
vertex_16367,0.08188666107958854
vertex_16368,0.06632320166156527
vertex_16369,0.06857746822159838
vertex_16370,0.08300660337852409
vertex_16371,0.08217769073016634
vertex_16372,0.09180153041341865
vertex_16373,0.07126779693741532
vertex_16374,0.055763922280788907
vertex_16375,0.07128674957420507
vertex_16376,0.06479937607176238
vertex_16377,0.08082124669221835
vertex_16378,0.04801939232683096
vertex_16379,0.05130017656728308
vertex_16380,0.04848229169344554
vertex_16381,0.03965200092380026
vertex_16382,0.05236297436286011
vertex_16383,0.06865637388096985
vertex_16384,0.08051733081158888
vertex_16385,0.09283447030963679
vertex_16386,0.09554459243677552
vertex_16387,0.09267015399374676
vertex_16388,0.09052200541997922
vertex_16389,0.09388597960645943
vertex_16390,0.11517031373655441
vertex_16391,0.06757268012836959
vertex_16392,0.08964264136486957
vertex_16393,0.07337863854047637
vertex_16394,0.05180417358694187
vertex_16395,0.05368555515868578
vertex_16396,0.0424879334281791
vertex_16397,0.0598736162040471
vertex_16398,0.0473733957824648
vertex_16399,0.04470953024818545
vertex_16400,0.05041337008101901
vertex_16401,0.06205912801317583
vertex_16402,0.049138931817853594
vertex_16403,0.051972563989921894
vertex_16404,0.0659559012491904
vertex_16405,0.06963440975314658
vertex_16406,0.06713274448860378
vertex_16407,0.06625794931564628
vertex_16408,0.057570529081281366
vertex_16409,0.047531288260025756
vertex_16410,0.05175496946070487
vertex_16411,0.040886896081098294
vertex_16412,0.04865459398443541
vertex_16413,0.04768935999050894
vertex_16414,0.04229686490898774
vertex_16415,0.04655913642811733
vertex_16416,0.05630409395263606
vertex_16417,0.11310335635184245
vertex_16418,0.09054632234698702
vertex_16419,0.08839388389145401
vertex_16420,0.14502469989809005
vertex_16421,0.1287557318628073
vertex_16422,0.13654248293913288
vertex_16423,0.14143960158558333
vertex_16424,0.1386889002682495
vertex_16425,0.12874755529616827
vertex_16426,0.1256840556664613
vertex_16427,0.07881480794126013
vertex_16428,0.07181118243049224
vertex_16429,0.07198400928317396
vertex_16430,0.07014464334377722
vertex_16431,0.06158422296643863
vertex_16432,0.0746047250767739
vertex_16433,0.06925298885148104
vertex_16434,0.08084150133287157
vertex_16435,0.06163752647143832
vertex_16436,0.07784008065317596
vertex_16437,0.06496505739650835
vertex_16438,0.05886940744775209
vertex_16439,0.05757960602547231
vertex_16440,0.06084267052501168
vertex_16441,0.06189413745485529
vertex_16442,0.07859149519655587
vertex_16443,0.10061311060722207
vertex_16444,0.07857838547942812
vertex_16445,0.06958552436048832
vertex_16446,0.07275484072279476
vertex_16447,0.05835768580426359
vertex_16448,0.05820859718483406
vertex_16449,0.05863578909829124
vertex_16450,0.038878164166343626
vertex_16451,0.06340849320061481
vertex_16452,0.07873400618482986
vertex_16453,0.05948303556237519
vertex_16454,0.06547002274956529
vertex_16455,0.08098105463217126
vertex_16456,0.05479203860919587
vertex_16457,0.057980532484689734
vertex_16458,0.0547592335935684
vertex_16459,0.06296516748760227
vertex_16460,0.055310986893414384
vertex_16461,0.06715822637083282
vertex_16462,0.07480416041164027
vertex_16463,0.07410139935084822
vertex_16464,0.05167160241378414
vertex_16465,0.05946279788526502
vertex_16466,0.0729945166700123
vertex_16467,0.07505352116941755
vertex_16468,0.08688314930490194
vertex_16469,0.03550100026287072
vertex_16470,0.024251327147606725
vertex_16471,0.03158428692844289
vertex_16472,0.04398656785149034
vertex_16473,0.03590592265947701
vertex_16474,0.09942740023424082
vertex_16475,0.07118653583905153
vertex_16476,0.0920601825771931
vertex_16477,0.07171808253553673
vertex_16478,0.05296660765203857
vertex_16479,0.049111482822609145
vertex_16480,0.05139083218613945
vertex_16481,0.1017769711517932
vertex_16482,0.0478849643444351
vertex_16483,0.054514023893840316
vertex_16484,0.04067997295064471
vertex_16485,0.04478670310491589
vertex_16486,0.05370996480648561
vertex_16487,0.05070033421744686
vertex_16488,0.06561110347198537
vertex_16489,0.05284401498569169
vertex_16490,0.047361823195572875
vertex_16491,0.04771027221219718
vertex_16492,0.05255158568052714
vertex_16493,0.056726838924571435
vertex_16494,0.0555780149578838
vertex_16495,0.051906282011018275
vertex_16496,0.13717180396902273
vertex_16497,0.12673681488314079
vertex_16498,0.13020522587833838
vertex_16499,0.1382243752456048
vertex_16500,0.12896713324007886
vertex_16501,0.10658436459151861
vertex_16502,0.09408074140485598
vertex_16503,0.11738929803857712
vertex_16504,0.11590619794742861
vertex_16505,0.08961025461767025
vertex_16506,0.12683980295102026
vertex_16507,0.08002983922612475
vertex_16508,0.06916349130632582
vertex_16509,0.06229172188975527
vertex_16510,0.08480877048584107
vertex_16511,0.08816612869623197
vertex_16512,0.07235556662700193
vertex_16513,0.055001690209193335
vertex_16514,0.06703749831530703
vertex_16515,0.05784804078239247
vertex_16516,0.06508817791072384
vertex_16517,0.056881249067701437
vertex_16518,0.05888205997885491
vertex_16519,0.07660660341710149
vertex_16520,0.11741896168846469
vertex_16521,0.10389854859375888
vertex_16522,0.133848276029706
vertex_16523,0.1008389958081061
vertex_16524,0.12959536184930756
vertex_16525,0.08199911828078008
vertex_16526,0.11381619455678706
vertex_16527,0.09322593839235034
vertex_16528,0.07413185819684115
vertex_16529,0.06824906135369328
vertex_16530,0.07453183405816538
vertex_16531,0.0846436756446348
vertex_16532,0.08133518719947222
vertex_16533,0.08120447162481781
vertex_16534,0.09527701467116721
vertex_16535,0.11965727754611957
vertex_16536,0.10598565604361818
vertex_16537,0.10147796587692813
vertex_16538,0.08303117859920794
vertex_16539,0.09499259005716461
vertex_16540,0.08897532688806052
vertex_16541,0.07755509222729413
vertex_16542,0.07463921099902045
vertex_16543,0.06913342504448633
vertex_16544,0.0815958562598814
vertex_16545,0.08968630344306477
vertex_16546,0.08949147386339862
vertex_16547,0.07456484147822313
vertex_16548,0.08973094615890978
vertex_16549,0.11251312139654104
vertex_16550,0.08325675396397725
vertex_16551,0.08289102709401674
vertex_16552,0.07120665748241115
vertex_16553,0.03940355598076477
vertex_16554,0.03200490939021582
vertex_16555,0.05354902141790794
vertex_16556,0.04155264558030183
vertex_16557,0.049884535706698964
vertex_16558,0.06381021560056203
vertex_16559,0.07689144846076577
vertex_16560,0.07798254995882484
vertex_16561,0.07897962378288484
vertex_16562,0.09467909514133067
vertex_16563,0.10048153745363447
vertex_16564,0.07826278402258788
vertex_16565,0.08220476775567874
vertex_16566,0.0916257251376959
vertex_16567,0.038050130460777466
vertex_16568,0.06829864799336165
vertex_16569,0.06597356539714112
vertex_16570,0.06196792901197179
vertex_16571,0.050995387686415324
vertex_16572,0.04612330297350645
vertex_16573,0.037955799410556504
vertex_16574,0.03345989563621368
vertex_16575,0.03864556229242048
vertex_16576,0.04850000539094215
vertex_16577,0.06923378975364758
vertex_16578,0.04830959832340596
vertex_16579,0.040386831485560055
vertex_16580,0.04746431712108114
vertex_16581,0.0564715163080963
vertex_16582,0.06713191534799859
vertex_16583,0.04400964857670353
vertex_16584,0.05576591927272559
vertex_16585,0.06226042188151338
vertex_16586,0.041135122245542555
vertex_16587,0.0422333262492312
vertex_16588,0.04293045984369907
vertex_16589,0.05061035363917352
vertex_16590,0.06910809751917356
vertex_16591,0.07965832100311786
vertex_16592,0.06738822154843777
vertex_16593,0.1485315823668087
vertex_16594,0.13010459015486978
vertex_16595,0.14742022068402993
vertex_16596,0.13953841546332876
vertex_16597,0.08588467502232669
vertex_16598,0.090859645649736
vertex_16599,0.06547193413940372
vertex_16600,0.10151943828378458
vertex_16601,0.07670661771303337
vertex_16602,0.056938513153363596
vertex_16603,0.07498311591031924
vertex_16604,0.07746959528206389
vertex_16605,0.08828426531319566
vertex_16606,0.26371201979682113
vertex_16607,0.25639419100973204
vertex_16608,0.2764300261454167
vertex_16609,0.25386026198984907
vertex_16610,0.2719759359340861
vertex_16611,0.2614252423850151
vertex_16612,0.29975571202068385
vertex_16613,0.2605642288996293
vertex_16614,0.2991855737011074
vertex_16615,0.28151272347317546
vertex_16616,0.19858827901142576
vertex_16617,0.2301019923357578
vertex_16618,0.14561164048163744
vertex_16619,0.14433216852013872
vertex_16620,0.18211503361159828
vertex_16621,0.16349860250445628
vertex_16622,0.17575095709605396
vertex_16623,0.13855932849975766
vertex_16624,0.13743069327617413
vertex_16625,0.0729771528364913
vertex_16626,0.10851803252848471
vertex_16627,0.09325757216555947
vertex_16628,0.13152096330651342
vertex_16629,0.15968770313555883
vertex_16630,0.14634597672756589
vertex_16631,0.14168683528383758
vertex_16632,0.12158442422289237
vertex_16633,0.15013866219885713
vertex_16634,0.10534156633693512
vertex_16635,0.12625716760099712
vertex_16636,0.10799069210197287
vertex_16637,0.07687194236231634
vertex_16638,0.0506537734770526
vertex_16639,0.05920841672031103
vertex_16640,0.06073589506828069
vertex_16641,0.0558563878800619
vertex_16642,0.0493284543204022
vertex_16643,0.05542591097020418
vertex_16644,0.06596839387523179
vertex_16645,0.06002553228552918
vertex_16646,0.06185688014771988
vertex_16647,0.08090257961819027
vertex_16648,0.054010740127495745
vertex_16649,0.04045495151660474
vertex_16650,0.04225023274755867
vertex_16651,0.05347719985336477
vertex_16652,0.06126615968944918
vertex_16653,0.05514228235369119
vertex_16654,0.055466017563149395
vertex_16655,0.046782683491350015
vertex_16656,0.05064402300427
vertex_16657,0.06480555374405811
vertex_16658,0.07492238008139762
vertex_16659,0.04780559934475352
vertex_16660,0.04641371114042237
vertex_16661,0.04890233832045542
vertex_16662,0.056666493524408265
vertex_16663,0.04914685667882714
vertex_16664,0.07351598969502224
vertex_16665,0.11520324076893088
vertex_16666,0.10213641837966529
vertex_16667,0.12271242795527938
vertex_16668,0.0885686067140196
vertex_16669,0.11256845085532491
vertex_16670,0.12306683376973034
vertex_16671,0.128256846406831
vertex_16672,0.10935077656787151
vertex_16673,0.10364650781860166
vertex_16674,0.10606936472069971
vertex_16675,0.05074684775341639
vertex_16676,0.06273710972230222
vertex_16677,0.0660968092852444
vertex_16678,0.08004108559482087
vertex_16679,0.08322926100272274
vertex_16680,0.058744813089553725
vertex_16681,0.06832399684367126
vertex_16682,0.06465146426028985
vertex_16683,0.06875042554286087
vertex_16684,0.06922869151436037
vertex_16685,0.07315722621902385
vertex_16686,0.0732684743745049
vertex_16687,0.07746602044252393
vertex_16688,0.07836568518418613
vertex_16689,0.044735881806878125
vertex_16690,0.054199358612708116
vertex_16691,0.05186708419967611
vertex_16692,0.04217711643095162
vertex_16693,0.05562280018219145
vertex_16694,0.08144023649044968
vertex_16695,0.06823691671781687
vertex_16696,0.07163750827380384
vertex_16697,0.06957574470092932
vertex_16698,0.04513812600029837
vertex_16699,0.04990984243387957
vertex_16700,0.03559614879107935
vertex_16701,0.03497373442115509
vertex_16702,0.05281256441261644
vertex_16703,0.05967335208310336
vertex_16704,0.051607169729105645
vertex_16705,0.06721526070404442
vertex_16706,0.07354100512241873
vertex_16707,0.05440142649318344
vertex_16708,0.09831716540907899
vertex_16709,0.041395940875380136
vertex_16710,0.07631933739009938
vertex_16711,0.10361025673029309
vertex_16712,0.11163199732578978
vertex_16713,0.09755429469295583
vertex_16714,0.089336363201514
vertex_16715,0.13262944170689206
vertex_16716,0.07542746255571661
vertex_16717,0.10267965812178974
vertex_16718,0.1002362567785689
vertex_16719,0.11459451930945488
vertex_16720,0.05335640192449711
vertex_16721,0.07272199637003808
vertex_16722,0.05576239077215889
vertex_16723,0.05879721048899983
vertex_16724,0.11608038969262058
vertex_16725,0.15371748990411155
vertex_16726,0.12546261800538386
vertex_16727,0.11996543772135147
vertex_16728,0.1250372854475534
vertex_16729,0.05076710626419235
vertex_16730,0.04802658399734296
vertex_16731,0.04227076038330678
vertex_16732,0.040316467527383874
vertex_16733,0.0406179539210974
vertex_16734,0.05006980331501825
vertex_16735,0.0503797411772435
vertex_16736,0.06389869875874087
vertex_16737,0.09890169644999129
vertex_16738,0.10045194839733042
vertex_16739,0.08442970422377058
vertex_16740,0.1040894175019547
vertex_16741,0.14099335961860746
vertex_16742,0.15693599119301763
vertex_16743,0.1171456157886851
vertex_16744,0.16271568675586834
vertex_16745,0.14318850800818578
vertex_16746,0.11483939804603133
vertex_16747,0.05145983868219684
vertex_16748,0.04513951248488823
vertex_16749,0.03891219134783331
vertex_16750,0.04181457522340501
vertex_16751,0.045774671216862815
vertex_16752,0.07668913751739202
vertex_16753,0.04580671687622178
vertex_16754,0.048983817698220286
vertex_16755,0.044423149659906354
vertex_16756,0.04125883686964804
vertex_16757,0.04705373296206068
vertex_16758,0.05089091315057635
vertex_16759,0.0464757090293341
vertex_16760,0.06605717507088639
vertex_16761,0.0518477007160935
vertex_16762,0.0463749320890276
vertex_16763,0.039479890991209965
vertex_16764,0.05193802789675285
vertex_16765,0.044940569126659384
vertex_16766,0.05815762657690121
vertex_16767,0.044539833480789374
vertex_16768,0.04705086421025385
vertex_16769,0.0550666928775167
vertex_16770,0.05393640865808822
vertex_16771,0.04820268475395901
vertex_16772,0.044938144589817756
vertex_16773,0.04368101869294054
vertex_16774,0.04510444325938067
vertex_16775,0.047288107055104465
vertex_16776,0.046369425573462526
vertex_16777,0.043794720131637294
vertex_16778,0.056171517833470117
vertex_16779,0.058625421478800614
vertex_16780,0.05032221526478999
vertex_16781,0.044726243762246216
vertex_16782,0.07801927110913759
vertex_16783,0.08101147292494522
vertex_16784,0.08137478083820274
vertex_16785,0.07100457789376445
vertex_16786,0.09139120073866445
vertex_16787,0.14535139324213983
vertex_16788,0.1597388115830001
vertex_16789,0.16424937354221986
vertex_16790,0.17184712911433003
vertex_16791,0.15043538874035747
vertex_16792,0.15112493210659525
vertex_16793,0.1497467312818999
vertex_16794,0.1432100039395882
vertex_16795,0.09871143203677918
vertex_16796,0.09734237742882614
vertex_16797,0.08012098639975511
vertex_16798,0.057853487337934044
vertex_16799,0.07384481401051658
vertex_16800,0.07296439407274197
vertex_16801,0.07378430884002085
vertex_16802,0.07751625644989801
vertex_16803,0.06690584528475985
vertex_16804,0.06478405545233638
vertex_16805,0.05545031846659717
vertex_16806,0.0633499728856289
vertex_16807,0.09992303936776042
vertex_16808,0.0820819041246096
vertex_16809,0.04424906152690294
vertex_16810,0.08720121816063854
vertex_16811,0.0910240598060916
vertex_16812,0.09475614413856184
vertex_16813,0.0700651762494362
vertex_16814,0.08012482839100887
vertex_16815,0.09452413104050074
vertex_16816,0.10530651973520143
vertex_16817,0.0998562300271626
vertex_16818,0.10700581843685089
vertex_16819,0.09030820670551076
vertex_16820,0.07322592555458589
vertex_16821,0.09000001704799186
vertex_16822,0.08996151045427982
vertex_16823,0.09502047697609517
vertex_16824,0.07423684614048313
vertex_16825,0.07293677057960062
vertex_16826,0.05449603506973857
vertex_16827,0.05607665333068119
vertex_16828,0.05707401899192779
vertex_16829,0.06519959172792474
vertex_16830,0.0668420335599945
vertex_16831,0.07361887054818082
vertex_16832,0.061384302410882795
vertex_16833,0.050923738910717116
vertex_16834,0.07346952226520295
vertex_16835,0.06614575050032345
vertex_16836,0.06423430472945273
vertex_16837,0.06423492669503028
vertex_16838,0.06455758241240844
vertex_16839,0.11374393810858818
vertex_16840,0.11363198209837905
vertex_16841,0.10798701395338954
vertex_16842,0.08500994525176218
vertex_16843,0.04711611875266755
vertex_16844,0.046621490046171304
vertex_16845,0.04234794141820164
vertex_16846,0.04219164989271386
vertex_16847,0.04175863902759994
vertex_16848,0.0745511897329342
vertex_16849,0.07006759693446972
vertex_16850,0.06223253229556417
vertex_16851,0.07010231688756524
vertex_16852,0.0751514439572709
vertex_16853,0.09326430519808118
vertex_16854,0.082573434608247
vertex_16855,0.08550717394567052
vertex_16856,0.0849668214166908
vertex_16857,0.08079290926245493
vertex_16858,0.06986962931649787
vertex_16859,0.07969948061954808
vertex_16860,0.05973064108229944
vertex_16861,0.07141294397026816
vertex_16862,0.07942060872918574
vertex_16863,0.08297959488294311
vertex_16864,0.06515325858887401
vertex_16865,0.06826800931624188
vertex_16866,0.06490178375503822
vertex_16867,0.05861814982601624
vertex_16868,0.06307777886792053
vertex_16869,0.059140556839125565
vertex_16870,0.0633265549970078
vertex_16871,0.05687234385011962
vertex_16872,0.06654654452028151
vertex_16873,0.06326251138571812
vertex_16874,0.05732196409864059
vertex_16875,0.023204326847544275
vertex_16876,0.024168313726602723
vertex_16877,0.03370452315758902
vertex_16878,0.032249862314119394
vertex_16879,0.029828071705762134
vertex_16880,0.043257056824674796
vertex_16881,0.05532332049957641
vertex_16882,0.05858857532268558
vertex_16883,0.05049591149530525
vertex_16884,0.04992006514527807
vertex_16885,0.04175954631137658
vertex_16886,0.05788013001931934
vertex_16887,0.059041668929551226
vertex_16888,0.0495168512567568
vertex_16889,0.0407836768383246
vertex_16890,0.043227111310555955
vertex_16891,0.051290985075929475
vertex_16892,0.04437091123944644
vertex_16893,0.0381395912213095
vertex_16894,0.08104985219342294
vertex_16895,0.07892784147967272
vertex_16896,0.08521635930978576
vertex_16897,0.09922929931627358
vertex_16898,0.1068830265835341
vertex_16899,0.0951981807517329
vertex_16900,0.05683610979195958
vertex_16901,0.07590476480053977
vertex_16902,0.06253444085247023
vertex_16903,0.05811115374801525
vertex_16904,0.07130285164192449
vertex_16905,0.08340367254277536
vertex_16906,0.1170905858166527
vertex_16907,0.10681965078691734
vertex_16908,0.11572529111717383
vertex_16909,0.11283651004140875
vertex_16910,0.11462152261893548
vertex_16911,0.10148786964162476
vertex_16912,0.10673751566906597
vertex_16913,0.11154910002590106
vertex_16914,0.11025688345325375
vertex_16915,0.05454630764639581
vertex_16916,0.0520406595982311
vertex_16917,0.03742294147781023
vertex_16918,0.04673399583722379
vertex_16919,0.03758049050246971
vertex_16920,0.07368452717819783
vertex_16921,0.05142785491507472
vertex_16922,0.10571159465513467
vertex_16923,0.07648387199974609
vertex_16924,0.05629280776700827
vertex_16925,0.040840580079543345
vertex_16926,0.0323330769201802
vertex_16927,0.0343541247609046
vertex_16928,0.038220362563060176
vertex_16929,0.03517085725463391
vertex_16930,0.030729058306937854
vertex_16931,0.029577285650131298
vertex_16932,0.03892572850242817
vertex_16933,0.029739293131926497
vertex_16934,0.05053241244823101
vertex_16935,0.03993258226057105
vertex_16936,0.04755749930307962
vertex_16937,0.032844541936027864
vertex_16938,0.03915109113265995
vertex_16939,0.04003169090620339
vertex_16940,0.03131077613651612
vertex_16941,0.021951482240075357
vertex_16942,0.034115701666336276
vertex_16943,0.03953740402134408
vertex_16944,0.043551121030648995
vertex_16945,0.06760327920869041
vertex_16946,0.09441207669119021
vertex_16947,0.0347749363307521
vertex_16948,0.038206678752051235
vertex_16949,0.03338744065620156
vertex_16950,0.021292603101144846
vertex_16951,0.03208293476220266
vertex_16952,0.038477299732953114
vertex_16953,0.03582532888218543
vertex_16954,0.027000491151810874
vertex_16955,0.036360517436330425
vertex_16956,0.043718200968660435
vertex_16957,0.0378824131255868
vertex_16958,0.04119013142473805
vertex_16959,0.06696411674378563
vertex_16960,0.03433028442836912
vertex_16961,0.03552295880882327
vertex_16962,0.03638610409420206
vertex_16963,0.028505273655830037
vertex_16964,0.03780627369241359
vertex_16965,0.03799903162574487
vertex_16966,0.02964005798878701
vertex_16967,0.020943156509436223
vertex_16968,0.031009624185260928
vertex_16969,0.05369792141013837
vertex_16970,0.026817257845110097
vertex_16971,0.03375940339402474
vertex_16972,0.03313021721990428
vertex_16973,0.03407995703709526
vertex_16974,0.027920071427114213
vertex_16975,0.0337264162130902
vertex_16976,0.03092137831463849
vertex_16977,0.024789287877329744
vertex_16978,0.02536886414137906
vertex_16979,0.0358612716888476
vertex_16980,0.019741155203478782
vertex_16981,0.025115919388691704
vertex_16982,0.031098620420035396
vertex_16983,0.03869746570063686
vertex_16984,0.029339727355008602
vertex_16985,0.052153097753987916
vertex_16986,0.04097622605409394
vertex_16987,0.034556503967638826
vertex_16988,0.033734504787492674
vertex_16989,0.025466776859981007
vertex_16990,0.01663508607361752
vertex_16991,0.023520434319330968
vertex_16992,0.01515493395222837
vertex_16993,0.021329832934121832
vertex_16994,0.01935041942743551
vertex_16995,0.021171495133881307
vertex_16996,0.05335989734813491
vertex_16997,0.0681102345585202
vertex_16998,0.06509658598525594
vertex_16999,0.0703189828160874
vertex_17000,0.07553907926456396
vertex_17001,0.10988893945806343
vertex_17002,0.08465301661041008
vertex_17003,0.06351674616962029
vertex_17004,0.050049486802062906
vertex_17005,0.05549232052367637
vertex_17006,0.05909179361965892
vertex_17007,0.05202286035012537
vertex_17008,0.04146909306028447
vertex_17009,0.04077032651002165
vertex_17010,0.043557980112185694
vertex_17011,0.05839684325083739
vertex_17012,0.045582861248551994
vertex_17013,0.06294223811852077
vertex_17014,0.10058770854977837
vertex_17015,0.07518011561904454
vertex_17016,0.07613813044329362
vertex_17017,0.08446167374256093
vertex_17018,0.08862580139268263
vertex_17019,0.06631571808753124
vertex_17020,0.0631422410948012
vertex_17021,0.05537951054905863
vertex_17022,0.05469177707465978
vertex_17023,0.059243769281240415
vertex_17024,0.046468479029402
vertex_17025,0.06289304662207547
vertex_17026,0.0648897720898948
vertex_17027,0.043567410465615956
vertex_17028,0.023150661553817186
vertex_17029,0.021931557630160164
vertex_17030,0.02004005480891142
vertex_17031,0.020053448517548592
vertex_17032,0.0316234162940318
vertex_17033,0.060591731266889985
vertex_17034,0.027875824460449585
vertex_17035,0.02754586803193186
vertex_17036,0.3008948202498255
vertex_17037,0.3058536650337839
vertex_17038,0.2808620382568497
vertex_17039,0.23276201835998492
vertex_17040,0.11356285526643675
vertex_17041,0.1393170799182964
vertex_17042,0.17669394893698787
vertex_17043,0.1761643909052278
vertex_17044,0.15761771727215146
vertex_17045,0.13047752565694626
vertex_17046,0.15285728437177942
vertex_17047,0.14161779296855379
vertex_17048,0.14294664656148917
vertex_17049,0.14829471575052014
vertex_17050,0.1047280701459362
vertex_17051,0.14384321101833264
vertex_17052,0.11061847864800309
vertex_17053,0.12427048939680178
vertex_17054,0.14814325454835547
vertex_17055,0.09981187564282727
vertex_17056,0.13199910724882702
vertex_17057,0.1172323993391966
vertex_17058,0.15379778219372772
vertex_17059,0.13888521296511405
vertex_17060,0.13632317332885976
vertex_17061,0.12787385556720232
vertex_17062,0.16869925053140924
vertex_17063,0.15690648577048508
vertex_17064,0.12121490596599972
vertex_17065,0.13666787747336992
vertex_17066,0.14013282881207176
vertex_17067,0.15640953736654148
vertex_17068,0.07538393099042069
vertex_17069,0.08290468543755235
vertex_17070,0.08328700164515285
vertex_17071,0.08732477964165909
vertex_17072,0.08054663162014224
vertex_17073,0.08141196715814081
vertex_17074,0.07295072158702727
vertex_17075,0.04920074707222973
vertex_17076,0.07472330152757059
vertex_17077,0.12040505917952757
vertex_17078,0.12026636939494804
vertex_17079,0.12610037189709725
vertex_17080,0.1547084759130475
vertex_17081,0.17368460360956667
vertex_17082,0.1334706963817182
vertex_17083,0.14953739154013984
vertex_17084,0.15518585476162725
vertex_17085,0.09425414801218317
vertex_17086,0.07700726638723437
vertex_17087,0.11115658755853182
vertex_17088,0.11057545503589504
vertex_17089,0.10556093210313425
vertex_17090,0.10578777609563146
vertex_17091,0.07748237241444371
vertex_17092,0.08487150429508866
vertex_17093,0.09778841272774343
vertex_17094,0.09433672380577067
vertex_17095,0.1081489920699559
vertex_17096,0.22018932503237965
vertex_17097,0.18205805369780237
vertex_17098,0.205263341677667
vertex_17099,0.18965325586567608
vertex_17100,0.16702217956559134
vertex_17101,0.14900487365111775
vertex_17102,0.1807988065786462
vertex_17103,0.2111585228560187
vertex_17104,0.198331424785463
vertex_17105,0.21870124286594506
vertex_17106,0.19768378033647424
vertex_17107,0.19985103867422155
vertex_17108,0.30003133770173973
vertex_17109,0.1586977770658721
vertex_17110,0.17210636921256128
vertex_17111,0.15442438918355172
vertex_17112,0.2072323448542341
vertex_17113,0.2253789499752784
vertex_17114,0.23821655677798906
vertex_17115,0.29774387053710066
vertex_17116,0.2922145026954321
vertex_17117,0.13377796033289224
vertex_17118,0.09954034586012597
vertex_17119,0.11590725732407454
vertex_17120,0.0994002425123782
vertex_17121,0.1348470940777062
vertex_17122,0.11683865797164811
vertex_17123,0.12920560881473228
vertex_17124,0.10614844012842106
vertex_17125,0.1079443695329537
vertex_17126,0.1300833401552168
vertex_17127,0.13899310677385132
vertex_17128,0.1395374056851619
vertex_17129,0.14956937688137956
vertex_17130,0.1641554775263974
vertex_17131,0.0467435113606959
vertex_17132,0.076838393235388
vertex_17133,0.07782630920074875
vertex_17134,0.05079681179270887
vertex_17135,0.06220494516922061
vertex_17136,0.07881393586066038
vertex_17137,0.08619033659209244
vertex_17138,0.084478878650169
vertex_17139,0.08113684653115656
vertex_17140,0.09499874793299032
vertex_17141,0.12282264636041192
vertex_17142,0.11451990803600287
vertex_17143,0.1360620861175759
vertex_17144,0.17894199527753246
vertex_17145,0.19211091952197618
vertex_17146,0.17700673759229762
vertex_17147,0.21805864601671193
vertex_17148,0.2624429392468423
vertex_17149,0.21508431642964732
vertex_17150,0.21916540852163494
vertex_17151,0.23083131736323634
vertex_17152,0.2542545086624969
vertex_17153,0.3078607632470175
vertex_17154,0.35624597254643486
vertex_17155,0.34141302721067146
vertex_17156,0.36999893599299744
vertex_17157,0.3324760020158667
vertex_17158,0.06176556109526218
vertex_17159,0.06132561789754043
vertex_17160,0.06836862340453835
vertex_17161,0.09277129656316964
vertex_17162,0.09937854779258462
vertex_17163,0.10122253471537168
vertex_17164,0.10535040858359365
vertex_17165,0.07519922937975358
vertex_17166,0.08751036367163895
vertex_17167,0.09642475663895145
vertex_17168,0.11108235738351091
vertex_17169,0.106544148570361
vertex_17170,0.11801600147227932
vertex_17171,0.11685346810943054
vertex_17172,0.060350293317517734
vertex_17173,0.06850412288022704
vertex_17174,0.06157550685464151
vertex_17175,0.055933759757830825
vertex_17176,0.08683529973631667
vertex_17177,0.11925323976016054
vertex_17178,0.10815983059131465
vertex_17179,0.11952372429595007
vertex_17180,0.1106054903320964
vertex_17181,0.1257411826123703
vertex_17182,0.10848503633924612
vertex_17183,0.09542739573764127
vertex_17184,0.09513897511749138
vertex_17185,0.10415494485165146
vertex_17186,0.09906778029940153
vertex_17187,0.11768665858214516
vertex_17188,0.11056605688969227
vertex_17189,0.10851326343756292
vertex_17190,0.10648596788218119
vertex_17191,0.08738716382747495
vertex_17192,0.124134804808984
vertex_17193,0.13706866604789855
vertex_17194,0.14480485448935118
vertex_17195,0.13477413198412846
vertex_17196,0.1261056765659308
vertex_17197,0.12180015577595117
vertex_17198,0.021043127939115034
vertex_17199,0.029155114128899057
vertex_17200,0.026730750638922034
vertex_17201,0.03283674964028423
vertex_17202,0.04364469242418297
vertex_17203,0.03905033698929441
vertex_17204,0.03716136924805316
vertex_17205,0.04079081421147427
vertex_17206,0.05287488979591648
vertex_17207,0.047868077212697854
vertex_17208,0.06237027232348992
vertex_17209,0.05672454125812735
vertex_17210,0.08075554535612832
vertex_17211,0.10021954231050756
vertex_17212,0.043385760463569976
vertex_17213,0.04648286856731242
vertex_17214,0.05224237119640338
vertex_17215,0.05968354725354192
vertex_17216,0.0598442050591771
vertex_17217,0.06653143636722036
vertex_17218,0.08328215383297241
vertex_17219,0.06795430810091524
vertex_17220,0.06696677195907669
vertex_17221,0.06984004396906146
vertex_17222,0.08462189128204561
vertex_17223,0.09586978360289033
vertex_17224,0.09198789639890047
vertex_17225,0.09865253999670856
vertex_17226,0.07819719411829776
vertex_17227,0.084953376816877
vertex_17228,0.08920128986448243
vertex_17229,0.09821204648323265
vertex_17230,0.09126901115164428
vertex_17231,0.07833315202109294
vertex_17232,0.07251873889601425
vertex_17233,0.11972887637212161
vertex_17234,0.13242712901542297
vertex_17235,0.1516627809319324
vertex_17236,0.1132110462135424
vertex_17237,0.11547747790668979
vertex_17238,0.11137139177969364
vertex_17239,0.015343793580597807
vertex_17240,0.018270006129310627
vertex_17241,0.01326898618971201
vertex_17242,0.021308823746262688
vertex_17243,0.024129445505259094
vertex_17244,0.02875631604095975
vertex_17245,0.032337348503263336
vertex_17246,0.025594566854111392
vertex_17247,0.02921733159758797
vertex_17248,0.033869586094090055
vertex_17249,0.03426456823268251
vertex_17250,0.04327891139985904
vertex_17251,0.04546638474408075
vertex_17252,0.05261255474013325
vertex_17253,0.044160336229788974
vertex_17254,0.03263622120700991
vertex_17255,0.03652684118546909
vertex_17256,0.055289844454318955
vertex_17257,0.0639297627878194
vertex_17258,0.06256486493272603
vertex_17259,0.0711640387654917
vertex_17260,0.08598900696616693
vertex_17261,0.08462695179479689
vertex_17262,0.07904256100596345
vertex_17263,0.06776067779143748
vertex_17264,0.0801127513678133
vertex_17265,0.04381986700663806
vertex_17266,0.024382046737389033
vertex_17267,0.02793169046104396
vertex_17268,0.013117822235741533
vertex_17269,0.014981986708785065
vertex_17270,0.03665374661077344
vertex_17271,0.09346748410500888
vertex_17272,0.09643628304610183
vertex_17273,0.14529852713713742
vertex_17274,0.06351815019189049
vertex_17275,0.030354351685939706
vertex_17276,0.046925236498970284
vertex_17277,0.06745723958012442
vertex_17278,0.0888099797108191
vertex_17279,0.05309914183253963
vertex_17280,0.051186793195443406
vertex_17281,0.04009445912383499
vertex_17282,0.050817599609853596
vertex_17283,0.03323928900831606
vertex_17284,0.03645350460980279
vertex_17285,0.05002743886513019
vertex_17286,0.038856183643026246
vertex_17287,0.025928910057152185
vertex_17288,0.023950114473706343
vertex_17289,0.03897915758394074
vertex_17290,0.026214428699225634
vertex_17291,0.0334533114157904
vertex_17292,0.025930523267585173
vertex_17293,0.026995817876091354
vertex_17294,0.04986822456434575
vertex_17295,0.030945075944726688
vertex_17296,0.026772088297246553
vertex_17297,0.03513251831820951
vertex_17298,0.03180930438748754
vertex_17299,0.03396489191141164
vertex_17300,0.03571070947741834
vertex_17301,0.03863360042758216
vertex_17302,0.046492575892933284
vertex_17303,0.04110995599821779
vertex_17304,0.03314617973146606
vertex_17305,0.03267533849411104
vertex_17306,0.02816607910848124
vertex_17307,0.06878076993082732
vertex_17308,0.0988488418196687
vertex_17309,0.07057196041161191
vertex_17310,0.07295236606218043
vertex_17311,0.07606479472084897
vertex_17312,0.040863848293300115
vertex_17313,0.04428322507306588
vertex_17314,0.04679491508775822
vertex_17315,0.03193250733140032
vertex_17316,0.03076708210472185
vertex_17317,0.04709356835058329
vertex_17318,0.06356967868904571
vertex_17319,0.07098753424688638
vertex_17320,0.06210444572687305
vertex_17321,0.21956976463103817
vertex_17322,0.2184906806191794
vertex_17323,0.29715682617721834
vertex_17324,0.28385777941726315
vertex_17325,0.2981803938219271
vertex_17326,0.13351336723876986
vertex_17327,0.1557010229626342
vertex_17328,0.07341551895111657
vertex_17329,0.19123001476096602
vertex_17330,0.344398627695251
vertex_17331,0.3030961688186618
vertex_17332,0.32013321436976316
vertex_17333,0.24292864704931924
vertex_17334,0.26987856975209124
vertex_17335,0.1308042176077297
vertex_17336,0.13665617359992974
vertex_17337,0.15982053009821068
vertex_17338,0.1821513584198831
vertex_17339,0.19157321829439186
vertex_17340,0.20488121917539215
vertex_17341,0.17046857547594274
vertex_17342,0.19521503761315423
vertex_17343,0.18554808366156728
vertex_17344,0.19077279345023124
vertex_17345,0.21719568232412761
vertex_17346,0.1922636804850489
vertex_17347,0.20393358360390149
vertex_17348,0.2616676686322232
vertex_17349,0.2214224414180668
vertex_17350,0.23709093239733395
vertex_17351,0.16447202669678218
vertex_17352,0.20218768742937832
vertex_17353,0.12742789872977753
vertex_17354,0.1646136034750228
vertex_17355,0.13012263899024626
vertex_17356,0.09976403702940545
vertex_17357,0.1378072243947604
vertex_17358,0.1628268362673715
vertex_17359,0.11574545067482502
vertex_17360,0.069984890763282
vertex_17361,0.03945324083700659
vertex_17362,0.14812288027444687
vertex_17363,0.14022987284907149
vertex_17364,0.1379214585575862
vertex_17365,0.1521253583276513
vertex_17366,0.17621293881111572
vertex_17367,0.11420272693078738
vertex_17368,0.09699961320785902
vertex_17369,0.07836139451605618
vertex_17370,0.08918277803061936
vertex_17371,0.05663922520726831
vertex_17372,0.039346375495812665
vertex_17373,0.056795671170192644
vertex_17374,0.06270781344753182
vertex_17375,0.05674209907684244
vertex_17376,0.37181062789163427
vertex_17377,0.3424920488839419
vertex_17378,0.33714940242380087
vertex_17379,0.2929676103899754
vertex_17380,0.22637142565890922
vertex_17381,0.18280674275843734
vertex_17382,0.1816946413487839
vertex_17383,0.18308288894194022
vertex_17384,0.17339043475409222
vertex_17385,0.14079997499549407
vertex_17386,0.07133470199931086
vertex_17387,0.09538820216412143
vertex_17388,0.05496348510466524
vertex_17389,0.03607607305224979
vertex_17390,0.027538243179939657
vertex_17391,0.05393227564306774
vertex_17392,0.07239869530024283
vertex_17393,0.08617489371252811
vertex_17394,0.2095655401657364
vertex_17395,0.18799937094942085
vertex_17396,0.18886927815047824
vertex_17397,0.13715104955256455
vertex_17398,0.1095277785778746
vertex_17399,0.08215146025553384
vertex_17400,0.10415266838033888
vertex_17401,0.08385422592763662
vertex_17402,0.08669119019594453
vertex_17403,0.06088108004739808
vertex_17404,0.06485465558682756
vertex_17405,0.06558015218555235
vertex_17406,0.06005188215581864
vertex_17407,0.05709434856944203
vertex_17408,0.11033397657043599
vertex_17409,0.11314049708465329
vertex_17410,0.10774658980357732
vertex_17411,0.10795743449650586
vertex_17412,0.1078522588238444
vertex_17413,0.08409412830848709
vertex_17414,0.0975085681651056
vertex_17415,0.13418161962123473
vertex_17416,0.1533739359581619
vertex_17417,0.16297813013908172
vertex_17418,0.1403339239970393
vertex_17419,0.1627404359846407
vertex_17420,0.16071671725954972
vertex_17421,0.1444035786014226
vertex_17422,0.10925828692630732
vertex_17423,0.09858993482159564
vertex_17424,0.10102427245236964
vertex_17425,0.09370664230607623
vertex_17426,0.11527448203648326
vertex_17427,0.1096334362984534
vertex_17428,0.10987378647183829
vertex_17429,0.13539922679619382
vertex_17430,0.12882578866576955
vertex_17431,0.13120134042151874
vertex_17432,0.13256702104954887
vertex_17433,0.07750717522660826
vertex_17434,0.10089237214130357
vertex_17435,0.031090130255246172
vertex_17436,0.028499200507884244
vertex_17437,0.03045478727807493
vertex_17438,0.028343407538829465
vertex_17439,0.017487552378896844
vertex_17440,0.027773569260500546
vertex_17441,0.01209181935471826
vertex_17442,0.021303138622653678
vertex_17443,0.023408848119521427
vertex_17444,0.07422595475786932
vertex_17445,0.057695944228378246
vertex_17446,0.07074524743544865
vertex_17447,0.07323177223939066
vertex_17448,0.061526704234452285
vertex_17449,0.1259304641329552
vertex_17450,0.1053835584288802
vertex_17451,0.07505296457967318
vertex_17452,0.08493842055334905
vertex_17453,0.10243673353420117
vertex_17454,0.10135317861325815
vertex_17455,0.05621296112196802
vertex_17456,0.038349679163279235
vertex_17457,0.03839550239540739
vertex_17458,0.05966764005855372
vertex_17459,0.05851192641155044
vertex_17460,0.0516375324261859
vertex_17461,0.06144945086507111
vertex_17462,0.07594341410083505
vertex_17463,0.08110117135811425
vertex_17464,0.10315225907955146
vertex_17465,0.04946703122195256
vertex_17466,0.06081125446132634
vertex_17467,0.05351295307237002
vertex_17468,0.05094499438693855
vertex_17469,0.051566171543591464
vertex_17470,0.05504853002370322
vertex_17471,0.05649811905308341
vertex_17472,0.05556806897940968
vertex_17473,0.05946563765790617
vertex_17474,0.058965436192705056
vertex_17475,0.053561776738753
vertex_17476,0.03293398221914216
vertex_17477,0.03410232619409264
vertex_17478,0.0433172608222669
vertex_17479,0.043181597818372795
vertex_17480,0.03892203240903646
vertex_17481,0.04868852369366983
vertex_17482,0.05698276116647025
vertex_17483,0.04897523804356432
vertex_17484,0.05651346688330382
vertex_17485,0.10640035521673169
vertex_17486,0.1178090172196479
vertex_17487,0.11915249220854211
vertex_17488,0.12172672016803854
vertex_17489,0.11143455090987048
vertex_17490,0.12284706416950159
vertex_17491,0.12352750185908538
vertex_17492,0.11537322725603856
vertex_17493,0.10304974578063289
vertex_17494,0.05755503317178409
vertex_17495,0.08537327370491266
vertex_17496,0.05552260718956062
vertex_17497,0.06714318385334678
vertex_17498,0.06745367990067777
vertex_17499,0.06748718847116782
vertex_17500,0.06738524384195294
vertex_17501,0.06208087818629576
vertex_17502,0.06262219365340757
vertex_17503,0.07397535181836308
vertex_17504,0.05429387905945286
vertex_17505,0.0639690850722199
vertex_17506,0.05656604840855678
vertex_17507,0.07823859917366331
vertex_17508,0.07809469951049822
vertex_17509,0.08222953620541827
vertex_17510,0.13158915070156774
vertex_17511,0.10628521003872143
vertex_17512,0.059642200204402064
vertex_17513,0.07209914342147984
vertex_17514,0.051015818555873275
vertex_17515,0.08055608065739923
vertex_17516,0.0712041098951077
vertex_17517,0.08729374752954364
vertex_17518,0.09926798178484277
vertex_17519,0.09512625920966082
vertex_17520,0.11400194807671139
vertex_17521,0.09144668002732642
vertex_17522,0.07200062638819237
vertex_17523,0.06779274411035753
vertex_17524,0.060905194139042634
vertex_17525,0.046811145466122826
vertex_17526,0.04675443069409779
vertex_17527,0.05623328883504081
vertex_17528,0.06974901233981894
vertex_17529,0.0594408402796544
vertex_17530,0.12054037234265258
vertex_17531,0.11695825848774202
vertex_17532,0.10932005631864075
vertex_17533,0.12376557690115253
vertex_17534,0.09430433934091867
vertex_17535,0.06538343260408012
vertex_17536,0.05456189050701215
vertex_17537,0.06327216646473849
vertex_17538,0.0557287799781024
vertex_17539,0.07863032913026151
vertex_17540,0.09699552555596788
vertex_17541,0.10192867971481763
vertex_17542,0.11555715284437079
vertex_17543,0.08468866023003796
vertex_17544,0.08675997313541962
vertex_17545,0.06958775140329121
vertex_17546,0.06291047244934624
vertex_17547,0.07417372280707914
vertex_17548,0.07172337495480788
vertex_17549,0.0810056208959569
vertex_17550,0.09089705383927202
vertex_17551,0.11807370598520864
vertex_17552,0.09890140056336377
vertex_17553,0.09197837286059393
vertex_17554,0.09887546115220615
vertex_17555,0.09426810562032768
vertex_17556,0.07345368427098797
vertex_17557,0.06960319195822477
vertex_17558,0.07068251539843096
vertex_17559,0.07591203082977004
vertex_17560,0.0805254935441986
vertex_17561,0.07827573277537457
vertex_17562,0.1063615610743955
vertex_17563,0.08781426343556738
vertex_17564,0.07246909702409905
vertex_17565,0.06447589755388827
vertex_17566,0.05495501943113999
vertex_17567,0.0954199459145628
vertex_17568,0.11340223606086457
vertex_17569,0.12024504696561589
vertex_17570,0.1342338713997641
vertex_17571,0.10731893356314168
vertex_17572,0.13334194090071153
vertex_17573,0.08062499261822312
vertex_17574,0.08385220748208709
vertex_17575,0.09096784673469287
vertex_17576,0.08935889006985809
vertex_17577,0.10217175238338627
vertex_17578,0.09200152756068715
vertex_17579,0.07590886551447291
vertex_17580,0.09112192632032344
vertex_17581,0.08143113328711551
vertex_17582,0.07058629591177433
vertex_17583,0.06317011638702932
vertex_17584,0.05495409612522206
vertex_17585,0.06607174804127698
vertex_17586,0.08754666125593094
vertex_17587,0.09398145511952849
vertex_17588,0.060408780610455785
vertex_17589,0.07264541933302039
vertex_17590,0.05546920596835525
vertex_17591,0.04342850093716724
vertex_17592,0.06627206956564469
vertex_17593,0.05916680911714764
vertex_17594,0.07848156195464222
vertex_17595,0.07977329112950572
vertex_17596,0.07771840536389368
vertex_17597,0.07679181074046491
vertex_17598,0.07939742523525584
vertex_17599,0.06661692859445349
vertex_17600,0.06929154705828133
vertex_17601,0.05586293149088593
vertex_17602,0.06512924490316409
vertex_17603,0.05489358221424459
vertex_17604,0.06792588842297513
vertex_17605,0.06607383740506446
vertex_17606,0.06543949846079307
vertex_17607,0.06631514643366837
vertex_17608,0.07023239872794841
vertex_17609,0.06540844943269669
vertex_17610,0.039343184662257925
vertex_17611,0.030170857134206367
vertex_17612,0.04062902101069434
vertex_17613,0.0397692190349363
vertex_17614,0.04458690556080415
vertex_17615,0.0351853745755135
vertex_17616,0.03370557099127182
vertex_17617,0.04102953389015145
vertex_17618,0.048112066881391725
vertex_17619,0.03861601075905617
vertex_17620,0.0371759111691427
vertex_17621,0.10694107727481533
vertex_17622,0.1378413183471775
vertex_17623,0.13923221195495575
vertex_17624,0.14028752766777922
vertex_17625,0.11296460978275681
vertex_17626,0.09456368647741462
vertex_17627,0.09683809790042341
vertex_17628,0.10178803225255213
vertex_17629,0.10333721468989424
vertex_17630,0.10432893023167228
vertex_17631,0.08376226402384243
vertex_17632,0.28545204033358
vertex_17633,0.2944389617852868
vertex_17634,0.3250980079676168
vertex_17635,0.29977225688600867
vertex_17636,0.25065102064464884
vertex_17637,0.2858231665872651
vertex_17638,0.24964672969809695
vertex_17639,0.2432055592964975
vertex_17640,0.23357372343917562
vertex_17641,0.23415574904589512
vertex_17642,0.11863921527153967
vertex_17643,0.15062446823219508
vertex_17644,0.1563895581108447
vertex_17645,0.15461631244637136
vertex_17646,0.11879506592802315
vertex_17647,0.09147656363757668
vertex_17648,0.12049032092773956
vertex_17649,0.1126748506228696
vertex_17650,0.0831845471035826
vertex_17651,0.1065813920283225
vertex_17652,0.12565332392801357
vertex_17653,0.14537631612783375
vertex_17654,0.05402262739919628
vertex_17655,0.05682269749539237
vertex_17656,0.05800736438327479
vertex_17657,0.1004776025755576
vertex_17658,0.09259216954356092
vertex_17659,0.12438566982511345
vertex_17660,0.12139879047523867
vertex_17661,0.08316354410200424
vertex_17662,0.062214898557194455
vertex_17663,0.08985933597421529
vertex_17664,0.07194092992865027
vertex_17665,0.06841437254884948
vertex_17666,0.0696876628423496
vertex_17667,0.07237826230926812
vertex_17668,0.054269043849271725
vertex_17669,0.04412808706032571
vertex_17670,0.054994056017916335
vertex_17671,0.052838704969541336
vertex_17672,0.05230583602719188
vertex_17673,0.05636568436156174
vertex_17674,0.06841315716282012
vertex_17675,0.07032796692448706
vertex_17676,0.07669216102072816
vertex_17677,0.08742307500496464
vertex_17678,0.0946554751710017
vertex_17679,0.07934473154392199
vertex_17680,0.07853319211380569
vertex_17681,0.08616739378998477
vertex_17682,0.0785308630315231
vertex_17683,0.10028303573070275
vertex_17684,0.08656963716363004
vertex_17685,0.07321317910736068
vertex_17686,0.05966415351646265
vertex_17687,0.05636358200874142
vertex_17688,0.054140648818416175
vertex_17689,0.06297180214244963
vertex_17690,0.05294880445529377
vertex_17691,0.06004841982265357
vertex_17692,0.052113410695657836
vertex_17693,0.055036867753783573
vertex_17694,0.05467341711800164
vertex_17695,0.07660436188956993
vertex_17696,0.0721407443646378
vertex_17697,0.08806495306270128
vertex_17698,0.09779285890989001
vertex_17699,0.10215860190255636
vertex_17700,0.10007654629943356
vertex_17701,0.07964009902730376
vertex_17702,0.0488875281449877
vertex_17703,0.06876777486650097
vertex_17704,0.07339617653031895
vertex_17705,0.06769831223137299
vertex_17706,0.0716924215060579
vertex_17707,0.08450990790963016
vertex_17708,0.07485314213872872
vertex_17709,0.08525111948429209
vertex_17710,0.07834051821268567
vertex_17711,0.08266739119665938
vertex_17712,0.09028759865655729
vertex_17713,0.08878319454673297
vertex_17714,0.08267104232449664
vertex_17715,0.07471392642730712
vertex_17716,0.05963113305379035
vertex_17717,0.13172277457921844
vertex_17718,0.09780328109377046
vertex_17719,0.11154787521810781
vertex_17720,0.08521228884620653
vertex_17721,0.06934256897395501
vertex_17722,0.08102066244311079
vertex_17723,0.07746881055360497
vertex_17724,0.07236928967263669
vertex_17725,0.06581551879326918
vertex_17726,0.06413977025391708
vertex_17727,0.05062706415032174
vertex_17728,0.04796683485428145
vertex_17729,0.04084779869735956
vertex_17730,0.03438582216865702
vertex_17731,0.031425335039325535
vertex_17732,0.04805360482122387
vertex_17733,0.055772676947231335
vertex_17734,0.0497110981113728
vertex_17735,0.04618534509995776
vertex_17736,0.058264397122337906
vertex_17737,0.07278312061793135
vertex_17738,0.07142045674750147
vertex_17739,0.06562450355775779
vertex_17740,0.05518748217549738
vertex_17741,0.04462374312924461
vertex_17742,0.04394400815059974
vertex_17743,0.056868778093418046
vertex_17744,0.05028836935187734
vertex_17745,0.05095223722235661
vertex_17746,0.045203070384873006
vertex_17747,0.056513782144669816
vertex_17748,0.060331514619889254
vertex_17749,0.05520081228831553
vertex_17750,0.051743996990767024
vertex_17751,0.060887545067710845
vertex_17752,0.058064977467826656
vertex_17753,0.06973155742266528
vertex_17754,0.06606951205366354
vertex_17755,0.06555863752653764
vertex_17756,0.07465923894300873
vertex_17757,0.06828002684584752
vertex_17758,0.06396127128583268
vertex_17759,0.043293883880408744
vertex_17760,0.0382191302383819
vertex_17761,0.043684875899051075
vertex_17762,0.05756146309494175
vertex_17763,0.05162501665291233
vertex_17764,0.05330026222178144
vertex_17765,0.050777543912953596
vertex_17766,0.03170802762157916
vertex_17767,0.031400399549600125
vertex_17768,0.0666661294948348
vertex_17769,0.0641884492267824
vertex_17770,0.07636688991996024
vertex_17771,0.07540629907025036
vertex_17772,0.09410139649187571
vertex_17773,0.10655269323757695
vertex_17774,0.12609839997149558
vertex_17775,0.1248733120550141
vertex_17776,0.11953296131851072
vertex_17777,0.1222321420850272
vertex_17778,0.12365882607614766
vertex_17779,0.08956797757317954
vertex_17780,0.08926041410537941
vertex_17781,0.07580502233186823
vertex_17782,0.06050217952378113
vertex_17783,0.07148452899964042
vertex_17784,0.06636990771892788
vertex_17785,0.0705822538665825
vertex_17786,0.06254108892588835
vertex_17787,0.06185364751851736
vertex_17788,0.06981393712288202
vertex_17789,0.1367721662834699
vertex_17790,0.10076014378288109
vertex_17791,0.10136034088241976
vertex_17792,0.07024662837960338
vertex_17793,0.05006809188451122
vertex_17794,0.08409275258512582
vertex_17795,0.07751924529632304
vertex_17796,0.06215964938427241
vertex_17797,0.05691732961006848
vertex_17798,0.05286587212601134
vertex_17799,0.05020546104882292
vertex_17800,0.055349253178271884
vertex_17801,0.05998792531704966
vertex_17802,0.058270608043753336
vertex_17803,0.06044492904313623
vertex_17804,0.06011277914042808
vertex_17805,0.05643842761201178
vertex_17806,0.05785539201372173
vertex_17807,0.06742000490324422
vertex_17808,0.06894765179422148
vertex_17809,0.1104263635279233
vertex_17810,0.11377904013423726
vertex_17811,0.11819719412893916
vertex_17812,0.11921525604098088
vertex_17813,0.11876408126057407
vertex_17814,0.12032008242224695
vertex_17815,0.08330336557844835
vertex_17816,0.10982211983671433
vertex_17817,0.10615608468346105
vertex_17818,0.0985026832141149
vertex_17819,0.07195749600543098
vertex_17820,0.07674527116815087
vertex_17821,0.05146925275078813
vertex_17822,0.05921743023960074
vertex_17823,0.07934363554730581
vertex_17824,0.06279518341477355
vertex_17825,0.08863421010158729
vertex_17826,0.07144313551052635
vertex_17827,0.09713119147236336
vertex_17828,0.10325457146387251
vertex_17829,0.11606133419783562
vertex_17830,0.09902310777807147
vertex_17831,0.09487929288350741
vertex_17832,0.10663152231146283
vertex_17833,0.08636749521165975
vertex_17834,0.0977729069326163
vertex_17835,0.07945199126997034
vertex_17836,0.08793088289383423
vertex_17837,0.08633523459785904
vertex_17838,0.07626767329860594
vertex_17839,0.06744384292238184
vertex_17840,0.063754253361828
vertex_17841,0.05180158299478504
vertex_17842,0.050924711050392577
vertex_17843,0.040286458044847304
vertex_17844,0.051816691322228464
vertex_17845,0.043286894451684335
vertex_17846,0.04854945645187268
vertex_17847,0.04272868354306994
vertex_17848,0.05363890595785591
vertex_17849,0.03519904886103461
vertex_17850,0.06565802473341809
vertex_17851,0.10484447870410982
vertex_17852,0.06625264254218295
vertex_17853,0.06319019833128522
vertex_17854,0.06593394188952595
vertex_17855,0.08007590833571866
vertex_17856,0.12873192982453385
vertex_17857,0.08179269764988854
vertex_17858,0.09408891736732299
vertex_17859,0.08915977235485142
vertex_17860,0.05721381639635009
vertex_17861,0.050989598847643564
vertex_17862,0.048736047637104235
vertex_17863,0.07454680440691615
vertex_17864,0.08756745544404727
vertex_17865,0.11471694352780236
vertex_17866,0.11383111049859411
vertex_17867,0.11310190579334543
vertex_17868,0.10060072011691604
vertex_17869,0.10175136155029418
vertex_17870,0.10831145593799239
vertex_17871,0.1219271655819423
vertex_17872,0.11612711612574603
vertex_17873,0.09498642579208322
vertex_17874,0.11605789352169557
vertex_17875,0.08222380964932684
vertex_17876,0.07915628068676914
vertex_17877,0.09058340862682021
vertex_17878,0.084984315504284
vertex_17879,0.0733227672783857
vertex_17880,0.08110184173758277
vertex_17881,0.0631564181896357
vertex_17882,0.07607214173236812
vertex_17883,0.06172975392330446
vertex_17884,0.05279232095731231
vertex_17885,0.06738662216621673
vertex_17886,0.07439294694993888
vertex_17887,0.08985605125080669
vertex_17888,0.0665808098117378
vertex_17889,0.05433400236177554
vertex_17890,0.05066481908217066
vertex_17891,0.040633279539703956
vertex_17892,0.03683874130296552
vertex_17893,0.04873323405679486
vertex_17894,0.06465900543170133
vertex_17895,0.05341383101360734
vertex_17896,0.055901630790832914
vertex_17897,0.04202803287344091
vertex_17898,0.035012429627182984
vertex_17899,0.048540445922317224
vertex_17900,0.03602474101035743
vertex_17901,0.04038615632937583
vertex_17902,0.04142333960966691
vertex_17903,0.05463364778699653
vertex_17904,0.05109479406763119
vertex_17905,0.04493849342541147
vertex_17906,0.055267447828142434
vertex_17907,0.05623103314582286
vertex_17908,0.04719715584863899
vertex_17909,0.05535467953518853
vertex_17910,0.046670851486502136
vertex_17911,0.04433995084357005
vertex_17912,0.02429555985167739
vertex_17913,0.022923050790180605
vertex_17914,0.025287025355981676
vertex_17915,0.03635700072453349
vertex_17916,0.02805392027572472
vertex_17917,0.02684225183406594
vertex_17918,0.01855089476872461
vertex_17919,0.0398667262606547
vertex_17920,0.022162630208300844
vertex_17921,0.019690537187394913
vertex_17922,0.02502984486403971
vertex_17923,0.03048527295456245
vertex_17924,0.04306183536237669
vertex_17925,0.05204539318763827
vertex_17926,0.03171741240762199
vertex_17927,0.05210592462805237
vertex_17928,0.03941299630866609
vertex_17929,0.0356169915116656
vertex_17930,0.04627369887746515
vertex_17931,0.03622510590283487
vertex_17932,0.05278440507207591
vertex_17933,0.02413528987906318
vertex_17934,0.027011699693769518
vertex_17935,0.05531239797434475
vertex_17936,0.07211158438422181
vertex_17937,0.06499638985276415
vertex_17938,0.055275471326764185
vertex_17939,0.07697609905240971
vertex_17940,0.05767272925195745
vertex_17941,0.06150372574684012
vertex_17942,0.09469864603474548
vertex_17943,0.12816439558843754
vertex_17944,0.11598624001877562
vertex_17945,0.07500945020330244
vertex_17946,0.10068981200308874
vertex_17947,0.11261844466185764
vertex_17948,0.09555203907942929
vertex_17949,0.10925423513664714
vertex_17950,0.08826633066315095
vertex_17951,0.07210856331388743
vertex_17952,0.09688632122473627
vertex_17953,0.0899889954894492
vertex_17954,0.07647952743508334
vertex_17955,0.10330125567140622
vertex_17956,0.0984005272588823
vertex_17957,0.04697680816607906
vertex_17958,0.0579911200727845
vertex_17959,0.017250908689994817
vertex_17960,0.020230971692601626
vertex_17961,0.03187696662104283
vertex_17962,0.03861805286821123
vertex_17963,0.03265082421078443
vertex_17964,0.046637504306998465
vertex_17965,0.05536529718449255
vertex_17966,0.12912043267791573
vertex_17967,0.07367982896213783
vertex_17968,0.15957605094805613
vertex_17969,0.15134443001569045
vertex_17970,0.15994165696163487
vertex_17971,0.1501218677625201
vertex_17972,0.20469952809229014
vertex_17973,0.1523520309255399
vertex_17974,0.14559839223525262
vertex_17975,0.16452055671889293
vertex_17976,0.18279853767410215
vertex_17977,0.13783087971722824
vertex_17978,0.1139719678744139
vertex_17979,0.11043802140160976
vertex_17980,0.08976505150271523
vertex_17981,0.08516979295117219
vertex_17982,0.0841345218287137
vertex_17983,0.07607052063777008
vertex_17984,0.09357838797017905
vertex_17985,0.11501251957463919
vertex_17986,0.11999569175852347
vertex_17987,0.09963285060317345
vertex_17988,0.0946009490068317
vertex_17989,0.0903609688049529
vertex_17990,0.09597264577320977
vertex_17991,0.08910452590422709
vertex_17992,0.08707455196291905
vertex_17993,0.08003308245809808
vertex_17994,0.06951948774520807
vertex_17995,0.05064005944112731
vertex_17996,0.047867901658164534
vertex_17997,0.0567491647816231
vertex_17998,0.24058411817981423
vertex_17999,0.20814887675365856
vertex_18000,0.2193721781553421
vertex_18001,0.17066451208001696
vertex_18002,0.15602334521302905
vertex_18003,0.20145203147353305
vertex_18004,0.17388850063446554
vertex_18005,0.1301246061848771
vertex_18006,0.1366020206677432
vertex_18007,0.13618342772555317
vertex_18008,0.13107822284735868
vertex_18009,0.1696865328709709
vertex_18010,0.14945493864221698
vertex_18011,0.07668295485749173
vertex_18012,0.07897352474351657
vertex_18013,0.1695118699881432
vertex_18014,0.16423878986103196
vertex_18015,0.17770589053838132
vertex_18016,0.2006447687956856
vertex_18017,0.22475784900489146
vertex_18018,0.2474631672649545
vertex_18019,0.22332489151175886
vertex_18020,0.23666912677457058
vertex_18021,0.23140998772286353
vertex_18022,0.25367254847173
vertex_18023,0.20116904103049266
vertex_18024,0.21932704394893576
vertex_18025,0.20232986236247927
vertex_18026,0.19887179825695842
vertex_18027,0.21298049418189308
vertex_18028,0.2309475806508711
vertex_18029,0.11955434155173479
vertex_18030,0.09166662372518283
vertex_18031,0.11235972434627065
vertex_18032,0.09872075228997795
vertex_18033,0.07734179181223193
vertex_18034,0.09025158807813495
vertex_18035,0.07226594166556331
vertex_18036,0.1063910613145888
vertex_18037,0.12487926754864757
vertex_18038,0.08786058532300955
vertex_18039,0.09803962281621255
vertex_18040,0.06065279562254119
vertex_18041,0.06692350376086283
vertex_18042,0.07343082862155245
vertex_18043,0.07854068037997491
vertex_18044,0.06549329415979083
vertex_18045,0.0647894953402226
vertex_18046,0.084974249436673
vertex_18047,0.07784939934545325
vertex_18048,0.0911457495126357
vertex_18049,0.10315960540418528
vertex_18050,0.11755659763067243
vertex_18051,0.15337776682734977
vertex_18052,0.1632354430072027
vertex_18053,0.22861310019263667
vertex_18054,0.21096314618666145
vertex_18055,0.2560722493124993
vertex_18056,0.24164599046443477
vertex_18057,0.19625335740639382
vertex_18058,0.17141141787807407
vertex_18059,0.1479764013806298
vertex_18060,0.16890780568518451
vertex_18061,0.09593605212875042
vertex_18062,0.09870588160476239
vertex_18063,0.104919220676867
vertex_18064,0.12020397638034158
vertex_18065,0.12220570067479979
vertex_18066,0.10979301756600023
vertex_18067,0.10563284834795877
vertex_18068,0.10476428903097756
vertex_18069,0.09383984109573423
vertex_18070,0.09795904788419638
vertex_18071,0.10753652182115028
vertex_18072,0.0751731772547581
vertex_18073,0.1172312352146981
vertex_18074,0.0931072806201584
vertex_18075,0.08502308300378611
vertex_18076,0.09493101594820327
vertex_18077,0.07754840073823616
vertex_18078,0.10006969179049523
vertex_18079,0.12356259092297345
vertex_18080,0.10995044301055323
vertex_18081,0.10974885810268888
vertex_18082,0.09785186061662159
vertex_18083,0.08049402780156603
vertex_18084,0.09441298501259605
vertex_18085,0.09557741242953197
vertex_18086,0.10502261767004542
vertex_18087,0.06788577961777605
vertex_18088,0.07524245061911675
vertex_18089,0.07879392725842364
vertex_18090,0.10848160474601742
vertex_18091,0.12029641317557432
vertex_18092,0.058961033112279994
vertex_18093,0.04727721055523011
vertex_18094,0.06546932232664912
vertex_18095,0.032497470923586284
vertex_18096,0.03396103683446761
vertex_18097,0.04267755484229515
vertex_18098,0.03979371305523642
vertex_18099,0.037848378903068455
vertex_18100,0.043320538498143636
vertex_18101,0.04417075216706857
vertex_18102,0.047170518612843985
vertex_18103,0.09984814837804004
vertex_18104,0.10392297561678117
vertex_18105,0.08809311383092096
vertex_18106,0.07403571894263884
vertex_18107,0.07457580731468981
vertex_18108,0.12905930098963944
vertex_18109,0.09261942753641042
vertex_18110,0.07478212485947824
vertex_18111,0.07142151592582792
vertex_18112,0.0773055691696221
vertex_18113,0.06927110377474785
vertex_18114,0.08832169380455589
vertex_18115,0.0930695583884766
vertex_18116,0.0934163534410523
vertex_18117,0.09725572773549711
vertex_18118,0.08182625570528743
vertex_18119,0.09398312055514359
vertex_18120,0.09205322372718794
vertex_18121,0.11423199366882196
vertex_18122,0.10299010269198285
vertex_18123,0.07535436193271125
vertex_18124,0.045133872229359766
vertex_18125,0.04759083139392049
vertex_18126,0.0422446246121085
vertex_18127,0.07233339496002772
vertex_18128,0.058414177917466406
vertex_18129,0.060659401140288456
vertex_18130,0.061310217817370956
vertex_18131,0.043526722719590676
vertex_18132,0.02747003153211721
vertex_18133,0.02077908523017061
vertex_18134,0.03175278375222401
vertex_18135,0.03907336985917535
vertex_18136,0.05759191301488365
vertex_18137,0.048108112671529264
vertex_18138,0.04504691524021098
vertex_18139,0.07425742473167464
vertex_18140,0.08496920827236326
vertex_18141,0.0828110618942321
vertex_18142,0.06216461445036682
vertex_18143,0.04195495815388608
vertex_18144,0.047283764026258675
vertex_18145,0.059737827134213835
vertex_18146,0.057138315130518924
vertex_18147,0.06496252502794818
vertex_18148,0.05570928284369627
vertex_18149,0.07594424757022326
vertex_18150,0.051480398981769315
vertex_18151,0.09818404384604786
vertex_18152,0.08732581533066971
vertex_18153,0.11773421378616154
vertex_18154,0.16308024360309825
vertex_18155,0.15662340580560988
vertex_18156,0.04847028500887447
vertex_18157,0.04004240046947826
vertex_18158,0.03428110915066896
vertex_18159,0.04352129792407764
vertex_18160,0.03137164305731181
vertex_18161,0.051600689230969575
vertex_18162,0.03933125726353133
vertex_18163,0.027980379761091082
vertex_18164,0.04218228498836979
vertex_18165,0.049524044752746355
vertex_18166,0.04916872448327941
vertex_18167,0.03326463483124938
vertex_18168,0.03136792992421436
vertex_18169,0.041754368810051776
vertex_18170,0.026519302894847316
vertex_18171,0.0424818214410468
vertex_18172,0.04549626622484063
vertex_18173,0.04740242262973137
vertex_18174,0.04588960252104211
vertex_18175,0.04288964529647709
vertex_18176,0.06447547786675804
vertex_18177,0.047867134978769696
vertex_18178,0.03341918686279689
vertex_18179,0.025962169841665047
vertex_18180,0.026686445657017253
vertex_18181,0.026088655969611865
vertex_18182,0.04364776387905307
vertex_18183,0.03240987134250889
vertex_18184,0.026034923977382947
vertex_18185,0.02856671820616283
vertex_18186,0.038850453647761525
vertex_18187,0.04794503945908138
vertex_18188,0.29690747218062535
vertex_18189,0.26375543137270135
vertex_18190,0.28508186574858213
vertex_18191,0.34488154255029885
vertex_18192,0.2404742617341066
vertex_18193,0.2698512202721329
vertex_18194,0.1911206582302901
vertex_18195,0.1393879255650219
vertex_18196,0.13377504177327493
vertex_18197,0.14104264642353798
vertex_18198,0.17791663892516232
vertex_18199,0.12551440446874104
vertex_18200,0.16082093912453246
vertex_18201,0.12184901310408093
vertex_18202,0.08632607506477451
vertex_18203,0.14105201755292524
vertex_18204,0.15020208218645564
vertex_18205,0.17678628884637373
vertex_18206,0.2126682248206563
vertex_18207,0.23255679083266126
vertex_18208,0.23255652950825642
vertex_18209,0.23897362691213783
vertex_18210,0.230803591283205
vertex_18211,0.21202540465753478
vertex_18212,0.16516699006269553
vertex_18213,0.1466105191862036
vertex_18214,0.18689230230524312
vertex_18215,0.17189975610437636
vertex_18216,0.15223014111568214
vertex_18217,0.11160998624425526
vertex_18218,0.0942134107431614
vertex_18219,0.107616812519431
vertex_18220,0.1999928826184626
vertex_18221,0.1712062969251741
vertex_18222,0.160009841790201
vertex_18223,0.1309919653639179
vertex_18224,0.13084419292992028
vertex_18225,0.1618697831157452
vertex_18226,0.14300970260338958
vertex_18227,0.13372134479135736
vertex_18228,0.12161886717813743
vertex_18229,0.1297224508503345
vertex_18230,0.16850517449899385
vertex_18231,0.21361489527155247
vertex_18232,0.24520032283696533
vertex_18233,0.2696073692846311
vertex_18234,0.29424334334065044
vertex_18235,0.26135355569289487
vertex_18236,0.16543174690563764
vertex_18237,0.21975425235671617
vertex_18238,0.20366811506603283
vertex_18239,0.17311169970809448
vertex_18240,0.14189235773629294
vertex_18241,0.17491923752929786
vertex_18242,0.1861646834721985
vertex_18243,0.1740489807318559
vertex_18244,0.1790380850329956
vertex_18245,0.2053295893522683
vertex_18246,0.21557926613332526
vertex_18247,0.20501746758173897
vertex_18248,0.23128380525656422
vertex_18249,0.22449192823508787
vertex_18250,0.17791406215013222
vertex_18251,0.14310775925786803
vertex_18252,0.06578198301703501
vertex_18253,0.0684006236407689
vertex_18254,0.09669887074766784
vertex_18255,0.11796260024932481
vertex_18256,0.11467186235993572
vertex_18257,0.12899872593670675
vertex_18258,0.12835994230369524
vertex_18259,0.10329616183403492
vertex_18260,0.1352530220209286
vertex_18261,0.13552075358337679
vertex_18262,0.13707264407188208
vertex_18263,0.16654637297570207
vertex_18264,0.1346881196234772
vertex_18265,0.12350237832190908
vertex_18266,0.09431903300726188
vertex_18267,0.10267352423891299
vertex_18268,0.08666107797228056
vertex_18269,0.0875973595633394
vertex_18270,0.11354254194868438
vertex_18271,0.12588814532238382
vertex_18272,0.091566029251299
vertex_18273,0.06676681900571789
vertex_18274,0.09308560003139374
vertex_18275,0.05421958090049639
vertex_18276,0.034378413084842616
vertex_18277,0.028939990659634776
vertex_18278,0.0260071110174202
vertex_18279,0.024028688776902722
vertex_18280,0.02422610490745181
vertex_18281,0.0201380186018436
vertex_18282,0.031974406306133865
vertex_18283,0.033080031926468634
vertex_18284,0.058997592958836324
vertex_18285,0.059816627654332384
vertex_18286,0.07108950026190114
vertex_18287,0.09454531262317958
vertex_18288,0.10203222359091643
vertex_18289,0.0971737449990948
vertex_18290,0.07820183485835418
vertex_18291,0.048774205952887
vertex_18292,0.07286520378223925
vertex_18293,0.0518022944606063
vertex_18294,0.04725066035908972
vertex_18295,0.06433514617607937
vertex_18296,0.0666942544352354
vertex_18297,0.07479063859990677
vertex_18298,0.07295448142916079
vertex_18299,0.0801113900628046
vertex_18300,0.0794717673099129
vertex_18301,0.04619415400385252
vertex_18302,0.046441739605768556
vertex_18303,0.055567581051973354
vertex_18304,0.059498480238959144
vertex_18305,0.07005620838781403
vertex_18306,0.07151613547435509
vertex_18307,0.05506179177023645
vertex_18308,0.06934805381471723
vertex_18309,0.0740540033938294
vertex_18310,0.07166033878948187
vertex_18311,0.07532238402691033
vertex_18312,0.07215444578661474
vertex_18313,0.07086779548673741
vertex_18314,0.0639841831273688
vertex_18315,0.080301234810772
vertex_18316,0.059175733250506686
vertex_18317,0.04937845108948974
vertex_18318,0.05551010583858896
vertex_18319,0.05185262034356908
vertex_18320,0.049501033992518546
vertex_18321,0.038428008501940045
vertex_18322,0.04444160348545759
vertex_18323,0.07453081559341798
vertex_18324,0.046056755288486774
vertex_18325,0.05033720671058501
vertex_18326,0.05400685936927373
vertex_18327,0.0805635121498761
vertex_18328,0.06593075526632405
vertex_18329,0.051617350959277365
vertex_18330,0.04254452201085084
vertex_18331,0.08461120899694079
vertex_18332,0.09718261235155964
vertex_18333,0.09130799996116164
vertex_18334,0.07269754497159851
vertex_18335,0.05602028398071383
vertex_18336,0.07539047630307054
vertex_18337,0.06470191396462802
vertex_18338,0.04562547109743746
vertex_18339,0.057335863750857696
vertex_18340,0.050677911771550815
vertex_18341,0.038944486870130746
vertex_18342,0.047682243691985635
vertex_18343,0.05784242971324212
vertex_18344,0.07373544770148975
vertex_18345,0.06724530817623714
vertex_18346,0.09584699156269619
vertex_18347,0.08625285288021062
vertex_18348,0.0647351879256411
vertex_18349,0.05223121200848079
vertex_18350,0.03573428213067657
vertex_18351,0.03458492683575315
vertex_18352,0.06336331570344342
vertex_18353,0.06490312199897352
vertex_18354,0.05103353922333058
vertex_18355,0.06583097221853233
vertex_18356,0.05780584140998567
vertex_18357,0.04481537448916295
vertex_18358,0.0463855969534898
vertex_18359,0.041446999256574336
vertex_18360,0.030071867934933504
vertex_18361,0.038307546529385623
vertex_18362,0.04296949870155178
vertex_18363,0.04589722241052321
vertex_18364,0.06271093474332885
vertex_18365,0.051230369147377254
vertex_18366,0.05239884779436625
vertex_18367,0.08239133436978503
vertex_18368,0.07313502610027985
vertex_18369,0.07659874956461782
vertex_18370,0.06684555223138787
vertex_18371,0.07027309958422355
vertex_18372,0.07955722621771986
vertex_18373,0.06642515732707376
vertex_18374,0.06838758938007428
vertex_18375,0.060266184908022644
vertex_18376,0.05499986096108828
vertex_18377,0.052344580320240607
vertex_18378,0.04367496014451955
vertex_18379,0.04051510873664867
vertex_18380,0.04592963934717003
vertex_18381,0.05036953485051616
vertex_18382,0.062040459572741284
vertex_18383,0.05144801449466879
vertex_18384,0.05767133842886235
vertex_18385,0.05182363982385245
vertex_18386,0.040138446884975705
vertex_18387,0.03411713137441244
vertex_18388,0.03807210118668833
vertex_18389,0.045909818078241904
vertex_18390,0.05851598150307434
vertex_18391,0.06513408271795007
vertex_18392,0.05011128527030449
vertex_18393,0.06204429153168846
vertex_18394,0.06543564795571578
vertex_18395,0.0593547168707322
vertex_18396,0.055889026901454406
vertex_18397,0.055002368754611716
vertex_18398,0.0851805760562297
vertex_18399,0.08430118179271885
vertex_18400,0.11408421150844913
vertex_18401,0.10102614938053309
vertex_18402,0.0960864569888793
vertex_18403,0.07272021466680634
vertex_18404,0.08569592492499566
vertex_18405,0.12265546502392265
vertex_18406,0.11865753246862865
vertex_18407,0.11848042229611147
vertex_18408,0.13851700724828928
vertex_18409,0.15033806163635807
vertex_18410,0.1425753545181968
vertex_18411,0.1261884987440118
vertex_18412,0.1376026069869886
vertex_18413,0.1236550138228719
vertex_18414,0.12284364491550723
vertex_18415,0.14135115069080173
vertex_18416,0.12844094785836124
vertex_18417,0.11979227929686499
vertex_18418,0.09026203353021138
vertex_18419,0.1292901972109934
vertex_18420,0.07040990209898383
vertex_18421,0.05157552550525818
vertex_18422,0.08116754653058568
vertex_18423,0.08855990662914237
vertex_18424,0.0747594072177118
vertex_18425,0.07444790147013643
vertex_18426,0.07767497873105232
vertex_18427,0.09914056783992768
vertex_18428,0.10098175708344476
vertex_18429,0.08466941138926103
vertex_18430,0.08051362958973612
vertex_18431,0.095064431888325
vertex_18432,0.07154377760465619
vertex_18433,0.09559517101073643
vertex_18434,0.10345655662489515
vertex_18435,0.08038976370635385
vertex_18436,0.07426019151644286
vertex_18437,0.06223760341126256
vertex_18438,0.07806966898037862
vertex_18439,0.09356851059181465
vertex_18440,0.07580747883054209
vertex_18441,0.09477931261459553
vertex_18442,0.09910065592557006
vertex_18443,0.09921368159115206
vertex_18444,0.08739771135030928
vertex_18445,0.09029856384859261
vertex_18446,0.08550052346641904
vertex_18447,0.07756643143139083
vertex_18448,0.07040423632845749
vertex_18449,0.08966069065328676
vertex_18450,0.07938382049222954
vertex_18451,0.07993857626499237
vertex_18452,0.07788744962224776
vertex_18453,0.10865837940999731
vertex_18454,0.06936949042027686
vertex_18455,0.07561337007244105
vertex_18456,0.05816026825562389
vertex_18457,0.04512225907607019
vertex_18458,0.05230967252733481
vertex_18459,0.04044905411530923
vertex_18460,0.039418677109777665
vertex_18461,0.04494183766104073
vertex_18462,0.056010353104867655
vertex_18463,0.04958507045505736
vertex_18464,0.07716133314237537
vertex_18465,0.07921271663322513
vertex_18466,0.061762942658528316
vertex_18467,0.047882098419353564
vertex_18468,0.06144456996191404
vertex_18469,0.07064975307865892
vertex_18470,0.057141876417803446
vertex_18471,0.04601790356223156
vertex_18472,0.055977636211851145
vertex_18473,0.0516953654702983
vertex_18474,0.07105972767482838
vertex_18475,0.11927470419936491
vertex_18476,0.0771689679938752
vertex_18477,0.11740646228408404
vertex_18478,0.16782248792301968
vertex_18479,0.12407962806303555
vertex_18480,0.10408004436513092
vertex_18481,0.06465989449590583
vertex_18482,0.07692370154855507
vertex_18483,0.0743132028323799
vertex_18484,0.05023347358419191
vertex_18485,0.04442597658665566
vertex_18486,0.04451708046653492
vertex_18487,0.048435751132589494
vertex_18488,0.03701930347798696
vertex_18489,0.03655613132970844
vertex_18490,0.046624944448100517
vertex_18491,0.042580429118903605
vertex_18492,0.10709754196879882
vertex_18493,0.07867570663925197
vertex_18494,0.06693606573775886
vertex_18495,0.07587333095636563
vertex_18496,0.08517240072885021
vertex_18497,0.08351100049085644
vertex_18498,0.059305150693225436
vertex_18499,0.06281508444657734
vertex_18500,0.06307263626745507
vertex_18501,0.08174050308417904
vertex_18502,0.07341690352393059
vertex_18503,0.12333918322946776
vertex_18504,0.10515885647037052
vertex_18505,0.11822875157054674
vertex_18506,0.11692413777178604
vertex_18507,0.10985698162761302
vertex_18508,0.10243843022005655
vertex_18509,0.0427049387961477
vertex_18510,0.041832333077264146
vertex_18511,0.04415857393700565
vertex_18512,0.03412976529246324
vertex_18513,0.04178532080414288
vertex_18514,0.016865057711568984
vertex_18515,0.028270787014872015
vertex_18516,0.04932646220651413
vertex_18517,0.05014767394031495
vertex_18518,0.04113045144814976
vertex_18519,0.035383916294493105
vertex_18520,0.04951941783523919
vertex_18521,0.0585574130573456
vertex_18522,0.048710413520619555
vertex_18523,0.049886771247945084
vertex_18524,0.04248253041996436
vertex_18525,0.028829459184927252
vertex_18526,0.037733873274402384
vertex_18527,0.03721330403797168
vertex_18528,0.022266656796844645
vertex_18529,0.020803175558522603
vertex_18530,0.03773168723782757
vertex_18531,0.03003380446696243
vertex_18532,0.0286443591081362
vertex_18533,0.028766996501013428
vertex_18534,0.03498895912379433
vertex_18535,0.0657326348477302
vertex_18536,0.07504959669655958
vertex_18537,0.06221876827952926
vertex_18538,0.06783216706815191
vertex_18539,0.08180172075901448
vertex_18540,0.05163717901265397
vertex_18541,0.04242248050698195
vertex_18542,0.03401907084790496
vertex_18543,0.038938272470240815
vertex_18544,0.0433081263910613
vertex_18545,0.04848589903481412
vertex_18546,0.053799051499940555
vertex_18547,0.06179684455505961
vertex_18548,0.07067682603960274
vertex_18549,0.06509878608046402
vertex_18550,0.05305771837377889
vertex_18551,0.05131186215157232
vertex_18552,0.04263836457806631
vertex_18553,0.041457440561473526
vertex_18554,0.04552641460775101
vertex_18555,0.051748316530186945
vertex_18556,0.06925220496543232
vertex_18557,0.0921909168054241
vertex_18558,0.08638596622002845
vertex_18559,0.07290641248856085
vertex_18560,0.057738601345723034
vertex_18561,0.054658341348089064
vertex_18562,0.04158094831009945
vertex_18563,0.026409343628064394
vertex_18564,0.016790202884016742
vertex_18565,0.026421378763326422
vertex_18566,0.20092627407351038
vertex_18567,0.19294455523651438
vertex_18568,0.18205988920204436
vertex_18569,0.146773000805552
vertex_18570,0.12991591736984823
vertex_18571,0.1180783263713069
vertex_18572,0.12244280496532028
vertex_18573,0.10450073508480785
vertex_18574,0.11970240617596707
vertex_18575,0.1416934766148382
vertex_18576,0.1650823966128363
vertex_18577,0.0613263494112457
vertex_18578,0.06992793782839817
vertex_18579,0.08812588604375678
vertex_18580,0.08857152915116363
vertex_18581,0.06246322077462522
vertex_18582,0.1284235149503129
vertex_18583,0.14546914876835584
vertex_18584,0.1560555683730623
vertex_18585,0.1571987042714913
vertex_18586,0.1281182390324556
vertex_18587,0.07108414166067728
vertex_18588,0.08731462381161685
vertex_18589,0.13578985984952585
vertex_18590,0.0865594078092925
vertex_18591,0.06316241284182143
vertex_18592,0.09666498437721968
vertex_18593,0.09082771034589625
vertex_18594,0.0769183375628115
vertex_18595,0.1183644557855276
vertex_18596,0.13621213349472383
vertex_18597,0.12551227600169815
vertex_18598,0.11246839983998867
vertex_18599,0.11378284810597207
vertex_18600,0.08174894769272102
vertex_18601,0.08891019349597588
vertex_18602,0.09239625835040471
vertex_18603,0.09691336073460258
vertex_18604,0.11581152677779315
vertex_18605,0.11595526295172344
vertex_18606,0.06829525763014374
vertex_18607,0.06966951122568942
vertex_18608,0.08702484608246804
vertex_18609,0.07615785544290239
vertex_18610,0.09335169021728339
vertex_18611,0.10082524279237436
vertex_18612,0.10193415042663284
vertex_18613,0.10071038446285788
vertex_18614,0.16421577681670338
vertex_18615,0.17368304427321285
vertex_18616,0.10728000753834299
vertex_18617,0.14186879813385297
vertex_18618,0.14365400533763936
vertex_18619,0.12901064593862813
vertex_18620,0.12235245712739187
vertex_18621,0.13527140783022154
vertex_18622,0.15999039799217396
vertex_18623,0.08694540085113714
vertex_18624,0.06530923337467516
vertex_18625,0.0896962182066234
vertex_18626,0.08064728703292907
vertex_18627,0.10625462816249794
vertex_18628,0.11523226627071492
vertex_18629,0.10371604686459555
vertex_18630,0.0872835367796502
vertex_18631,0.05371711266392896
vertex_18632,0.048227645478317996
vertex_18633,0.04691829574607478
vertex_18634,0.1490557871315442
vertex_18635,0.12504613043799348
vertex_18636,0.07890713487838669
vertex_18637,0.07891000394117775
vertex_18638,0.07925509268761993
vertex_18639,0.07462958150253012
vertex_18640,0.06513004838654704
vertex_18641,0.04948379265530138
vertex_18642,0.06266472041619917
vertex_18643,0.063640671487593
vertex_18644,0.060185065199919036
vertex_18645,0.07780296769524501
vertex_18646,0.10247652135283178
vertex_18647,0.08611219143419759
vertex_18648,0.09648236674150944
vertex_18649,0.09727030245137072
vertex_18650,0.09948695038215719
vertex_18651,0.1102163318232607
vertex_18652,0.07207747750907036
vertex_18653,0.061348666588634644
vertex_18654,0.07393274627226379
vertex_18655,0.062731860203883
vertex_18656,0.061435617118099
vertex_18657,0.0689912174652496
vertex_18658,0.06982654831212565
vertex_18659,0.06258189626648523
vertex_18660,0.07898971453315251
vertex_18661,0.08177352799988752
vertex_18662,0.08922362747982665
vertex_18663,0.07932007113577755
vertex_18664,0.09600588655148296
vertex_18665,0.09273529713015079
vertex_18666,0.07337092898523895
vertex_18667,0.08732290190292608
vertex_18668,0.08087457216904273
vertex_18669,0.07501589500529601
vertex_18670,0.09062655459790374
vertex_18671,0.10428902647548244
vertex_18672,0.07476446659366483
vertex_18673,0.07348794387467798
vertex_18674,0.0818650628111646
vertex_18675,0.08048266778810634
vertex_18676,0.08663896555593913
vertex_18677,0.0941182665411602
vertex_18678,0.0872807499005141
vertex_18679,0.07072081203494306
vertex_18680,0.08707781578972931
vertex_18681,0.0971509236563275
vertex_18682,0.09682542336247434
vertex_18683,0.06846430329635494
vertex_18684,0.03240262380199921
vertex_18685,0.048128747680863726
vertex_18686,0.03615650217293365
vertex_18687,0.03533289194400282
vertex_18688,0.04647569367187334
vertex_18689,0.04695820102473183
vertex_18690,0.04838186856550191
vertex_18691,0.04533635687117388
vertex_18692,0.034904571110825004
vertex_18693,0.04695173681105234
vertex_18694,0.04297763628363892
vertex_18695,0.04191151834409973
vertex_18696,0.05130507466363296
vertex_18697,0.041201390226812004
vertex_18698,0.04680900416323447
vertex_18699,0.07127917782473221
vertex_18700,0.08998548606924882
vertex_18701,0.10239898559222538
vertex_18702,0.1189237880677888
vertex_18703,0.11239265316098787
vertex_18704,0.12913385613817888
vertex_18705,0.14403697375591326
vertex_18706,0.13701795401199734
vertex_18707,0.12413392304688015
vertex_18708,0.11336549566040444
vertex_18709,0.0536084062020722
vertex_18710,0.06285225258237229
vertex_18711,0.07154501908995105
vertex_18712,0.0939737988178668
vertex_18713,0.04717152867813464
vertex_18714,0.0865349544784653
vertex_18715,0.043627881928029855
vertex_18716,0.04705607600408631
vertex_18717,0.04195727234265531
vertex_18718,0.051148221557329544
vertex_18719,0.040170413369734245
vertex_18720,0.05189081687257679
vertex_18721,0.06702208344049386
vertex_18722,0.04726936507385017
vertex_18723,0.053541528067746987
vertex_18724,0.06009943959955878
vertex_18725,0.06359202965632169
vertex_18726,0.0609411586734836
vertex_18727,0.034175617241009815
vertex_18728,0.03465778548872038
vertex_18729,0.03431039080726643
vertex_18730,0.034993118354863205
vertex_18731,0.05273309401620751
vertex_18732,0.04886853640892252
vertex_18733,0.06251390263163156
vertex_18734,0.06850898390215092
vertex_18735,0.11481689123552022
vertex_18736,0.11403459968513238
vertex_18737,0.12932366815312218
vertex_18738,0.020847142825373574
vertex_18739,0.03385517921425948
vertex_18740,0.02550649067177715
vertex_18741,0.04122445920500066
vertex_18742,0.04735176795584818
vertex_18743,0.03577927717159756
vertex_18744,0.04036625243788566
vertex_18745,0.062471162565955335
vertex_18746,0.06104942068763252
vertex_18747,0.047596989781940845
vertex_18748,0.04248882609306566
vertex_18749,0.026134516425134396
vertex_18750,0.04679633982515759
vertex_18751,0.09051351138219815
vertex_18752,0.07294184162812116
vertex_18753,0.07285908773192244
vertex_18754,0.05612221432866199
vertex_18755,0.03499622802115084
vertex_18756,0.03571738714031581
vertex_18757,0.04171354843004467
vertex_18758,0.05097566583077611
vertex_18759,0.033633134479823676
vertex_18760,0.033264060175441736
vertex_18761,0.04954733867775301
vertex_18762,0.03601615644663985
vertex_18763,0.03543762568517021
vertex_18764,0.025494797955634477
vertex_18765,0.03917138727316227
vertex_18766,0.06843528140402097
vertex_18767,0.13075545414437809
vertex_18768,0.13106137386705627
vertex_18769,0.13558555452189833
vertex_18770,0.1437710572626626
vertex_18771,0.12733503645539263
vertex_18772,0.1788434999650633
vertex_18773,0.14182241052178227
vertex_18774,0.09849204457965763
vertex_18775,0.09694673791019741
vertex_18776,0.13737406642278957
vertex_18777,0.15280623616498448
vertex_18778,0.1339850599858917
vertex_18779,0.12418797012039197
vertex_18780,0.12353624573302498
vertex_18781,0.09393896312018633
vertex_18782,0.09840113552352789
vertex_18783,0.10369721196689645
vertex_18784,0.12659876042995555
vertex_18785,0.1742930153835796
vertex_18786,0.1412182630486378
vertex_18787,0.10616924790800848
vertex_18788,0.08415156606698611
vertex_18789,0.05353427038301024
vertex_18790,0.0729490144996533
vertex_18791,0.06256286413508315
vertex_18792,0.08918326564015673
vertex_18793,0.1389003161295045
vertex_18794,0.14073481006896807
vertex_18795,0.1263064856162248
vertex_18796,0.2446231134367423
vertex_18797,0.31383778342343704
vertex_18798,0.2609917377062816
vertex_18799,0.3681248035237389
vertex_18800,0.36087413105573374
vertex_18801,0.2801120050213265
vertex_18802,0.29225232516032484
vertex_18803,0.354314177400252
vertex_18804,0.2553543436212962
vertex_18805,0.2887054034825838
vertex_18806,0.23162859875881245
vertex_18807,0.2663569087597187
vertex_18808,0.3092602470534024
vertex_18809,0.2966936530633163
vertex_18810,0.2982348666820395
vertex_18811,0.29554968924574365
vertex_18812,0.31252961892529674
vertex_18813,0.27307029787441556
vertex_18814,0.1906630377200169
vertex_18815,0.17608065658590186
vertex_18816,0.2273246072241791
vertex_18817,0.17227806652822328
vertex_18818,0.17506406892550028
vertex_18819,0.135234539232689
vertex_18820,0.17347040382623416
vertex_18821,0.19924415005899634
vertex_18822,0.19464067183319123
vertex_18823,0.2160212912663651
vertex_18824,0.3037686565898999
vertex_18825,0.13453780371327898
vertex_18826,0.11637157257957093
vertex_18827,0.14654036828575834
vertex_18828,0.13138717536059963
vertex_18829,0.1654835417237752
vertex_18830,0.15915690639276378
vertex_18831,0.16839498953307833
vertex_18832,0.1778005527981435
vertex_18833,0.17867185980139894
vertex_18834,0.17085583395482182
vertex_18835,0.17197364633725357
vertex_18836,0.1535373609825859
vertex_18837,0.1437570347411873
vertex_18838,0.1425116444186571
vertex_18839,0.15853943707709095
vertex_18840,0.15793811717035838
vertex_18841,0.16793631549454285
vertex_18842,0.17719996591277504
vertex_18843,0.16685258427238298
vertex_18844,0.15544893222288836
vertex_18845,0.12114082582552473
vertex_18846,0.11689609978146015
vertex_18847,0.11705509463659897
vertex_18848,0.11412575264693745
vertex_18849,0.1094317432976188
vertex_18850,0.10183622651833046
vertex_18851,0.10285729371187739
vertex_18852,0.06216051144812147
vertex_18853,0.05873921400796058
vertex_18854,0.06557559686390144
vertex_18855,0.06997891865617896
vertex_18856,0.061895028035833834
vertex_18857,0.09475434548078875
vertex_18858,0.09251178591296108
vertex_18859,0.1152286718366944
vertex_18860,0.09805618363086566
vertex_18861,0.0973996701659223
vertex_18862,0.0461546268968868
vertex_18863,0.0732684856644782
vertex_18864,0.10026508538690967
vertex_18865,0.07344021162372799
vertex_18866,0.07281806254510219
vertex_18867,0.06802757657045559
vertex_18868,0.05459628412777148
vertex_18869,0.06193780852528369
vertex_18870,0.07167316481657003
vertex_18871,0.052028460325870565
vertex_18872,0.08909190598526191
vertex_18873,0.11170219261048647
vertex_18874,0.13232545906673773
vertex_18875,0.13152610524804467
vertex_18876,0.14151646969433795
vertex_18877,0.10089841182883713
vertex_18878,0.1178551592023063
vertex_18879,0.11902412156151396
vertex_18880,0.1385122167206864
vertex_18881,0.12272562936249606
vertex_18882,0.09605177805781964
vertex_18883,0.05729091765598701
vertex_18884,0.05344271370442857
vertex_18885,0.07997806071790589
vertex_18886,0.057615108419435006
vertex_18887,0.07728425597977244
vertex_18888,0.09712981875551485
vertex_18889,0.0912124727641389
vertex_18890,0.07312974355950264
vertex_18891,0.06880242099345855
vertex_18892,0.057668992001628686
vertex_18893,0.053224774749301096
vertex_18894,0.071398559757025
vertex_18895,0.050027356339491284
vertex_18896,0.07049294897608249
vertex_18897,0.08021814460648241
vertex_18898,0.07845104855179111
vertex_18899,0.07381041798433874
vertex_18900,0.09284910307124292
vertex_18901,0.07946483508329408
vertex_18902,0.07343090455219285
vertex_18903,0.07055752434329975
vertex_18904,0.06913137536562902
vertex_18905,0.07790638443975331
vertex_18906,0.09080482717514493
vertex_18907,0.09113804516271447
vertex_18908,0.08157574836744119
vertex_18909,0.08204664003470148
vertex_18910,0.06355903882512685
vertex_18911,0.06691750987455022
vertex_18912,0.06529659455743358
vertex_18913,0.06745842995069468
vertex_18914,0.06656836093383901
vertex_18915,0.073102878393444
vertex_18916,0.060689962094881186
vertex_18917,0.06289800004968216
vertex_18918,0.09134885489065829
vertex_18919,0.07912995229633937
vertex_18920,0.10214729513862292
vertex_18921,0.11830772300375741
vertex_18922,0.13008382589224485
vertex_18923,0.10348127315801878
vertex_18924,0.0820326011593764
vertex_18925,0.09890151414006783
vertex_18926,0.11000483907953242
vertex_18927,0.10049239777746911
vertex_18928,0.1071469770463538
vertex_18929,0.1040404702227407
vertex_18930,0.12413150726408348
vertex_18931,0.12874878219831284
vertex_18932,0.12896113019297037
vertex_18933,0.1357516858516838
vertex_18934,0.12951000985396854
vertex_18935,0.11317793784693807
vertex_18936,0.13698792488621242
vertex_18937,0.11457650326303041
vertex_18938,0.11433739836753251
vertex_18939,0.1089377472512102
vertex_18940,0.10367216902630777
vertex_18941,0.07872633734591425
vertex_18942,0.06749476822934217
vertex_18943,0.06571244095394316
vertex_18944,0.06905503566922826
vertex_18945,0.07306182021784874
vertex_18946,0.06913166033923723
vertex_18947,0.07282054504878124
vertex_18948,0.06726336957948603
vertex_18949,0.07936439031622754
vertex_18950,0.08554943730434889
vertex_18951,0.06881060701342906
vertex_18952,0.0679943233124456
vertex_18953,0.0793663064043571
vertex_18954,0.0747796471529122
vertex_18955,0.08186682174743565
vertex_18956,0.07232705245020962
vertex_18957,0.06994469410965737
vertex_18958,0.06637351247247215
vertex_18959,0.06487605746723296
vertex_18960,0.08151503325444213
vertex_18961,0.06922840127671757
vertex_18962,0.06547757744590495
vertex_18963,0.06722031861456924
vertex_18964,0.07435820446713252
vertex_18965,0.08001575059230424
vertex_18966,0.04769395452628813
vertex_18967,0.05800206938308616
vertex_18968,0.0553264743956599
vertex_18969,0.04734562737087258
vertex_18970,0.04773332227148532
vertex_18971,0.04932965911704778
vertex_18972,0.04859321228074562
vertex_18973,0.04093206514971735
vertex_18974,0.06056473059029573
vertex_18975,0.08705345924210629
vertex_18976,0.08155433436830697
vertex_18977,0.05564282794326276
vertex_18978,0.05574191471426599
vertex_18979,0.04628707991748395
vertex_18980,0.05455537392072881
vertex_18981,0.04351745608294706
vertex_18982,0.037871442201174985
vertex_18983,0.06155711173646526
vertex_18984,0.05322499556777616
vertex_18985,0.052870256565455596
vertex_18986,0.04999894256360897
vertex_18987,0.04440667754076217
vertex_18988,0.058727224802767576
vertex_18989,0.05610573277536549
vertex_18990,0.06280469267766564
vertex_18991,0.06515671732030534
vertex_18992,0.06791027593268861
vertex_18993,0.037237625871957516
vertex_18994,0.028051941842115014
vertex_18995,0.045752166642306684
vertex_18996,0.05273012684203311
vertex_18997,0.05778645414233542
vertex_18998,0.05455610272486281
vertex_18999,0.05595479359649355
vertex_19000,0.054096122456657854
vertex_19001,0.048342552650821435
vertex_19002,0.0740077962090138
vertex_19003,0.08791113757269292
vertex_19004,0.09804128939435466
vertex_19005,0.12549642743203862
vertex_19006,0.1149820835571692
vertex_19007,0.10083797759682885
vertex_19008,0.10352567998026861
vertex_19009,0.07532005593245732
vertex_19010,0.05778145862714985
vertex_19011,0.06801958081821348
vertex_19012,0.0884990147786316
vertex_19013,0.10444767112043364
vertex_19014,0.10201873380453322
vertex_19015,0.1127109609138001
vertex_19016,0.08188684401516957
vertex_19017,0.08387999245700944
vertex_19018,0.09379369078042356
vertex_19019,0.08392646320232107
vertex_19020,0.09380785746140367
vertex_19021,0.08784669805240214
vertex_19022,0.0950887277793313
vertex_19023,0.12159046281029365
vertex_19024,0.09813402892711556
vertex_19025,0.11533641619632143
vertex_19026,0.12845724041267592
vertex_19027,0.14107030355896238
vertex_19028,0.14884452224930586
vertex_19029,0.16798244532816298
vertex_19030,0.0806613525099341
vertex_19031,0.11233548169467844
vertex_19032,0.12147828930154118
vertex_19033,0.08531282286440545
vertex_19034,0.10914739350959086
vertex_19035,0.09941682488484646
vertex_19036,0.15362191073346507
vertex_19037,0.16861089440239013
vertex_19038,0.18475097003821125
vertex_19039,0.18850974608598067
vertex_19040,0.21419791233393012
vertex_19041,0.21747367431188835
vertex_19042,0.17592448822715434
vertex_19043,0.18243740273058212
vertex_19044,0.18069763415395562
vertex_19045,0.1510135415737496
vertex_19046,0.12440479693600147
vertex_19047,0.12172895874436114
vertex_19048,0.06360444966871551
vertex_19049,0.06887439358612577
vertex_19050,0.06888338460910685
vertex_19051,0.04790988333805406
vertex_19052,0.059258747476919456
vertex_19053,0.07080516715586262
vertex_19054,0.06639291727402766
vertex_19055,0.04986274491564098
vertex_19056,0.04748114042649686
vertex_19057,0.028433116796347073
vertex_19058,0.036466507262797675
vertex_19059,0.0636482954963083
vertex_19060,0.05519793292016437
vertex_19061,0.05535932059967683
vertex_19062,0.06217510481456477
vertex_19063,0.05009502249662328
vertex_19064,0.0581568326945884
vertex_19065,0.06309337730132053
vertex_19066,0.05911351236423412
vertex_19067,0.09176345106086373
vertex_19068,0.16422623714509665
vertex_19069,0.10602296582749164
vertex_19070,0.17247868647085737
vertex_19071,0.1426746783778231
vertex_19072,0.10071870540471801
vertex_19073,0.06641545809596545
vertex_19074,0.10754005285015546
vertex_19075,0.0709562518939126
vertex_19076,0.0732311187267242
vertex_19077,0.08361653767458398
vertex_19078,0.09427832393768557
vertex_19079,0.09215946743058213
vertex_19080,0.08873030460848298
vertex_19081,0.08690565528861892
vertex_19082,0.098247465564845
vertex_19083,0.08489641114133395
vertex_19084,0.09821019482682104
vertex_19085,0.09010151109820756
vertex_19086,0.09330923849737036
vertex_19087,0.06739412739631204
vertex_19088,0.12355908866762372
vertex_19089,0.1408998719712343
vertex_19090,0.13826153770237712
vertex_19091,0.10342495633393467
vertex_19092,0.08367687465594163
vertex_19093,0.11825494076243001
vertex_19094,0.12543299585332263
vertex_19095,0.1335004869440403
vertex_19096,0.11010767332472743
vertex_19097,0.12965916536930042
vertex_19098,0.13069009236044662
vertex_19099,0.1304602209367874
vertex_19100,0.12532392214544666
vertex_19101,0.03648758881339043
vertex_19102,0.054976337418872846
vertex_19103,0.03704530590361328
vertex_19104,0.03624468534250499
vertex_19105,0.048500897673883506
vertex_19106,0.04165407301442111
vertex_19107,0.04113429280989442
vertex_19108,0.05404057453447482
vertex_19109,0.0611203317928718
vertex_19110,0.07724476938226775
vertex_19111,0.08283771813572399
vertex_19112,0.05907849196960047
vertex_19113,0.05436949159559044
vertex_19114,0.050798269971462764
vertex_19115,0.047384540104698454
vertex_19116,0.05158723707583532
vertex_19117,0.052457966891495296
vertex_19118,0.05587840120530049
vertex_19119,0.06129791470916008
vertex_19120,0.08219846937961658
vertex_19121,0.10905207302194156
vertex_19122,0.12902294341826231
vertex_19123,0.1277103244819184
vertex_19124,0.05161942233193744
vertex_19125,0.09345230824355107
vertex_19126,0.1219225945671107
vertex_19127,0.09417965886731748
vertex_19128,0.06919757628807606
vertex_19129,0.046733605743600734
vertex_19130,0.07833369930028632
vertex_19131,0.09251530426257375
vertex_19132,0.10295047328536854
vertex_19133,0.06739559903529038
vertex_19134,0.10316053641654875
vertex_19135,0.11952413075827484
vertex_19136,0.0712026586343862
vertex_19137,0.04790560935750847
vertex_19138,0.05428056819569165
vertex_19139,0.038590102473831
vertex_19140,0.03839643737257925
vertex_19141,0.043120248277806326
vertex_19142,0.04509075591081299
vertex_19143,0.0420256711952374
vertex_19144,0.03695171017781552
vertex_19145,0.042257668952137194
vertex_19146,0.05024813117026923
vertex_19147,0.05430896572289553
vertex_19148,0.040133188236860955
vertex_19149,0.036292793729659274
vertex_19150,0.03418293276522085
vertex_19151,0.039240913066986564
vertex_19152,0.042718258817638785
vertex_19153,0.04727176287363199
vertex_19154,0.06512640103533257
vertex_19155,0.04453988829039459
vertex_19156,0.051461493921108395
vertex_19157,0.07157196297975317
vertex_19158,0.08172807793854253
vertex_19159,0.09706914338113627
vertex_19160,0.08561424615387683
vertex_19161,0.09645754645248233
vertex_19162,0.10828686370162954
vertex_19163,0.11674444730837666
vertex_19164,0.12199436480718752
vertex_19165,0.1116977648668729
vertex_19166,0.07589943878138031
vertex_19167,0.08822784304223338
vertex_19168,0.10879167437579074
vertex_19169,0.15015382188195506
vertex_19170,0.13064047376802984
vertex_19171,0.10944099994331262
vertex_19172,0.11933841250944816
vertex_19173,0.11147397205984885
vertex_19174,0.0981095383636337
vertex_19175,0.09745248196803866
vertex_19176,0.09367608620152858
vertex_19177,0.08010223976509805
vertex_19178,0.1410128343959535
vertex_19179,0.07783452839769803
vertex_19180,0.10812923138764413
vertex_19181,0.1033894997286068
vertex_19182,0.09443971635854066
vertex_19183,0.12152975195154878
vertex_19184,0.09333495034030707
vertex_19185,0.08214729620710971
vertex_19186,0.09485860393187932
vertex_19187,0.0937823877402049
vertex_19188,0.06564600005096999
vertex_19189,0.048882261232136334
vertex_19190,0.05002784374936356
vertex_19191,0.05510472730841893
vertex_19192,0.10848005327038168
vertex_19193,0.06997528591546663
vertex_19194,0.04930876715560583
vertex_19195,0.06362370086247042
vertex_19196,0.05397928011053738
vertex_19197,0.03972296307461044
vertex_19198,0.055921916106030575
vertex_19199,0.07090694955090847
vertex_19200,0.08291714600870695
vertex_19201,0.08041791089882315
vertex_19202,0.08822886032226618
vertex_19203,0.09932075409536854
vertex_19204,0.06379659559348176
vertex_19205,0.10699794276832687
vertex_19206,0.12130235150824585
vertex_19207,0.10711832631321534
vertex_19208,0.08940184345819903
vertex_19209,0.08013657108327284
vertex_19210,0.05279069082953767
vertex_19211,0.04900449130774186
vertex_19212,0.043883324480638065
vertex_19213,0.05045235170824798
vertex_19214,0.04216614861090157
vertex_19215,0.059188974552475494
vertex_19216,0.07631409909581588
vertex_19217,0.07758260218522005
vertex_19218,0.09959757499258114
vertex_19219,0.08210638421343405
vertex_19220,0.08778721897283157
vertex_19221,0.08412667771364624
vertex_19222,0.08387107287131508
vertex_19223,0.07793216588522014
vertex_19224,0.07290155905779605
vertex_19225,0.06845997959858716
vertex_19226,0.0901971452517777
vertex_19227,0.09003909785471488
vertex_19228,0.09852339388932355
vertex_19229,0.09921761406536007
vertex_19230,0.08885355501252555
vertex_19231,0.10997954646827661
vertex_19232,0.09105664736926375
vertex_19233,0.09381732229844769
vertex_19234,0.08718586060617013
vertex_19235,0.08765268752388602
vertex_19236,0.07187207494860312
vertex_19237,0.07091025692828395
vertex_19238,0.0822491851443715
vertex_19239,0.08339151258187058
vertex_19240,0.10908884737187821
vertex_19241,0.08478619441698584
vertex_19242,0.0862163900329231
vertex_19243,0.06459370861906266
vertex_19244,0.06358339220913765
vertex_19245,0.04815502857096663
vertex_19246,0.058411144971383076
vertex_19247,0.05839373223188332
vertex_19248,0.044701552972051244
vertex_19249,0.048457368685202916
vertex_19250,0.04805642163564692
vertex_19251,0.04319274736993114
vertex_19252,0.053966123858043086
vertex_19253,0.07009015766231856
vertex_19254,0.06791578256378135
vertex_19255,0.07100260962708023
vertex_19256,0.061873483289414596
vertex_19257,0.053073556938320256
vertex_19258,0.057101027484848244
vertex_19259,0.052234874924432635
vertex_19260,0.05453076147391645
vertex_19261,0.0469444826064665
vertex_19262,0.04845178606910744
vertex_19263,0.0402539916426431
vertex_19264,0.03874690451115986
vertex_19265,0.0543096636848016
vertex_19266,0.03558687711097069
vertex_19267,0.026257081298577532
vertex_19268,0.030064360786713158
vertex_19269,0.060788463454360044
vertex_19270,0.05395470315036879
vertex_19271,0.036680243403820964
vertex_19272,0.04019784372227033
vertex_19273,0.042506087535227964
vertex_19274,0.047563573584622376
vertex_19275,0.10394442103470268
vertex_19276,0.07594007978743011
vertex_19277,0.058293909622079754
vertex_19278,0.09530958750538095
vertex_19279,0.05486758743544461
vertex_19280,0.052982939602555804
vertex_19281,0.08361978261176498
vertex_19282,0.04846650697195994
vertex_19283,0.04906147664274953
vertex_19284,0.0546641371199081
vertex_19285,0.05131741064798312
vertex_19286,0.0410139802306511
vertex_19287,0.04525177510116189
vertex_19288,0.05340898698423993
vertex_19289,0.03277252063413638
vertex_19290,0.02975310116501304
vertex_19291,0.03038896813341901
vertex_19292,0.03683775335042114
vertex_19293,0.07632365321144007
vertex_19294,0.0563883346775917
vertex_19295,0.06235563835726571
vertex_19296,0.04360282410125221
vertex_19297,0.045918249025357905
vertex_19298,0.059120046732925674
vertex_19299,0.07418902993825478
vertex_19300,0.06977601129220695
vertex_19301,0.06016866069613197
vertex_19302,0.05863538393049609
vertex_19303,0.057141645667707144
vertex_19304,0.03213601162532948
vertex_19305,0.06486761527810145
vertex_19306,0.05215995158638636
vertex_19307,0.059215556176139536
vertex_19308,0.07309387697908994
vertex_19309,0.04355242561629407
vertex_19310,0.07421962758592596
vertex_19311,0.07648637854224422
vertex_19312,0.06616492121381837
vertex_19313,0.05878563970654614
vertex_19314,0.06694377395604484
vertex_19315,0.06175059835782521
vertex_19316,0.05454180303467133
vertex_19317,0.030627196544650404
vertex_19318,0.03791846975726821
vertex_19319,0.047269027005851366
vertex_19320,0.05974212684370009
vertex_19321,0.06133523581479765
vertex_19322,0.06214917201166062
vertex_19323,0.05769684468387853
vertex_19324,0.04619875939154393
vertex_19325,0.07291500414463879
vertex_19326,0.07886963844442965
vertex_19327,0.06717932535953108
vertex_19328,0.059145194798586195
vertex_19329,0.07515150258543157
vertex_19330,0.058032163809529906
vertex_19331,0.0651832606062673
vertex_19332,0.06948917644640674
vertex_19333,0.06517447737395697
vertex_19334,0.06574744537190239
vertex_19335,0.08942685042989301
vertex_19336,0.07293179168770635
vertex_19337,0.05817158998694676
vertex_19338,0.0654566034160111
vertex_19339,0.07604410762142992
vertex_19340,0.06993266819458109
vertex_19341,0.05253380197248162
vertex_19342,0.0568009484024403
vertex_19343,0.05702855960589909
vertex_19344,0.04126682970867219
vertex_19345,0.03844304284962138
vertex_19346,0.023636668524155892
vertex_19347,0.033562797462779376
vertex_19348,0.02220858357424162
vertex_19349,0.03078477275540352
vertex_19350,0.02675285411376937
vertex_19351,0.019485293757925418
vertex_19352,0.02251914077050223
vertex_19353,0.016932994207939703
vertex_19354,0.02796996039706664
vertex_19355,0.023440466012335057
vertex_19356,0.026302354445765355
vertex_19357,0.031444622850075106
vertex_19358,0.028811701467877787
vertex_19359,0.02584999965986359
vertex_19360,0.05492234343647726
vertex_19361,0.049751318078628815
vertex_19362,0.04903666337459767
vertex_19363,0.05317289978770499
vertex_19364,0.05944014379315459
vertex_19365,0.03575843881173299
vertex_19366,0.03899156682533803
vertex_19367,0.023014046033652116
vertex_19368,0.03385332723202681
vertex_19369,0.029152868806575815
vertex_19370,0.0315967407543554
vertex_19371,0.08842778754877098
vertex_19372,0.08930835866410604
vertex_19373,0.05043339679676264
vertex_19374,0.04496243171300236
vertex_19375,0.06846406797886825
vertex_19376,0.05165847521713153
vertex_19377,0.04063060566531671
vertex_19378,0.04233060488518178
vertex_19379,0.033331994680297704
vertex_19380,0.047114781920600306
vertex_19381,0.07424147100164807
vertex_19382,0.09614866572932483
vertex_19383,0.1148668643109742
vertex_19384,0.04855539495839736
vertex_19385,0.06850833936025916
vertex_19386,0.04857741358082814
vertex_19387,0.05701358479207337
vertex_19388,0.035519071460046764
vertex_19389,0.0547184489432261
vertex_19390,0.08098573275876153
vertex_19391,0.10456290287429945
vertex_19392,0.10925763250559282
vertex_19393,0.0635066157184138
vertex_19394,0.03860488806269412
vertex_19395,0.055389609758723736
vertex_19396,0.04250036006317552
vertex_19397,0.04416969177689456
vertex_19398,0.0470881023741431
vertex_19399,0.03608494394820646
vertex_19400,0.04916694088450854
vertex_19401,0.04567737290709973
vertex_19402,0.052891641473647034
vertex_19403,0.06728244239202642
vertex_19404,0.08902403757311861
vertex_19405,0.07378142294932327
vertex_19406,0.09483081579866649
vertex_19407,0.08088698376552662
vertex_19408,0.06799624207724675
vertex_19409,0.0901871374980933
vertex_19410,0.07583713818325846
vertex_19411,0.09739166815365759
vertex_19412,0.1101552860123686
vertex_19413,0.106510335292264
vertex_19414,0.12005729414408832
vertex_19415,0.12901670286876843
vertex_19416,0.11183323149975594
vertex_19417,0.09953445816593874
vertex_19418,0.08648830876899655
vertex_19419,0.05753962141362361
vertex_19420,0.07593083395286446
vertex_19421,0.07804642467328139
vertex_19422,0.0951083034427792
vertex_19423,0.09061206770676213
vertex_19424,0.0743982740793846
vertex_19425,0.05858493650625553
vertex_19426,0.08199319347297314
vertex_19427,0.06955941359807542
vertex_19428,0.08935964190516486
vertex_19429,0.11685229664301584
vertex_19430,0.10396862767523327
vertex_19431,0.05832964000480347
vertex_19432,0.07560430215995885
vertex_19433,0.08284826874669171
vertex_19434,0.07162930269880478
vertex_19435,0.06148134891812371
vertex_19436,0.05818212980087706
vertex_19437,0.06756392503730248
vertex_19438,0.04984178395944025
vertex_19439,0.05093111186216714
vertex_19440,0.03434586339003058
vertex_19441,0.036098550068398266
vertex_19442,0.04064213464954368
vertex_19443,0.04941576507578508
vertex_19444,0.058105555516184834
vertex_19445,0.05664646135720892
vertex_19446,0.05983840536538138
vertex_19447,0.04169653331194322
vertex_19448,0.038198659338895304
vertex_19449,0.045555769752851964
vertex_19450,0.03816699604166651
vertex_19451,0.03730076776198006
vertex_19452,0.05607321402712655
vertex_19453,0.06224500492317303
vertex_19454,0.05001656729514504
vertex_19455,0.09887557192191808
vertex_19456,0.08533196874983505
vertex_19457,0.08400714972391606
vertex_19458,0.06271386859534413
vertex_19459,0.06879957527628626
vertex_19460,0.05533123482572717
vertex_19461,0.06425060651275927
vertex_19462,0.09603089678822187
vertex_19463,0.07526938519629994
vertex_19464,0.04932778355941259
vertex_19465,0.03474162465774747
vertex_19466,0.02662588825486703
vertex_19467,0.030504826566659326
vertex_19468,0.03206209907299893
vertex_19469,0.03600020006040378
vertex_19470,0.03343129048674981
vertex_19471,0.03452638209069939
vertex_19472,0.0394942722514627
vertex_19473,0.03279771605353502
vertex_19474,0.03563731405800884
vertex_19475,0.047731330196498944
vertex_19476,0.032505866602728244
vertex_19477,0.08730317909976273
vertex_19478,0.06018723504399622
vertex_19479,0.05735412269714194
vertex_19480,0.05013624346397236
vertex_19481,0.03858511222804139
vertex_19482,0.048974415427417636
vertex_19483,0.03599079580459339
vertex_19484,0.06603213411795879
vertex_19485,0.04020563875914431
vertex_19486,0.06320137225075566
vertex_19487,0.06118038398910151
vertex_19488,0.05083918358076371
vertex_19489,0.037320277204372976
vertex_19490,0.052199116072325434
vertex_19491,0.078832979861598
vertex_19492,0.08220541186896578
vertex_19493,0.09032684599850968
vertex_19494,0.0485520748910363
vertex_19495,0.0347702399059774
vertex_19496,0.08877806668451951
vertex_19497,0.08638525738913068
vertex_19498,0.062281227426862554
vertex_19499,0.05483300680536876
vertex_19500,0.0328837075708646
vertex_19501,0.03425417703600016
vertex_19502,0.025779810993830688
vertex_19503,0.04160141463370038
vertex_19504,0.030493685444765054
vertex_19505,0.019375756817480643
vertex_19506,0.030016786586617484
vertex_19507,0.029073441217779737
vertex_19508,0.035984116233636336
vertex_19509,0.05826194368503738
vertex_19510,0.05897326561717425
vertex_19511,0.04062080813243794
vertex_19512,0.038472229917456816
vertex_19513,0.04373037125427859
vertex_19514,0.0472028231577298
vertex_19515,0.05128566486295936
vertex_19516,0.04783633836562642
vertex_19517,0.03869995769492425
vertex_19518,0.03563252750302773
vertex_19519,0.05549134542989268
vertex_19520,0.05782033982070001
vertex_19521,0.0507538299209609
vertex_19522,0.07296606491359563
vertex_19523,0.043121399963952776
vertex_19524,0.06249778302132769
vertex_19525,0.09158237702935053
vertex_19526,0.09237919875644461
vertex_19527,0.10970229506634716
vertex_19528,0.08671136564716224
vertex_19529,0.07136664482197613
vertex_19530,0.048734547093595995
vertex_19531,0.04191262052841174
vertex_19532,0.0296352027388636
vertex_19533,0.02856390124939944
vertex_19534,0.0354857951695986
vertex_19535,0.023858874058705428
vertex_19536,0.03567256698989741
vertex_19537,0.039411012032133125
vertex_19538,0.035250570654435515
vertex_19539,0.03190564709741585
vertex_19540,0.043191151193843785
vertex_19541,0.029613579250044493
vertex_19542,0.041730320001728126
vertex_19543,0.05004692951833555
vertex_19544,0.043832362387325616
vertex_19545,0.03338000492130934
vertex_19546,0.0273928605321334
vertex_19547,0.031124686918382084
vertex_19548,0.03472964864692651
vertex_19549,0.04603370856484622
vertex_19550,0.041342560283220905
vertex_19551,0.03793628125492875
vertex_19552,0.04160791553500418
vertex_19553,0.017423417109212833
vertex_19554,0.03228936592087888
vertex_19555,0.0183977472092225
vertex_19556,0.02322771808377053
vertex_19557,0.028501632979403904
vertex_19558,0.03932120643178674
vertex_19559,0.017939542663015593
vertex_19560,0.03312020373613418
vertex_19561,0.025555772880207217
vertex_19562,0.046659637706038135
vertex_19563,0.03260795697477918
vertex_19564,0.020972387363490122
vertex_19565,0.031163442194238954
vertex_19566,0.039038443017341266
vertex_19567,0.04621893704626442
vertex_19568,0.03156094420625098
vertex_19569,0.04383495838189036
vertex_19570,0.060568099055465126
vertex_19571,0.03127930358976082
vertex_19572,0.028932747420827572
vertex_19573,0.0435927182316978
vertex_19574,0.037808594932137105
vertex_19575,0.039139513229136974
vertex_19576,0.044822686733133145
vertex_19577,0.01708897263798275
vertex_19578,0.02410007035788536
vertex_19579,0.0308461763360713
vertex_19580,0.03279566655790198
vertex_19581,0.023560706976254824
vertex_19582,0.03430600834158272
vertex_19583,0.014840408118645903
vertex_19584,0.025832546681433463
vertex_19585,0.022212744863493172
vertex_19586,0.02087346880968449
vertex_19587,0.020511516320223057
vertex_19588,0.027744026535980775
vertex_19589,0.029878275789192766
vertex_19590,0.029389304636070743
vertex_19591,0.11873382073173926
vertex_19592,0.1092073284844884
vertex_19593,0.1034119981724377
vertex_19594,0.07325443581415332
vertex_19595,0.09115252664954673
vertex_19596,0.10137301407148772
vertex_19597,0.0872054442915107
vertex_19598,0.07387237514824804
vertex_19599,0.07068417908067003
vertex_19600,0.07377441264967677
vertex_19601,0.07656577868186841
vertex_19602,0.06667374346818601
vertex_19603,0.0715466072733537
vertex_19604,0.07300936535070672
vertex_19605,0.062393014856458956
vertex_19606,0.07160653491274999
vertex_19607,0.0665690872842179
vertex_19608,0.06735095669260245
vertex_19609,0.0646411291699404
vertex_19610,0.06111105452205146
vertex_19611,0.05457645201681693
vertex_19612,0.04339220092116952
vertex_19613,0.05409171085842738
vertex_19614,0.050049684448820304
vertex_19615,0.05145965147222856
vertex_19616,0.06262476965633898
vertex_19617,0.06693992248112775
vertex_19618,0.09482477598869855
vertex_19619,0.08987323619417088
vertex_19620,0.07551303510031732
vertex_19621,0.062024850569584455
vertex_19622,0.06520058787131439
vertex_19623,0.07224063851340985
vertex_19624,0.08457657663689153
vertex_19625,0.09358532797298598
vertex_19626,0.07061284157715773
vertex_19627,0.12259843965411862
vertex_19628,0.12357898106912005
vertex_19629,0.1172398282235887
vertex_19630,0.0781584927944209
vertex_19631,0.08428367471261838
vertex_19632,0.09858471392058593
vertex_19633,0.07752607569928363
vertex_19634,0.0604469741282832
vertex_19635,0.04534444067936225
vertex_19636,0.03693009898672623
vertex_19637,0.039298754309311706
vertex_19638,0.04293103106266426
vertex_19639,0.05400857062049783
vertex_19640,0.0453686782355066
vertex_19641,0.07746137004299265
vertex_19642,0.10140682803605154
vertex_19643,0.07264574467597129
vertex_19644,0.06433804468717111
vertex_19645,0.06183391882909932
vertex_19646,0.04926160086101699
vertex_19647,0.0508781655858269
vertex_19648,0.046993245015713496
vertex_19649,0.041747086841847046
vertex_19650,0.05854418658108699
vertex_19651,0.058739035972446875
vertex_19652,0.05668690742949866
vertex_19653,0.05949144924894542
vertex_19654,0.02578977672109937
vertex_19655,0.04485752132176508
vertex_19656,0.038172789848765945
vertex_19657,0.04564111345077034
vertex_19658,0.06991190909033117
vertex_19659,0.040657913688107755
vertex_19660,0.029420798690006758
vertex_19661,0.02939181159580839
vertex_19662,0.05468534105428735
vertex_19663,0.05661436571748501
vertex_19664,0.05831849881023774
vertex_19665,0.0613504362005636
vertex_19666,0.044136944835388284
vertex_19667,0.032793205602188145
vertex_19668,0.06196314708597696
vertex_19669,0.06477489762690353
vertex_19670,0.06545188262407768
vertex_19671,0.06279609333383411
vertex_19672,0.27122545854129665
vertex_19673,0.2805005829057769
vertex_19674,0.2867340568150628
vertex_19675,0.2725345709523941
vertex_19676,0.21323707703899217
vertex_19677,0.26886157776732494
vertex_19678,0.24818382934128527
vertex_19679,0.1937828557584017
vertex_19680,0.211571888121775
vertex_19681,0.251771460496528
vertex_19682,0.3174016264773653
vertex_19683,0.10467121651125903
vertex_19684,0.13092461663939237
vertex_19685,0.1059177391453649
vertex_19686,0.15201128327664748
vertex_19687,0.16474913176637476
vertex_19688,0.099744049862685
vertex_19689,0.10030486629299688
vertex_19690,0.20976300894878044
vertex_19691,0.33483299793906535
vertex_19692,0.3103802005216657
vertex_19693,0.2751357939228164
vertex_19694,0.23354373799070036
vertex_19695,0.18655524833634854
vertex_19696,0.19473415896974577
vertex_19697,0.18147768094296615
vertex_19698,0.15545443124816094
vertex_19699,0.137265873117354
vertex_19700,0.15755604071626664
vertex_19701,0.1479627862814216
vertex_19702,0.12277941528183975
vertex_19703,0.12220125866215194
vertex_19704,0.15229430144589293
vertex_19705,0.12698261902743577
vertex_19706,0.1420519153284573
vertex_19707,0.13880382997101529
vertex_19708,0.16266144200763322
vertex_19709,0.17522108841485878
vertex_19710,0.09572362396433555
vertex_19711,0.1097556939661722
vertex_19712,0.1842973657484622
vertex_19713,0.1793864409373777
vertex_19714,0.17216903732484823
vertex_19715,0.1366173970380142
vertex_19716,0.15911994809906804
vertex_19717,0.1845398096911935
vertex_19718,0.16295008388265597
vertex_19719,0.13701791897529866
vertex_19720,0.1282972741826411
vertex_19721,0.14832578401875676
vertex_19722,0.16266890692391842
vertex_19723,0.17128096068211698
vertex_19724,0.1893251032593185
vertex_19725,0.19327425325946787
vertex_19726,0.18393880042044083
vertex_19727,0.16663702110610087
vertex_19728,0.1639166808258184
vertex_19729,0.08576477100758469
vertex_19730,0.10853224815819976
vertex_19731,0.07931716836236465
vertex_19732,0.11497555054198334
vertex_19733,0.09198701741021022
vertex_19734,0.0790894626225991
vertex_19735,0.1109163046622582
vertex_19736,0.13161771817259332
vertex_19737,0.1279666417432083
vertex_19738,0.12835407683863737
vertex_19739,0.14247838130895996
vertex_19740,0.06899988631535428
vertex_19741,0.13755054619921353
vertex_19742,0.14276554997934257
vertex_19743,0.10646244764739099
vertex_19744,0.09037662571042697
vertex_19745,0.09285178477912816
vertex_19746,0.11777955436291328
vertex_19747,0.12123356954051165
vertex_19748,0.0921070360622177
vertex_19749,0.08741723243055052
vertex_19750,0.08138492885744338
vertex_19751,0.0732901915479174
vertex_19752,0.07225429698232996
vertex_19753,0.062227408341489994
vertex_19754,0.10592136965433319
vertex_19755,0.12772955893869517
vertex_19756,0.11239106219099554
vertex_19757,0.12177452483738134
vertex_19758,0.09424457821166676
vertex_19759,0.11903888267888511
vertex_19760,0.12298715657129902
vertex_19761,0.1247264385608519
vertex_19762,0.12504704715618287
vertex_19763,0.19138689927573
vertex_19764,0.19140096547265087
vertex_19765,0.18255945248796268
vertex_19766,0.15407090805914941
vertex_19767,0.13495189785412212
vertex_19768,0.09469763006645787
vertex_19769,0.10590495348047228
vertex_19770,0.1320049880177824
vertex_19771,0.10179840557318098
vertex_19772,0.09615468413375916
vertex_19773,0.11937108218854306
vertex_19774,0.11170059939011118
vertex_19775,0.11462521219317003
vertex_19776,0.11748853816135145
vertex_19777,0.11303308360704539
vertex_19778,0.10554555312696623
vertex_19779,0.11712880476784769
vertex_19780,0.12872140181467145
vertex_19781,0.17252558182446748
vertex_19782,0.1775498281910768
vertex_19783,0.16058701228619748
vertex_19784,0.11729206761457112
vertex_19785,0.14859824706770938
vertex_19786,0.14122000064576953
vertex_19787,0.11775909264886295
vertex_19788,0.13277626654499264
vertex_19789,0.15022546092318267
vertex_19790,0.12516205461602406
vertex_19791,0.11998555714562088
vertex_19792,0.1258089940620143
vertex_19793,0.12792844149125965
vertex_19794,0.13955748341110938
vertex_19795,0.129792914256627
vertex_19796,0.11969836135594636
vertex_19797,0.10509165004963275
vertex_19798,0.11724826093295562
vertex_19799,0.1075943011134448
vertex_19800,0.10790278717024615
vertex_19801,0.10281120345344659
vertex_19802,0.12859699642795172
vertex_19803,0.11110335760966021
vertex_19804,0.11536212220401265
vertex_19805,0.11852707342336208
vertex_19806,0.14171045337112043
vertex_19807,0.18539969118723065
vertex_19808,0.19129130479489068
vertex_19809,0.18547400619144358
vertex_19810,0.21132913164949121
vertex_19811,0.22209066080088974
vertex_19812,0.23364233298280443
vertex_19813,0.22415325177287804
vertex_19814,0.20268673124361597
vertex_19815,0.21291869209351771
vertex_19816,0.24539358294432045
vertex_19817,0.2621041242758781
vertex_19818,0.3102089723475402
vertex_19819,0.3180092243539011
vertex_19820,0.16035609677148713
vertex_19821,0.2402615516758983
vertex_19822,0.2815766765499102
vertex_19823,0.2829280835715906
vertex_19824,0.3150814441007293
vertex_19825,0.25660629990084743
vertex_19826,0.24637307113526047
vertex_19827,0.2566365521839663
vertex_19828,0.32261257396632764
vertex_19829,0.26633225442615477
vertex_19830,0.3088318564500237
vertex_19831,0.3774323327243557
vertex_19832,0.3510263813483466
vertex_19833,0.32368759669678093
vertex_19834,0.3340715997689025
vertex_19835,0.10981728018067047
vertex_19836,0.12077019235941833
vertex_19837,0.11709445695513358
vertex_19838,0.11303933343993547
vertex_19839,0.13699256589623832
vertex_19840,0.10833122096712275
vertex_19841,0.1292825029733177
vertex_19842,0.16359841888324325
vertex_19843,0.16524302062427682
vertex_19844,0.2296272805683774
vertex_19845,0.22938827235320525
vertex_19846,0.08645587878666836
vertex_19847,0.124387541187144
vertex_19848,0.15664583682316804
vertex_19849,0.13486347526134063
vertex_19850,0.1473814298960541
vertex_19851,0.1643012215784598
vertex_19852,0.1738572804527032
vertex_19853,0.18595920520437645
vertex_19854,0.21234402899906493
vertex_19855,0.19914456997923433
vertex_19856,0.16504149294108458
vertex_19857,0.16645823104784407
vertex_19858,0.1295922200320677
vertex_19859,0.15258770284247375
vertex_19860,0.20202356150013762
vertex_19861,0.23383537005057034
vertex_19862,0.24369907929741877
vertex_19863,0.2650459863425813
vertex_19864,0.05676725595457687
vertex_19865,0.09490947934942986
vertex_19866,0.06878266596440465
vertex_19867,0.07941132832283618
vertex_19868,0.0876206994483693
vertex_19869,0.10573888544772218
vertex_19870,0.09028761383565494
vertex_19871,0.0904370951617092
vertex_19872,0.10679954450877206
vertex_19873,0.06600614568731869
vertex_19874,0.07033966573060256
vertex_19875,0.07395271144802282
vertex_19876,0.08485490792227911
vertex_19877,0.06996910908845985
vertex_19878,0.07851051947805121
vertex_19879,0.10149076306006996
vertex_19880,0.12080610414704378
vertex_19881,0.10891336678191368
vertex_19882,0.10784708000311918
vertex_19883,0.1321135109391699
vertex_19884,0.15207633006847787
vertex_19885,0.112619679711741
vertex_19886,0.14097188385041812
vertex_19887,0.1715132263256485
vertex_19888,0.21133576621226915
vertex_19889,0.2746048593165496
vertex_19890,0.2990278887700994
vertex_19891,0.28122987288141366
vertex_19892,0.2876588885317876
vertex_19893,0.29732908539384195
vertex_19894,0.26129473286256766
vertex_19895,0.31107889953063006
vertex_19896,0.24658151772492307
vertex_19897,0.23309304906097725
vertex_19898,0.26210629876879893
vertex_19899,0.25911013291726365
vertex_19900,0.17355520235419
vertex_19901,0.24468950431662354
vertex_19902,0.22538884132775108
vertex_19903,0.27149388894291815
vertex_19904,0.2818442906903736
vertex_19905,0.2706930264681656
vertex_19906,0.30052558499250004
vertex_19907,0.28016919166434784
vertex_19908,0.26723868047285687
vertex_19909,0.3124261243515321
vertex_19910,0.3804053820196439
vertex_19911,0.3612009416657086
vertex_19912,0.3799993987844988
vertex_19913,0.37425174124288424
vertex_19914,0.40232087392383536
vertex_19915,0.395689736233016
vertex_19916,0.31681066571307603
vertex_19917,0.05945392602440288
vertex_19918,0.07300942729579765
vertex_19919,0.09295834225732441
vertex_19920,0.07011953464209603
vertex_19921,0.08996293779756337
vertex_19922,0.10908626859983635
vertex_19923,0.12223928354900204
vertex_19924,0.11488139206502115
vertex_19925,0.08277151875080316
vertex_19926,0.10015586837793947
vertex_19927,0.097894535517337
vertex_19928,0.10612332465151818
vertex_19929,0.10381182992229662
vertex_19930,0.12424038008533003
vertex_19931,0.12795732781351069
vertex_19932,0.12480489477263992
vertex_19933,0.08451332923702135
vertex_19934,0.11055814474257109
vertex_19935,0.10921008885064148
vertex_19936,0.11330973384282232
vertex_19937,0.1197692956533105
vertex_19938,0.10626442932751758
vertex_19939,0.10513808795723154
vertex_19940,0.12211992469713245
vertex_19941,0.12556217380411835
vertex_19942,0.12150915811705672
vertex_19943,0.09851928840312284
vertex_19944,0.05559697363963412
vertex_19945,0.04850694304581807
vertex_19946,0.0565171222818152
vertex_19947,0.07262588845332392
vertex_19948,0.07740854815639038
vertex_19949,0.062118660556804685
vertex_19950,0.06978974651280216
vertex_19951,0.06965397042263678
vertex_19952,0.10117455124162594
vertex_19953,0.09399646237125278
vertex_19954,0.10696066081053057
vertex_19955,0.08602023908915034
vertex_19956,0.08460198754882144
vertex_19957,0.0939943358216232
vertex_19958,0.1111179157030988
vertex_19959,0.09139422173295633
vertex_19960,0.09040899947641202
vertex_19961,0.08600793797705726
vertex_19962,0.09126869532132767
vertex_19963,0.09489032761252857
vertex_19964,0.11595320214812352
vertex_19965,0.10248378759196293
vertex_19966,0.09217972926231668
vertex_19967,0.12676388922229023
vertex_19968,0.10932099084722448
vertex_19969,0.07925543953524367
vertex_19970,0.07892306881298242
vertex_19971,0.08490103053046583
vertex_19972,0.08977250255133495
vertex_19973,0.10490360403716188
vertex_19974,0.1238491639600885
vertex_19975,0.12348328348025045
vertex_19976,0.1074781854976145
vertex_19977,0.09744364028358517
vertex_19978,0.08509551781233253
vertex_19979,0.12059326329241925
vertex_19980,0.08782707269902358
vertex_19981,0.09425552293616349
vertex_19982,0.11703316583327508
vertex_19983,0.09284677912628793
vertex_19984,0.11205701303466721
vertex_19985,0.11674097150178837
vertex_19986,0.10149416705491693
vertex_19987,0.13441300201895542
vertex_19988,0.13539122975646528
vertex_19989,0.1182663416198034
vertex_19990,0.10186201308629571
vertex_19991,0.0794659115011651
vertex_19992,0.12532026888112788
vertex_19993,0.09482665777244792
vertex_19994,0.09321923418704081
vertex_19995,0.09164629548652369
vertex_19996,0.09067399437426764
vertex_19997,0.11240081794651834
vertex_19998,0.05124251643685008
vertex_19999,0.04779036009722991
vertex_20000,0.05598278687629466
vertex_20001,0.06225259610692435
vertex_20002,0.040732230481654245
vertex_20003,0.04627030447180036
vertex_20004,0.06584143361130493
vertex_20005,0.05779199914273699
vertex_20006,0.0631510796713064
vertex_20007,0.05939959948749915
vertex_20008,0.02617096338006623
vertex_20009,0.0432606725123293
vertex_20010,0.05065121429593955
vertex_20011,0.0371967394379582
vertex_20012,0.04777904655888869
vertex_20013,0.0494012932901033
vertex_20014,0.06314161602680214
vertex_20015,0.05845150423310239
vertex_20016,0.05697269697863306
vertex_20017,0.07659178482347982
vertex_20018,0.09819569568207832
vertex_20019,0.13073511494126455
vertex_20020,0.07494977504100031
vertex_20021,0.1265079777239741
vertex_20022,0.14958194699687102
vertex_20023,0.1443243237320065
vertex_20024,0.13538628845356818
vertex_20025,0.11028432028006156
vertex_20026,0.07407642062581292
vertex_20027,0.03874702460818133
vertex_20028,0.03998475799873998
vertex_20029,0.03969110907143629
vertex_20030,0.04064799008600695
vertex_20031,0.042579178084291285
vertex_20032,0.04548831096716671
vertex_20033,0.04396502803471748
vertex_20034,0.048025312667641866
vertex_20035,0.09829615331409355
vertex_20036,0.07751982511330904
vertex_20037,0.07668491925887175
vertex_20038,0.10159217669745306
vertex_20039,0.09131003665551118
vertex_20040,0.06519029750636811
vertex_20041,0.06512070893151858
vertex_20042,0.0609676936549765
vertex_20043,0.060489128610294894
vertex_20044,0.08727647684369502
vertex_20045,0.09979566865864987
vertex_20046,0.09317415755998452
vertex_20047,0.09795250222281501
vertex_20048,0.09486576378804844
vertex_20049,0.10544948620676486
vertex_20050,0.08882253305810876
vertex_20051,0.1124186185865052
vertex_20052,0.10192106438624544
vertex_20053,0.09736529571488015
vertex_20054,0.09844577490445182
vertex_20055,0.11272512879507882
vertex_20056,0.08778217497730789
vertex_20057,0.0890806641178467
vertex_20058,0.15701378668017232
vertex_20059,0.19946090127838384
vertex_20060,0.1996980001200774
vertex_20061,0.18705100867509203
vertex_20062,0.07372957108102633
vertex_20063,0.08993625220757735
vertex_20064,0.08730139598659677
vertex_20065,0.08033160152351361
vertex_20066,0.10448397815804779
vertex_20067,0.13360529027795812
vertex_20068,0.15328482170597946
vertex_20069,0.17402785475946733
vertex_20070,0.15049470697361775
vertex_20071,0.14213434695856453
vertex_20072,0.1365370399497317
vertex_20073,0.13306553925865072
vertex_20074,0.14088302646338216
vertex_20075,0.14647687237036788
vertex_20076,0.1436714025046436
vertex_20077,0.1380616551672915
vertex_20078,0.1261846154537232
vertex_20079,0.026037941602825954
vertex_20080,0.03299521194787636
vertex_20081,0.027413502107376232
vertex_20082,0.016423842342446038
vertex_20083,0.02803325055972311
vertex_20084,0.028659834347291486
vertex_20085,0.028846067689038208
vertex_20086,0.03789594709414543
vertex_20087,0.033161826511291105
vertex_20088,0.04490774083117416
vertex_20089,0.03974773269497251
vertex_20090,0.0200124629327869
vertex_20091,0.03433567060167951
vertex_20092,0.0298126720917104
vertex_20093,0.02473377100846977
vertex_20094,0.025365092642168963
vertex_20095,0.023575584339158153
vertex_20096,0.039898168148876485
vertex_20097,0.06534386184652267
vertex_20098,0.050757555754890105
vertex_20099,0.06807657625289576
vertex_20100,0.05803744003334311
vertex_20101,0.06525520096624104
vertex_20102,0.07029744368573904
vertex_20103,0.07065892640142818
vertex_20104,0.06945536776903462
vertex_20105,0.05717168321806201
vertex_20106,0.06729264496992313
vertex_20107,0.057326682336800217
vertex_20108,0.04021350190984288
vertex_20109,0.05030943295912808
vertex_20110,0.04123876265641336
vertex_20111,0.03336697815902273
vertex_20112,0.024595888147923697
vertex_20113,0.026579141364707296
vertex_20114,0.04976800465525554
vertex_20115,0.06843720806686955
vertex_20116,0.057373178811348895
vertex_20117,0.056316740997210915
vertex_20118,0.0910780891913039
vertex_20119,0.04694209743272385
vertex_20120,0.05760146064314648
vertex_20121,0.07251053935324296
vertex_20122,0.06541460456862885
vertex_20123,0.06789791749679035
vertex_20124,0.08533427798502377
vertex_20125,0.06907939849601401
vertex_20126,0.06910809887583089
vertex_20127,0.061001762361637235
vertex_20128,0.06326349900306981
vertex_20129,0.06562436612725382
vertex_20130,0.06384652516337401
vertex_20131,0.06384103780516272
vertex_20132,0.05750557164640223
vertex_20133,0.03355639891205505
vertex_20134,0.03142338835787576
vertex_20135,0.038293230156404165
vertex_20136,0.03840943487986781
vertex_20137,0.03984407329009376
vertex_20138,0.05001067372975257
vertex_20139,0.04971982472137843
vertex_20140,0.057065121459654915
vertex_20141,0.038307983484859975
vertex_20142,0.06615446334134338
vertex_20143,0.058063167612281245
vertex_20144,0.04364542666206644
vertex_20145,0.06619018317090893
vertex_20146,0.028573448893773386
vertex_20147,0.021822842248867592
vertex_20148,0.024651996970445088
vertex_20149,0.05299122631730316
vertex_20150,0.05746831677681875
vertex_20151,0.07636063498881855
vertex_20152,0.06564262944964463
vertex_20153,0.05531528564679516
vertex_20154,0.06195328948702682
vertex_20155,0.0606498952074871
vertex_20156,0.053439485777233744
vertex_20157,0.04926402019865488
vertex_20158,0.03937957691395031
vertex_20159,0.05073750056977536
vertex_20160,0.026320286579270106
vertex_20161,0.06336095260223039
vertex_20162,0.08260397824296344
vertex_20163,0.10193594625389048
vertex_20164,0.02713496022577103
vertex_20165,0.06259605931974473
vertex_20166,0.11378053266543459
vertex_20167,0.10848193497022246
vertex_20168,0.08889392276395047
vertex_20169,0.08453920330803481
vertex_20170,0.04913905687735714
vertex_20171,0.0358893943730122
vertex_20172,0.044509292095249585
vertex_20173,0.031688326996352705
vertex_20174,0.03740634048021563
vertex_20175,0.03731027305381491
vertex_20176,0.027165680686930756
vertex_20177,0.0640940338740428
vertex_20178,0.06539411743791426
vertex_20179,0.056087782449504436
vertex_20180,0.06231947510977916
vertex_20181,0.08273225211589842
vertex_20182,0.04125261309301486
vertex_20183,0.08337884295477986
vertex_20184,0.103606120730906
vertex_20185,0.10593349007611222
vertex_20186,0.10697866500581632
vertex_20187,0.11090540410438365
vertex_20188,0.0468966111648157
vertex_20189,0.04206117865459541
vertex_20190,0.04407887607114993
vertex_20191,0.03105380693373718
vertex_20192,0.041435093701628366
vertex_20193,0.0446935641677167
vertex_20194,0.02527218201724214
vertex_20195,0.05217279154692913
vertex_20196,0.029720967278637298
vertex_20197,0.03131725834271
vertex_20198,0.029202632178468482
vertex_20199,0.026933322781839176
vertex_20200,0.041496572107332576
vertex_20201,0.021444466083014233
vertex_20202,0.019507847881445627
vertex_20203,0.02372132231765785
vertex_20204,0.02423990156575506
vertex_20205,0.029748836284134356
vertex_20206,0.031174561898061285
vertex_20207,0.01968297994848246
vertex_20208,0.03662564289696844
vertex_20209,0.03315703239790731
vertex_20210,0.03804741229054768
vertex_20211,0.05855311477517743
vertex_20212,0.08202417232119728
vertex_20213,0.0818850221925348
vertex_20214,0.1126253272966299
vertex_20215,0.10269099026530715
vertex_20216,0.09438034552124899
vertex_20217,0.08624645448239637
vertex_20218,0.11289458227657209
vertex_20219,0.10167239313273095
vertex_20220,0.08541810772620356
vertex_20221,0.09712492780914118
vertex_20222,0.11481886257320074
vertex_20223,0.10376362628692021
vertex_20224,0.01977962668144201
vertex_20225,0.041420729578993155
vertex_20226,0.08072538896111818
vertex_20227,0.04722438217542962
vertex_20228,0.0755379408664565
vertex_20229,0.09965258958939305
vertex_20230,0.09404017332226264
vertex_20231,0.08477397141542642
vertex_20232,0.08783649620088292
vertex_20233,0.04509034134796292
vertex_20234,0.02375552684310491
vertex_20235,0.04209502682730461
vertex_20236,0.07007005351877733
vertex_20237,0.06478494990116898
vertex_20238,0.058555073110859265
vertex_20239,0.06143090840545665
vertex_20240,0.053879634406795565
vertex_20241,0.05603919777182323
vertex_20242,0.26722921900280266
vertex_20243,0.2457048444602584
vertex_20244,0.19906613037535392
vertex_20245,0.2221897126445962
vertex_20246,0.23073456344104276
vertex_20247,0.21903735129600366
vertex_20248,0.17728684853429824
vertex_20249,0.13134045496765126
vertex_20250,0.06668968403759556
vertex_20251,0.29461909562986816
vertex_20252,0.2917354300744988
vertex_20253,0.2779193680985143
vertex_20254,0.1822726584780275
vertex_20255,0.20455579268926044
vertex_20256,0.15801672690853055
vertex_20257,0.0968480031137784
vertex_20258,0.11450100233724973
vertex_20259,0.14213897314917504
vertex_20260,0.2887446866803751
vertex_20261,0.290241625377812
vertex_20262,0.1726768686845271
vertex_20263,0.3236946211923477
vertex_20264,0.24723621435921656
vertex_20265,0.24470694909803312
vertex_20266,0.31384100780503177
vertex_20267,0.3065146902523186
vertex_20268,0.3061663580521577
vertex_20269,0.1741960143393266
vertex_20270,0.23593213174954825
vertex_20271,0.24276329715540915
vertex_20272,0.15869264237368746
vertex_20273,0.17333498021558788
vertex_20274,0.120219810334772
vertex_20275,0.1277571886543953
vertex_20276,0.20686939818310573
vertex_20277,0.12074399756482342
vertex_20278,0.13374634139878888
vertex_20279,0.11112892821108246
vertex_20280,0.18067482696412573
vertex_20281,0.17042412154836517
vertex_20282,0.18430800111152365
vertex_20283,0.2198646465732727
vertex_20284,0.20526549093512098
vertex_20285,0.15801320526574036
vertex_20286,0.21336329823692213
vertex_20287,0.17208327712130334
vertex_20288,0.23372564795069642
vertex_20289,0.3360007371993932
vertex_20290,0.32637760928952697
vertex_20291,0.35477719517760015
vertex_20292,0.34347606661989755
vertex_20293,0.3472114236409805
vertex_20294,0.3002455546043449
vertex_20295,0.24599492477601848
vertex_20296,0.26524313885165746
vertex_20297,0.26730302388325466
vertex_20298,0.24566747478240777
vertex_20299,0.2283659023080516
vertex_20300,0.1673856515823082
vertex_20301,0.11627707876678418
vertex_20302,0.17529783121860218
vertex_20303,0.1783226376228047
vertex_20304,0.15546000813692384
vertex_20305,0.20936791779126832
vertex_20306,0.19212696822824013
vertex_20307,0.17810465191834665
vertex_20308,0.14534848893498997
vertex_20309,0.17218999988492772
vertex_20310,0.1900568528898966
vertex_20311,0.19756765833706513
vertex_20312,0.17562897007430053
vertex_20313,0.14426764488500649
vertex_20314,0.11754163200934772
vertex_20315,0.11310532108495448
vertex_20316,0.12996950423206996
vertex_20317,0.1379279111715796
vertex_20318,0.13506422336682272
vertex_20319,0.12843171105049936
vertex_20320,0.09827401613804712
vertex_20321,0.06669409801877356
vertex_20322,0.04751601086995618
vertex_20323,0.12251682017607787
vertex_20324,0.09537861673929271
vertex_20325,0.08013240124216074
vertex_20326,0.16797056137733782
vertex_20327,0.07565382916119671
vertex_20328,0.0820381437712499
vertex_20329,0.12047324723167788
vertex_20330,0.16831200889256698
vertex_20331,0.1578699389690856
vertex_20332,0.12143820186530735
vertex_20333,0.1581816879301113
vertex_20334,0.1145825058169581
vertex_20335,0.10601046914285314
vertex_20336,0.10050861071406561
vertex_20337,0.15284822801664116
vertex_20338,0.16289457009533473
vertex_20339,0.16147145470387766
vertex_20340,0.15053059661392762
vertex_20341,0.1403534685910282
vertex_20342,0.13090362018006776
vertex_20343,0.060292752123157906
vertex_20344,0.04588403929058843
vertex_20345,0.0394279852986272
vertex_20346,0.05490476499283056
vertex_20347,0.07701097532172481
vertex_20348,0.06354417590327124
vertex_20349,0.04259962355775907
vertex_20350,0.36124039458528234
vertex_20351,0.33493679123183145
vertex_20352,0.32820793344492344
vertex_20353,0.2589021277343453
vertex_20354,0.30083842255860155
vertex_20355,0.31621909167691814
vertex_20356,0.3397090066377803
vertex_20357,0.29327501897418085
vertex_20358,0.21263932262934912
vertex_20359,0.2187762360374596
vertex_20360,0.18786181943112495
vertex_20361,0.19672695671954532
vertex_20362,0.20623491876297925
vertex_20363,0.23109831993400531
vertex_20364,0.25552013986660255
vertex_20365,0.28563907459687593
vertex_20366,0.24894425951029983
vertex_20367,0.07186362371289672
vertex_20368,0.06332867287601543
vertex_20369,0.06049017116631057
vertex_20370,0.05149884539314997
vertex_20371,0.056632506409280116
vertex_20372,0.044513066621260575
vertex_20373,0.0594112565569677
vertex_20374,0.06640896379709711
vertex_20375,0.050912883415707044
vertex_20376,0.03625301112906356
vertex_20377,0.025758845159413013
vertex_20378,0.04155768031908188
vertex_20379,0.05893389404036023
vertex_20380,0.05097838941356702
vertex_20381,0.06692975962308235
vertex_20382,0.04749858731441566
vertex_20383,0.04710801265196478
vertex_20384,0.045257248028637745
vertex_20385,0.029487041215124674
vertex_20386,0.15050641208784418
vertex_20387,0.12967719483206738
vertex_20388,0.09820920939098582
vertex_20389,0.1625219960788257
vertex_20390,0.11407829914574487
vertex_20391,0.04985782702561832
vertex_20392,0.034897729380403725
vertex_20393,0.02141957829278291
vertex_20394,0.03215353630069169
vertex_20395,0.019413674678433947
vertex_20396,0.02144202982703414
vertex_20397,0.015293012237908056
vertex_20398,0.03468118606965563
vertex_20399,0.029003958049279494
vertex_20400,0.016177629544802095
vertex_20401,0.01765769519753286
vertex_20402,0.029586780668584556
vertex_20403,0.029092786952767714
vertex_20404,0.08210751054645936
vertex_20405,0.07759243045623827
vertex_20406,0.07859869057392971
vertex_20407,0.07140943538225508
vertex_20408,0.06963413158372377
vertex_20409,0.07288775007463706
vertex_20410,0.06744862396513285
vertex_20411,0.06384348477562557
vertex_20412,0.06730067690852608
vertex_20413,0.08553647838162082
vertex_20414,0.07795576448356788
vertex_20415,0.07290218523169859
vertex_20416,0.1060793001845175
vertex_20417,0.10830889231948598
vertex_20418,0.07984151427360257
vertex_20419,0.08644613996990766
vertex_20420,0.09162463885076917
vertex_20421,0.10762750907012648
vertex_20422,0.08561462077435919
vertex_20423,0.06782927891587262
vertex_20424,0.08074846809974416
vertex_20425,0.0905056629662588
vertex_20426,0.0803945806658704
vertex_20427,0.07349274869612697
vertex_20428,0.14172913906794607
vertex_20429,0.12013164448411258
vertex_20430,0.10384667414011141
vertex_20431,0.1545961008460058
vertex_20432,0.15339276569985005
vertex_20433,0.14670738418378165
vertex_20434,0.13012459257976178
vertex_20435,0.1544741501364503
vertex_20436,0.15017284957511898
vertex_20437,0.15471072266754707
vertex_20438,0.15718567773155653
vertex_20439,0.13248908131811465
vertex_20440,0.13010348755679083
vertex_20441,0.14471756237020694
vertex_20442,0.13286221017907568
vertex_20443,0.14194431449256117
vertex_20444,0.16565060690875721
vertex_20445,0.1352336902350407
vertex_20446,0.14400762865085082
vertex_20447,0.1522526348785417
vertex_20448,0.17392801397593205
vertex_20449,0.14897566005272717
vertex_20450,0.12999968574562096
vertex_20451,0.12659298786805773
vertex_20452,0.09885645373512167
vertex_20453,0.11764358928216524
vertex_20454,0.1317918207937185
vertex_20455,0.1107002541558384
vertex_20456,0.1170566861629239
vertex_20457,0.09501578502648911
vertex_20458,0.15713701868142402
vertex_20459,0.14177020135211646
vertex_20460,0.15459743769894602
vertex_20461,0.07863916430252764
vertex_20462,0.13199979602045123
vertex_20463,0.13267855518519794
vertex_20464,0.11510389517251482
vertex_20465,0.1186546375312451
vertex_20466,0.14651985108272456
vertex_20467,0.09772553007981913
vertex_20468,0.06316946166182447
vertex_20469,0.10623844165422401
vertex_20470,0.03965378777996515
vertex_20471,0.08204096671804982
vertex_20472,0.11719904421411677
vertex_20473,0.115507263085055
vertex_20474,0.12679399234189612
vertex_20475,0.15294868770785822
vertex_20476,0.1163514764446468
vertex_20477,0.0682412809455556
vertex_20478,0.02514585018389024
vertex_20479,0.030437581306012457
vertex_20480,0.024868350190469492
vertex_20481,0.026086167228408657
vertex_20482,0.026458081234004654
vertex_20483,0.027091399716905124
